2026-10-04T00:24:28.7375548Z Current runner version: '2.337.0'
2026-10-04T00:24:28.7397577Z ##[group]Runner Image Provisioner
2026-10-04T00:24:28.7398382Z Hosted Compute Agent
2026-10-04T00:24:28.7398862Z Version: 20260901.588
2026-10-04T00:24:28.7399418Z Commit: f88ec8081b781fac6c440065ac7ff9e710ce3d0b
2026-10-04T00:24:28.7400058Z Build Date: 2026-09-01T19:56:44Z
2026-10-04T00:24:28.7400615Z Worker ID: {6cab2463-fd3e-475e-a17f-cf5b3a3f6a2d}
2026-10-04T00:24:28.7401250Z Azure Region: eastus
2026-10-04T00:24:28.7401720Z ##[endgroup]
2026-10-04T00:24:28.7402869Z ##[group]Operating System
2026-10-04T00:24:28.7403443Z Ubuntu
2026-10-04T00:24:28.7403921Z 24.04.5
2026-10-04T00:24:28.7404403Z LTS
2026-10-04T00:24:28.7404828Z ##[endgroup]
2026-10-04T00:24:28.7405322Z ##[group]Runner Image
2026-10-04T00:24:28.7406006Z Image: ubuntu-24.04
2026-10-04T00:24:28.7406469Z Version: 20260927.320.1
2026-10-04T00:24:28.7407533Z Included Software: https://github.com/actions/runner-images/blob/ubuntu24/20260927.320/images/ubuntu/Ubuntu2404-Readme.md
2026-10-04T00:24:28.7408849Z Image Release: https://github.com/actions/runner-images/releases/tag/ubuntu24%2F20260927.320
2026-10-04T00:24:28.7409704Z ##[endgroup]
2026-10-04T00:24:28.7410630Z ##[group]GITHUB_TOKEN Permissions
2026-10-04T00:24:28.7412345Z Contents: read
2026-10-04T00:24:28.7412829Z Metadata: read
2026-10-04T00:24:28.7413343Z ##[endgroup]
2026-10-04T00:24:28.7415223Z Secret source: Actions
2026-10-04T00:24:28.7416229Z Cache mode: write
2026-10-04T00:24:28.7416830Z Prepare workflow directory
2026-10-04T00:24:28.8716980Z Prepare all required actions
2026-10-04T00:24:28.8756462Z Getting action download info
2026-10-04T00:24:29.0230334Z Download action repository 'actions/checkout@v4' (SHA:11d5960a326750d5838078e36cf38b85af677262)
2026-10-04T00:24:29.1042010Z Download action repository 'actions/setup-python@v5' (SHA:a26af69be951a213d495a4c3e4e4022e16d87065)
2026-10-04T00:24:29.2317826Z Download action repository 'actions/setup-node@v4' (SHA:49933ea5288caeca8642d1e84afbd3f7d6820020)
2026-10-04T00:24:29.3375185Z Download action repository 'actions/setup-go@v6' (SHA:924ae3a1cded613372ab5595356fb5720e22ba16)
2026-10-04T00:24:29.5121962Z Download action repository 'actions/upload-artifact@v4' (SHA:ea165f8d65b6e75b540449e92b4886f43607fa02)
2026-10-04T00:24:30.3652018Z Complete job name: verify
2026-10-04T00:24:30.7746955Z ##[group]Run actions/checkout@v4
2026-10-04T00:24:30.7747879Z with:
2026-10-04T00:24:30.7748333Z   ref: 7073fb76a2e46365fabe6f51a3765de267863890
2026-10-04T00:24:30.7748881Z   repository: Changxin-YR/AIRLOCK
2026-10-04T00:24:30.7753068Z   token: ***
2026-10-04T00:24:30.7753517Z   ssh-strict: true
2026-10-04T00:24:30.7753917Z   ssh-user: git
2026-10-04T00:24:30.7754332Z   persist-credentials: true
2026-10-04T00:24:30.7754796Z   clean: true
2026-10-04T00:24:30.7755228Z   sparse-checkout-cone-mode: true
2026-10-04T00:24:30.7755878Z   fetch-depth: 1
2026-10-04T00:24:30.7756294Z   fetch-tags: false
2026-10-04T00:24:30.7756708Z   show-progress: true
2026-10-04T00:24:30.7757193Z   lfs: false
2026-10-04T00:24:30.7757631Z   submodules: false
2026-10-04T00:24:30.7758050Z   set-safe-directory: true
2026-10-04T00:24:30.7758515Z   allow-unsafe-pr-checkout: false
2026-10-04T00:24:30.7759245Z env:
2026-10-04T00:24:30.7759642Z   NEXT_TELEMETRY_DISABLED: 1
2026-10-04T00:24:30.7760152Z ##[endgroup]
2026-10-04T00:24:30.8623112Z Syncing repository: Changxin-YR/AIRLOCK
2026-10-04T00:24:30.8624492Z ##[group]Getting Git version info
2026-10-04T00:24:30.8624911Z Working directory is '/home/runner/work/AIRLOCK/AIRLOCK'
2026-10-04T00:24:30.8625503Z [command]/usr/bin/git version
2026-10-04T00:24:30.8917066Z git version 2.55.0
2026-10-04T00:24:30.8934526Z ##[endgroup]
2026-10-04T00:24:30.8946481Z Temporarily overriding HOME='/home/runner/work/_temp/83e466b2-7853-44c7-a81a-2546ad0ffe48' before making global git config changes
2026-10-04T00:24:30.8947702Z Adding repository directory to the temporary git global config as a safe directory
2026-10-04T00:24:30.8951345Z [command]/usr/bin/git config --global --add safe.directory /home/runner/work/AIRLOCK/AIRLOCK
2026-10-04T00:24:30.9002120Z Deleting the contents of '/home/runner/work/AIRLOCK/AIRLOCK'
2026-10-04T00:24:30.9008831Z ##[group]Initializing the repository
2026-10-04T00:24:30.9009584Z [command]/usr/bin/git init /home/runner/work/AIRLOCK/AIRLOCK
2026-10-04T00:24:30.9128313Z hint: Using 'master' as the name for the initial branch. This default branch name
2026-10-04T00:24:30.9129801Z hint: will change to "main" in Git 3.0. To configure the initial branch name
2026-10-04T00:24:30.9130606Z hint: to use in all of your new repositories, which will suppress this warning,
2026-10-04T00:24:30.9131233Z hint: call:
2026-10-04T00:24:30.9131608Z hint:
2026-10-04T00:24:30.9132122Z hint: 	git config --global init.defaultBranch <name>
2026-10-04T00:24:30.9132654Z hint:
2026-10-04T00:24:30.9133161Z hint: Names commonly chosen instead of 'master' are 'main', 'trunk' and
2026-10-04T00:24:30.9133675Z hint: 'development'. The just-created branch can be renamed via this command:
2026-10-04T00:24:30.9134090Z hint:
2026-10-04T00:24:30.9134351Z hint: 	git branch -m <name>
2026-10-04T00:24:30.9134641Z hint:
2026-10-04T00:24:30.9134994Z hint: Disable this message with "git config set advice.defaultBranchName false"
2026-10-04T00:24:30.9135540Z Initialized empty Git repository in /home/runner/work/AIRLOCK/AIRLOCK/.git/
2026-10-04T00:24:30.9146810Z [command]/usr/bin/git remote add origin https://github.com/Changxin-YR/AIRLOCK
2026-10-04T00:24:30.9211509Z ##[endgroup]
2026-10-04T00:24:30.9212418Z ##[group]Disabling automatic garbage collection
2026-10-04T00:24:30.9213179Z [command]/usr/bin/git config --local gc.auto 0
2026-10-04T00:24:30.9243263Z ##[endgroup]
2026-10-04T00:24:30.9243980Z ##[group]Setting up auth
2026-10-04T00:24:30.9249645Z [command]/usr/bin/git config --local --name-only --get-regexp core\.sshCommand
2026-10-04T00:24:30.9281543Z [command]/usr/bin/git submodule foreach --recursive sh -c "git config --local --name-only --get-regexp 'core\.sshCommand' && git config --local --unset-all 'core.sshCommand' || :"
2026-10-04T00:24:30.9586707Z [command]/usr/bin/git config --local --name-only --get-regexp http\.https\:\/\/github\.com\/\.extraheader
2026-10-04T00:24:30.9617273Z [command]/usr/bin/git submodule foreach --recursive sh -c "git config --local --name-only --get-regexp 'http\.https\:\/\/github\.com\/\.extraheader' && git config --local --unset-all 'http.https://github.com/.extraheader' || :"
2026-10-04T00:24:30.9808283Z [command]/usr/bin/git config --local --name-only --get-regexp ^includeIf\.gitdir:
2026-10-04T00:24:30.9838443Z [command]/usr/bin/git submodule foreach --recursive git config --local --show-origin --name-only --get-regexp remote.origin.url
2026-10-04T00:24:31.0028026Z [command]/usr/bin/git config --local http.https://github.com/.extraheader AUTHORIZATION: basic ***
2026-10-04T00:24:31.0064071Z ##[endgroup]
2026-10-04T00:24:31.0064730Z ##[group]Fetching the repository
2026-10-04T00:24:31.0071718Z [command]/usr/bin/git -c protocol.version=2 fetch --no-tags --prune --no-recurse-submodules --depth=1 origin 7073fb76a2e46365fabe6f51a3765de267863890
2026-10-04T00:24:32.8517166Z From https://github.com/Changxin-YR/AIRLOCK
2026-10-04T00:24:32.8518377Z  * branch            7073fb76a2e46365fabe6f51a3765de267863890 -> FETCH_HEAD
2026-10-04T00:24:32.8520496Z ##[endgroup]
2026-10-04T00:24:32.8521200Z ##[group]Determining the checkout info
2026-10-04T00:24:32.8522446Z ##[endgroup]
2026-10-04T00:24:32.8527725Z [command]/usr/bin/git sparse-checkout disable
2026-10-04T00:24:32.8575104Z [command]/usr/bin/git config --local --unset-all extensions.worktreeConfig
2026-10-04T00:24:32.8601820Z ##[group]Checking out the ref
2026-10-04T00:24:32.8604536Z [command]/usr/bin/git checkout --progress --force 7073fb76a2e46365fabe6f51a3765de267863890
2026-10-04T00:24:33.0046254Z Note: switching to '7073fb76a2e46365fabe6f51a3765de267863890'.
2026-10-04T00:24:33.0046712Z 
2026-10-04T00:24:33.0046910Z You are in 'detached HEAD' state. You can look around, make experimental
2026-10-04T00:24:33.0047421Z changes and commit them, and you can discard any commits you make in this
2026-10-04T00:24:33.0048526Z state without impacting any branches by switching back to a branch.
2026-10-04T00:24:33.0048951Z 
2026-10-04T00:24:33.0049264Z If you want to create a new branch to retain commits you create, you may
2026-10-04T00:24:33.0049891Z do so (now or later) by using -c with the switch command. Example:
2026-10-04T00:24:33.0050230Z 
2026-10-04T00:24:33.0050400Z   git switch -c <new-branch-name>
2026-10-04T00:24:33.0050641Z 
2026-10-04T00:24:33.0050815Z Or undo this operation with:
2026-10-04T00:24:33.0051044Z 
2026-10-04T00:24:33.0051191Z   git switch -
2026-10-04T00:24:33.0051396Z 
2026-10-04T00:24:33.0051713Z Turn off this advice by setting config variable advice.detachedHead to false
2026-10-04T00:24:33.0052152Z 
2026-10-04T00:24:33.0052532Z HEAD is now at 7073fb7 Validate explicit startup configuration and organize project documentation
2026-10-04T00:24:33.0066432Z ##[endgroup]
2026-10-04T00:24:33.0113288Z [command]/usr/bin/git log -1 --format=%H
2026-10-04T00:24:33.0136637Z 7073fb76a2e46365fabe6f51a3765de267863890
2026-10-04T00:24:33.0690288Z ##[group]Run mkdir -p evidence
2026-10-04T00:24:33.0690725Z [36;1mmkdir -p evidence[0m
2026-10-04T00:24:33.0691011Z [36;1mpython3 scripts/archive_source.py[0m
2026-10-04T00:24:33.0691337Z [36;1mgit rev-parse HEAD > evidence/commit.txt[0m
2026-10-04T00:24:33.1033965Z shell: /usr/bin/bash --noprofile --norc -e -o pipefail {0}
2026-10-04T00:24:33.1034348Z env:
2026-10-04T00:24:33.1034585Z   NEXT_TELEMETRY_DISABLED: 1
2026-10-04T00:24:33.1034874Z ##[endgroup]
2026-10-04T00:24:33.2004384Z Archived tracked source and documentation; historical evidence remains separately versioned in Git.
2026-10-04T00:24:33.3307255Z ##[group]Run actions/setup-python@v5
2026-10-04T00:24:33.3307586Z with:
2026-10-04T00:24:33.3307799Z   python-version: 3.13
2026-10-04T00:24:33.3308035Z   check-latest: false
2026-10-04T00:24:33.3310491Z   token: ***
2026-10-04T00:24:33.3310722Z   update-environment: true
2026-10-04T00:24:33.3310992Z   allow-prereleases: false
2026-10-04T00:24:33.3311223Z   freethreaded: false
2026-10-04T00:24:33.3311437Z env:
2026-10-04T00:24:33.3311639Z   NEXT_TELEMETRY_DISABLED: 1
2026-10-04T00:24:33.3311865Z ##[endgroup]
2026-10-04T00:24:33.4360934Z ##[group]Installed versions
2026-10-04T00:24:33.4790345Z (node:2088) [DEP0040] DeprecationWarning: The `punycode` module is deprecated. Please use a userland alternative instead.
2026-10-04T00:24:33.4791110Z (Use `node --trace-deprecation ...` to show where the warning was created)
2026-10-04T00:24:33.4792168Z Successfully set up CPython (3.13.15)
2026-10-04T00:24:33.4792823Z ##[endgroup]
2026-10-04T00:24:33.5325913Z ##[group]Run python scripts/run_logged.py evidence/sqlite-runtime-build.log -- python scripts/build_sqlite_runtime.py --prefix "$RUNNER_TEMP/airlock-sqlite-runtime" --output evidence/sqlite-runtime-build.json
2026-10-04T00:24:33.5327136Z [36;1mpython scripts/run_logged.py evidence/sqlite-runtime-build.log -- python scripts/build_sqlite_runtime.py --prefix "$RUNNER_TEMP/airlock-sqlite-runtime" --output evidence/sqlite-runtime-build.json[0m
2026-10-04T00:24:33.5328041Z [36;1mprintf '%s\n' "$RUNNER_TEMP/airlock-sqlite-runtime/lib" | sudo tee /etc/ld.so.conf.d/00-airlock-sqlite.conf > /dev/null[0m
2026-10-04T00:24:33.5328461Z [36;1msudo ldconfig[0m
2026-10-04T00:24:33.5502196Z shell: /usr/bin/bash --noprofile --norc -e -o pipefail {0}
2026-10-04T00:24:33.5502503Z env:
2026-10-04T00:24:33.5502694Z   NEXT_TELEMETRY_DISABLED: 1
2026-10-04T00:24:33.5502957Z   pythonLocation: /opt/hostedtoolcache/Python/3.13.15/x64
2026-10-04T00:24:33.5503381Z   PKG_CONFIG_PATH: /opt/hostedtoolcache/Python/3.13.15/x64/lib/pkgconfig
2026-10-04T00:24:33.5503728Z   Python_ROOT_DIR: /opt/hostedtoolcache/Python/3.13.15/x64
2026-10-04T00:24:33.5504033Z   Python2_ROOT_DIR: /opt/hostedtoolcache/Python/3.13.15/x64
2026-10-04T00:24:33.5504330Z   Python3_ROOT_DIR: /opt/hostedtoolcache/Python/3.13.15/x64
2026-10-04T00:24:33.5504626Z   LD_LIBRARY_PATH: /opt/hostedtoolcache/Python/3.13.15/x64/lib
2026-10-04T00:24:33.5505055Z ##[endgroup]
2026-10-04T00:25:00.7398202Z {
2026-10-04T00:25:00.7398566Z   "mode": "official_source_shared_runtime",
2026-10-04T00:25:00.7399074Z   "platform": "Linux-6.17.0-1022-azure-x86_64-with-glibc2.39",
2026-10-04T00:25:00.7399499Z   "pin": {
2026-10-04T00:25:00.7399797Z     "version": "3.53.1",
2026-10-04T00:25:00.7400325Z     "source_id": "2026-05-05 10:34:17 c88b22011a54b4f6fbd149e9f8e4de77658ce58143a1af0e3785e4e6475127e9",
2026-10-04T00:25:00.7401054Z     "archive_url": "https://sqlite.org/2026/sqlite-autoconf-3530100.tar.gz",
2026-10-04T00:25:00.7401761Z     "archive_sha256": "83e6b2020a034e9a7ad4a72feea59e1ad52f162e09cbd26735a3ffb98359fc4f",
2026-10-04T00:25:00.7402375Z     "amalgamation_path": "sqlite-autoconf-3530100/sqlite3.c",
2026-10-04T00:25:00.7403000Z     "amalgamation_sha3_256": "414432ae5719f6cdc485f3927e12c7ad107e2b8c6b434e5df2eadb5312bfabb5",
2026-10-04T00:25:00.7403659Z     "release_reference": "https://sqlite.org/releaselog/3_53_1.html",
2026-10-04T00:25:00.7404014Z     "fix_reference": "https://sqlite.org/wal.html#walresetbug"
2026-10-04T00:25:00.7404287Z   },
2026-10-04T00:25:00.7404490Z   "compiler": "cc (Ubuntu 13.3.0-6ubuntu2~24.04.1) 13.3.0",
2026-10-04T00:25:00.7404741Z   "compiler_flags": [
2026-10-04T00:25:00.7404917Z     "-O2",
2026-10-04T00:25:00.7405083Z     "-fPIC",
2026-10-04T00:25:00.7405244Z     "-shared",
2026-10-04T00:25:00.7405433Z     "-Wl,-soname,libsqlite3.so.0",
2026-10-04T00:25:00.7405864Z     "-DSQLITE_THREADSAFE=1",
2026-10-04T00:25:00.7406073Z     "-DSQLITE_ENABLE_COLUMN_METADATA",
2026-10-04T00:25:00.7406320Z     "-DSQLITE_ENABLE_FTS3",
2026-10-04T00:25:00.7406517Z     "-DSQLITE_ENABLE_FTS5",
2026-10-04T00:25:00.7406712Z     "-DSQLITE_ENABLE_RTREE",
2026-10-04T00:25:00.7406910Z     "-DSQLITE_ENABLE_DBSTAT_VTAB",
2026-10-04T00:25:00.7407131Z     "-DSQLITE_ENABLE_MATH_FUNCTIONS",
2026-10-04T00:25:00.7407349Z     "-DSQLITE_USE_URI=1"
2026-10-04T00:25:00.7407527Z   ],
2026-10-04T00:25:00.7407791Z   "library": "/home/runner/work/_temp/airlock-sqlite-runtime/lib/libsqlite3.so.0",
2026-10-04T00:25:00.7408279Z   "library_sha256": "f826cb46ed8fb7b0c33f603eb8b8e8cf6026031f3dc455aa87b0032cf8a9dee2",
2026-10-04T00:25:00.7408629Z   "verified_python_runtime": {
2026-10-04T00:25:00.7408831Z     "version": "3.53.1",
2026-10-04T00:25:00.7409157Z     "source_id": "2026-05-05 10:34:17 c88b22011a54b4f6fbd149e9f8e4de77658ce58143a1af0e3785e4e6475127e9",
2026-10-04T00:25:00.7409510Z     "compile_options": [
2026-10-04T00:25:00.7409704Z       "ATOMIC_INTRINSICS=1",
2026-10-04T00:25:00.7409904Z       "COMPILER=gcc-13.3.0",
2026-10-04T00:25:00.7410346Z       "DEFAULT_AUTOVACUUM",
2026-10-04T00:25:00.7410548Z       "DEFAULT_CACHE_SIZE=-2000",
2026-10-04T00:25:00.7410761Z       "DEFAULT_FILE_FORMAT=4",
2026-10-04T00:25:00.7410967Z       "DEFAULT_JOURNAL_SIZE_LIMIT=-1",
2026-10-04T00:25:00.7411185Z       "DEFAULT_MMAP_SIZE=0",
2026-10-04T00:25:00.7411387Z       "DEFAULT_PAGE_SIZE=4096",
2026-10-04T00:25:00.7411592Z       "DEFAULT_PCACHE_INITSZ=20",
2026-10-04T00:25:00.7411809Z       "DEFAULT_RECURSIVE_TRIGGERS",
2026-10-04T00:25:00.7412019Z       "DEFAULT_SECTOR_SIZE=4096",
2026-10-04T00:25:00.7412230Z       "DEFAULT_SYNCHRONOUS=2",
2026-10-04T00:25:00.7412441Z       "DEFAULT_WAL_AUTOCHECKPOINT=1000",
2026-10-04T00:25:00.7412663Z       "DEFAULT_WAL_SYNCHRONOUS=2",
2026-10-04T00:25:00.7412874Z       "DEFAULT_WORKER_THREADS=0",
2026-10-04T00:25:00.7413077Z       "DIRECT_OVERFLOW_READ",
2026-10-04T00:25:00.7413270Z       "ENABLE_COLUMN_METADATA",
2026-10-04T00:25:00.7413468Z       "ENABLE_DBSTAT_VTAB",
2026-10-04T00:25:00.7413657Z       "ENABLE_FTS3",
2026-10-04T00:25:00.7413833Z       "ENABLE_FTS5",
2026-10-04T00:25:00.7414007Z       "ENABLE_MATH_FUNCTIONS",
2026-10-04T00:25:00.7414204Z       "ENABLE_RTREE",
2026-10-04T00:25:00.7414383Z       "MALLOC_SOFT_LIMIT=1024",
2026-10-04T00:25:00.7414571Z       "MAX_ATTACHED=10",
2026-10-04T00:25:00.7414751Z       "MAX_COLUMN=2000",
2026-10-04T00:25:00.7415024Z       "MAX_COMPOUND_SELECT=500",
2026-10-04T00:25:00.7415502Z       "MAX_DEFAULT_PAGE_SIZE=8192",
2026-10-04T00:25:00.7416010Z       "MAX_EXPR_DEPTH=1000",
2026-10-04T00:25:00.7416297Z       "MAX_FUNCTION_ARG=1000",
2026-10-04T00:25:00.7416557Z       "MAX_LENGTH=1000000000",
2026-10-04T00:25:00.7416881Z       "MAX_LIKE_PATTERN_LENGTH=50000",
2026-10-04T00:25:00.7417294Z       "MAX_MMAP_SIZE=0x7fff0000",
2026-10-04T00:25:00.7417653Z       "MAX_PAGE_COUNT=0xfffffffe",
2026-10-04T00:25:00.7418073Z       "MAX_PAGE_SIZE=65536",
2026-10-04T00:25:00.7418368Z       "MAX_SQL_LENGTH=1000000000",
2026-10-04T00:25:00.7418684Z       "MAX_TRIGGER_DEPTH=1000",
2026-10-04T00:25:00.7418997Z       "MAX_VARIABLE_NUMBER=32766",
2026-10-04T00:25:00.7419310Z       "MAX_VDBE_OP=250000000",
2026-10-04T00:25:00.7419606Z       "MAX_WORKER_THREADS=8",
2026-10-04T00:25:00.7419915Z       "MUTEX_PTHREADS",
2026-10-04T00:25:00.7420190Z       "SYSTEM_MALLOC",
2026-10-04T00:25:00.7420461Z       "TEMP_STORE=1",
2026-10-04T00:25:00.7420726Z       "THREADSAFE=1",
2026-10-04T00:25:00.7420980Z       "USE_URI"
2026-10-04T00:25:00.7421219Z     ]
2026-10-04T00:25:00.7421443Z   },
2026-10-04T00:25:00.7421685Z   "child_exit_code": 0,
2026-10-04T00:25:00.7421974Z   "system_library_replaced": false
2026-10-04T00:25:00.7422265Z }
2026-10-04T00:25:01.1206563Z ##[group]Run python scripts/run_logged.py evidence/sqlite-runtime-linked.log -- env -u LD_LIBRARY_PATH python -m airlock.sqlite_runtime --pin-file configs/sqlite-runtime.json --build-report evidence/sqlite-runtime-build.json --output evidence/sqlite-runtime-linked.json
2026-10-04T00:25:01.1208720Z [36;1mpython scripts/run_logged.py evidence/sqlite-runtime-linked.log -- env -u LD_LIBRARY_PATH python -m airlock.sqlite_runtime --pin-file configs/sqlite-runtime.json --build-report evidence/sqlite-runtime-build.json --output evidence/sqlite-runtime-linked.json[0m
2026-10-04T00:25:01.1265931Z shell: /usr/bin/bash --noprofile --norc -e -o pipefail {0}
2026-10-04T00:25:01.1266200Z env:
2026-10-04T00:25:01.1266368Z   NEXT_TELEMETRY_DISABLED: 1
2026-10-04T00:25:01.1266632Z   pythonLocation: /opt/hostedtoolcache/Python/3.13.15/x64
2026-10-04T00:25:01.1266967Z   PKG_CONFIG_PATH: /opt/hostedtoolcache/Python/3.13.15/x64/lib/pkgconfig
2026-10-04T00:25:01.1267317Z   Python_ROOT_DIR: /opt/hostedtoolcache/Python/3.13.15/x64
2026-10-04T00:25:01.1267625Z   Python2_ROOT_DIR: /opt/hostedtoolcache/Python/3.13.15/x64
2026-10-04T00:25:01.1267922Z   Python3_ROOT_DIR: /opt/hostedtoolcache/Python/3.13.15/x64
2026-10-04T00:25:01.1268216Z   LD_LIBRARY_PATH: /opt/hostedtoolcache/Python/3.13.15/x64/lib
2026-10-04T00:25:01.1268463Z ##[endgroup]
2026-10-04T00:25:01.2149840Z {
2026-10-04T00:25:01.2150092Z   "version": "3.53.1",
2026-10-04T00:25:01.2150487Z   "source_id": "2026-05-05 10:34:17 c88b22011a54b4f6fbd149e9f8e4de77658ce58143a1af0e3785e4e6475127e9",
2026-10-04T00:25:01.2150881Z   "wal_reset_fix": "upstream_fixed_version",
2026-10-04T00:25:01.2151114Z   "compile_options": [
2026-10-04T00:25:01.2151302Z     "ATOMIC_INTRINSICS=1",
2026-10-04T00:25:01.2151501Z     "COMPILER=gcc-13.3.0",
2026-10-04T00:25:01.2151725Z     "DEFAULT_AUTOVACUUM",
2026-10-04T00:25:01.2151917Z     "DEFAULT_CACHE_SIZE=-2000",
2026-10-04T00:25:01.2152132Z     "DEFAULT_FILE_FORMAT=4",
2026-10-04T00:25:01.2152348Z     "DEFAULT_JOURNAL_SIZE_LIMIT=-1",
2026-10-04T00:25:01.2152562Z     "DEFAULT_MMAP_SIZE=0",
2026-10-04T00:25:01.2152772Z     "DEFAULT_PAGE_SIZE=4096",
2026-10-04T00:25:01.2152969Z     "DEFAULT_PCACHE_INITSZ=20",
2026-10-04T00:25:01.2153169Z     "DEFAULT_RECURSIVE_TRIGGERS",
2026-10-04T00:25:01.2153369Z     "DEFAULT_SECTOR_SIZE=4096",
2026-10-04T00:25:01.2153559Z     "DEFAULT_SYNCHRONOUS=2",
2026-10-04T00:25:01.2153764Z     "DEFAULT_WAL_AUTOCHECKPOINT=1000",
2026-10-04T00:25:01.2153988Z     "DEFAULT_WAL_SYNCHRONOUS=2",
2026-10-04T00:25:01.2154188Z     "DEFAULT_WORKER_THREADS=0",
2026-10-04T00:25:01.2154390Z     "DIRECT_OVERFLOW_READ",
2026-10-04T00:25:01.2154579Z     "ENABLE_COLUMN_METADATA",
2026-10-04T00:25:01.2154766Z     "ENABLE_DBSTAT_VTAB",
2026-10-04T00:25:01.2154941Z     "ENABLE_FTS3",
2026-10-04T00:25:01.2155342Z     "ENABLE_FTS5",
2026-10-04T00:25:01.2155509Z     "ENABLE_MATH_FUNCTIONS",
2026-10-04T00:25:01.2155916Z     "ENABLE_RTREE",
2026-10-04T00:25:01.2156170Z     "MALLOC_SOFT_LIMIT=1024",
2026-10-04T00:25:01.2156449Z     "MAX_ATTACHED=10",
2026-10-04T00:25:01.2156749Z     "MAX_COLUMN=2000",
2026-10-04T00:25:01.2156932Z     "MAX_COMPOUND_SELECT=500",
2026-10-04T00:25:01.2157136Z     "MAX_DEFAULT_PAGE_SIZE=8192",
2026-10-04T00:25:01.2157335Z     "MAX_EXPR_DEPTH=1000",
2026-10-04T00:25:01.2157517Z     "MAX_FUNCTION_ARG=1000",
2026-10-04T00:25:01.2157699Z     "MAX_LENGTH=1000000000",
2026-10-04T00:25:01.2157888Z     "MAX_LIKE_PATTERN_LENGTH=50000",
2026-10-04T00:25:01.2158093Z     "MAX_MMAP_SIZE=0x7fff0000",
2026-10-04T00:25:01.2158285Z     "MAX_PAGE_COUNT=0xfffffffe",
2026-10-04T00:25:01.2158479Z     "MAX_PAGE_SIZE=65536",
2026-10-04T00:25:01.2158659Z     "MAX_SQL_LENGTH=1000000000",
2026-10-04T00:25:01.2158851Z     "MAX_TRIGGER_DEPTH=1000",
2026-10-04T00:25:01.2159057Z     "MAX_VARIABLE_NUMBER=32766",
2026-10-04T00:25:01.2159260Z     "MAX_VDBE_OP=250000000",
2026-10-04T00:25:01.2159440Z     "MAX_WORKER_THREADS=8",
2026-10-04T00:25:01.2159623Z     "MUTEX_PTHREADS",
2026-10-04T00:25:01.2159811Z     "SYSTEM_MALLOC",
2026-10-04T00:25:01.2160152Z     "TEMP_STORE=1",
2026-10-04T00:25:01.2160320Z     "THREADSAFE=1",
2026-10-04T00:25:01.2160478Z     "USE_URI"
2026-10-04T00:25:01.2160632Z   ],
2026-10-04T00:25:01.2160784Z   "python": "3.13.15",
2026-10-04T00:25:01.2160971Z   "sqlite_threadsafety": 3,
2026-10-04T00:25:01.2161156Z   "pin_verified": true,
2026-10-04T00:25:01.2161462Z   "archive_sha256": "83e6b2020a034e9a7ad4a72feea59e1ad52f162e09cbd26735a3ffb98359fc4f",
2026-10-04T00:25:01.2161937Z   "amalgamation_sha3_256": "414432ae5719f6cdc485f3927e12c7ad107e2b8c6b434e5df2eadb5312bfabb5",
2026-10-04T00:25:01.2162307Z   "loaded_shared_library_files": [
2026-10-04T00:25:01.2162508Z     {
2026-10-04T00:25:01.2162768Z       "path": "/home/runner/work/_temp/airlock-sqlite-runtime/lib/libsqlite3.so.0",
2026-10-04T00:25:01.2163081Z       "bytes": 1591216,
2026-10-04T00:25:01.2163358Z       "sha256": "f826cb46ed8fb7b0c33f603eb8b8e8cf6026031f3dc455aa87b0032cf8a9dee2"
2026-10-04T00:25:01.2163662Z     }
2026-10-04T00:25:01.2163829Z   ],
2026-10-04T00:25:01.2163991Z   "loaded_shared_libraries": [
2026-10-04T00:25:01.2164265Z     "/home/runner/work/_temp/airlock-sqlite-runtime/lib/libsqlite3.so.0"
2026-10-04T00:25:01.2164539Z   ],
2026-10-04T00:25:01.2164697Z   "build_report_verified": true,
2026-10-04T00:25:01.2165017Z   "build_report_sha256": "df942eb5a313c85336ab90b038173f4d07778024674bed89ebec429d2846269d"
2026-10-04T00:25:01.2165346Z }
2026-10-04T00:25:01.2800275Z ##[group]Run actions/setup-node@v4
2026-10-04T00:25:01.2800498Z with:
2026-10-04T00:25:01.2800663Z   node-version: 22
2026-10-04T00:25:01.2800839Z   always-auth: false
2026-10-04T00:25:01.2801016Z   check-latest: false
2026-10-04T00:25:01.2803188Z   token: ***
2026-10-04T00:25:01.2803366Z env:
2026-10-04T00:25:01.2803531Z   NEXT_TELEMETRY_DISABLED: 1
2026-10-04T00:25:01.2803804Z   pythonLocation: /opt/hostedtoolcache/Python/3.13.15/x64
2026-10-04T00:25:01.2804140Z   PKG_CONFIG_PATH: /opt/hostedtoolcache/Python/3.13.15/x64/lib/pkgconfig
2026-10-04T00:25:01.2804472Z   Python_ROOT_DIR: /opt/hostedtoolcache/Python/3.13.15/x64
2026-10-04T00:25:01.2804772Z   Python2_ROOT_DIR: /opt/hostedtoolcache/Python/3.13.15/x64
2026-10-04T00:25:01.2805061Z   Python3_ROOT_DIR: /opt/hostedtoolcache/Python/3.13.15/x64
2026-10-04T00:25:01.2805351Z   LD_LIBRARY_PATH: /opt/hostedtoolcache/Python/3.13.15/x64/lib
2026-10-04T00:25:01.2805814Z ##[endgroup]
2026-10-04T00:25:01.3955889Z Found in cache @ /opt/hostedtoolcache/node/22.23.3/x64
2026-10-04T00:25:01.3959706Z (node:2137) [DEP0040] DeprecationWarning: The `punycode` module is deprecated. Please use a userland alternative instead.
2026-10-04T00:25:01.3960240Z (Use `node --trace-deprecation ...` to show where the warning was created)
2026-10-04T00:25:01.3962232Z ##[group]Environment details
2026-10-04T00:25:01.7374227Z node: v22.23.3
2026-10-04T00:25:01.7374833Z npm: 10.9.9
2026-10-04T00:25:01.7375055Z yarn: 1.22.22
2026-10-04T00:25:01.7375871Z ##[endgroup]
2026-10-04T00:25:01.7634474Z ##[group]Run python -m pip install -r requirements-dev.txt
2026-10-04T00:25:01.7634849Z [36;1mpython -m pip install -r requirements-dev.txt[0m
2026-10-04T00:25:01.7696819Z shell: /usr/bin/bash --noprofile --norc -e -o pipefail {0}
2026-10-04T00:25:01.7697100Z env:
2026-10-04T00:25:01.7697285Z   NEXT_TELEMETRY_DISABLED: 1
2026-10-04T00:25:01.7697546Z   pythonLocation: /opt/hostedtoolcache/Python/3.13.15/x64
2026-10-04T00:25:01.7697897Z   PKG_CONFIG_PATH: /opt/hostedtoolcache/Python/3.13.15/x64/lib/pkgconfig
2026-10-04T00:25:01.7698234Z   Python_ROOT_DIR: /opt/hostedtoolcache/Python/3.13.15/x64
2026-10-04T00:25:01.7698535Z   Python2_ROOT_DIR: /opt/hostedtoolcache/Python/3.13.15/x64
2026-10-04T00:25:01.7698833Z   Python3_ROOT_DIR: /opt/hostedtoolcache/Python/3.13.15/x64
2026-10-04T00:25:01.7699126Z   LD_LIBRARY_PATH: /opt/hostedtoolcache/Python/3.13.15/x64/lib
2026-10-04T00:25:01.7699404Z ##[endgroup]
2026-10-04T00:25:03.4562557Z Collecting fastapi==0.142.2 (from -r /home/runner/work/AIRLOCK/AIRLOCK/requirements.txt (line 1))
2026-10-04T00:25:03.4979004Z   Downloading fastapi-0.142.2-py3-none-any.whl.metadata (27 kB)
2026-10-04T00:25:03.5247403Z Collecting starlette==1.7.0 (from -r /home/runner/work/AIRLOCK/AIRLOCK/requirements.txt (line 2))
2026-10-04T00:25:03.5289811Z   Downloading starlette-1.7.0-py3-none-any.whl.metadata (6.6 kB)
2026-10-04T00:25:03.6015550Z Collecting pydantic==2.13.5 (from -r /home/runner/work/AIRLOCK/AIRLOCK/requirements.txt (line 3))
2026-10-04T00:25:03.6079807Z   Downloading pydantic-2.13.5-py3-none-any.whl.metadata (110 kB)
2026-10-04T00:25:03.6611826Z Collecting uvicorn==0.48.0 (from -r /home/runner/work/AIRLOCK/AIRLOCK/requirements.txt (line 4))
2026-10-04T00:25:03.6670077Z   Downloading uvicorn-0.48.0-py3-none-any.whl.metadata (6.7 kB)
2026-10-04T00:25:03.6804991Z Collecting httpx==0.28.1 (from -r /home/runner/work/AIRLOCK/AIRLOCK/requirements.txt (line 5))
2026-10-04T00:25:03.6878214Z   Downloading httpx-0.28.1-py3-none-any.whl.metadata (7.1 kB)
2026-10-04T00:25:03.7010636Z Collecting httpcore==1.0.9 (from -r /home/runner/work/AIRLOCK/AIRLOCK/requirements.txt (line 6))
2026-10-04T00:25:03.7053051Z   Downloading httpcore-1.0.9-py3-none-any.whl.metadata (21 kB)
2026-10-04T00:25:03.7150365Z Collecting cel-python==0.4.0 (from -r /home/runner/work/AIRLOCK/AIRLOCK/requirements.txt (line 7))
2026-10-04T00:25:03.7383183Z   Downloading cel_python-0.4.0-py3-none-any.whl.metadata (8.5 kB)
2026-10-04T00:25:03.7640589Z Collecting PyYAML==6.0.3 (from -r /home/runner/work/AIRLOCK/AIRLOCK/requirements.txt (line 8))
2026-10-04T00:25:03.7773091Z   Downloading pyyaml-6.0.3-cp313-cp313-manylinux2014_x86_64.manylinux_2_17_x86_64.manylinux_2_28_x86_64.whl.metadata (2.4 kB)
2026-10-04T00:25:03.7905508Z Collecting PyJWT==2.15.1 (from -r /home/runner/work/AIRLOCK/AIRLOCK/requirements.txt (line 9))
2026-10-04T00:25:03.7950697Z   Downloading pyjwt-2.15.1-py3-none-any.whl.metadata (3.5 kB)
2026-10-04T00:25:03.9183385Z Collecting cryptography==50.0.2 (from -r /home/runner/work/AIRLOCK/AIRLOCK/requirements.txt (line 10))
2026-10-04T00:25:03.9235146Z   Downloading cryptography-50.0.2-cp311-abi3-manylinux_2_34_x86_64.whl.metadata (4.4 kB)
2026-10-04T00:25:04.0529896Z Collecting boto3==1.43.107 (from -r /home/runner/work/AIRLOCK/AIRLOCK/requirements-archive.txt (line 2))
2026-10-04T00:25:04.0691962Z   Downloading boto3-1.43.107-py3-none-any.whl.metadata (6.6 kB)
2026-10-04T00:25:04.2253152Z Collecting botocore==1.43.107 (from -r /home/runner/work/AIRLOCK/AIRLOCK/requirements-archive.txt (line 3))
2026-10-04T00:25:04.2364192Z   Downloading botocore-1.43.107-py3-none-any.whl.metadata (5.6 kB)
2026-10-04T00:25:04.2617011Z Collecting s3transfer==0.19.2 (from -r /home/runner/work/AIRLOCK/AIRLOCK/requirements-archive.txt (line 4))
2026-10-04T00:25:04.2661702Z   Downloading s3transfer-0.19.2-py3-none-any.whl.metadata (1.7 kB)
2026-10-04T00:25:04.2837743Z Collecting pytest==9.0.2 (from -r requirements-dev.txt (line 3))
2026-10-04T00:25:04.2886635Z   Downloading pytest-9.0.2-py3-none-any.whl.metadata (7.6 kB)
2026-10-04T00:25:04.3127710Z Collecting playwright==1.57.0 (from -r requirements-dev.txt (line 4))
2026-10-04T00:25:04.3290446Z   Downloading playwright-1.57.0-py3-none-manylinux1_x86_64.whl.metadata (3.5 kB)
2026-10-04T00:25:04.3407180Z Collecting mcp==1.26.0 (from -r requirements-dev.txt (line 5))
2026-10-04T00:25:04.3486414Z   Downloading mcp-1.26.0-py3-none-any.whl.metadata (89 kB)
2026-10-04T00:25:04.3644259Z Collecting pip-audit==2.10.1 (from -r requirements-dev.txt (line 6))
2026-10-04T00:25:04.3711662Z   Downloading pip_audit-2.10.1-py3-none-any.whl.metadata (28 kB)
2026-10-04T00:25:04.3863458Z Collecting typing-extensions>=4.8.0 (from fastapi==0.142.2->-r /home/runner/work/AIRLOCK/AIRLOCK/requirements.txt (line 1))
2026-10-04T00:25:04.3911025Z   Downloading typing_extensions-4.16.0-py3-none-any.whl.metadata (3.3 kB)
2026-10-04T00:25:04.3998007Z Collecting typing-inspection>=0.4.2 (from fastapi==0.142.2->-r /home/runner/work/AIRLOCK/AIRLOCK/requirements.txt (line 1))
2026-10-04T00:25:04.4047434Z   Downloading typing_inspection-0.4.4-py3-none-any.whl.metadata (2.6 kB)
2026-10-04T00:25:04.4125260Z Collecting annotated-doc>=0.0.2 (from fastapi==0.142.2->-r /home/runner/work/AIRLOCK/AIRLOCK/requirements.txt (line 1))
2026-10-04T00:25:04.4294749Z   Downloading annotated_doc-0.0.5-py3-none-any.whl.metadata (6.5 kB)
2026-10-04T00:25:04.4440767Z Collecting opentelemetry-api>=1.44.0 (from fastapi==0.142.2->-r /home/runner/work/AIRLOCK/AIRLOCK/requirements.txt (line 1))
2026-10-04T00:25:04.4478938Z   Downloading opentelemetry_api-1.45.0-py3-none-any.whl.metadata (1.4 kB)
2026-10-04T00:25:04.4707789Z Collecting anyio<5,>=4.0.0 (from starlette==1.7.0->-r /home/runner/work/AIRLOCK/AIRLOCK/requirements.txt (line 2))
2026-10-04T00:25:04.4743861Z   Downloading anyio-4.15.1-py3-none-any.whl.metadata (4.7 kB)
2026-10-04T00:25:04.4827478Z Collecting annotated-types>=0.6.0 (from pydantic==2.13.5->-r /home/runner/work/AIRLOCK/AIRLOCK/requirements.txt (line 3))
2026-10-04T00:25:04.4871562Z   Downloading annotated_types-0.8.0-py3-none-any.whl.metadata (15 kB)
2026-10-04T00:25:04.9640534Z Collecting pydantic-core==2.46.5 (from pydantic==2.13.5->-r /home/runner/work/AIRLOCK/AIRLOCK/requirements.txt (line 3))
2026-10-04T00:25:04.9680564Z   Downloading pydantic_core-2.46.5-cp313-cp313-manylinux_2_17_x86_64.manylinux2014_x86_64.whl.metadata (6.6 kB)
2026-10-04T00:25:04.9934395Z Collecting click>=7.0 (from uvicorn==0.48.0->-r /home/runner/work/AIRLOCK/AIRLOCK/requirements.txt (line 4))
2026-10-04T00:25:04.9970600Z   Downloading click-8.5.0-py3-none-any.whl.metadata (2.6 kB)
2026-10-04T00:25:05.0080157Z Collecting h11>=0.8 (from uvicorn==0.48.0->-r /home/runner/work/AIRLOCK/AIRLOCK/requirements.txt (line 4))
2026-10-04T00:25:05.0119392Z   Downloading h11-0.16.0-py3-none-any.whl.metadata (8.3 kB)
2026-10-04T00:25:05.0259378Z Collecting certifi (from httpx==0.28.1->-r /home/runner/work/AIRLOCK/AIRLOCK/requirements.txt (line 5))
2026-10-04T00:25:05.0296436Z   Downloading certifi-2026.7.22-py3-none-any.whl.metadata (2.5 kB)
2026-10-04T00:25:05.0420443Z Collecting idna (from httpx==0.28.1->-r /home/runner/work/AIRLOCK/AIRLOCK/requirements.txt (line 5))
2026-10-04T00:25:05.0456772Z   Downloading idna-3.20-py3-none-any.whl.metadata (7.2 kB)
2026-10-04T00:25:05.1011325Z Collecting google-re2>=1.1.20240702 (from cel-python==0.4.0->-r /home/runner/work/AIRLOCK/AIRLOCK/requirements.txt (line 7))
2026-10-04T00:25:05.1090556Z   Downloading google_re2-1.1.20251105-1-cp313-cp313-manylinux_2_27_x86_64.manylinux_2_28_x86_64.whl.metadata (2.4 kB)
2026-10-04T00:25:05.1636655Z Collecting jmespath>=1.0.1 (from cel-python==0.4.0->-r /home/runner/work/AIRLOCK/AIRLOCK/requirements.txt (line 7))
2026-10-04T00:25:05.1682245Z   Downloading jmespath-1.1.0-py3-none-any.whl.metadata (7.6 kB)
2026-10-04T00:25:05.1774897Z Collecting lark>=1.2.2 (from cel-python==0.4.0->-r /home/runner/work/AIRLOCK/AIRLOCK/requirements.txt (line 7))
2026-10-04T00:25:05.1845991Z   Downloading lark-1.3.1-py3-none-any.whl.metadata (1.8 kB)
2026-10-04T00:25:05.2135300Z Collecting pendulum>=3.1.0 (from cel-python==0.4.0->-r /home/runner/work/AIRLOCK/AIRLOCK/requirements.txt (line 7))
2026-10-04T00:25:05.2585119Z   Downloading pendulum-3.2.0-cp313-cp313-manylinux_2_17_x86_64.manylinux2014_x86_64.whl.metadata (6.8 kB)
2026-10-04T00:25:05.3436999Z Collecting cffi>=2.0.0 (from cryptography==50.0.2->-r /home/runner/work/AIRLOCK/AIRLOCK/requirements.txt (line 10))
2026-10-04T00:25:05.3482390Z   Downloading cffi-2.1.1-cp313-cp313-manylinux2014_x86_64.manylinux_2_17_x86_64.whl.metadata (2.5 kB)
2026-10-04T00:25:05.3672237Z Collecting python-dateutil<3.0.0,>=2.1 (from botocore==1.43.107->-r /home/runner/work/AIRLOCK/AIRLOCK/requirements-archive.txt (line 3))
2026-10-04T00:25:05.3707770Z   Downloading python_dateutil-2.9.0.post0-py2.py3-none-any.whl.metadata (8.4 kB)
2026-10-04T00:25:05.3856513Z Collecting urllib3!=2.2.0,<3,>=1.25.4 (from botocore==1.43.107->-r /home/runner/work/AIRLOCK/AIRLOCK/requirements-archive.txt (line 3))
2026-10-04T00:25:05.3905947Z   Downloading urllib3-2.8.0-py3-none-any.whl.metadata (7.4 kB)
2026-10-04T00:25:05.4071212Z Collecting iniconfig>=1.0.1 (from pytest==9.0.2->-r requirements-dev.txt (line 3))
2026-10-04T00:25:05.4108347Z   Downloading iniconfig-2.3.0-py3-none-any.whl.metadata (2.5 kB)
2026-10-04T00:25:05.4221346Z Collecting packaging>=22 (from pytest==9.0.2->-r requirements-dev.txt (line 3))
2026-10-04T00:25:05.4266007Z   Downloading packaging-26.3-py3-none-any.whl.metadata (3.5 kB)
2026-10-04T00:25:05.4363056Z Collecting pluggy<2,>=1.5 (from pytest==9.0.2->-r requirements-dev.txt (line 3))
2026-10-04T00:25:05.4399236Z   Downloading pluggy-1.6.0-py3-none-any.whl.metadata (4.8 kB)
2026-10-04T00:25:05.4553101Z Collecting pygments>=2.7.2 (from pytest==9.0.2->-r requirements-dev.txt (line 3))
2026-10-04T00:25:05.4597415Z   Downloading pygments-2.21.0-py3-none-any.whl.metadata (2.5 kB)
2026-10-04T00:25:05.4819536Z Collecting pyee<14,>=13 (from playwright==1.57.0->-r requirements-dev.txt (line 4))
2026-10-04T00:25:05.4861659Z   Downloading pyee-13.0.1-py3-none-any.whl.metadata (3.0 kB)
2026-10-04T00:25:05.5863684Z Collecting greenlet<4.0.0,>=3.1.1 (from playwright==1.57.0->-r requirements-dev.txt (line 4))
2026-10-04T00:25:05.5926163Z   Downloading greenlet-3.5.6-cp313-cp313-manylinux_2_24_x86_64.manylinux_2_28_x86_64.whl.metadata (3.8 kB)
2026-10-04T00:25:05.6033484Z Collecting httpx-sse>=0.4 (from mcp==1.26.0->-r requirements-dev.txt (line 5))
2026-10-04T00:25:05.6069458Z   Downloading httpx_sse-0.4.3-py3-none-any.whl.metadata (9.7 kB)
2026-10-04T00:25:05.6295206Z Collecting jsonschema>=4.20.0 (from mcp==1.26.0->-r requirements-dev.txt (line 5))
2026-10-04T00:25:05.6350383Z   Downloading jsonschema-4.26.0-py3-none-any.whl.metadata (7.6 kB)
2026-10-04T00:25:05.6539219Z Collecting pydantic-settings>=2.5.2 (from mcp==1.26.0->-r requirements-dev.txt (line 5))
2026-10-04T00:25:05.6590952Z   Downloading pydantic_settings-2.15.0-py3-none-any.whl.metadata (3.9 kB)
2026-10-04T00:25:05.6840540Z Collecting python-multipart>=0.0.9 (from mcp==1.26.0->-r requirements-dev.txt (line 5))
2026-10-04T00:25:05.6884234Z   Downloading python_multipart-0.0.32-py3-none-any.whl.metadata (2.1 kB)
2026-10-04T00:25:05.7007591Z Collecting sse-starlette>=1.6.1 (from mcp==1.26.0->-r requirements-dev.txt (line 5))
2026-10-04T00:25:05.7057542Z   Downloading sse_starlette-3.5.0-py3-none-any.whl.metadata (15 kB)
2026-10-04T00:25:05.7195090Z Collecting CacheControl>=0.13.0 (from CacheControl[filecache]>=0.13.0->pip-audit==2.10.1->-r requirements-dev.txt (line 6))
2026-10-04T00:25:05.7355130Z   Downloading cachecontrol-0.14.4-py3-none-any.whl.metadata (3.1 kB)
2026-10-04T00:25:05.7561736Z Collecting cyclonedx-python-lib<12,>=5 (from pip-audit==2.10.1->-r requirements-dev.txt (line 6))
2026-10-04T00:25:05.7612890Z   Downloading cyclonedx_python_lib-11.12.0-py3-none-any.whl.metadata (6.9 kB)
2026-10-04T00:25:05.7719492Z Collecting pip-api>=0.0.28 (from pip-audit==2.10.1->-r requirements-dev.txt (line 6))
2026-10-04T00:25:05.7758517Z   Downloading pip_api-0.0.35-py3-none-any.whl.metadata (17 kB)
2026-10-04T00:25:05.7851508Z Collecting pip-requirements-parser>=32.0.0 (from pip-audit==2.10.1->-r requirements-dev.txt (line 6))
2026-10-04T00:25:05.7892578Z   Downloading pip_requirements_parser-32.0.1-py3-none-any.whl.metadata (9.3 kB)
2026-10-04T00:25:05.8038604Z Collecting requests>=2.31.0 (from pip-audit==2.10.1->-r requirements-dev.txt (line 6))
2026-10-04T00:25:05.8077755Z   Downloading requests-2.34.2-py3-none-any.whl.metadata (4.8 kB)
2026-10-04T00:25:05.8278340Z Collecting rich>=12.4 (from pip-audit==2.10.1->-r requirements-dev.txt (line 6))
2026-10-04T00:25:05.8336156Z   Downloading rich-15.0.0-py3-none-any.whl.metadata (18 kB)
2026-10-04T00:25:05.8568638Z Collecting tomli>=2.2.1 (from pip-audit==2.10.1->-r requirements-dev.txt (line 6))
2026-10-04T00:25:05.8608740Z   Downloading tomli-2.4.1-cp313-cp313-manylinux2014_x86_64.manylinux_2_17_x86_64.manylinux_2_28_x86_64.whl.metadata (10 kB)
2026-10-04T00:25:05.8831009Z Collecting tomli-w>=1.2.0 (from pip-audit==2.10.1->-r requirements-dev.txt (line 6))
2026-10-04T00:25:05.8902218Z   Downloading tomli_w-1.2.0-py3-none-any.whl.metadata (5.7 kB)
2026-10-04T00:25:05.9077052Z Collecting platformdirs>=4.2.0 (from pip-audit==2.10.1->-r requirements-dev.txt (line 6))
2026-10-04T00:25:05.9121323Z   Downloading platformdirs-4.12.3-py3-none-any.whl.metadata (5.5 kB)
2026-10-04T00:25:05.9255513Z Collecting license-expression<31,>=30 (from cyclonedx-python-lib<12,>=5->pip-audit==2.10.1->-r requirements-dev.txt (line 6))
2026-10-04T00:25:05.9303566Z   Downloading license_expression-30.4.4-py3-none-any.whl.metadata (11 kB)
2026-10-04T00:25:05.9455347Z Collecting packageurl-python<2,>=0.11 (from cyclonedx-python-lib<12,>=5->pip-audit==2.10.1->-r requirements-dev.txt (line 6))
2026-10-04T00:25:05.9508038Z   Downloading packageurl_python-0.17.6-py3-none-any.whl.metadata (5.1 kB)
2026-10-04T00:25:05.9618773Z Collecting py-serializable<3.0.0,>=2.1.0 (from cyclonedx-python-lib<12,>=5->pip-audit==2.10.1->-r requirements-dev.txt (line 6))
2026-10-04T00:25:05.9671040Z   Downloading py_serializable-2.1.0-py3-none-any.whl.metadata (4.3 kB)
2026-10-04T00:25:05.9827529Z Collecting sortedcontainers<3.0.0,>=2.4.0 (from cyclonedx-python-lib<12,>=5->pip-audit==2.10.1->-r requirements-dev.txt (line 6))
2026-10-04T00:25:05.9861334Z   Downloading sortedcontainers-2.4.0-py2.py3-none-any.whl.metadata (10 kB)
2026-10-04T00:25:05.9968206Z Collecting boolean.py>=4.0 (from license-expression<31,>=30->cyclonedx-python-lib<12,>=5->pip-audit==2.10.1->-r requirements-dev.txt (line 6))
2026-10-04T00:25:06.0007459Z   Downloading boolean_py-5.0-py3-none-any.whl.metadata (2.3 kB)
2026-10-04T00:25:06.0107898Z Collecting defusedxml<0.8.0,>=0.7.1 (from py-serializable<3.0.0,>=2.1.0->cyclonedx-python-lib<12,>=5->pip-audit==2.10.1->-r requirements-dev.txt (line 6))
2026-10-04T00:25:06.0144605Z   Downloading defusedxml-0.7.1-py2.py3-none-any.whl.metadata (32 kB)
2026-10-04T00:25:06.0767584Z Collecting six>=1.5 (from python-dateutil<3.0.0,>=2.1->botocore==1.43.107->-r /home/runner/work/AIRLOCK/AIRLOCK/requirements-archive.txt (line 3))
2026-10-04T00:25:06.0803670Z   Downloading six-1.17.0-py2.py3-none-any.whl.metadata (1.7 kB)
2026-10-04T00:25:06.1357956Z Collecting msgpack<2.0.0,>=0.5.2 (from CacheControl>=0.13.0->CacheControl[filecache]>=0.13.0->pip-audit==2.10.1->-r requirements-dev.txt (line 6))
2026-10-04T00:25:06.1412296Z   Downloading msgpack-1.2.3-cp313-cp313-manylinux2014_x86_64.manylinux_2_17_x86_64.manylinux_2_28_x86_64.whl.metadata (8.3 kB)
2026-10-04T00:25:06.1607440Z Collecting filelock>=3.8.0 (from CacheControl[filecache]>=0.13.0->pip-audit==2.10.1->-r requirements-dev.txt (line 6))
2026-10-04T00:25:06.1684662Z   Downloading filelock-4.0.10-py3-none-any.whl.metadata (2.0 kB)
2026-10-04T00:25:06.1776348Z Collecting pycparser (from cffi>=2.0.0->cryptography==50.0.2->-r /home/runner/work/AIRLOCK/AIRLOCK/requirements.txt (line 10))
2026-10-04T00:25:06.1829370Z   Downloading pycparser-3.0-py3-none-any.whl.metadata (8.2 kB)
2026-10-04T00:25:06.1972372Z Collecting attrs>=22.2.0 (from jsonschema>=4.20.0->mcp==1.26.0->-r requirements-dev.txt (line 5))
2026-10-04T00:25:06.2012390Z   Downloading attrs-26.1.0-py3-none-any.whl.metadata (8.8 kB)
2026-10-04T00:25:06.2109535Z Collecting jsonschema-specifications>=2023.03.6 (from jsonschema>=4.20.0->mcp==1.26.0->-r requirements-dev.txt (line 5))
2026-10-04T00:25:06.2154548Z   Downloading jsonschema_specifications-2025.9.1-py3-none-any.whl.metadata (2.9 kB)
2026-10-04T00:25:06.2292065Z Collecting referencing>=0.28.4 (from jsonschema>=4.20.0->mcp==1.26.0->-r requirements-dev.txt (line 5))
2026-10-04T00:25:06.2330636Z   Downloading referencing-0.37.0-py3-none-any.whl.metadata (2.8 kB)
2026-10-04T00:25:06.4167844Z Collecting rpds-py>=0.25.0 (from jsonschema>=4.20.0->mcp==1.26.0->-r requirements-dev.txt (line 5))
2026-10-04T00:25:06.4211859Z   Downloading rpds_py-2026.6.3-cp313-cp313-manylinux_2_17_x86_64.manylinux2014_x86_64.whl.metadata (4.1 kB)
2026-10-04T00:25:06.4595998Z Collecting tzdata>=2020.1 (from pendulum>=3.1.0->cel-python==0.4.0->-r /home/runner/work/AIRLOCK/AIRLOCK/requirements.txt (line 7))
2026-10-04T00:25:06.4673189Z   Downloading tzdata-2026.5-py2.py3-none-any.whl.metadata (1.4 kB)
2026-10-04T00:25:06.4709301Z Requirement already satisfied: pip in /opt/hostedtoolcache/Python/3.13.15/x64/lib/python3.13/site-packages (from pip-api>=0.0.28->pip-audit==2.10.1->-r requirements-dev.txt (line 6)) (26.2.1)
2026-10-04T00:25:06.4861130Z Collecting pyparsing (from pip-requirements-parser>=32.0.0->pip-audit==2.10.1->-r requirements-dev.txt (line 6))
2026-10-04T00:25:06.4930634Z   Downloading pyparsing-3.3.3-py3-none-any.whl.metadata (5.9 kB)
2026-10-04T00:25:06.5142081Z Collecting python-dotenv>=0.21.0 (from pydantic-settings>=2.5.2->mcp==1.26.0->-r requirements-dev.txt (line 5))
2026-10-04T00:25:06.5197676Z   Downloading python_dotenv-1.2.4-py3-none-any.whl.metadata (29 kB)
2026-10-04T00:25:06.6129829Z Collecting charset_normalizer<4,>=2 (from requests>=2.31.0->pip-audit==2.10.1->-r requirements-dev.txt (line 6))
2026-10-04T00:25:06.6172149Z   Downloading charset_normalizer-3.5.2-cp313-cp313-manylinux2014_x86_64.manylinux_2_17_x86_64.manylinux_2_28_x86_64.whl.metadata (46 kB)
2026-10-04T00:25:06.6387797Z Collecting markdown-it-py>=2.2.0 (from rich>=12.4->pip-audit==2.10.1->-r requirements-dev.txt (line 6))
2026-10-04T00:25:06.6426528Z   Downloading markdown_it_py-4.2.0-py3-none-any.whl.metadata (7.4 kB)
2026-10-04T00:25:06.6661167Z Collecting mdurl~=0.1 (from markdown-it-py>=2.2.0->rich>=12.4->pip-audit==2.10.1->-r requirements-dev.txt (line 6))
2026-10-04T00:25:06.6703127Z   Downloading mdurl-0.1.2-py3-none-any.whl.metadata (1.6 kB)
2026-10-04T00:25:06.6912063Z Downloading fastapi-0.142.2-py3-none-any.whl (144 kB)
2026-10-04T00:25:06.7292437Z Downloading starlette-1.7.0-py3-none-any.whl (78 kB)
2026-10-04T00:25:06.7354074Z Downloading pydantic-2.13.5-py3-none-any.whl (472 kB)
2026-10-04T00:25:06.7500370Z Downloading uvicorn-0.48.0-py3-none-any.whl (71 kB)
2026-10-04T00:25:06.7553444Z Downloading httpx-0.28.1-py3-none-any.whl (73 kB)
2026-10-04T00:25:06.7610599Z Downloading httpcore-1.0.9-py3-none-any.whl (78 kB)
2026-10-04T00:25:06.7689129Z Downloading cel_python-0.4.0-py3-none-any.whl (85 kB)
2026-10-04T00:25:06.7763598Z Downloading pyyaml-6.0.3-cp313-cp313-manylinux2014_x86_64.manylinux_2_17_x86_64.manylinux_2_28_x86_64.whl (801 kB)
2026-10-04T00:25:06.7925534Z    ━━━━━━━━━━━━━━━━━━━━━━━━━━━━━━━━━━━━━━━━ 801.6/801.6 kB 54.0 MB/s  0:00:00
2026-10-04T00:25:06.7967521Z Downloading pyjwt-2.15.1-py3-none-any.whl (33 kB)
2026-10-04T00:25:06.8023606Z Downloading cryptography-50.0.2-cp311-abi3-manylinux_2_34_x86_64.whl (4.8 MB)
2026-10-04T00:25:06.8861369Z    ━━━━━━━━━━━━━━━━━━━━━━━━━━━━━━━━━━━━━━━━ 4.8/4.8 MB 56.4 MB/s  0:00:00
2026-10-04T00:25:06.8917663Z Downloading boto3-1.43.107-py3-none-any.whl (140 kB)
2026-10-04T00:25:06.9022080Z Downloading botocore-1.43.107-py3-none-any.whl (16.0 MB)
2026-10-04T00:25:07.1093171Z    ━━━━━━━━━━━━━━━━━━━━━━━━━━━━━━━━━━━━━━━━ 16.0/16.0 MB 77.6 MB/s  0:00:00
2026-10-04T00:25:07.1141544Z Downloading s3transfer-0.19.2-py3-none-any.whl (90 kB)
2026-10-04T00:25:07.1264984Z Downloading pytest-9.0.2-py3-none-any.whl (374 kB)
2026-10-04T00:25:07.1388548Z Downloading playwright-1.57.0-py3-none-manylinux1_x86_64.whl (46.0 MB)
2026-10-04T00:25:07.6749650Z    ━━━━━━━━━━━━━━━━━━━━━━━━━━━━━━━━━━━━━━━━ 46.0/46.0 MB 86.3 MB/s  0:00:00
2026-10-04T00:25:07.6815494Z Downloading mcp-1.26.0-py3-none-any.whl (233 kB)
2026-10-04T00:25:07.6887652Z Downloading pip_audit-2.10.1-py3-none-any.whl (62 kB)
2026-10-04T00:25:07.7303122Z Downloading pydantic_core-2.46.5-cp313-cp313-manylinux_2_17_x86_64.manylinux2014_x86_64.whl (2.1 MB)
2026-10-04T00:25:07.7488040Z    ━━━━━━━━━━━━━━━━━━━━━━━━━━━━━━━━━━━━━━━━ 2.1/2.1 MB 110.1 MB/s  0:00:00
2026-10-04T00:25:07.7546849Z Downloading anyio-4.15.1-py3-none-any.whl (132 kB)
2026-10-04T00:25:07.7625580Z Downloading cyclonedx_python_lib-11.12.0-py3-none-any.whl (529 kB)
2026-10-04T00:25:07.7690276Z    ━━━━━━━━━━━━━━━━━━━━━━━━━━━━━━━━━━━━━━━━ 529.5/529.5 kB 79.8 MB/s  0:00:00
2026-10-04T00:25:07.7734423Z Downloading greenlet-3.5.6-cp313-cp313-manylinux_2_24_x86_64.manylinux_2_28_x86_64.whl (623 kB)
2026-10-04T00:25:07.7800425Z    ━━━━━━━━━━━━━━━━━━━━━━━━━━━━━━━━━━━━━━━━ 623.8/623.8 kB 108.1 MB/s  0:00:00
2026-10-04T00:25:07.7842023Z Downloading jmespath-1.1.0-py3-none-any.whl (20 kB)
2026-10-04T00:25:07.7904792Z Downloading license_expression-30.4.4-py3-none-any.whl (120 kB)
2026-10-04T00:25:07.7971491Z Downloading packageurl_python-0.17.6-py3-none-any.whl (36 kB)
2026-10-04T00:25:07.8033824Z Downloading pluggy-1.6.0-py3-none-any.whl (20 kB)
2026-10-04T00:25:07.8089800Z Downloading py_serializable-2.1.0-py3-none-any.whl (23 kB)
2026-10-04T00:25:07.8146476Z Downloading defusedxml-0.7.1-py2.py3-none-any.whl (25 kB)
2026-10-04T00:25:07.8210713Z Downloading pyee-13.0.1-py3-none-any.whl (15 kB)
2026-10-04T00:25:07.8271387Z Downloading python_dateutil-2.9.0.post0-py2.py3-none-any.whl (229 kB)
2026-10-04T00:25:07.8331888Z Downloading sortedcontainers-2.4.0-py2.py3-none-any.whl (29 kB)
2026-10-04T00:25:07.8407888Z Downloading urllib3-2.8.0-py3-none-any.whl (135 kB)
2026-10-04T00:25:07.8485255Z Downloading annotated_doc-0.0.5-py3-none-any.whl (5.3 kB)
2026-10-04T00:25:07.8541038Z Downloading annotated_types-0.8.0-py3-none-any.whl (13 kB)
2026-10-04T00:25:07.8802260Z Downloading boolean_py-5.0-py3-none-any.whl (26 kB)
2026-10-04T00:25:07.8896672Z Downloading cachecontrol-0.14.4-py3-none-any.whl (22 kB)
2026-10-04T00:25:07.8986271Z Downloading msgpack-1.2.3-cp313-cp313-manylinux2014_x86_64.manylinux_2_17_x86_64.manylinux_2_28_x86_64.whl (466 kB)
2026-10-04T00:25:07.9059512Z Downloading cffi-2.1.1-cp313-cp313-manylinux2014_x86_64.manylinux_2_17_x86_64.whl (221 kB)
2026-10-04T00:25:07.9120090Z Downloading click-8.5.0-py3-none-any.whl (125 kB)
2026-10-04T00:25:07.9177143Z Downloading filelock-4.0.10-py3-none-any.whl (111 kB)
2026-10-04T00:25:07.9272339Z Downloading google_re2-1.1.20251105-1-cp313-cp313-manylinux_2_27_x86_64.manylinux_2_28_x86_64.whl (591 kB)
2026-10-04T00:25:07.9314078Z    ━━━━━━━━━━━━━━━━━━━━━━━━━━━━━━━━━━━━━━━━ 591.4/591.4 kB 142.5 MB/s  0:00:00
2026-10-04T00:25:07.9353350Z Downloading h11-0.16.0-py3-none-any.whl (37 kB)
2026-10-04T00:25:07.9410520Z Downloading httpx_sse-0.4.3-py3-none-any.whl (9.0 kB)
2026-10-04T00:25:07.9469249Z Downloading idna-3.20-py3-none-any.whl (69 kB)
2026-10-04T00:25:07.9530288Z Downloading iniconfig-2.3.0-py3-none-any.whl (7.5 kB)
2026-10-04T00:25:07.9679874Z Downloading jsonschema-4.26.0-py3-none-any.whl (90 kB)
2026-10-04T00:25:07.9750774Z Downloading attrs-26.1.0-py3-none-any.whl (67 kB)
2026-10-04T00:25:07.9810734Z Downloading jsonschema_specifications-2025.9.1-py3-none-any.whl (18 kB)
2026-10-04T00:25:07.9869187Z Downloading lark-1.3.1-py3-none-any.whl (113 kB)
2026-10-04T00:25:07.9926366Z Downloading opentelemetry_api-1.45.0-py3-none-any.whl (60 kB)
2026-10-04T00:25:07.9996783Z Downloading packaging-26.3-py3-none-any.whl (129 kB)
2026-10-04T00:25:08.0057921Z Downloading pendulum-3.2.0-cp313-cp313-manylinux_2_17_x86_64.manylinux2014_x86_64.whl (348 kB)
2026-10-04T00:25:08.0152857Z Downloading pip_api-0.0.35-py3-none-any.whl (123 kB)
2026-10-04T00:25:08.0220645Z Downloading pip_requirements_parser-32.0.1-py3-none-any.whl (35 kB)
2026-10-04T00:25:08.0288251Z Downloading platformdirs-4.12.3-py3-none-any.whl (32 kB)
2026-10-04T00:25:08.0351529Z Downloading pydantic_settings-2.15.0-py3-none-any.whl (69 kB)
2026-10-04T00:25:08.0416643Z Downloading pygments-2.21.0-py3-none-any.whl (1.3 MB)
2026-10-04T00:25:08.0491136Z    ━━━━━━━━━━━━━━━━━━━━━━━━━━━━━━━━━━━━━━━━ 1.3/1.3 MB 181.9 MB/s  0:00:00
2026-10-04T00:25:08.0549269Z Downloading python_dotenv-1.2.4-py3-none-any.whl (23 kB)
2026-10-04T00:25:08.0612784Z Downloading python_multipart-0.0.32-py3-none-any.whl (30 kB)
2026-10-04T00:25:08.0688541Z Downloading referencing-0.37.0-py3-none-any.whl (26 kB)
2026-10-04T00:25:08.0951792Z Downloading requests-2.34.2-py3-none-any.whl (73 kB)
2026-10-04T00:25:08.1031733Z Downloading charset_normalizer-3.5.2-cp313-cp313-manylinux2014_x86_64.manylinux_2_17_x86_64.manylinux_2_28_x86_64.whl (254 kB)
2026-10-04T00:25:08.1094191Z Downloading certifi-2026.7.22-py3-none-any.whl (136 kB)
2026-10-04T00:25:08.1164703Z Downloading rich-15.0.0-py3-none-any.whl (310 kB)
2026-10-04T00:25:08.1228900Z Downloading markdown_it_py-4.2.0-py3-none-any.whl (91 kB)
2026-10-04T00:25:08.1293412Z Downloading mdurl-0.1.2-py3-none-any.whl (10.0 kB)
2026-10-04T00:25:08.2002804Z Downloading rpds_py-2026.6.3-cp313-cp313-manylinux_2_17_x86_64.manylinux2014_x86_64.whl (365 kB)
2026-10-04T00:25:08.2093712Z Downloading six-1.17.0-py2.py3-none-any.whl (11 kB)
2026-10-04T00:25:08.2163432Z Downloading sse_starlette-3.5.0-py3-none-any.whl (17 kB)
2026-10-04T00:25:08.2221355Z Downloading tomli-2.4.1-cp313-cp313-manylinux2014_x86_64.manylinux_2_17_x86_64.manylinux_2_28_x86_64.whl (251 kB)
2026-10-04T00:25:08.2286170Z Downloading tomli_w-1.2.0-py3-none-any.whl (6.7 kB)
2026-10-04T00:25:08.2350108Z Downloading typing_extensions-4.16.0-py3-none-any.whl (45 kB)
2026-10-04T00:25:08.2418391Z Downloading typing_inspection-0.4.4-py3-none-any.whl (14 kB)
2026-10-04T00:25:08.2496182Z Downloading tzdata-2026.5-py2.py3-none-any.whl (347 kB)
2026-10-04T00:25:08.2578107Z Downloading pycparser-3.0-py3-none-any.whl (48 kB)
2026-10-04T00:25:08.2646190Z Downloading pyparsing-3.3.3-py3-none-any.whl (126 kB)
2026-10-04T00:25:08.6526779Z Installing collected packages: sortedcontainers, boolean.py, urllib3, tzdata, typing-extensions, tomli-w, tomli, six, rpds-py, PyYAML, python-multipart, python-dotenv, pyparsing, PyJWT, pygments, pycparser, pluggy, platformdirs, pip-api, packaging, packageurl-python, msgpack, mdurl, license-expression, lark, jmespath, iniconfig, idna, httpx-sse, h11, greenlet, google-re2, filelock, defusedxml, click, charset_normalizer, certifi, attrs, annotated-types, annotated-doc, uvicorn, typing-inspection, requests, referencing, python-dateutil, pytest, pyee, pydantic-core, py-serializable, pip-requirements-parser, opentelemetry-api, markdown-it-py, httpcore, cffi, anyio, starlette, rich, pydantic, playwright, pendulum, jsonschema-specifications, httpx, cyclonedx-python-lib, cryptography, CacheControl, botocore, sse-starlette, s3transfer, pydantic-settings, jsonschema, fastapi, cel-python, pip-audit, mcp, boto3
2026-10-04T00:25:13.7397506Z 
2026-10-04T00:25:13.7454084Z Successfully installed CacheControl-0.14.4 PyJWT-2.15.1 PyYAML-6.0.3 annotated-doc-0.0.5 annotated-types-0.8.0 anyio-4.15.1 attrs-26.1.0 boolean.py-5.0 boto3-1.43.107 botocore-1.43.107 cel-python-0.4.0 certifi-2026.7.22 cffi-2.1.1 charset_normalizer-3.5.2 click-8.5.0 cryptography-50.0.2 cyclonedx-python-lib-11.12.0 defusedxml-0.7.1 fastapi-0.142.2 filelock-4.0.10 google-re2-1.1.20251105 greenlet-3.5.6 h11-0.16.0 httpcore-1.0.9 httpx-0.28.1 httpx-sse-0.4.3 idna-3.20 iniconfig-2.3.0 jmespath-1.1.0 jsonschema-4.26.0 jsonschema-specifications-2025.9.1 lark-1.3.1 license-expression-30.4.4 markdown-it-py-4.2.0 mcp-1.26.0 mdurl-0.1.2 msgpack-1.2.3 opentelemetry-api-1.45.0 packageurl-python-0.17.6 packaging-26.3 pendulum-3.2.0 pip-api-0.0.35 pip-audit-2.10.1 pip-requirements-parser-32.0.1 platformdirs-4.12.3 playwright-1.57.0 pluggy-1.6.0 py-serializable-2.1.0 pycparser-3.0 pydantic-2.13.5 pydantic-core-2.46.5 pydantic-settings-2.15.0 pyee-13.0.1 pygments-2.21.0 pyparsing-3.3.3 pytest-9.0.2 python-dateutil-2.9.0.post0 python-dotenv-1.2.4 python-multipart-0.0.32 referencing-0.37.0 requests-2.34.2 rich-15.0.0 rpds-py-2026.6.3 s3transfer-0.19.2 six-1.17.0 sortedcontainers-2.4.0 sse-starlette-3.5.0 starlette-1.7.0 tomli-2.4.1 tomli-w-1.2.0 typing-extensions-4.16.0 typing-inspection-0.4.4 tzdata-2026.5 urllib3-2.8.0 uvicorn-0.48.0
2026-10-04T00:25:14.1364061Z ##[group]Run npm ci
2026-10-04T00:25:14.1364301Z [36;1mnpm ci[0m
2026-10-04T00:25:14.1421547Z shell: /usr/bin/bash --noprofile --norc -e -o pipefail {0}
2026-10-04T00:25:14.1421832Z env:
2026-10-04T00:25:14.1422015Z   NEXT_TELEMETRY_DISABLED: 1
2026-10-04T00:25:14.1422272Z   pythonLocation: /opt/hostedtoolcache/Python/3.13.15/x64
2026-10-04T00:25:14.1422612Z   PKG_CONFIG_PATH: /opt/hostedtoolcache/Python/3.13.15/x64/lib/pkgconfig
2026-10-04T00:25:14.1422962Z   Python_ROOT_DIR: /opt/hostedtoolcache/Python/3.13.15/x64
2026-10-04T00:25:14.1423257Z   Python2_ROOT_DIR: /opt/hostedtoolcache/Python/3.13.15/x64
2026-10-04T00:25:14.1423547Z   Python3_ROOT_DIR: /opt/hostedtoolcache/Python/3.13.15/x64
2026-10-04T00:25:14.1423845Z   LD_LIBRARY_PATH: /opt/hostedtoolcache/Python/3.13.15/x64/lib
2026-10-04T00:25:14.1424110Z ##[endgroup]
2026-10-04T00:25:20.0375267Z 
2026-10-04T00:25:20.0376013Z added 24 packages, and audited 25 packages in 6s
2026-10-04T00:25:20.0376345Z 
2026-10-04T00:25:20.0376591Z 6 packages are looking for funding
2026-10-04T00:25:20.0376841Z   run `npm fund` for details
2026-10-04T00:25:20.0382478Z 
2026-10-04T00:25:20.0382602Z found 0 vulnerabilities
2026-10-04T00:25:20.1022177Z ##[group]Run python scripts/run_logged.py evidence/next-build.log -- npm run build
2026-10-04T00:25:20.1022671Z [36;1mpython scripts/run_logged.py evidence/next-build.log -- npm run build[0m
2026-10-04T00:25:20.1079893Z shell: /usr/bin/bash --noprofile --norc -e -o pipefail {0}
2026-10-04T00:25:20.1080190Z env:
2026-10-04T00:25:20.1080361Z   NEXT_TELEMETRY_DISABLED: 1
2026-10-04T00:25:20.1080618Z   pythonLocation: /opt/hostedtoolcache/Python/3.13.15/x64
2026-10-04T00:25:20.1080958Z   PKG_CONFIG_PATH: /opt/hostedtoolcache/Python/3.13.15/x64/lib/pkgconfig
2026-10-04T00:25:20.1081282Z   Python_ROOT_DIR: /opt/hostedtoolcache/Python/3.13.15/x64
2026-10-04T00:25:20.1081577Z   Python2_ROOT_DIR: /opt/hostedtoolcache/Python/3.13.15/x64
2026-10-04T00:25:20.1081873Z   Python3_ROOT_DIR: /opt/hostedtoolcache/Python/3.13.15/x64
2026-10-04T00:25:20.1082163Z   LD_LIBRARY_PATH: /opt/hostedtoolcache/Python/3.13.15/x64/lib
2026-10-04T00:25:20.1082417Z ##[endgroup]
2026-10-04T00:25:33.2051884Z 
2026-10-04T00:25:33.2052546Z > airlock-review-console@0.1.0 build
2026-10-04T00:25:33.2053329Z > next build frontend --webpack && node scripts/package_console.mjs
2026-10-04T00:25:33.2053681Z 
2026-10-04T00:25:33.2054112Z ▲ Next.js 16.3.8 (webpack)
2026-10-04T00:25:33.2054561Z ✓ Running next.config.mjs took 10ms
2026-10-04T00:25:33.2055389Z ⚠ No build cache found. Please configure build caching for faster rebuilds. Read more: https://nextjs.org/docs/messages/no-cache
2026-10-04T00:25:33.2056227Z 
2026-10-04T00:25:33.2056394Z   Creating an optimized production build ...
2026-10-04T00:25:33.2056803Z ✓ Compiled successfully in 3.9s
2026-10-04T00:25:33.2057117Z   Running TypeScript ...
2026-10-04T00:25:33.2057450Z   Finished TypeScript in 1ms ...
2026-10-04T00:25:33.2057820Z   Collecting page data using 3 workers ...
2026-10-04T00:25:33.2058327Z   Generating static pages using 3 workers (0/3) ...
2026-10-04T00:25:33.2058946Z ✓ Generating static pages using 3 workers (3/3) in 361ms
2026-10-04T00:25:33.2059384Z   Finalizing page optimization ...
2026-10-04T00:25:33.2059711Z   Collecting build traces ...
2026-10-04T00:25:33.2059911Z 
2026-10-04T00:25:33.2060023Z Route (app)
2026-10-04T00:25:33.2060284Z ┌ ○ /
2026-10-04T00:25:33.2060550Z └ ○ /_not-found
2026-10-04T00:25:33.2061024Z 
2026-10-04T00:25:33.2061031Z 
2026-10-04T00:25:33.2061271Z ○  (Static)  prerendered as static content
2026-10-04T00:25:33.2061516Z 
2026-10-04T00:25:33.2062158Z {"framework":"Next.js static export","inline_script_hashes":2,"destination":"/home/runner/work/AIRLOCK/AIRLOCK/airlock/console"}
2026-10-04T00:25:33.2332204Z ##[group]Run python scripts/run_logged.py evidence/npm-audit.log -- npm audit --omit=dev
2026-10-04T00:25:33.2332716Z [36;1mpython scripts/run_logged.py evidence/npm-audit.log -- npm audit --omit=dev[0m
2026-10-04T00:25:33.2389460Z shell: /usr/bin/bash --noprofile --norc -e -o pipefail {0}
2026-10-04T00:25:33.2389729Z env:
2026-10-04T00:25:33.2389907Z   NEXT_TELEMETRY_DISABLED: 1
2026-10-04T00:25:33.2390167Z   pythonLocation: /opt/hostedtoolcache/Python/3.13.15/x64
2026-10-04T00:25:33.2390501Z   PKG_CONFIG_PATH: /opt/hostedtoolcache/Python/3.13.15/x64/lib/pkgconfig
2026-10-04T00:25:33.2390841Z   Python_ROOT_DIR: /opt/hostedtoolcache/Python/3.13.15/x64
2026-10-04T00:25:33.2391132Z   Python2_ROOT_DIR: /opt/hostedtoolcache/Python/3.13.15/x64
2026-10-04T00:25:33.2391448Z   Python3_ROOT_DIR: /opt/hostedtoolcache/Python/3.13.15/x64
2026-10-04T00:25:33.2391739Z   LD_LIBRARY_PATH: /opt/hostedtoolcache/Python/3.13.15/x64/lib
2026-10-04T00:25:33.2391995Z ##[endgroup]
2026-10-04T00:25:33.7345485Z found 0 vulnerabilities
2026-10-04T00:25:33.7616719Z ##[group]Run python scripts/run_logged.py evidence/pytest.log -- python -m pytest -q --junitxml=evidence/pytest.xml
2026-10-04T00:25:33.7617366Z [36;1mpython scripts/run_logged.py evidence/pytest.log -- python -m pytest -q --junitxml=evidence/pytest.xml[0m
2026-10-04T00:25:33.7673775Z shell: /usr/bin/bash --noprofile --norc -e -o pipefail {0}
2026-10-04T00:25:33.7674046Z env:
2026-10-04T00:25:33.7674219Z   NEXT_TELEMETRY_DISABLED: 1
2026-10-04T00:25:33.7674472Z   pythonLocation: /opt/hostedtoolcache/Python/3.13.15/x64
2026-10-04T00:25:33.7674809Z   PKG_CONFIG_PATH: /opt/hostedtoolcache/Python/3.13.15/x64/lib/pkgconfig
2026-10-04T00:25:33.7675151Z   Python_ROOT_DIR: /opt/hostedtoolcache/Python/3.13.15/x64
2026-10-04T00:25:33.7675471Z   Python2_ROOT_DIR: /opt/hostedtoolcache/Python/3.13.15/x64
2026-10-04T00:25:33.7675952Z   Python3_ROOT_DIR: /opt/hostedtoolcache/Python/3.13.15/x64
2026-10-04T00:25:33.7676262Z   LD_LIBRARY_PATH: /opt/hostedtoolcache/Python/3.13.15/x64/lib
2026-10-04T00:25:33.7676566Z ##[endgroup]
2026-10-04T00:27:43.2940032Z ........................................................................ [ 10%]
2026-10-04T00:27:43.2940558Z ........................................................................ [ 20%]
2026-10-04T00:27:43.2940942Z ........................................................................ [ 30%]
2026-10-04T00:27:43.2941293Z ........................................................................ [ 40%]
2026-10-04T00:27:43.2941754Z ........................................................................ [ 51%]
2026-10-04T00:27:43.2942281Z ........................................................................ [ 61%]
2026-10-04T00:27:43.2942857Z ........................................................................ [ 71%]
2026-10-04T00:27:43.2943357Z ........................................................................ [ 81%]
2026-10-04T00:27:43.2943704Z ........................................................................ [ 92%]
2026-10-04T00:27:43.2944056Z .......................................................                  [100%]
2026-10-04T00:27:43.2944418Z =============================== warnings summary ===============================
2026-10-04T00:27:43.2944958Z ../../../../../opt/hostedtoolcache/Python/3.13.15/x64/lib/python3.13/site-packages/fastapi/testclient.py:1
2026-10-04T00:27:43.2946191Z   /opt/hostedtoolcache/Python/3.13.15/x64/lib/python3.13/site-packages/fastapi/testclient.py:1: StarletteDeprecationWarning: Using `httpx` with `starlette.testclient` is deprecated; install `httpx2` instead.
2026-10-04T00:27:43.2946954Z     from starlette.testclient import TestClient as TestClient  # noqa
2026-10-04T00:27:43.2947418Z 
2026-10-04T00:27:43.2947657Z -- Docs: https://docs.pytest.org/en/stable/how-to/capture-warnings.html
2026-10-04T00:27:43.2948062Z 703 passed, 1 warning in 127.36s (0:02:07)
2026-10-04T00:27:43.3221715Z ##[group]Run python scripts/run_logged.py evidence/acceptance-matrix.log -- python docs/acceptance/validate_matrix.py
2026-10-04T00:27:43.3222385Z [36;1mpython scripts/run_logged.py evidence/acceptance-matrix.log -- python docs/acceptance/validate_matrix.py[0m
2026-10-04T00:27:43.3279073Z shell: /usr/bin/bash --noprofile --norc -e -o pipefail {0}
2026-10-04T00:27:43.3279335Z env:
2026-10-04T00:27:43.3279499Z   NEXT_TELEMETRY_DISABLED: 1
2026-10-04T00:27:43.3279746Z   pythonLocation: /opt/hostedtoolcache/Python/3.13.15/x64
2026-10-04T00:27:43.3280070Z   PKG_CONFIG_PATH: /opt/hostedtoolcache/Python/3.13.15/x64/lib/pkgconfig
2026-10-04T00:27:43.3280397Z   Python_ROOT_DIR: /opt/hostedtoolcache/Python/3.13.15/x64
2026-10-04T00:27:43.3280694Z   Python2_ROOT_DIR: /opt/hostedtoolcache/Python/3.13.15/x64
2026-10-04T00:27:43.3280996Z   Python3_ROOT_DIR: /opt/hostedtoolcache/Python/3.13.15/x64
2026-10-04T00:27:43.3281282Z   LD_LIBRARY_PATH: /opt/hostedtoolcache/Python/3.13.15/x64/lib
2026-10-04T00:27:43.3281556Z ##[endgroup]
2026-10-04T00:27:43.5173682Z {"target_records": 126, "unique_receipts_checked": 30, "counts": {"implementation": {"IMPLEMENTED": 111, "PARTIAL": 15}, "verification": {"PASS": 105, "BLOCKED_EXTERNAL": 21}}, "original_goals_all_satisfied": false, "meaning": "bidirectional structure and provenance only; not functional or human acceptance"}
2026-10-04T00:27:43.5468233Z ##[group]Run python scripts/run_logged.py evidence/frontend-check.log -- npm run check
2026-10-04T00:27:43.5469054Z [36;1mpython scripts/run_logged.py evidence/frontend-check.log -- npm run check[0m
2026-10-04T00:27:43.5529417Z shell: /usr/bin/bash --noprofile --norc -e -o pipefail {0}
2026-10-04T00:27:43.5529826Z env:
2026-10-04T00:27:43.5530070Z   NEXT_TELEMETRY_DISABLED: 1
2026-10-04T00:27:43.5530345Z   pythonLocation: /opt/hostedtoolcache/Python/3.13.15/x64
2026-10-04T00:27:43.5530702Z   PKG_CONFIG_PATH: /opt/hostedtoolcache/Python/3.13.15/x64/lib/pkgconfig
2026-10-04T00:27:43.5531028Z   Python_ROOT_DIR: /opt/hostedtoolcache/Python/3.13.15/x64
2026-10-04T00:27:43.5531319Z   Python2_ROOT_DIR: /opt/hostedtoolcache/Python/3.13.15/x64
2026-10-04T00:27:43.5531612Z   Python3_ROOT_DIR: /opt/hostedtoolcache/Python/3.13.15/x64
2026-10-04T00:27:43.5531900Z   LD_LIBRARY_PATH: /opt/hostedtoolcache/Python/3.13.15/x64/lib
2026-10-04T00:27:43.5532148Z ##[endgroup]
2026-10-04T00:27:43.7949280Z 
2026-10-04T00:27:43.7949806Z > airlock-review-console@0.1.0 check
2026-10-04T00:27:43.7950816Z > node --check airlock/static/app.js && node --check airlock/static/review.js && node --check airlock/static/api.js && node --check airlock/static/lib.js && node --check airlock/static/governance.js && node --check airlock/static/study.js
2026-10-04T00:27:43.7951444Z 
2026-10-04T00:27:43.8218037Z ##[group]Run python scripts/run_logged.py evidence/frontend-tests.log -- npm test
2026-10-04T00:27:43.8218542Z [36;1mpython scripts/run_logged.py evidence/frontend-tests.log -- npm test[0m
2026-10-04T00:27:43.8275045Z shell: /usr/bin/bash --noprofile --norc -e -o pipefail {0}
2026-10-04T00:27:43.8275306Z env:
2026-10-04T00:27:43.8275469Z   NEXT_TELEMETRY_DISABLED: 1
2026-10-04T00:27:43.8275800Z   pythonLocation: /opt/hostedtoolcache/Python/3.13.15/x64
2026-10-04T00:27:43.8276141Z   PKG_CONFIG_PATH: /opt/hostedtoolcache/Python/3.13.15/x64/lib/pkgconfig
2026-10-04T00:27:43.8276471Z   Python_ROOT_DIR: /opt/hostedtoolcache/Python/3.13.15/x64
2026-10-04T00:27:43.8276762Z   Python2_ROOT_DIR: /opt/hostedtoolcache/Python/3.13.15/x64
2026-10-04T00:27:43.8277055Z   Python3_ROOT_DIR: /opt/hostedtoolcache/Python/3.13.15/x64
2026-10-04T00:27:43.8277345Z   LD_LIBRARY_PATH: /opt/hostedtoolcache/Python/3.13.15/x64/lib
2026-10-04T00:27:43.8277595Z ##[endgroup]
2026-10-04T00:27:44.0212024Z 
2026-10-04T00:27:44.0212659Z > airlock-review-console@0.1.0 test
2026-10-04T00:27:44.0213394Z > node --test tests-js/*.test.js
2026-10-04T00:27:44.0213619Z 
2026-10-04T00:27:44.0213718Z TAP version 13
2026-10-04T00:27:44.0214208Z # Subtest: visibility timing excludes background and unselected periods
2026-10-04T00:27:44.0214650Z ok 1 - visibility timing excludes background and unselected periods
2026-10-04T00:27:44.0214925Z   ---
2026-10-04T00:27:44.0215100Z   duration_ms: 0.628175
2026-10-04T00:27:44.0215287Z   type: 'test'
2026-10-04T00:27:44.0215452Z   ...
2026-10-04T00:27:44.0216196Z # Subtest: approval requires exact scope phrase and reason
2026-10-04T00:27:44.0216676Z ok 2 - approval requires exact scope phrase and reason
2026-10-04T00:27:44.0217031Z   ---
2026-10-04T00:27:44.0217259Z   duration_ms: 0.203115
2026-10-04T00:27:44.0217484Z   type: 'test'
2026-10-04T00:27:44.0217642Z   ...
2026-10-04T00:27:44.0217940Z # Subtest: SSE framing survives partial chunks, CRLF and heartbeats
2026-10-04T00:27:44.0218338Z ok 3 - SSE framing survives partial chunks, CRLF and heartbeats
2026-10-04T00:27:44.0218599Z   ---
2026-10-04T00:27:44.0218766Z   duration_ms: 0.752852
2026-10-04T00:27:44.0218944Z   type: 'test'
2026-10-04T00:27:44.0219104Z   ...
2026-10-04T00:27:44.0219302Z # Subtest: oversized event rejected
2026-10-04T00:27:44.0219542Z ok 4 - oversized event rejected
2026-10-04T00:27:44.0219733Z   ---
2026-10-04T00:27:44.0219889Z   duration_ms: 0.83052
2026-10-04T00:27:44.0220066Z   type: 'test'
2026-10-04T00:27:44.0220218Z   ...
2026-10-04T00:27:44.0220434Z # Subtest: countdown clamps expired actions
2026-10-04T00:27:44.0220726Z ok 5 - countdown clamps expired actions
2026-10-04T00:27:44.0220936Z   ---
2026-10-04T00:27:44.0221094Z   duration_ms: 0.23864
2026-10-04T00:27:44.0221269Z   type: 'test'
2026-10-04T00:27:44.0221427Z   ...
2026-10-04T00:27:44.0221714Z # Subtest: latency formatting keeps number and unit together on mobile
2026-10-04T00:27:44.0222126Z ok 6 - latency formatting keeps number and unit together on mobile
2026-10-04T00:27:44.0222398Z   ---
2026-10-04T00:27:44.0222562Z   duration_ms: 0.134392
2026-10-04T00:27:44.0222747Z   type: 'test'
2026-10-04T00:27:44.0222903Z   ...
2026-10-04T00:27:44.0223046Z 1..6
2026-10-04T00:27:44.0223196Z # tests 6
2026-10-04T00:27:44.0223346Z # suites 0
2026-10-04T00:27:44.0223497Z # pass 6
2026-10-04T00:27:44.0223644Z # fail 0
2026-10-04T00:27:44.0223792Z # cancelled 0
2026-10-04T00:27:44.0223950Z # skipped 0
2026-10-04T00:27:44.0224099Z # todo 0
2026-10-04T00:27:44.0224271Z # duration_ms 48.377304
2026-10-04T00:27:44.0456127Z ##[group]Run python -m benchmark.generate
2026-10-04T00:27:44.0456421Z [36;1mpython -m benchmark.generate[0m
2026-10-04T00:27:44.0512517Z shell: /usr/bin/bash --noprofile --norc -e -o pipefail {0}
2026-10-04T00:27:44.0512790Z env:
2026-10-04T00:27:44.0512955Z   NEXT_TELEMETRY_DISABLED: 1
2026-10-04T00:27:44.0513205Z   pythonLocation: /opt/hostedtoolcache/Python/3.13.15/x64
2026-10-04T00:27:44.0513544Z   PKG_CONFIG_PATH: /opt/hostedtoolcache/Python/3.13.15/x64/lib/pkgconfig
2026-10-04T00:27:44.0513873Z   Python_ROOT_DIR: /opt/hostedtoolcache/Python/3.13.15/x64
2026-10-04T00:27:44.0514179Z   Python2_ROOT_DIR: /opt/hostedtoolcache/Python/3.13.15/x64
2026-10-04T00:27:44.0514468Z   Python3_ROOT_DIR: /opt/hostedtoolcache/Python/3.13.15/x64
2026-10-04T00:27:44.0514756Z   LD_LIBRARY_PATH: /opt/hostedtoolcache/Python/3.13.15/x64/lib
2026-10-04T00:27:44.0515005Z ##[endgroup]
2026-10-04T00:27:44.0861926Z {"sha256": "243854b51e7039324de4c31fa7a67af1a98ddc48b9c9edfbbac581a2c2f73af7", "cases": 200, "families": 40, "dev_cases": 120, "test_cases": 80, "source": "synthetic only", "independent_annotators": 0, "human_experiment": "not_run"}
2026-10-04T00:27:44.1035343Z ##[group]Run cp benchmark/cases.jsonl evidence/synthetic-cases.jsonl
2026-10-04T00:27:44.1035975Z [36;1mcp benchmark/cases.jsonl evidence/synthetic-cases.jsonl[0m
2026-10-04T00:27:44.1091232Z shell: /usr/bin/bash --noprofile --norc -e -o pipefail {0}
2026-10-04T00:27:44.1091495Z env:
2026-10-04T00:27:44.1091662Z   NEXT_TELEMETRY_DISABLED: 1
2026-10-04T00:27:44.1091910Z   pythonLocation: /opt/hostedtoolcache/Python/3.13.15/x64
2026-10-04T00:27:44.1092424Z   PKG_CONFIG_PATH: /opt/hostedtoolcache/Python/3.13.15/x64/lib/pkgconfig
2026-10-04T00:27:44.1092753Z   Python_ROOT_DIR: /opt/hostedtoolcache/Python/3.13.15/x64
2026-10-04T00:27:44.1093045Z   Python2_ROOT_DIR: /opt/hostedtoolcache/Python/3.13.15/x64
2026-10-04T00:27:44.1093338Z   Python3_ROOT_DIR: /opt/hostedtoolcache/Python/3.13.15/x64
2026-10-04T00:27:44.1093632Z   LD_LIBRARY_PATH: /opt/hostedtoolcache/Python/3.13.15/x64/lib
2026-10-04T00:27:44.1093884Z ##[endgroup]
2026-10-04T00:27:44.1336692Z ##[group]Run python scripts/run_logged.py evidence/benchmark-dev.log -- python -m benchmark.evaluate --split dev --tuning --output evidence/benchmark-dev.json
2026-10-04T00:27:44.1337547Z [36;1mpython scripts/run_logged.py evidence/benchmark-dev.log -- python -m benchmark.evaluate --split dev --tuning --output evidence/benchmark-dev.json[0m
2026-10-04T00:27:44.1389243Z shell: /usr/bin/bash --noprofile --norc -e -o pipefail {0}
2026-10-04T00:27:44.1389516Z env:
2026-10-04T00:27:44.1389681Z   NEXT_TELEMETRY_DISABLED: 1
2026-10-04T00:27:44.1389926Z   pythonLocation: /opt/hostedtoolcache/Python/3.13.15/x64
2026-10-04T00:27:44.1390279Z   PKG_CONFIG_PATH: /opt/hostedtoolcache/Python/3.13.15/x64/lib/pkgconfig
2026-10-04T00:27:44.1390611Z   Python_ROOT_DIR: /opt/hostedtoolcache/Python/3.13.15/x64
2026-10-04T00:27:44.1390907Z   Python2_ROOT_DIR: /opt/hostedtoolcache/Python/3.13.15/x64
2026-10-04T00:27:44.1391200Z   Python3_ROOT_DIR: /opt/hostedtoolcache/Python/3.13.15/x64
2026-10-04T00:27:44.1391509Z   LD_LIBRARY_PATH: /opt/hostedtoolcache/Python/3.13.15/x64/lib
2026-10-04T00:27:44.1391764Z ##[endgroup]
2026-10-04T00:27:46.5556896Z {
2026-10-04T00:27:46.5557345Z   "recorded_at_utc": "2026-10-04T00:27:46.516440+00:00",
2026-10-04T00:27:46.5557724Z   "split": "dev",
2026-10-04T00:27:46.5558225Z   "corpus_sha256": "243854b51e7039324de4c31fa7a67af1a98ddc48b9c9edfbbac581a2c2f73af7",
2026-10-04T00:27:46.5558726Z   "python": "3.13.15",
2026-10-04T00:27:46.5558998Z   "sqlite": "3.53.1",
2026-10-04T00:27:46.5559220Z   "cases": 120,
2026-10-04T00:27:46.5559385Z   "families": 24,
2026-10-04T00:27:46.5559554Z   "keyword_baseline": {
2026-10-04T00:27:46.5559774Z     "exact_accuracy": 0.5833333333333334,
2026-10-04T00:27:46.5560048Z     "policy_gating_recall": 0.7222222222222222,
2026-10-04T00:27:46.5560306Z     "supported_read_fpr": 0.5,
2026-10-04T00:27:46.5560550Z     "supported_write_interception": 1.0,
2026-10-04T00:27:46.5560774Z     "denominators": {
2026-10-04T00:27:46.5560951Z       "all": 120,
2026-10-04T00:27:46.5561134Z       "requires_gate": 90,
2026-10-04T00:27:46.5561327Z       "supported_reads": 30,
2026-10-04T00:27:46.5561632Z       "supported_writes": 40
2026-10-04T00:27:46.5561902Z     },
2026-10-04T00:27:46.5562114Z     "confusion": {
2026-10-04T00:27:46.5562373Z       "pass -> block": 5,
2026-10-04T00:27:46.5562600Z       "pass -> need_approval": 10,
2026-10-04T00:27:46.5562811Z       "pass -> pass": 15,
2026-10-04T00:27:46.5563034Z       "need_approval -> need_approval": 40,
2026-10-04T00:27:46.5563265Z       "block -> block": 15,
2026-10-04T00:27:46.5563456Z       "block -> pass": 25,
2026-10-04T00:27:46.5563684Z       "block -> need_approval": 10
2026-10-04T00:27:46.5563882Z     }
2026-10-04T00:27:46.5564034Z   },
2026-10-04T00:27:46.5564182Z   "airlock": {
2026-10-04T00:27:46.5564351Z     "exact_accuracy": 1.0,
2026-10-04T00:27:46.5564563Z     "policy_gating_recall": 1.0,
2026-10-04T00:27:46.5564784Z     "supported_read_fpr": 0.0,
2026-10-04T00:27:46.5565025Z     "supported_write_interception": 1.0,
2026-10-04T00:27:46.5565259Z     "denominators": {
2026-10-04T00:27:46.5565433Z       "all": 120,
2026-10-04T00:27:46.5565765Z       "requires_gate": 90,
2026-10-04T00:27:46.5565990Z       "supported_reads": 30,
2026-10-04T00:27:46.5566184Z       "supported_writes": 40
2026-10-04T00:27:46.5566362Z     },
2026-10-04T00:27:46.5566520Z     "confusion": {
2026-10-04T00:27:46.5566694Z       "pass -> pass": 30,
2026-10-04T00:27:46.5566916Z       "need_approval -> need_approval": 40,
2026-10-04T00:27:46.5567395Z       "block -> block": 50
2026-10-04T00:27:46.5567570Z     }
2026-10-04T00:27:46.5567718Z   },
2026-10-04T00:27:46.5567898Z   "impact_exact_match_count": 40,
2026-10-04T00:27:46.5568106Z   "impact_denominator": 40,
2026-10-04T00:27:46.5568301Z   "evaluation_p95_ms": 8.834,
2026-10-04T00:27:46.5568494Z   "static_p95_ms": 0.067,
2026-10-04T00:27:46.5568679Z   "preview_p95_ms": 7.514,
2026-10-04T00:27:46.5568871Z   "pure_llm": "not_run",
2026-10-04T00:27:46.5569321Z   "hybrid_llm": "not_run_use_benchmark.ablation_with_authorization",
2026-10-04T00:27:46.5569612Z   "human_ab": "not_run",
2026-10-04T00:27:46.5569803Z   "cohens_kappa": null,
2026-10-04T00:27:46.5569985Z   "limitations": [
2026-10-04T00:27:46.5570182Z     "synthetic authored cases only",
2026-10-04T00:27:46.5570435Z     "correlated variants, only 40 families total",
2026-10-04T00:27:46.5570811Z     "author saw all templates; family split is not independent external validation",
2026-10-04T00:27:46.5571283Z     "gate recall includes unsupported/invalid statements, not a real-world danger recall",
2026-10-04T00:27:46.5571902Z     "latency excludes network and human review; this is a bounded 1206-row SQLite demo"
2026-10-04T00:27:46.5572220Z   ]
2026-10-04T00:27:46.5572368Z }
2026-10-04T00:27:46.5798431Z ##[group]Run python scripts/run_logged.py evidence/benchmark-test.log -- python -m benchmark.evaluate --split test --output evidence/benchmark-test.json
2026-10-04T00:27:46.5799248Z [36;1mpython scripts/run_logged.py evidence/benchmark-test.log -- python -m benchmark.evaluate --split test --output evidence/benchmark-test.json[0m
2026-10-04T00:27:46.5855552Z shell: /usr/bin/bash --noprofile --norc -e -o pipefail {0}
2026-10-04T00:27:46.5856031Z env:
2026-10-04T00:27:46.5856200Z   NEXT_TELEMETRY_DISABLED: 1
2026-10-04T00:27:46.5856452Z   pythonLocation: /opt/hostedtoolcache/Python/3.13.15/x64
2026-10-04T00:27:46.5856792Z   PKG_CONFIG_PATH: /opt/hostedtoolcache/Python/3.13.15/x64/lib/pkgconfig
2026-10-04T00:27:46.5857136Z   Python_ROOT_DIR: /opt/hostedtoolcache/Python/3.13.15/x64
2026-10-04T00:27:46.5857429Z   Python2_ROOT_DIR: /opt/hostedtoolcache/Python/3.13.15/x64
2026-10-04T00:27:46.5857716Z   Python3_ROOT_DIR: /opt/hostedtoolcache/Python/3.13.15/x64
2026-10-04T00:27:46.5858030Z   LD_LIBRARY_PATH: /opt/hostedtoolcache/Python/3.13.15/x64/lib
2026-10-04T00:27:46.5858283Z ##[endgroup]
2026-10-04T00:27:48.1128312Z {
2026-10-04T00:27:48.1128902Z   "recorded_at_utc": "2026-10-04T00:27:48.069128+00:00",
2026-10-04T00:27:48.1129196Z   "split": "test",
2026-10-04T00:27:48.1129555Z   "corpus_sha256": "243854b51e7039324de4c31fa7a67af1a98ddc48b9c9edfbbac581a2c2f73af7",
2026-10-04T00:27:48.1129911Z   "python": "3.13.15",
2026-10-04T00:27:48.1130102Z   "sqlite": "3.53.1",
2026-10-04T00:27:48.1130281Z   "cases": 80,
2026-10-04T00:27:48.1130452Z   "families": 16,
2026-10-04T00:27:48.1130627Z   "keyword_baseline": {
2026-10-04T00:27:48.1130822Z     "exact_accuracy": 0.75,
2026-10-04T00:27:48.1131041Z     "policy_gating_recall": 0.8,
2026-10-04T00:27:48.1131303Z     "supported_read_fpr": 0.0,
2026-10-04T00:27:48.1131540Z     "supported_write_interception": 1.0,
2026-10-04T00:27:48.1131765Z     "denominators": {
2026-10-04T00:27:48.1131941Z       "all": 80,
2026-10-04T00:27:48.1132124Z       "requires_gate": 50,
2026-10-04T00:27:48.1132325Z       "supported_reads": 30,
2026-10-04T00:27:48.1132527Z       "supported_writes": 20
2026-10-04T00:27:48.1132711Z     },
2026-10-04T00:27:48.1132873Z     "confusion": {
2026-10-04T00:27:48.1133054Z       "pass -> pass": 30,
2026-10-04T00:27:48.1133300Z       "need_approval -> need_approval": 20,
2026-10-04T00:27:48.1133537Z       "block -> block": 10,
2026-10-04T00:27:48.1133754Z       "block -> need_approval": 10,
2026-10-04T00:27:48.1133966Z       "block -> pass": 10
2026-10-04T00:27:48.1134150Z     }
2026-10-04T00:27:48.1134301Z   },
2026-10-04T00:27:48.1134452Z   "airlock": {
2026-10-04T00:27:48.1134630Z     "exact_accuracy": 1.0,
2026-10-04T00:27:48.1134843Z     "policy_gating_recall": 1.0,
2026-10-04T00:27:48.1135445Z     "supported_read_fpr": 0.0,
2026-10-04T00:27:48.1135861Z     "supported_write_interception": 1.0,
2026-10-04T00:27:48.1136089Z     "denominators": {
2026-10-04T00:27:48.1136270Z       "all": 80,
2026-10-04T00:27:48.1136452Z       "requires_gate": 50,
2026-10-04T00:27:48.1136672Z       "supported_reads": 30,
2026-10-04T00:27:48.1136977Z       "supported_writes": 20
2026-10-04T00:27:48.1137253Z     },
2026-10-04T00:27:48.1137483Z     "confusion": {
2026-10-04T00:27:48.1137753Z       "pass -> pass": 30,
2026-10-04T00:27:48.1138111Z       "need_approval -> need_approval": 20,
2026-10-04T00:27:48.1138470Z       "block -> block": 30
2026-10-04T00:27:48.1138733Z     }
2026-10-04T00:27:48.1138967Z   },
2026-10-04T00:27:48.1139187Z   "impact_exact_match_count": 20,
2026-10-04T00:27:48.1139402Z   "impact_denominator": 20,
2026-10-04T00:27:48.1139609Z   "evaluation_p95_ms": 8.615,
2026-10-04T00:27:48.1139805Z   "static_p95_ms": 0.071,
2026-10-04T00:27:48.1139991Z   "preview_p95_ms": 7.529,
2026-10-04T00:27:48.1140187Z   "pure_llm": "not_run",
2026-10-04T00:27:48.1140523Z   "hybrid_llm": "not_run_use_benchmark.ablation_with_authorization",
2026-10-04T00:27:48.1140981Z   "human_ab": "not_run",
2026-10-04T00:27:48.1141210Z   "cohens_kappa": null,
2026-10-04T00:27:48.1141597Z   "limitations": [
2026-10-04T00:27:48.1141803Z     "synthetic authored cases only",
2026-10-04T00:27:48.1142061Z     "correlated variants, only 40 families total",
2026-10-04T00:27:48.1142437Z     "author saw all templates; family split is not independent external validation",
2026-10-04T00:27:48.1142919Z     "gate recall includes unsupported/invalid statements, not a real-world danger recall",
2026-10-04T00:27:48.1143390Z     "latency excludes network and human review; this is a bounded 1206-row SQLite demo"
2026-10-04T00:27:48.1143702Z   ]
2026-10-04T00:27:48.1143855Z }
2026-10-04T00:27:48.1385267Z ##[group]Run python -m playwright install --with-deps chromium
2026-10-04T00:27:48.1385789Z [36;1mpython -m playwright install --with-deps chromium[0m
2026-10-04T00:27:48.1441666Z shell: /usr/bin/bash --noprofile --norc -e -o pipefail {0}
2026-10-04T00:27:48.1441923Z env:
2026-10-04T00:27:48.1442090Z   NEXT_TELEMETRY_DISABLED: 1
2026-10-04T00:27:48.1442336Z   pythonLocation: /opt/hostedtoolcache/Python/3.13.15/x64
2026-10-04T00:27:48.1442659Z   PKG_CONFIG_PATH: /opt/hostedtoolcache/Python/3.13.15/x64/lib/pkgconfig
2026-10-04T00:27:48.1442975Z   Python_ROOT_DIR: /opt/hostedtoolcache/Python/3.13.15/x64
2026-10-04T00:27:48.1443269Z   Python2_ROOT_DIR: /opt/hostedtoolcache/Python/3.13.15/x64
2026-10-04T00:27:48.1443554Z   Python3_ROOT_DIR: /opt/hostedtoolcache/Python/3.13.15/x64
2026-10-04T00:27:48.1443840Z   LD_LIBRARY_PATH: /opt/hostedtoolcache/Python/3.13.15/x64/lib
2026-10-04T00:27:48.1444092Z ##[endgroup]
2026-10-04T00:27:48.3918601Z Installing dependencies...
2026-10-04T00:27:48.3976685Z Switching to root user to install dependencies...
2026-10-04T00:27:48.4740187Z Get:1 file:/etc/apt/apt-mirrors.txt Mirrorlist [144 B]
2026-10-04T00:27:48.5016972Z Hit:2 http://azure.archive.ubuntu.com/ubuntu noble InRelease
2026-10-04T00:27:48.5028001Z Get:6 https://packages.microsoft.com/ubuntu/24.04/prod noble InRelease [3600 B]
2026-10-04T00:27:48.5046641Z Get:3 http://azure.archive.ubuntu.com/ubuntu noble-updates InRelease [126 kB]
2026-10-04T00:27:48.5076574Z Get:4 http://azure.archive.ubuntu.com/ubuntu noble-backports InRelease [126 kB]
2026-10-04T00:27:48.5096635Z Get:5 http://azure.archive.ubuntu.com/ubuntu noble-security InRelease [126 kB]
2026-10-04T00:27:48.6036293Z Get:7 https://packages.microsoft.com/ubuntu/24.04/prod noble/main armhf Packages [12.6 kB]
2026-10-04T00:27:48.6131086Z Get:8 https://packages.microsoft.com/ubuntu/24.04/prod noble/main amd64 Packages [511 kB]
2026-10-04T00:27:48.6224892Z Get:9 https://packages.microsoft.com/ubuntu/24.04/prod noble/main arm64 Packages [458 kB]
2026-10-04T00:27:48.6430076Z Get:10 http://azure.archive.ubuntu.com/ubuntu noble-updates/main amd64 Packages [1364 kB]
2026-10-04T00:27:48.6491167Z Get:11 http://azure.archive.ubuntu.com/ubuntu noble-updates/main Translation-en [304 kB]
2026-10-04T00:27:48.6509936Z Get:12 http://azure.archive.ubuntu.com/ubuntu noble-updates/main amd64 Components [181 kB]
2026-10-04T00:27:48.6533891Z Get:13 http://azure.archive.ubuntu.com/ubuntu noble-updates/universe amd64 Packages [1699 kB]
2026-10-04T00:27:48.6604926Z Get:14 http://azure.archive.ubuntu.com/ubuntu noble-updates/universe Translation-en [341 kB]
2026-10-04T00:27:48.6625544Z Get:15 http://azure.archive.ubuntu.com/ubuntu noble-updates/universe amd64 Components [388 kB]
2026-10-04T00:27:48.6652094Z Get:16 http://azure.archive.ubuntu.com/ubuntu noble-updates/restricted amd64 Packages [1720 kB]
2026-10-04T00:27:48.6729795Z Get:17 http://azure.archive.ubuntu.com/ubuntu noble-updates/restricted Translation-en [394 kB]
2026-10-04T00:27:48.6757495Z Get:18 http://azure.archive.ubuntu.com/ubuntu noble-updates/multiverse amd64 Components [940 B]
2026-10-04T00:27:48.6906690Z Get:19 http://azure.archive.ubuntu.com/ubuntu noble-backports/main amd64 Components [5736 B]
2026-10-04T00:27:48.7336487Z Get:20 http://azure.archive.ubuntu.com/ubuntu noble-backports/universe amd64 Components [12.6 kB]
2026-10-04T00:27:48.7349486Z Get:21 http://azure.archive.ubuntu.com/ubuntu noble-security/main amd64 Packages [1069 kB]
2026-10-04T00:27:48.7396249Z Get:22 http://azure.archive.ubuntu.com/ubuntu noble-security/main Translation-en [221 kB]
2026-10-04T00:27:48.7414460Z Get:23 http://azure.archive.ubuntu.com/ubuntu noble-security/main amd64 Components [46.5 kB]
2026-10-04T00:27:48.7426318Z Get:24 http://azure.archive.ubuntu.com/ubuntu noble-security/universe amd64 Packages [1216 kB]
2026-10-04T00:27:48.7477176Z Get:25 http://azure.archive.ubuntu.com/ubuntu noble-security/universe Translation-en [244 kB]
2026-10-04T00:27:48.7494665Z Get:26 http://azure.archive.ubuntu.com/ubuntu noble-security/universe amd64 Components [76.3 kB]
2026-10-04T00:27:48.7508235Z Get:27 http://azure.archive.ubuntu.com/ubuntu noble-security/restricted amd64 Packages [1566 kB]
2026-10-04T00:27:48.7572347Z Get:28 http://azure.archive.ubuntu.com/ubuntu noble-security/restricted Translation-en [361 kB]
2026-10-04T00:27:56.2097819Z Fetched 12.6 MB in 1s (11.3 MB/s)
2026-10-04T00:27:56.8424623Z Reading package lists...
2026-10-04T00:27:56.8630459Z Reading package lists...
2026-10-04T00:27:57.0181123Z Building dependency tree...
2026-10-04T00:27:57.0186471Z Reading state information...
2026-10-04T00:27:57.1442616Z libasound2t64 is already the newest version (1.2.11-1ubuntu0.3).
2026-10-04T00:27:57.1443227Z libasound2t64 set to manually installed.
2026-10-04T00:27:57.1443795Z libatk-bridge2.0-0t64 is already the newest version (2.52.0-1build1).
2026-10-04T00:27:57.1444354Z libatk-bridge2.0-0t64 set to manually installed.
2026-10-04T00:27:57.1444892Z libatk1.0-0t64 is already the newest version (2.52.0-1build1).
2026-10-04T00:27:57.1445400Z libatk1.0-0t64 set to manually installed.
2026-10-04T00:27:57.1446125Z libatspi2.0-0t64 is already the newest version (2.52.0-1build1).
2026-10-04T00:27:57.1446479Z libatspi2.0-0t64 set to manually installed.
2026-10-04T00:27:57.1446803Z libcairo2 is already the newest version (1.18.0-3build1).
2026-10-04T00:27:57.1447103Z libcairo2 set to manually installed.
2026-10-04T00:27:57.1447433Z libcups2t64 is already the newest version (2.4.7-1.2ubuntu7.14).
2026-10-04T00:27:57.1447749Z libcups2t64 set to manually installed.
2026-10-04T00:27:57.1448068Z libdbus-1-3 is already the newest version (1.14.10-4ubuntu4.1).
2026-10-04T00:27:57.1448369Z libdbus-1-3 set to manually installed.
2026-10-04T00:27:57.1448844Z libdrm2 is already the newest version (2.4.125-1ubuntu0.1~24.04.2).
2026-10-04T00:27:57.1449337Z libdrm2 set to manually installed.
2026-10-04T00:27:57.1449833Z libglib2.0-0t64 is already the newest version (2.80.0-6ubuntu3.9).
2026-10-04T00:27:57.1450342Z libglib2.0-0t64 set to manually installed.
2026-10-04T00:27:57.1450844Z libnspr4 is already the newest version (2:4.35-1.1build1).
2026-10-04T00:27:57.1451298Z libnspr4 set to manually installed.
2026-10-04T00:27:57.1452083Z libnss3 is already the newest version (2:3.98-1ubuntu0.2).
2026-10-04T00:27:57.1452382Z libnss3 set to manually installed.
2026-10-04T00:27:57.1452699Z libpango-1.0-0 is already the newest version (1.52.1+ds-1build1).
2026-10-04T00:27:57.1453017Z libpango-1.0-0 set to manually installed.
2026-10-04T00:27:57.1453327Z libx11-6 is already the newest version (2:1.8.7-1build1).
2026-10-04T00:27:57.1453614Z libx11-6 set to manually installed.
2026-10-04T00:27:57.1453909Z libxcb1 is already the newest version (1.15-1ubuntu2).
2026-10-04T00:27:57.1454189Z libxcb1 set to manually installed.
2026-10-04T00:27:57.1454504Z libxcomposite1 is already the newest version (1:0.4.5-1build3).
2026-10-04T00:27:57.1454828Z libxcomposite1 set to manually installed.
2026-10-04T00:27:57.1455150Z libxdamage1 is already the newest version (1:1.1.6-1build1).
2026-10-04T00:27:57.1455474Z libxdamage1 set to manually installed.
2026-10-04T00:27:57.1455877Z libxext6 is already the newest version (2:1.3.4-1build2).
2026-10-04T00:27:57.1456369Z libxext6 set to manually installed.
2026-10-04T00:27:57.1456837Z libxfixes3 is already the newest version (1:6.0.0-2build1).
2026-10-04T00:27:57.1457203Z libxfixes3 set to manually installed.
2026-10-04T00:27:57.1457515Z libxkbcommon0 is already the newest version (1.6.0-1build1).
2026-10-04T00:27:57.1457821Z libxkbcommon0 set to manually installed.
2026-10-04T00:27:57.1458126Z libxrandr2 is already the newest version (2:1.5.2-2build1).
2026-10-04T00:27:57.1458416Z libxrandr2 set to manually installed.
2026-10-04T00:27:57.1458722Z xvfb is already the newest version (2:21.1.12-1ubuntu1.8).
2026-10-04T00:27:57.1459138Z fonts-noto-color-emoji is already the newest version (2.047-0ubuntu0.24.04.1).
2026-10-04T00:27:57.1459559Z libfontconfig1 is already the newest version (2.15.0-1.1ubuntu2).
2026-10-04T00:27:57.1460040Z libfontconfig1 set to manually installed.
2026-10-04T00:27:57.1460397Z libfreetype6 is already the newest version (2.13.2+dfsg-1ubuntu0.1).
2026-10-04T00:27:57.1460735Z libfreetype6 set to manually installed.
2026-10-04T00:27:57.1461071Z fonts-liberation is already the newest version (1:2.1.5-3).
2026-10-04T00:27:57.1461389Z fonts-liberation set to manually installed.
2026-10-04T00:27:57.1461709Z The following additional packages will be installed:
2026-10-04T00:27:57.1462109Z   libgl1-mesa-dri libglx-mesa0 mesa-libgallium xfonts-encodings xfonts-utils
2026-10-04T00:27:57.1462448Z Recommended packages:
2026-10-04T00:27:57.1462677Z   fonts-ipafont-mincho fonts-tlwg-loma
2026-10-04T00:27:57.1620189Z The following NEW packages will be installed:
2026-10-04T00:27:57.1620813Z   fonts-freefont-ttf fonts-ipafont-gothic fonts-tlwg-loma-otf fonts-unifont
2026-10-04T00:27:57.1624304Z   fonts-wqy-zenhei xfonts-cyrillic xfonts-encodings xfonts-scalable
2026-10-04T00:27:57.1624764Z   xfonts-utils
2026-10-04T00:27:57.1627465Z The following packages will be upgraded:
2026-10-04T00:27:57.1630679Z   libgbm1 libgl1-mesa-dri libglx-mesa0 mesa-libgallium
2026-10-04T00:27:57.1768507Z 4 upgraded, 9 newly installed, 0 to remove and 21 not upgraded.
2026-10-04T00:27:57.1769052Z Need to get 32.1 MB of archives.
2026-10-04T00:27:57.1769422Z After this operation, 79.5 MB of additional disk space will be used.
2026-10-04T00:27:57.1769802Z Get:1 file:/etc/apt/apt-mirrors.txt Mirrorlist [144 B]
2026-10-04T00:27:57.3473787Z Get:2 http://azure.archive.ubuntu.com/ubuntu noble/universe amd64 fonts-ipafont-gothic all 00303-21ubuntu1 [3513 kB]
2026-10-04T00:27:58.0557919Z Get:3 http://azure.archive.ubuntu.com/ubuntu noble/main amd64 fonts-freefont-ttf all 20211204+svn4273-2 [5641 kB]
2026-10-04T00:27:58.2446850Z Get:4 http://azure.archive.ubuntu.com/ubuntu noble/universe amd64 fonts-tlwg-loma-otf all 1:0.7.3-1 [107 kB]
2026-10-04T00:27:58.3213395Z Get:5 http://azure.archive.ubuntu.com/ubuntu noble/universe amd64 fonts-unifont all 1:15.1.01-1build1 [2993 kB]
2026-10-04T00:27:58.4222720Z Get:6 http://azure.archive.ubuntu.com/ubuntu noble/universe amd64 fonts-wqy-zenhei all 0.9.45-8 [7472 kB]
2026-10-04T00:27:58.6604946Z Get:7 http://azure.archive.ubuntu.com/ubuntu noble-updates/main amd64 libgl1-mesa-dri amd64 25.2.8-0ubuntu0.24.04.4 [38.0 kB]
2026-10-04T00:27:58.7367480Z Get:8 http://azure.archive.ubuntu.com/ubuntu noble-updates/main amd64 libglx-mesa0 amd64 25.2.8-0ubuntu0.24.04.4 [110 kB]
2026-10-04T00:27:58.9243762Z Get:9 http://azure.archive.ubuntu.com/ubuntu noble-updates/main amd64 libgbm1 amd64 25.2.8-0ubuntu0.24.04.4 [34.2 kB]
2026-10-04T00:27:59.0112925Z Get:10 http://azure.archive.ubuntu.com/ubuntu noble-updates/main amd64 mesa-libgallium amd64 25.2.8-0ubuntu0.24.04.4 [10.8 MB]
2026-10-04T00:27:59.6347148Z Get:11 http://azure.archive.ubuntu.com/ubuntu noble/main amd64 xfonts-encodings all 1:1.0.5-0ubuntu2 [578 kB]
2026-10-04T00:27:59.7146125Z Get:12 http://azure.archive.ubuntu.com/ubuntu noble/main amd64 xfonts-utils amd64 1:7.7+6build3 [94.4 kB]
2026-10-04T00:27:59.7911602Z Get:13 http://azure.archive.ubuntu.com/ubuntu noble/universe amd64 xfonts-cyrillic all 1:1.0.5+nmu1 [384 kB]
2026-10-04T00:27:59.8695048Z Get:14 http://azure.archive.ubuntu.com/ubuntu noble/main amd64 xfonts-scalable all 1:1.0.3-1.3 [304 kB]
2026-10-04T00:28:00.0791232Z Fetched 32.1 MB in 3s (11.9 MB/s)
2026-10-04T00:28:00.0968892Z Selecting previously unselected package fonts-ipafont-gothic.
2026-10-04T00:28:00.1215086Z (Reading database ... 
2026-10-04T00:28:00.1215350Z (Reading database ... 5%
2026-10-04T00:28:00.1215573Z (Reading database ... 10%
2026-10-04T00:28:00.1216016Z (Reading database ... 15%
2026-10-04T00:28:00.1216318Z (Reading database ... 20%
2026-10-04T00:28:00.1216608Z (Reading database ... 25%
2026-10-04T00:28:00.1216904Z (Reading database ... 30%
2026-10-04T00:28:00.1217117Z (Reading database ... 35%
2026-10-04T00:28:00.1217305Z (Reading database ... 40%
2026-10-04T00:28:00.1217502Z (Reading database ... 45%
2026-10-04T00:28:00.1217970Z (Reading database ... 50%
2026-10-04T00:28:00.1370015Z (Reading database ... 55%
2026-10-04T00:28:00.2403843Z (Reading database ... 60%
2026-10-04T00:28:00.4523247Z (Reading database ... 65%
2026-10-04T00:28:00.6419984Z (Reading database ... 70%
2026-10-04T00:28:00.8446532Z (Reading database ... 75%
2026-10-04T00:28:00.9489249Z (Reading database ... 80%
2026-10-04T00:28:01.1424929Z (Reading database ... 85%
2026-10-04T00:28:01.3358100Z (Reading database ... 90%
2026-10-04T00:28:01.4582816Z (Reading database ... 95%
2026-10-04T00:28:01.4583221Z (Reading database ... 100%
2026-10-04T00:28:01.4583736Z (Reading database ... 202296 files and directories currently installed.)
2026-10-04T00:28:01.4621440Z Preparing to unpack .../00-fonts-ipafont-gothic_00303-21ubuntu1_all.deb ...
2026-10-04T00:28:01.4693651Z Unpacking fonts-ipafont-gothic (00303-21ubuntu1) ...
2026-10-04T00:28:01.6920186Z Selecting previously unselected package fonts-freefont-ttf.
2026-10-04T00:28:01.7029928Z Preparing to unpack .../01-fonts-freefont-ttf_20211204+svn4273-2_all.deb ...
2026-10-04T00:28:01.7045462Z Unpacking fonts-freefont-ttf (20211204+svn4273-2) ...
2026-10-04T00:28:01.7888158Z Selecting previously unselected package fonts-tlwg-loma-otf.
2026-10-04T00:28:01.7997256Z Preparing to unpack .../02-fonts-tlwg-loma-otf_1%3a0.7.3-1_all.deb ...
2026-10-04T00:28:01.8002909Z Unpacking fonts-tlwg-loma-otf (1:0.7.3-1) ...
2026-10-04T00:28:01.9142657Z Selecting previously unselected package fonts-unifont.
2026-10-04T00:28:01.9250426Z Preparing to unpack .../03-fonts-unifont_1%3a15.1.01-1build1_all.deb ...
2026-10-04T00:28:01.9256537Z Unpacking fonts-unifont (1:15.1.01-1build1) ...
2026-10-04T00:28:02.1631310Z Selecting previously unselected package fonts-wqy-zenhei.
2026-10-04T00:28:02.1740408Z Preparing to unpack .../04-fonts-wqy-zenhei_0.9.45-8_all.deb ...
2026-10-04T00:28:02.1824103Z Unpacking fonts-wqy-zenhei (0.9.45-8) ...
2026-10-04T00:28:02.6277071Z Preparing to unpack .../05-libgl1-mesa-dri_25.2.8-0ubuntu0.24.04.4_amd64.deb ...
2026-10-04T00:28:02.6393048Z Unpacking libgl1-mesa-dri:amd64 (25.2.8-0ubuntu0.24.04.4) over (25.2.8-0ubuntu0.24.04.2) ...
2026-10-04T00:28:02.6803641Z Preparing to unpack .../06-libglx-mesa0_25.2.8-0ubuntu0.24.04.4_amd64.deb ...
2026-10-04T00:28:02.6830638Z Unpacking libglx-mesa0:amd64 (25.2.8-0ubuntu0.24.04.4) over (25.2.8-0ubuntu0.24.04.2) ...
2026-10-04T00:28:02.7134792Z Preparing to unpack .../07-libgbm1_25.2.8-0ubuntu0.24.04.4_amd64.deb ...
2026-10-04T00:28:02.7157441Z Unpacking libgbm1:amd64 (25.2.8-0ubuntu0.24.04.4) over (25.2.8-0ubuntu0.24.04.2) ...
2026-10-04T00:28:02.8173549Z Preparing to unpack .../08-mesa-libgallium_25.2.8-0ubuntu0.24.04.4_amd64.deb ...
2026-10-04T00:28:02.8189397Z Unpacking mesa-libgallium:amd64 (25.2.8-0ubuntu0.24.04.4) over (25.2.8-0ubuntu0.24.04.2) ...
2026-10-04T00:28:03.1623670Z Selecting previously unselected package xfonts-encodings.
2026-10-04T00:28:03.1733861Z Preparing to unpack .../09-xfonts-encodings_1%3a1.0.5-0ubuntu2_all.deb ...
2026-10-04T00:28:03.2013631Z Unpacking xfonts-encodings (1:1.0.5-0ubuntu2) ...
2026-10-04T00:28:03.2234184Z Selecting previously unselected package xfonts-utils.
2026-10-04T00:28:03.2341350Z Preparing to unpack .../10-xfonts-utils_1%3a7.7+6build3_amd64.deb ...
2026-10-04T00:28:03.2346201Z Unpacking xfonts-utils (1:7.7+6build3) ...
2026-10-04T00:28:03.2659140Z Selecting previously unselected package xfonts-cyrillic.
2026-10-04T00:28:03.2765099Z Preparing to unpack .../11-xfonts-cyrillic_1%3a1.0.5+nmu1_all.deb ...
2026-10-04T00:28:03.2770352Z Unpacking xfonts-cyrillic (1:1.0.5+nmu1) ...
2026-10-04T00:28:03.3030236Z Selecting previously unselected package xfonts-scalable.
2026-10-04T00:28:03.3135063Z Preparing to unpack .../12-xfonts-scalable_1%3a1.0.3-1.3_all.deb ...
2026-10-04T00:28:03.3140017Z Unpacking xfonts-scalable (1:1.0.3-1.3) ...
2026-10-04T00:28:03.3523757Z Setting up mesa-libgallium:amd64 (25.2.8-0ubuntu0.24.04.4) ...
2026-10-04T00:28:03.3539657Z Setting up libgbm1:amd64 (25.2.8-0ubuntu0.24.04.4) ...
2026-10-04T00:28:03.3591583Z Setting up libgl1-mesa-dri:amd64 (25.2.8-0ubuntu0.24.04.4) ...
2026-10-04T00:28:03.3649803Z Setting up fonts-wqy-zenhei (0.9.45-8) ...
2026-10-04T00:28:03.3768988Z Setting up fonts-freefont-ttf (20211204+svn4273-2) ...
2026-10-04T00:28:03.4332406Z Setting up fonts-tlwg-loma-otf (1:0.7.3-1) ...
2026-10-04T00:28:03.4345777Z Setting up xfonts-encodings (1:1.0.5-0ubuntu2) ...
2026-10-04T00:28:03.4358185Z Setting up fonts-ipafont-gothic (00303-21ubuntu1) ...
2026-10-04T00:28:03.4414339Z update-alternatives: using /usr/share/fonts/opentype/ipafont-gothic/ipag.ttf to provide /usr/share/fonts/truetype/fonts-japanese-gothic.ttf (fonts-japanese-gothic.ttf) in auto mode
2026-10-04T00:28:03.4425168Z Setting up fonts-unifont (1:15.1.01-1build1) ...
2026-10-04T00:28:03.4438358Z Setting up libglx-mesa0:amd64 (25.2.8-0ubuntu0.24.04.4) ...
2026-10-04T00:28:03.4451278Z Setting up xfonts-utils (1:7.7+6build3) ...
2026-10-04T00:28:03.4482179Z Setting up xfonts-cyrillic (1:1.0.5+nmu1) ...
2026-10-04T00:28:03.4719287Z Setting up xfonts-scalable (1:1.0.3-1.3) ...
2026-10-04T00:28:03.4946063Z Processing triggers for libc-bin (2.39-0ubuntu8.9) ...
2026-10-04T00:28:03.5063537Z Processing triggers for man-db (2.12.0-4build2) ...
2026-10-04T00:28:03.5079816Z Not building database; man-db/auto-update is not 'true'.
2026-10-04T00:28:03.5088104Z Processing triggers for fontconfig (2.15.0-1.1ubuntu2) ...
2026-10-04T00:28:04.1567176Z 
2026-10-04T00:28:04.1567987Z Running kernel seems to be up-to-date.
2026-10-04T00:28:04.1568303Z 
2026-10-04T00:28:04.1568478Z No services need to be restarted.
2026-10-04T00:28:04.1568694Z 
2026-10-04T00:28:04.1568871Z No containers need to be restarted.
2026-10-04T00:28:04.1569085Z 
2026-10-04T00:28:04.1569298Z No user sessions are running outdated binaries.
2026-10-04T00:28:04.1569540Z 
2026-10-04T00:28:04.1569873Z No VM guests are running outdated hypervisor (qemu) binaries on this host.
2026-10-04T00:28:04.9009724Z Downloading Chromium 143.0.7499.4 (playwright build v1200) from https://cdn.playwright.dev/dbazure/download/playwright/builds/chromium/1200/chromium-linux.zip
2026-10-04T00:28:04.9759618Z (node:3933) [DEP0169] DeprecationWarning: `url.parse()` behavior is not standardized and prone to errors that have security implications. Use the WHATWG URL API instead. CVEs are not issued for `url.parse()` vulnerabilities.
2026-10-04T00:28:04.9761117Z (Use `node --trace-deprecation ...` to show where the warning was created)
2026-10-04T00:28:05.0481262Z |                                                                                |   0% of 164.7 MiB
2026-10-04T00:28:05.2111412Z |■■■■■■■■                                                                        |  10% of 164.7 MiB
2026-10-04T00:28:05.2865934Z |■■■■■■■■■■■■■■■■                                                                |  20% of 164.7 MiB
2026-10-04T00:28:05.3464381Z |■■■■■■■■■■■■■■■■■■■■■■■■                                                        |  30% of 164.7 MiB
2026-10-04T00:28:05.3928662Z |■■■■■■■■■■■■■■■■■■■■■■■■■■■■■■■■                                                |  40% of 164.7 MiB
2026-10-04T00:28:05.4384866Z |■■■■■■■■■■■■■■■■■■■■■■■■■■■■■■■■■■■■■■■■                                        |  50% of 164.7 MiB
2026-10-04T00:28:05.4895227Z |■■■■■■■■■■■■■■■■■■■■■■■■■■■■■■■■■■■■■■■■■■■■■■■■                                |  60% of 164.7 MiB
2026-10-04T00:28:05.5462538Z |■■■■■■■■■■■■■■■■■■■■■■■■■■■■■■■■■■■■■■■■■■■■■■■■■■■■■■■■                        |  70% of 164.7 MiB
2026-10-04T00:28:05.5989455Z |■■■■■■■■■■■■■■■■■■■■■■■■■■■■■■■■■■■■■■■■■■■■■■■■■■■■■■■■■■■■■■■■                |  80% of 164.7 MiB
2026-10-04T00:28:05.6477597Z |■■■■■■■■■■■■■■■■■■■■■■■■■■■■■■■■■■■■■■■■■■■■■■■■■■■■■■■■■■■■■■■■■■■■■■■■        |  90% of 164.7 MiB
2026-10-04T00:28:05.7019281Z |■■■■■■■■■■■■■■■■■■■■■■■■■■■■■■■■■■■■■■■■■■■■■■■■■■■■■■■■■■■■■■■■■■■■■■■■■■■■■■■■| 100% of 164.7 MiB
2026-10-04T00:28:07.6981215Z Chromium 143.0.7499.4 (playwright build v1200) downloaded to /home/runner/.cache/ms-playwright/chromium-1200
2026-10-04T00:28:07.6984116Z Downloading FFMPEG playwright build v1011 from https://cdn.playwright.dev/dbazure/download/playwright/builds/ffmpeg/1011/ffmpeg-linux.zip
2026-10-04T00:28:07.7760098Z (node:3944) [DEP0169] DeprecationWarning: `url.parse()` behavior is not standardized and prone to errors that have security implications. Use the WHATWG URL API instead. CVEs are not issued for `url.parse()` vulnerabilities.
2026-10-04T00:28:07.7761714Z (Use `node --trace-deprecation ...` to show where the warning was created)
2026-10-04T00:28:07.8157023Z |                                                                                |   0% of 2.3 MiB
2026-10-04T00:28:07.8207939Z |■■■■■■■■                                                                        |  10% of 2.3 MiB
2026-10-04T00:28:07.8231191Z |■■■■■■■■■■■■■■■■                                                                |  20% of 2.3 MiB
2026-10-04T00:28:07.8245895Z |■■■■■■■■■■■■■■■■■■■■■■■■                                                        |  30% of 2.3 MiB
2026-10-04T00:28:07.8266553Z |■■■■■■■■■■■■■■■■■■■■■■■■■■■■■■■■                                                |  40% of 2.3 MiB
2026-10-04T00:28:07.8284646Z |■■■■■■■■■■■■■■■■■■■■■■■■■■■■■■■■■■■■■■■■                                        |  50% of 2.3 MiB
2026-10-04T00:28:07.8306572Z |■■■■■■■■■■■■■■■■■■■■■■■■■■■■■■■■■■■■■■■■■■■■■■■■                                |  60% of 2.3 MiB
2026-10-04T00:28:07.8312986Z |■■■■■■■■■■■■■■■■■■■■■■■■■■■■■■■■■■■■■■■■■■■■■■■■■■■■■■■■                        |  70% of 2.3 MiB
2026-10-04T00:28:07.8329188Z |■■■■■■■■■■■■■■■■■■■■■■■■■■■■■■■■■■■■■■■■■■■■■■■■■■■■■■■■■■■■■■■■                |  80% of 2.3 MiB
2026-10-04T00:28:07.8344850Z |■■■■■■■■■■■■■■■■■■■■■■■■■■■■■■■■■■■■■■■■■■■■■■■■■■■■■■■■■■■■■■■■■■■■■■■■        |  90% of 2.3 MiB
2026-10-04T00:28:07.8357048Z |■■■■■■■■■■■■■■■■■■■■■■■■■■■■■■■■■■■■■■■■■■■■■■■■■■■■■■■■■■■■■■■■■■■■■■■■■■■■■■■■| 100% of 2.3 MiB
2026-10-04T00:28:07.8805780Z FFMPEG playwright build v1011 downloaded to /home/runner/.cache/ms-playwright/ffmpeg-1011
2026-10-04T00:28:07.8808721Z Downloading Chromium Headless Shell 143.0.7499.4 (playwright build v1200) from https://cdn.playwright.dev/dbazure/download/playwright/builds/chromium/1200/chromium-headless-shell-linux.zip
2026-10-04T00:28:07.9572431Z (node:3955) [DEP0169] DeprecationWarning: `url.parse()` behavior is not standardized and prone to errors that have security implications. Use the WHATWG URL API instead. CVEs are not issued for `url.parse()` vulnerabilities.
2026-10-04T00:28:07.9574107Z (Use `node --trace-deprecation ...` to show where the warning was created)
2026-10-04T00:28:08.0146826Z |                                                                                |   0% of 109.7 MiB
2026-10-04T00:28:08.1526992Z |■■■■■■■■                                                                        |  10% of 109.7 MiB
2026-10-04T00:28:08.2409545Z |■■■■■■■■■■■■■■■■                                                                |  20% of 109.7 MiB
2026-10-04T00:28:08.2910716Z |■■■■■■■■■■■■■■■■■■■■■■■■                                                        |  30% of 109.7 MiB
2026-10-04T00:28:08.3440640Z |■■■■■■■■■■■■■■■■■■■■■■■■■■■■■■■■                                                |  40% of 109.7 MiB
2026-10-04T00:28:08.3817007Z |■■■■■■■■■■■■■■■■■■■■■■■■■■■■■■■■■■■■■■■■                                        |  50% of 109.7 MiB
2026-10-04T00:28:08.4164076Z |■■■■■■■■■■■■■■■■■■■■■■■■■■■■■■■■■■■■■■■■■■■■■■■■                                |  60% of 109.7 MiB
2026-10-04T00:28:08.4497184Z |■■■■■■■■■■■■■■■■■■■■■■■■■■■■■■■■■■■■■■■■■■■■■■■■■■■■■■■■                        |  70% of 109.7 MiB
2026-10-04T00:28:08.4778682Z |■■■■■■■■■■■■■■■■■■■■■■■■■■■■■■■■■■■■■■■■■■■■■■■■■■■■■■■■■■■■■■■■                |  80% of 109.7 MiB
2026-10-04T00:28:08.5089480Z |■■■■■■■■■■■■■■■■■■■■■■■■■■■■■■■■■■■■■■■■■■■■■■■■■■■■■■■■■■■■■■■■■■■■■■■■        |  90% of 109.7 MiB
2026-10-04T00:28:08.5363152Z |■■■■■■■■■■■■■■■■■■■■■■■■■■■■■■■■■■■■■■■■■■■■■■■■■■■■■■■■■■■■■■■■■■■■■■■■■■■■■■■■| 100% of 109.7 MiB
2026-10-04T00:28:10.0373290Z Chromium Headless Shell 143.0.7499.4 (playwright build v1200) downloaded to /home/runner/.cache/ms-playwright/chromium_headless_shell-1200
2026-10-04T00:28:10.0694902Z ##[group]Run python scripts/run_logged.py evidence/browser-native.log -- python scripts/browser_smoke.py
2026-10-04T00:28:10.0695812Z [36;1mpython scripts/run_logged.py evidence/browser-native.log -- python scripts/browser_smoke.py[0m
2026-10-04T00:28:10.0752566Z shell: /usr/bin/bash --noprofile --norc -e -o pipefail {0}
2026-10-04T00:28:10.0752832Z env:
2026-10-04T00:28:10.0753001Z   NEXT_TELEMETRY_DISABLED: 1
2026-10-04T00:28:10.0753249Z   pythonLocation: /opt/hostedtoolcache/Python/3.13.15/x64
2026-10-04T00:28:10.0753576Z   PKG_CONFIG_PATH: /opt/hostedtoolcache/Python/3.13.15/x64/lib/pkgconfig
2026-10-04T00:28:10.0753908Z   Python_ROOT_DIR: /opt/hostedtoolcache/Python/3.13.15/x64
2026-10-04T00:28:10.0754202Z   Python2_ROOT_DIR: /opt/hostedtoolcache/Python/3.13.15/x64
2026-10-04T00:28:10.0754494Z   Python3_ROOT_DIR: /opt/hostedtoolcache/Python/3.13.15/x64
2026-10-04T00:28:10.0754784Z   LD_LIBRARY_PATH: /opt/hostedtoolcache/Python/3.13.15/x64/lib
2026-10-04T00:28:10.0755070Z ##[endgroup]
2026-10-04T00:28:29.2893062Z {
2026-10-04T00:28:29.2893437Z   "mode": "native_browser_e2e",
2026-10-04T00:28:29.2893765Z   "passed": [
2026-10-04T00:28:29.2894131Z     "agent_credential_rejected_by_reviewer_console",
2026-10-04T00:28:29.2894596Z     "pending_queue_survives_more_than_100_newer_reads",
2026-10-04T00:28:29.2895035Z     "approval_disabled_without_informed_confirmation",
2026-10-04T00:28:29.2895429Z     "browser_rejection_preserves_all_1206_rows",
2026-10-04T00:28:29.2895930Z     "browser_approval_executes_real_update_once",
2026-10-04T00:28:29.2896301Z     "critical_action_requires_exact_1206_scope_phrase",
2026-10-04T00:28:29.2896591Z     "390px_mobile_has_no_horizontal_overflow",
2026-10-04T00:28:29.2896878Z     "audit_replay_and_hmac_verification_render",
2026-10-04T00:28:29.2897161Z     "metrics_use_real_samples_and_unknown_model_cost",
2026-10-04T00:28:29.2897477Z     "batch_ui_lists_bound_members_and_enforces_confirmation",
2026-10-04T00:28:29.2897799Z     "recovery_is_a_separate_informed_approval",
2026-10-04T00:28:29.2898336Z     "study_import_counterbalance_visibility_and_export_automation_only",
2026-10-04T00:28:29.2898830Z     "logout_removes_authenticated_console",
2026-10-04T00:28:29.2899087Z     "no_browser_javascript_errors"
2026-10-04T00:28:29.2899295Z   ],
2026-10-04T00:28:29.2899454Z   "errors": [],
2026-10-04T00:28:29.2899626Z   "not_proven": []
2026-10-04T00:28:29.2899795Z }
2026-10-04T00:28:29.3157211Z ##[group]Run python scripts/run_logged.py evidence/browser-edges.log -- python scripts/browser_edges.py
2026-10-04T00:28:29.3157778Z [36;1mpython scripts/run_logged.py evidence/browser-edges.log -- python scripts/browser_edges.py[0m
2026-10-04T00:28:29.3214039Z shell: /usr/bin/bash --noprofile --norc -e -o pipefail {0}
2026-10-04T00:28:29.3214310Z env:
2026-10-04T00:28:29.3214478Z   NEXT_TELEMETRY_DISABLED: 1
2026-10-04T00:28:29.3214725Z   pythonLocation: /opt/hostedtoolcache/Python/3.13.15/x64
2026-10-04T00:28:29.3215060Z   PKG_CONFIG_PATH: /opt/hostedtoolcache/Python/3.13.15/x64/lib/pkgconfig
2026-10-04T00:28:29.3215390Z   Python_ROOT_DIR: /opt/hostedtoolcache/Python/3.13.15/x64
2026-10-04T00:28:29.3215991Z   Python2_ROOT_DIR: /opt/hostedtoolcache/Python/3.13.15/x64
2026-10-04T00:28:29.3216286Z   Python3_ROOT_DIR: /opt/hostedtoolcache/Python/3.13.15/x64
2026-10-04T00:28:29.3216577Z   LD_LIBRARY_PATH: /opt/hostedtoolcache/Python/3.13.15/x64/lib
2026-10-04T00:28:29.3216860Z ##[endgroup]
2026-10-04T00:28:32.7680968Z {
2026-10-04T00:28:32.7681391Z   "mode": "native_next_browser_real_http",
2026-10-04T00:28:32.7681778Z   "passed": [
2026-10-04T00:28:32.7682088Z     "stale_cas_never_overwrites_new_data",
2026-10-04T00:28:32.7682493Z     "execution_failure_rolls_back_and_renders",
2026-10-04T00:28:32.7682950Z     "unknown_requires_original_receipt_reconciliation",
2026-10-04T00:28:32.7683427Z     "untrusted_long_text_is_escaped_and_mobile_bounded",
2026-10-04T00:28:32.7683842Z     "expired_action_has_no_decision_controls",
2026-10-04T00:28:32.7684105Z     "hard_block_has_no_override_controls",
2026-10-04T00:28:32.7684384Z     "keyboard_login_and_logout_clear_memory_credentials",
2026-10-04T00:28:32.7684752Z     "study_comprehension_is_separate_required_and_exported_as_automation",
2026-10-04T00:28:32.7685126Z     "next_hydration_and_strict_csp_have_no_errors"
2026-10-04T00:28:32.7685360Z   ],
2026-10-04T00:28:32.7685517Z   "errors": [],
2026-10-04T00:28:32.7685965Z   "csp_violations": [],
2026-10-04T00:28:32.7686171Z   "human_participants": 0
2026-10-04T00:28:32.7686361Z }
2026-10-04T00:28:32.7934378Z ##[group]Run python scripts/run_logged.py evidence/pilot-browser.log -- python scripts/pilot_browser.py
2026-10-04T00:28:32.7934954Z [36;1mpython scripts/run_logged.py evidence/pilot-browser.log -- python scripts/pilot_browser.py[0m
2026-10-04T00:28:32.7992636Z shell: /usr/bin/bash --noprofile --norc -e -o pipefail {0}
2026-10-04T00:28:32.7992910Z env:
2026-10-04T00:28:32.7993079Z   NEXT_TELEMETRY_DISABLED: 1
2026-10-04T00:28:32.7993334Z   pythonLocation: /opt/hostedtoolcache/Python/3.13.15/x64
2026-10-04T00:28:32.7993668Z   PKG_CONFIG_PATH: /opt/hostedtoolcache/Python/3.13.15/x64/lib/pkgconfig
2026-10-04T00:28:32.7994016Z   Python_ROOT_DIR: /opt/hostedtoolcache/Python/3.13.15/x64
2026-10-04T00:28:32.7994311Z   Python2_ROOT_DIR: /opt/hostedtoolcache/Python/3.13.15/x64
2026-10-04T00:28:32.7994604Z   Python3_ROOT_DIR: /opt/hostedtoolcache/Python/3.13.15/x64
2026-10-04T00:28:32.7994896Z   LD_LIBRARY_PATH: /opt/hostedtoolcache/Python/3.13.15/x64/lib
2026-10-04T00:28:32.7995186Z ##[endgroup]
2026-10-04T00:28:35.0934696Z {
2026-10-04T00:28:35.0935018Z   "status": "PASS",
2026-10-04T00:28:35.0935354Z   "mode": "native_browser_e2e",
2026-10-04T00:28:35.0937814Z   "browser_plugin": "not available; project Playwright",
2026-10-04T00:28:35.0938361Z   "passed": [
2026-10-04T00:28:35.0938680Z     "pilot_public_assets_load_without_approval_service",
2026-10-04T00:28:35.0939069Z     "eight_practice_decisions_exported_and_excluded_from_human_metrics",
2026-10-04T00:28:35.0939408Z     "pilot_390px_no_horizontal_overflow",
2026-10-04T00:28:35.0939839Z     "sender_alert_dedup_and_recovery_render_as_two_events",
2026-10-04T00:28:35.0940284Z     "inbox_read_token_not_in_url_or_browser_storage",
2026-10-04T00:28:35.0940660Z     "inbox_390px_no_horizontal_overflow",
2026-10-04T00:28:35.0940935Z     "inbox_logout_clears_authenticated_content",
2026-10-04T00:28:35.0941193Z     "no_browser_javascript_or_csp_errors"
2026-10-04T00:28:35.0941402Z   ],
2026-10-04T00:28:35.0941558Z   "errors": [],
2026-10-04T00:28:35.0941744Z   "csp_violations": [],
2026-10-04T00:28:35.0941941Z   "human_participants": 0,
2026-10-04T00:28:35.0942163Z   "external_notifications": 0,
2026-10-04T00:28:35.0942367Z   "business_side_effects": 0
2026-10-04T00:28:35.0942552Z }
2026-10-04T00:28:35.1213598Z ##[group]Run python scripts/run_logged.py evidence/docker-smoke.log -- python scripts/docker_smoke.py
2026-10-04T00:28:35.1214184Z [36;1mpython scripts/run_logged.py evidence/docker-smoke.log -- python scripts/docker_smoke.py[0m
2026-10-04T00:28:35.1276322Z shell: /usr/bin/bash --noprofile --norc -e -o pipefail {0}
2026-10-04T00:28:35.1276599Z env:
2026-10-04T00:28:35.1276778Z   NEXT_TELEMETRY_DISABLED: 1
2026-10-04T00:28:35.1277214Z   pythonLocation: /opt/hostedtoolcache/Python/3.13.15/x64
2026-10-04T00:28:35.1277552Z   PKG_CONFIG_PATH: /opt/hostedtoolcache/Python/3.13.15/x64/lib/pkgconfig
2026-10-04T00:28:35.1277875Z   Python_ROOT_DIR: /opt/hostedtoolcache/Python/3.13.15/x64
2026-10-04T00:28:35.1278170Z   Python2_ROOT_DIR: /opt/hostedtoolcache/Python/3.13.15/x64
2026-10-04T00:28:35.1278459Z   Python3_ROOT_DIR: /opt/hostedtoolcache/Python/3.13.15/x64
2026-10-04T00:28:35.1278749Z   LD_LIBRARY_PATH: /opt/hostedtoolcache/Python/3.13.15/x64/lib
2026-10-04T00:28:35.1279029Z ##[endgroup]
2026-10-04T00:29:36.8166938Z {
2026-10-04T00:29:36.8167337Z   "mode": "real_docker_compose",
2026-10-04T00:29:36.8167777Z   "project": "airlock-check-d86eb7335bb5",
2026-10-04T00:29:36.8168034Z   "probe": {
2026-10-04T00:29:36.8168271Z     "pending_id": "909bdc1ea59a43d986d77be575eda2a5",
2026-10-04T00:29:36.8168522Z     "uid": 10001,
2026-10-04T00:29:36.8168725Z     "effective_capabilities": 0,
2026-10-04T00:29:36.8168970Z     "sqlite_runtime": {
2026-10-04T00:29:36.8169162Z       "version": "3.53.1",
2026-10-04T00:29:36.8169545Z       "source_id": "2026-05-05 10:34:17 c88b22011a54b4f6fbd149e9f8e4de77658ce58143a1af0e3785e4e6475127e9",
2026-10-04T00:29:36.8169938Z       "wal_reset_fix": "upstream_fixed_version",
2026-10-04T00:29:36.8170176Z       "compile_options": [
2026-10-04T00:29:36.8170382Z         "ATOMIC_INTRINSICS=1",
2026-10-04T00:29:36.8170612Z         "COMPILER=gcc-14.2.0",
2026-10-04T00:29:36.8170819Z         "DEFAULT_AUTOVACUUM",
2026-10-04T00:29:36.8171049Z         "DEFAULT_CACHE_SIZE=-2000",
2026-10-04T00:29:36.8171282Z         "DEFAULT_FILE_FORMAT=4",
2026-10-04T00:29:36.8171511Z         "DEFAULT_JOURNAL_SIZE_LIMIT=-1",
2026-10-04T00:29:36.8171745Z         "DEFAULT_MMAP_SIZE=0",
2026-10-04T00:29:36.8171960Z         "DEFAULT_PAGE_SIZE=4096",
2026-10-04T00:29:36.8172179Z         "DEFAULT_PCACHE_INITSZ=20",
2026-10-04T00:29:36.8172406Z         "DEFAULT_RECURSIVE_TRIGGERS",
2026-10-04T00:29:36.8172642Z         "DEFAULT_SECTOR_SIZE=4096",
2026-10-04T00:29:36.8172857Z         "DEFAULT_SYNCHRONOUS=2",
2026-10-04T00:29:36.8173084Z         "DEFAULT_WAL_AUTOCHECKPOINT=1000",
2026-10-04T00:29:36.8173348Z         "DEFAULT_WAL_SYNCHRONOUS=2",
2026-10-04T00:29:36.8173573Z         "DEFAULT_WORKER_THREADS=0",
2026-10-04T00:29:36.8173787Z         "DIRECT_OVERFLOW_READ",
2026-10-04T00:29:36.8173998Z         "ENABLE_COLUMN_METADATA",
2026-10-04T00:29:36.8174197Z         "ENABLE_DBSTAT_VTAB",
2026-10-04T00:29:36.8174387Z         "ENABLE_FTS3",
2026-10-04T00:29:36.8174560Z         "ENABLE_FTS5",
2026-10-04T00:29:36.8174758Z         "ENABLE_MATH_FUNCTIONS",
2026-10-04T00:29:36.8174952Z         "ENABLE_RTREE",
2026-10-04T00:29:36.8175145Z         "MALLOC_SOFT_LIMIT=1024",
2026-10-04T00:29:36.8175347Z         "MAX_ATTACHED=10",
2026-10-04T00:29:36.8175532Z         "MAX_COLUMN=2000",
2026-10-04T00:29:36.8175863Z         "MAX_COMPOUND_SELECT=500",
2026-10-04T00:29:36.8176096Z         "MAX_DEFAULT_PAGE_SIZE=8192",
2026-10-04T00:29:36.8176323Z         "MAX_EXPR_DEPTH=1000",
2026-10-04T00:29:36.8176531Z         "MAX_FUNCTION_ARG=1000",
2026-10-04T00:29:36.8176738Z         "MAX_LENGTH=1000000000",
2026-10-04T00:29:36.8176954Z         "MAX_LIKE_PATTERN_LENGTH=50000",
2026-10-04T00:29:36.8177187Z         "MAX_MMAP_SIZE=0x7fff0000",
2026-10-04T00:29:36.8177411Z         "MAX_PAGE_COUNT=0xfffffffe",
2026-10-04T00:29:36.8177626Z         "MAX_PAGE_SIZE=65536",
2026-10-04T00:29:36.8177831Z         "MAX_SQL_LENGTH=1000000000",
2026-10-04T00:29:36.8178046Z         "MAX_TRIGGER_DEPTH=1000",
2026-10-04T00:29:36.8178504Z         "MAX_VARIABLE_NUMBER=32766",
2026-10-04T00:29:36.8178730Z         "MAX_VDBE_OP=250000000",
2026-10-04T00:29:36.8178936Z         "MAX_WORKER_THREADS=8",
2026-10-04T00:29:36.8179133Z         "MUTEX_PTHREADS",
2026-10-04T00:29:36.8179314Z         "SYSTEM_MALLOC",
2026-10-04T00:29:36.8179494Z         "TEMP_STORE=1",
2026-10-04T00:29:36.8179671Z         "THREADSAFE=1",
2026-10-04T00:29:36.8179843Z         "USE_URI"
2026-10-04T00:29:36.8180164Z       ],
2026-10-04T00:29:36.8180325Z       "python": "3.13.16",
2026-10-04T00:29:36.8180525Z       "sqlite_threadsafety": 3,
2026-10-04T00:29:36.8180743Z       "loaded_shared_library_files": [
2026-10-04T00:29:36.8180942Z         {
2026-10-04T00:29:36.8181172Z           "path": "/opt/airlock-sqlite/lib/libsqlite3.so.0",
2026-10-04T00:29:36.8181427Z           "bytes": 1605768,
2026-10-04T00:29:36.8181743Z           "sha256": "8fac480a6336553316e0417dad6fc91f32b054396724b34b65f25546637dcd26"
2026-10-04T00:29:36.8182047Z         }
2026-10-04T00:29:36.8182194Z       ],
2026-10-04T00:29:36.8182381Z       "build_report_verified": true,
2026-10-04T00:29:36.8182769Z       "build_report_sha256": "7b06c542bba71858f7499dc24352ea1f0c39e7aa2f6e36dfdf1b17b64a6cdb2f"
2026-10-04T00:29:36.8183111Z     },
2026-10-04T00:29:36.8183268Z     "checks": [
2026-10-04T00:29:36.8183484Z       "agent_has_no_reviewer_or_audit_secret",
2026-10-04T00:29:36.8183750Z       "target_database_not_mounted_in_agent",
2026-10-04T00:29:36.8184007Z       "no_server_config_or_docker_socket",
2026-10-04T00:29:36.8184260Z       "non_root_read_only_no_capabilities",
2026-10-04T00:29:36.8184505Z       "agent_cannot_approve_or_read_audit",
2026-10-04T00:29:36.8184740Z       "SQL_cannot_read_control_tables",
2026-10-04T00:29:36.8184987Z       "write_waits_for_separate_reviewer",
2026-10-04T00:29:36.8185238Z       "container_loads_pinned_sqlite_runtime"
2026-10-04T00:29:36.8185460Z     ]
2026-10-04T00:29:36.8185704Z   },
2026-10-04T00:29:36.8186048Z   "runtime_image_id": "sha256:b07edf3c8e19ffd39848be05d5043e55a25016834ca37db3f78323c3219ff143",
2026-10-04T00:29:36.8186433Z   "rows_before_independent_approval": 1206,
2026-10-04T00:29:36.8186686Z   "rows_after_approval_and_restart": 0,
2026-10-04T00:29:36.8186911Z   "additional_checks": [
2026-10-04T00:29:36.8187166Z     "pending_survives_server_restart_without_execution",
2026-10-04T00:29:36.8187480Z     "approved_effect_and_audit_persist_without_reseeding",
2026-10-04T00:29:36.8187753Z     "compose_network_is_internal",
2026-10-04T00:29:36.8188001Z     "server_dual_network_agent_internal_only",
2026-10-04T00:29:36.8188253Z     "published_port_is_loopback_only"
2026-10-04T00:29:36.8188459Z   ],
2026-10-04T00:29:36.8188610Z   "limitations": [
2026-10-04T00:29:36.8188904Z     "controlled synthetic deployment, not a general container escape audit",
2026-10-04T00:29:36.8189290Z     "reviewer is automated test code, not a human A/B participant"
2026-10-04T00:29:36.8189551Z   ]
2026-10-04T00:29:36.8198083Z }
2026-10-04T00:29:36.8409511Z ##[group]Run python scripts/run_logged.py evidence/upstream-isolation.log -- python scripts/upstream_isolation.py
2026-10-04T00:29:36.8410184Z [36;1mpython scripts/run_logged.py evidence/upstream-isolation.log -- python scripts/upstream_isolation.py[0m
2026-10-04T00:29:36.8467927Z shell: /usr/bin/bash --noprofile --norc -e -o pipefail {0}
2026-10-04T00:29:36.8468206Z env:
2026-10-04T00:29:36.8468371Z   NEXT_TELEMETRY_DISABLED: 1
2026-10-04T00:29:36.8468620Z   pythonLocation: /opt/hostedtoolcache/Python/3.13.15/x64
2026-10-04T00:29:36.8468982Z   PKG_CONFIG_PATH: /opt/hostedtoolcache/Python/3.13.15/x64/lib/pkgconfig
2026-10-04T00:29:36.8469312Z   Python_ROOT_DIR: /opt/hostedtoolcache/Python/3.13.15/x64
2026-10-04T00:29:36.8469606Z   Python2_ROOT_DIR: /opt/hostedtoolcache/Python/3.13.15/x64
2026-10-04T00:29:36.8469892Z   Python3_ROOT_DIR: /opt/hostedtoolcache/Python/3.13.15/x64
2026-10-04T00:29:36.8470185Z   LD_LIBRARY_PATH: /opt/hostedtoolcache/Python/3.13.15/x64/lib
2026-10-04T00:29:36.8470476Z ##[endgroup]
2026-10-04T00:29:40.0010965Z {"status": "PASS", "mode": "real_docker_protected_upstream", "image": "sha256:b07edf3c8e19ffd39848be05d5043e55a25016834ca37db3f78323c3219ff143", "probe": {"action_id": "b62aacc202f14b93b12fc22c3ee43be2", "checks": ["no_upstream_dns", "no_direct_ip_access", "no_upstream_or_review_secret", "no_server_volume_or_socket", "single_internal_agent_network", "write_waits_for_reviewer"]}, "checks": ["rejection_preserves_remote_value", "separate_approval_executes_once", "separate_compensation_restores_value", "audit_chain_valid"], "network_boundary": "Agent only on internal ingress; upstream only on distinct internal target network; gate on both; no upstream published port", "limitations": ["Synthetic remote CAS counter, scripted reviewer; not a human study", "Dedicated pinned private HTTP in isolated fixture; production untrusted networks require TLS", "Host administrator and container escape outside tested boundary"]}
2026-10-04T00:29:40.0468962Z ##[group]Run actions/setup-go@v6
2026-10-04T00:29:40.0469187Z with:
2026-10-04T00:29:40.0469351Z   go-version: 1.24.8
2026-10-04T00:29:40.0469522Z   cache: false
2026-10-04T00:29:40.0469684Z   check-latest: false
2026-10-04T00:29:40.0471761Z   token: ***
2026-10-04T00:29:40.0471922Z env:
2026-10-04T00:29:40.0472080Z   NEXT_TELEMETRY_DISABLED: 1
2026-10-04T00:29:40.0472329Z   pythonLocation: /opt/hostedtoolcache/Python/3.13.15/x64
2026-10-04T00:29:40.0472659Z   PKG_CONFIG_PATH: /opt/hostedtoolcache/Python/3.13.15/x64/lib/pkgconfig
2026-10-04T00:29:40.0473000Z   Python_ROOT_DIR: /opt/hostedtoolcache/Python/3.13.15/x64
2026-10-04T00:29:40.0473286Z   Python2_ROOT_DIR: /opt/hostedtoolcache/Python/3.13.15/x64
2026-10-04T00:29:40.0473568Z   Python3_ROOT_DIR: /opt/hostedtoolcache/Python/3.13.15/x64
2026-10-04T00:29:40.0473854Z   LD_LIBRARY_PATH: /opt/hostedtoolcache/Python/3.13.15/x64/lib
2026-10-04T00:29:40.0474101Z ##[endgroup]
2026-10-04T00:29:40.1510105Z Setup go version spec 1.24.8
2026-10-04T00:29:40.1519069Z Attempting to download 1.24.8...
2026-10-04T00:29:40.5739348Z matching 1.24.8...
2026-10-04T00:29:40.5780923Z Acquiring 1.24.8 from https://github.com/actions/go-versions/releases/download/1.24.8-18331018734/go-1.24.8-linux-x64.tar.gz
2026-10-04T00:29:41.4101846Z Extracting Go...
2026-10-04T00:29:41.4206209Z [command]/usr/bin/tar xz --warning=no-unknown-keyword --overwrite -C /home/runner/work/_temp/921023dc-2f01-4a13-987c-56a9e119d976 -f /home/runner/work/_temp/2b56c983-47d8-4dd5-a010-37b5c4607bd1
2026-10-04T00:29:42.9324148Z Successfully extracted go to /home/runner/work/_temp/921023dc-2f01-4a13-987c-56a9e119d976
2026-10-04T00:29:42.9324568Z Adding to the cache ...
2026-10-04T00:29:47.3654036Z Successfully cached go to /opt/hostedtoolcache/go/1.24.8/x64
2026-10-04T00:29:47.3655536Z Added go to the path
2026-10-04T00:29:47.3657986Z Successfully set up Go version 1.24.8
2026-10-04T00:29:47.3808789Z go version go1.24.8 linux/amd64
2026-10-04T00:29:47.3808978Z 
2026-10-04T00:29:47.3809242Z ##[group]go env
2026-10-04T00:29:47.4526549Z AR='ar'
2026-10-04T00:29:47.4526837Z CC='gcc'
2026-10-04T00:29:47.4527128Z CGO_CFLAGS='-O2 -g'
2026-10-04T00:29:47.4527409Z CGO_CPPFLAGS=''
2026-10-04T00:29:47.4527697Z CGO_CXXFLAGS='-O2 -g'
2026-10-04T00:29:47.4527978Z CGO_ENABLED='1'
2026-10-04T00:29:47.4528241Z CGO_FFLAGS='-O2 -g'
2026-10-04T00:29:47.4528519Z CGO_LDFLAGS='-O2 -g'
2026-10-04T00:29:47.4528783Z CXX='g++'
2026-10-04T00:29:47.4529010Z GCCGO='gccgo'
2026-10-04T00:29:47.4529241Z GO111MODULE=''
2026-10-04T00:29:47.4529464Z GOAMD64='v1'
2026-10-04T00:29:47.4529662Z GOARCH='amd64'
2026-10-04T00:29:47.4529832Z GOAUTH='netrc'
2026-10-04T00:29:47.4529999Z GOBIN=''
2026-10-04T00:29:47.4530232Z GOCACHE='/home/runner/.cache/go-build'
2026-10-04T00:29:47.4530498Z GOCACHEPROG=''
2026-10-04T00:29:47.4530667Z GODEBUG=''
2026-10-04T00:29:47.4530880Z GOENV='/home/runner/.config/go/env'
2026-10-04T00:29:47.4531086Z GOEXE=''
2026-10-04T00:29:47.4531243Z GOEXPERIMENT=''
2026-10-04T00:29:47.4531424Z GOFIPS140='off'
2026-10-04T00:29:47.4531590Z GOFLAGS=''
2026-10-04T00:29:47.4532256Z GOGCCFLAGS='-fPIC -m64 -pthread -Wl,--no-gc-sections -fmessage-length=0 -ffile-prefix-map=/tmp/go-build3618069805=/tmp/go-build -gno-record-gcc-switches'
2026-10-04T00:29:47.4532766Z GOHOSTARCH='amd64'
2026-10-04T00:29:47.4532941Z GOHOSTOS='linux'
2026-10-04T00:29:47.4533111Z GOINSECURE=''
2026-10-04T00:29:47.4533289Z GOMOD='/dev/null'
2026-10-04T00:29:47.4533511Z GOMODCACHE='/home/runner/go/pkg/mod'
2026-10-04T00:29:47.4533723Z GONOPROXY=''
2026-10-04T00:29:47.4534132Z GONOSUMDB=''
2026-10-04T00:29:47.4534286Z GOOS='linux'
2026-10-04T00:29:47.4534463Z GOPATH='/home/runner/go'
2026-10-04T00:29:47.4534652Z GOPRIVATE=''
2026-10-04T00:29:47.4534888Z GOPROXY='https://proxy.golang.org,direct'
2026-10-04T00:29:47.4535182Z GOROOT='/opt/hostedtoolcache/go/1.24.8/x64'
2026-10-04T00:29:47.4535432Z GOSUMDB='sum.golang.org'
2026-10-04T00:29:47.4535797Z GOTELEMETRY='local'
2026-10-04T00:29:47.4536059Z GOTELEMETRYDIR='/home/runner/.config/go/telemetry'
2026-10-04T00:29:47.4536467Z GOTMPDIR=''
2026-10-04T00:29:47.4536645Z GOTOOLCHAIN='local'
2026-10-04T00:29:47.4537142Z GOTOOLDIR='/opt/hostedtoolcache/go/1.24.8/x64/pkg/tool/linux_amd64'
2026-10-04T00:29:47.4537483Z GOVCS=''
2026-10-04T00:29:47.4537667Z GOVERSION='go1.24.8'
2026-10-04T00:29:47.4537893Z GOWORK=''
2026-10-04T00:29:47.4538084Z PKG_CONFIG='pkg-config'
2026-10-04T00:29:47.4538239Z 
2026-10-04T00:29:47.4538847Z ##[endgroup]
2026-10-04T00:29:47.4821385Z ##[group]Run python scripts/run_logged.py evidence/archive-build.log -- python scripts/build_archive_fixture.py --output evidence/archive-image.json
2026-10-04T00:29:47.4822182Z [36;1mpython scripts/run_logged.py evidence/archive-build.log -- python scripts/build_archive_fixture.py --output evidence/archive-image.json[0m
2026-10-04T00:29:47.4879246Z shell: /usr/bin/bash --noprofile --norc -e -o pipefail {0}
2026-10-04T00:29:47.4879512Z env:
2026-10-04T00:29:47.4879675Z   NEXT_TELEMETRY_DISABLED: 1
2026-10-04T00:29:47.4879925Z   pythonLocation: /opt/hostedtoolcache/Python/3.13.15/x64
2026-10-04T00:29:47.4880261Z   PKG_CONFIG_PATH: /opt/hostedtoolcache/Python/3.13.15/x64/lib/pkgconfig
2026-10-04T00:29:47.4880589Z   Python_ROOT_DIR: /opt/hostedtoolcache/Python/3.13.15/x64
2026-10-04T00:29:47.4880876Z   Python2_ROOT_DIR: /opt/hostedtoolcache/Python/3.13.15/x64
2026-10-04T00:29:47.4881161Z   Python3_ROOT_DIR: /opt/hostedtoolcache/Python/3.13.15/x64
2026-10-04T00:29:47.4881481Z   LD_LIBRARY_PATH: /opt/hostedtoolcache/Python/3.13.15/x64/lib
2026-10-04T00:29:47.4881735Z   GOTOOLCHAIN: local
2026-10-04T00:29:47.4881912Z ##[endgroup]
2026-10-04T00:30:18.3304009Z From https://github.com/minio/minio
2026-10-04T00:30:18.3304498Z  * branch            7aac2a2c5b7c882e68c1ce017d8256be2feea27f -> FETCH_HEAD
2026-10-04T00:30:18.3304985Z HEAD is now at 7aac2a2 update README.md format and clarify state of the project
2026-10-04T00:30:18.3305406Z go: downloading cloud.google.com/go/storage v1.52.0
2026-10-04T00:30:18.3306017Z go: downloading github.com/Azure/azure-sdk-for-go/sdk/azcore v1.18.0
2026-10-04T00:30:18.3306462Z go: downloading github.com/Azure/azure-sdk-for-go/sdk/azidentity v1.9.0
2026-10-04T00:30:18.3306914Z go: downloading github.com/Azure/azure-sdk-for-go/sdk/storage/azblob v1.6.1
2026-10-04T00:30:18.3307301Z go: downloading github.com/cespare/xxhash/v2 v2.3.0
2026-10-04T00:30:18.3307630Z go: downloading github.com/cheggaaa/pb v1.0.29
2026-10-04T00:30:18.3308008Z go: downloading github.com/coreos/go-oidc/v3 v3.14.1
2026-10-04T00:30:18.3308348Z go: downloading github.com/coreos/go-systemd/v22 v22.5.0
2026-10-04T00:30:18.3308704Z go: downloading github.com/cosnicolaou/pbzip2 v1.0.5
2026-10-04T00:30:18.3309015Z go: downloading github.com/dchest/siphash v1.2.3
2026-10-04T00:30:18.3309367Z go: downloading cloud.google.com/go v0.120.1
2026-10-04T00:30:18.3309682Z go: downloading github.com/dustin/go-humanize v1.0.1
2026-10-04T00:30:18.3310011Z go: downloading github.com/fatih/color v1.18.0
2026-10-04T00:30:18.3310327Z go: downloading github.com/felixge/fgprof v0.9.5
2026-10-04T00:30:18.3310646Z go: downloading github.com/go-openapi/loads v0.22.0
2026-10-04T00:30:18.3310957Z go: downloading github.com/golang-jwt/jwt/v4 v4.5.2
2026-10-04T00:30:18.3311249Z go: downloading github.com/google/uuid v1.6.0
2026-10-04T00:30:18.3311598Z go: downloading github.com/inconshreveable/mousetrap v1.1.0
2026-10-04T00:30:18.3311956Z go: downloading github.com/json-iterator/go v1.1.12
2026-10-04T00:30:18.3312294Z go: downloading github.com/klauspost/compress v1.18.0
2026-10-04T00:30:18.3312620Z go: downloading github.com/klauspost/pgzip v1.2.6
2026-10-04T00:30:18.3313178Z go: downloading github.com/klauspost/readahead v1.4.0
2026-10-04T00:30:18.3313497Z go: downloading github.com/klauspost/filepathx v1.1.1
2026-10-04T00:30:18.3313825Z go: downloading github.com/klauspost/reedsolomon v1.12.4
2026-10-04T00:30:18.3314161Z go: downloading github.com/lithammer/shortuuid/v4 v4.2.0
2026-10-04T00:30:18.3314467Z go: downloading github.com/miekg/dns v1.1.65
2026-10-04T00:30:18.3314747Z go: downloading github.com/minio/cli v1.24.2
2026-10-04T00:30:18.3315125Z go: downloading github.com/minio/console v1.7.7-0.20250905210349-2017f33b26e1
2026-10-04T00:30:18.3315492Z go: downloading github.com/minio/dnscache v0.1.1
2026-10-04T00:30:18.3316028Z go: downloading github.com/minio/dperf v0.6.3
2026-10-04T00:30:18.3316456Z go: downloading github.com/minio/highwayhash v1.0.3
2026-10-04T00:30:18.3317035Z go: downloading github.com/minio/kms-go/kes v0.3.1
2026-10-04T00:30:18.3317428Z go: downloading github.com/minio/madmin-go/v3 v3.0.109
2026-10-04T00:30:18.3317966Z go: downloading github.com/minio/minio-go/v7 v7.0.91
2026-10-04T00:30:18.3318437Z go: downloading github.com/minio/mux v1.9.2
2026-10-04T00:30:18.3318892Z go: downloading github.com/minio/pkg/v3 v3.1.3
2026-10-04T00:30:18.3319210Z go: downloading github.com/minio/selfupdate v0.6.0
2026-10-04T00:30:18.3319505Z go: downloading github.com/minio/xxml v0.0.3
2026-10-04T00:30:18.3319781Z go: downloading github.com/minio/sio v0.4.1
2026-10-04T00:30:18.3320064Z go: downloading github.com/minio/zipindex v0.4.0
2026-10-04T00:30:18.3320378Z go: downloading github.com/mitchellh/go-homedir v1.1.0
2026-10-04T00:30:18.3320686Z go: downloading github.com/philhofer/fwd v1.2.0
2026-10-04T00:30:18.3320990Z go: downloading github.com/pierrec/lz4/v4 v4.1.22
2026-10-04T00:30:18.3321279Z go: downloading github.com/pkg/errors v0.9.1
2026-10-04T00:30:18.3321553Z go: downloading github.com/pkg/sftp v1.13.9
2026-10-04T00:30:18.3321833Z go: downloading github.com/pkg/xattr v0.4.10
2026-10-04T00:30:18.3322155Z go: downloading github.com/prometheus/client_golang v1.22.0
2026-10-04T00:30:18.3322493Z go: downloading github.com/prometheus/common v0.63.0
2026-10-04T00:30:18.3322820Z go: downloading github.com/prometheus/procfs v0.16.1
2026-10-04T00:30:18.3323156Z go: downloading github.com/prometheus/client_model v0.6.2
2026-10-04T00:30:18.3323484Z go: downloading github.com/puzpuzpuz/xsync/v3 v3.5.1
2026-10-04T00:30:18.3323908Z go: downloading github.com/rcrowley/go-metrics v0.0.0-20250401214520-65e299d6c5c9
2026-10-04T00:30:18.3324272Z go: downloading github.com/rs/cors v1.11.1
2026-10-04T00:30:18.3324565Z go: downloading github.com/secure-io/sio-go v0.3.1
2026-10-04T00:30:18.3324883Z go: downloading github.com/shirou/gopsutil/v3 v3.24.5
2026-10-04T00:30:18.3325187Z go: downloading github.com/tinylib/msgp v1.4.0
2026-10-04T00:30:18.3325511Z go: downloading github.com/valyala/bytebufferpool v1.0.0
2026-10-04T00:30:18.3325971Z go: downloading github.com/zeebo/xxh3 v1.0.2
2026-10-04T00:30:18.3326263Z go: downloading go.etcd.io/etcd/api/v3 v3.5.21
2026-10-04T00:30:18.3326606Z go: downloading go.etcd.io/etcd/client/v3 v3.5.21
2026-10-04T00:30:18.3327054Z go: downloading go.uber.org/atomic v1.11.0
2026-10-04T00:30:18.3327514Z go: downloading goftp.io/server/v2 v2.0.1
2026-10-04T00:30:18.3327971Z go: downloading golang.org/x/crypto v0.37.0
2026-10-04T00:30:18.3328427Z go: downloading golang.org/x/oauth2 v0.29.0
2026-10-04T00:30:18.3328868Z go: downloading golang.org/x/sync v0.13.0
2026-10-04T00:30:18.3329305Z go: downloading golang.org/x/sys v0.32.0
2026-10-04T00:30:18.3329728Z go: downloading golang.org/x/term v0.31.0
2026-10-04T00:30:18.3330189Z go: downloading google.golang.org/api v0.230.0
2026-10-04T00:30:18.3330644Z go: downloading gopkg.in/yaml.v2 v2.4.0
2026-10-04T00:30:18.3331077Z go: downloading gopkg.in/yaml.v3 v3.0.1
2026-10-04T00:30:18.3331677Z go: downloading github.com/Azure/azure-sdk-for-go/sdk/internal v1.11.1
2026-10-04T00:30:18.3332485Z go: downloading github.com/AzureAD/microsoft-authentication-library-for-go v1.4.2
2026-10-04T00:30:18.3333349Z go: downloading github.com/mattn/go-runewidth v0.0.16
2026-10-04T00:30:18.3333891Z go: downloading github.com/go-jose/go-jose/v4 v4.1.0
2026-10-04T00:30:18.3334419Z go: downloading github.com/mattn/go-colorable v0.1.14
2026-10-04T00:30:22.7089383Z go: downloading github.com/mattn/go-isatty v0.0.20
2026-10-04T00:30:22.7089886Z go: downloading github.com/google/pprof v0.0.0-20250422154841-e1f9c1950416
2026-10-04T00:30:22.7090321Z go: downloading cloud.google.com/go/compute/metadata v0.6.0
2026-10-04T00:30:22.7090664Z go: downloading cloud.google.com/go/iam v1.5.2
2026-10-04T00:30:22.7091153Z go: downloading github.com/GoogleCloudPlatform/opentelemetry-operations-go/exporter/metric v0.51.0
2026-10-04T00:30:22.7091640Z go: downloading github.com/googleapis/gax-go/v2 v2.14.1
2026-10-04T00:30:22.7092020Z go: downloading go.opentelemetry.io/contrib/detectors/gcp v1.35.0
2026-10-04T00:30:22.7092826Z go: downloading go.opentelemetry.io/otel v1.35.0
2026-10-04T00:30:22.7093373Z go: downloading go.opentelemetry.io/otel/sdk/metric v1.35.0
2026-10-04T00:30:22.7093896Z go: downloading go.opentelemetry.io/otel/sdk v1.35.0
2026-10-04T00:30:22.7094417Z go: downloading go.opentelemetry.io/otel/trace v1.35.0
2026-10-04T00:30:22.7095014Z go: downloading google.golang.org/genproto v0.0.0-20250422160041-2d3770c4ea7f
2026-10-04T00:30:22.7095534Z go: downloading google.golang.org/grpc v1.72.0
2026-10-04T00:30:22.7096297Z go: downloading google.golang.org/protobuf v1.36.6
2026-10-04T00:30:22.7096939Z go: downloading github.com/go-openapi/analysis v0.23.0
2026-10-04T00:30:22.7097457Z go: downloading github.com/go-openapi/spec v0.21.0
2026-10-04T00:30:22.7097954Z go: downloading github.com/go-openapi/swag v0.23.1
2026-10-04T00:30:22.7098393Z go: downloading github.com/modern-go/concurrent v0.0.0-20180306012644-bacd9c7ef1dd
2026-10-04T00:30:22.7098790Z go: downloading github.com/modern-go/reflect2 v1.0.2
2026-10-04T00:30:22.7099110Z go: downloading golang.org/x/net v0.39.0
2026-10-04T00:30:22.7099421Z go: downloading github.com/klauspost/cpuid/v2 v2.2.10
2026-10-04T00:30:22.7099750Z go: downloading github.com/go-openapi/errors v0.22.1
2026-10-04T00:30:22.7100065Z go: downloading github.com/go-openapi/runtime v0.28.0
2026-10-04T00:30:22.7100384Z go: downloading github.com/jessevdk/go-flags v1.6.1
2026-10-04T00:30:22.7100767Z go: downloading github.com/minio/mc v0.0.0-20250313080218-cf909e1063a9
2026-10-04T00:30:22.7101119Z go: downloading github.com/minio/websocket v1.6.0
2026-10-04T00:30:22.7101431Z go: downloading github.com/unrolled/secure v1.17.0
2026-10-04T00:30:22.7101752Z go: downloading github.com/go-openapi/strfmt v0.23.0
2026-10-04T00:30:22.7102056Z go: downloading github.com/ncw/directio v1.0.5
2026-10-04T00:30:22.7102329Z go: downloading aead.dev/mem v0.2.0
2026-10-04T00:30:22.7102627Z go: downloading github.com/prometheus/prom2json v1.4.2
2026-10-04T00:30:22.7102958Z go: downloading github.com/safchain/ethtool v0.5.10
2026-10-04T00:30:22.7103265Z go: downloading github.com/goccy/go-json v0.10.5
2026-10-04T00:30:22.7103570Z go: downloading github.com/minio/crc64nvme v1.0.1
2026-10-04T00:30:22.7103883Z go: downloading github.com/minio/md5-simd v1.1.2
2026-10-04T00:30:22.7104166Z go: downloading github.com/rs/xid v1.6.0
2026-10-04T00:30:22.7104447Z go: downloading github.com/go-ini/ini v1.67.0
2026-10-04T00:30:22.7104732Z go: downloading golang.org/x/time v0.11.0
2026-10-04T00:30:22.7105013Z go: downloading github.com/beevik/ntp v1.4.3
2026-10-04T00:30:22.7105296Z go: downloading go.uber.org/zap v1.27.0
2026-10-04T00:30:22.7105593Z go: downloading github.com/go-ldap/ldap/v3 v3.4.11
2026-10-04T00:30:22.7106115Z go: downloading github.com/rabbitmq/amqp091-go v1.10.0
2026-10-04T00:30:22.7106426Z go: downloading github.com/IBM/sarama v1.45.1
2026-10-04T00:30:22.7106766Z go: downloading github.com/eclipse/paho.mqtt.golang v1.5.0
2026-10-04T00:30:22.7107158Z go: downloading github.com/elastic/go-elasticsearch/v7 v7.17.10
2026-10-04T00:30:22.7107522Z go: downloading github.com/go-sql-driver/mysql v1.9.2
2026-10-04T00:30:22.7108038Z go: downloading github.com/gomodule/redigo v1.9.2
2026-10-04T00:30:22.7108355Z go: downloading github.com/lib/pq v1.10.9
2026-10-04T00:30:22.7108647Z go: downloading github.com/nats-io/nats.go v1.41.2
2026-10-04T00:30:22.7108951Z go: downloading github.com/nats-io/stan.go v0.10.4
2026-10-04T00:30:22.7109249Z go: downloading github.com/nsqio/go-nsq v1.1.0
2026-10-04T00:30:22.7109534Z go: downloading github.com/xdg/scram v1.0.5
2026-10-04T00:30:22.7109829Z go: downloading github.com/buger/jsonparser v1.1.1
2026-10-04T00:30:22.7110115Z go: downloading github.com/gobwas/ws v1.4.0
2026-10-04T00:30:22.7110377Z go: downloading aead.dev/mtls v0.2.1
2026-10-04T00:30:22.7110754Z go: downloading github.com/minio/kms-go/kms v0.5.1-0.20250225090116-4e64ce8d0f35
2026-10-04T00:30:22.7111141Z go: downloading github.com/minio/simdjson-go v0.4.5
2026-10-04T00:30:22.7111561Z go: downloading github.com/rjeczalik/notify v0.9.3
2026-10-04T00:30:22.7111871Z go: downloading github.com/fatih/structs v1.1.0
2026-10-04T00:30:22.7112192Z go: downloading github.com/lestrrat-go/jwx/v2 v2.1.4
2026-10-04T00:30:22.7112476Z go: downloading aead.dev/minisign v0.3.0
2026-10-04T00:30:22.7112742Z go: downloading github.com/kr/fs v0.1.0
2026-10-04T00:30:22.7113026Z go: downloading github.com/beorn7/perks v1.0.1
2026-10-04T00:30:22.7113413Z go: downloading github.com/munnerz/goautoneg v0.0.0-20191010083416-a7dc8b61c822
2026-10-04T00:30:22.7113793Z go: downloading github.com/tklauser/go-sysconf v0.3.15
2026-10-04T00:30:22.7114100Z go: downloading github.com/gogo/protobuf v1.3.2
2026-10-04T00:30:22.7114401Z go: downloading github.com/golang/protobuf v1.5.4
2026-10-04T00:30:22.7114722Z go: downloading go.etcd.io/etcd/client/pkg/v3 v3.5.21
2026-10-04T00:30:22.7115043Z go: downloading github.com/kylelemons/godebug v1.1.0
2026-10-04T00:30:22.7115421Z go: downloading github.com/pkg/browser v0.0.0-20240102092130-5ac0b6a4141c
2026-10-04T00:30:22.7116025Z go: downloading github.com/rivo/uniseg v0.4.7
2026-10-04T00:30:22.7116475Z go: downloading google.golang.org/genproto/googleapis/api v0.0.0-20250422160041-2d3770c4ea7f
2026-10-04T00:30:22.7117029Z go: downloading google.golang.org/genproto/googleapis/rpc v0.0.0-20250422160041-2d3770c4ea7f
2026-10-04T00:30:22.7117445Z go: downloading cloud.google.com/go/monitoring v1.24.2
2026-10-04T00:30:23.6358868Z go: downloading github.com/GoogleCloudPlatform/opentelemetry-operations-go/internal/resourcemapping v0.51.0
2026-10-04T00:30:23.6359611Z go: downloading github.com/GoogleCloudPlatform/opentelemetry-operations-go/detectors/gcp v1.27.0
2026-10-04T00:30:23.6360069Z go: downloading github.com/go-logr/logr v1.4.2
2026-10-04T00:30:23.6360403Z go: downloading go.opentelemetry.io/otel/metric v1.35.0
2026-10-04T00:30:23.6360726Z go: downloading cloud.google.com/go/auth v0.16.0
2026-10-04T00:30:23.6361071Z go: downloading cloud.google.com/go/auth/oauth2adapt v0.2.8
2026-10-04T00:30:23.6361562Z go: downloading go.opentelemetry.io/contrib/instrumentation/net/http/otelhttp v0.60.0
2026-10-04T00:30:23.6361990Z go: downloading github.com/go-openapi/jsonpointer v0.21.1
2026-10-04T00:30:23.6362351Z go: downloading github.com/go-openapi/jsonreference v0.21.0
2026-10-04T00:30:23.6362676Z go: downloading github.com/mailru/easyjson v0.9.0
2026-10-04T00:30:23.6363001Z go: downloading github.com/go-openapi/validate v0.24.0
2026-10-04T00:30:23.6363308Z go: downloading github.com/docker/go-units v0.5.0
2026-10-04T00:30:23.6363624Z go: downloading github.com/charmbracelet/bubbles v0.20.0
2026-10-04T00:30:23.6376378Z go: downloading github.com/charmbracelet/bubbletea v1.3.4
2026-10-04T00:30:23.6377045Z go: downloading github.com/charmbracelet/lipgloss v1.0.0
2026-10-04T00:30:23.6377706Z go: downloading github.com/google/shlex v0.0.0-20191202100458-e7afc7fbc510
2026-10-04T00:30:23.6378360Z go: downloading github.com/jedib0t/go-pretty/v6 v6.6.7
2026-10-04T00:30:23.6378887Z go: downloading github.com/mattn/go-ieproxy v0.0.12
2026-10-04T00:30:23.6379405Z go: downloading github.com/minio/colorjson v1.0.8
2026-10-04T00:30:23.6379901Z go: downloading github.com/minio/filepath v1.0.0
2026-10-04T00:30:23.6380638Z go: downloading github.com/muesli/reflow v0.3.0
2026-10-04T00:30:23.6381122Z go: downloading github.com/muesli/termenv v0.16.0
2026-10-04T00:30:23.6395976Z go: downloading github.com/olekukonko/tablewriter v0.0.5
2026-10-04T00:30:23.6396543Z go: downloading github.com/posener/complete v1.2.3
2026-10-04T00:30:23.6397113Z go: downloading github.com/tidwall/gjson v1.18.0
2026-10-04T00:30:23.6397642Z go: downloading github.com/vbauerster/mpb/v8 v8.9.3
2026-10-04T00:30:23.6398109Z go: downloading golang.org/x/text v0.24.0
2026-10-04T00:30:23.6398777Z go: downloading github.com/asaskevich/govalidator v0.0.0-20230301143203-a9d515a09cc2
2026-10-04T00:30:23.6399498Z go: downloading github.com/mitchellh/mapstructure v1.5.0
2026-10-04T00:30:23.6400209Z go: downloading github.com/oklog/ulid v1.3.1
2026-10-04T00:30:23.6423347Z go: downloading go.mongodb.org/mongo-driver v1.17.3
2026-10-04T00:30:23.6423940Z go: downloading github.com/matttproud/golang_protobuf_extensions v1.0.4
2026-10-04T00:30:23.6424612Z go: downloading github.com/Azure/go-ntlmssp v0.0.0-20221128193559-754e69321358
2026-10-04T00:30:23.6425102Z go: downloading github.com/go-asn1-ber/asn1-ber v1.5.8-0.20250403174932-29230038a667
2026-10-04T00:30:23.6425478Z go: downloading go.uber.org/multierr v1.11.0
2026-10-04T00:30:23.6426013Z go: downloading github.com/gorilla/websocket v1.5.3
2026-10-04T00:30:23.6426509Z go: downloading filippo.io/edwards25519 v1.1.0
2026-10-04T00:30:23.6427159Z go: downloading github.com/davecgh/go-spew v1.1.2-0.20180830191138-d8f796af33cc
2026-10-04T00:30:23.6427820Z go: downloading github.com/eapache/go-resiliency v1.7.0
2026-10-04T00:30:23.6428382Z go: downloading github.com/eapache/go-xerial-snappy v0.0.0-20230731223053-c322873962e3
2026-10-04T00:30:23.6428787Z go: downloading github.com/eapache/queue v1.1.0
2026-10-04T00:30:23.6429121Z go: downloading github.com/hashicorp/go-multierror v1.1.1
2026-10-04T00:30:23.6429452Z go: downloading github.com/jcmturner/gofork v1.7.6
2026-10-04T00:30:23.6429943Z go: downloading github.com/jcmturner/gokrb5/v8 v8.4.4
2026-10-04T00:30:23.6430492Z go: downloading github.com/nats-io/nuid v1.0.1
2026-10-04T00:30:23.6431011Z go: downloading github.com/xdg/stringprep v1.0.3
2026-10-04T00:30:23.6431371Z go: downloading github.com/golang/snappy v1.0.0
2026-10-04T00:30:23.6431764Z go: downloading github.com/gobwas/httphead v0.1.0
2026-10-04T00:30:23.6432077Z go: downloading github.com/gobwas/pool v0.2.1
2026-10-04T00:30:23.6432382Z go: downloading github.com/nats-io/nkeys v0.4.11
2026-10-04T00:30:23.6432690Z go: downloading github.com/minio/csvparser v1.0.0
2026-10-04T00:30:23.6433011Z go: downloading github.com/fraugster/parquet-go v0.12.0
2026-10-04T00:30:23.6433341Z go: downloading github.com/alecthomas/participle v0.7.1
2026-10-04T00:30:23.6433660Z go: downloading github.com/lestrrat-go/option v1.0.1
2026-10-04T00:30:23.6434000Z go: downloading github.com/lestrrat-go/blackmagic v1.0.2
2026-10-04T00:30:23.6434337Z go: downloading github.com/lestrrat-go/httprc v1.0.6
2026-10-04T00:30:23.6434655Z go: downloading github.com/lestrrat-go/iter v1.0.2
2026-10-04T00:30:23.6434967Z go: downloading github.com/coreos/go-semver v0.3.1
2026-10-04T00:30:23.6435269Z go: downloading github.com/tklauser/numcpus v0.10.0
2026-10-04T00:30:23.6435577Z go: downloading github.com/golang-jwt/jwt/v5 v5.2.2
2026-10-04T00:30:23.6436371Z go: downloading go.opentelemetry.io/contrib/instrumentation/google.golang.org/grpc/otelgrpc v0.60.0
2026-10-04T00:30:23.6436822Z go: downloading github.com/go-logr/stdr v1.2.2
2026-10-04T00:30:23.6437130Z go: downloading go.opentelemetry.io/auto/sdk v1.1.0
2026-10-04T00:30:23.6437434Z go: downloading github.com/google/s2a-go v0.1.9
2026-10-04T00:30:23.6437821Z go: downloading github.com/googleapis/enterprise-certificate-proxy v0.3.6
2026-10-04T00:30:23.6438263Z go: downloading github.com/envoyproxy/go-control-plane/envoy v1.32.4
2026-10-04T00:30:23.6438635Z go: downloading github.com/felixge/httpsnoop v1.0.4
2026-10-04T00:30:23.6439122Z go: downloading github.com/josharian/intern v1.0.0
2026-10-04T00:30:23.6439448Z go: downloading github.com/charmbracelet/x/ansi v0.8.0
2026-10-04T00:30:23.6439783Z go: downloading github.com/charmbracelet/x/term v0.2.1
2026-10-04T00:30:23.6440162Z go: downloading github.com/muesli/ansi v0.0.0-20230316100256-276c6243b2f6
2026-10-04T00:31:43.2660377Z go: downloading github.com/muesli/cancelreader v0.2.2
2026-10-04T00:31:43.2661818Z go: downloading github.com/juju/ratelimit v1.0.2
2026-10-04T00:31:43.2662355Z go: downloading github.com/tidwall/match v1.1.1
2026-10-04T00:31:43.2662853Z go: downloading github.com/tidwall/pretty v1.2.1
2026-10-04T00:31:43.2663310Z go: downloading github.com/aymanbagabas/go-osc52/v2 v2.0.1
2026-10-04T00:31:43.2663682Z go: downloading github.com/lucasb-eyer/go-colorful v1.2.0
2026-10-04T00:31:43.2664349Z go: downloading github.com/acarl005/stripansi v0.0.0-20180116102854-5a71ef0e047d
2026-10-04T00:31:43.2664765Z go: downloading github.com/VividCortex/ewma v1.2.0
2026-10-04T00:31:43.2665133Z go: downloading github.com/prometheus/prometheus v0.303.0
2026-10-04T00:31:43.2665484Z go: downloading github.com/hashicorp/errwrap v1.1.0
2026-10-04T00:31:43.2666025Z go: downloading github.com/hashicorp/go-uuid v1.0.3
2026-10-04T00:31:43.2666354Z go: downloading github.com/jcmturner/dnsutils/v2 v2.0.0
2026-10-04T00:31:43.2666673Z go: downloading github.com/apache/thrift v0.21.0
2026-10-04T00:31:43.2666987Z go: downloading github.com/lestrrat-go/httpcc v1.0.1
2026-10-04T00:31:43.2667313Z go: downloading github.com/spiffe/go-spiffe/v2 v2.5.0
2026-10-04T00:31:43.2667701Z go: downloading github.com/cncf/xds/go v0.0.0-20250326154945-ae57f3c0d45f
2026-10-04T00:31:43.2668112Z go: downloading github.com/envoyproxy/protoc-gen-validate v1.2.1
2026-10-04T00:31:43.2668466Z go: downloading github.com/jcmturner/rpc/v2 v2.0.3
2026-10-04T00:31:43.2668757Z go: downloading cel.dev/expr v0.23.1
2026-10-04T00:31:43.2669044Z go: downloading github.com/zeebo/errs v1.4.0
2026-10-04T00:31:43.2669366Z go: downloading github.com/jcmturner/aescts/v2 v2.0.0
2026-10-04T00:31:43.2669716Z #0 building with "default" instance using docker driver
2026-10-04T00:31:43.2669896Z 
2026-10-04T00:31:43.2670087Z #1 [internal] load build definition from Dockerfile.fixture
2026-10-04T00:31:43.2670404Z #1 transferring dockerfile: 235B done
2026-10-04T00:31:43.2670621Z #1 DONE 0.0s
2026-10-04T00:31:43.2670720Z 
2026-10-04T00:31:43.2670842Z #2 [internal] load build context
2026-10-04T00:31:43.2671086Z #2 transferring context: 47.92MB 0.1s
2026-10-04T00:31:43.2671353Z #2 transferring context: 151.09MB 0.3s done
2026-10-04T00:31:43.2671571Z #2 DONE 0.3s
2026-10-04T00:31:43.2671667Z 
2026-10-04T00:31:43.2671763Z #3 [1/2] COPY minio /minio
2026-10-04T00:31:43.2671948Z #3 DONE 0.1s
2026-10-04T00:31:43.2672041Z 
2026-10-04T00:31:43.2672159Z #4 [2/2] COPY LICENSE /LICENSE
2026-10-04T00:31:43.2672353Z #4 DONE 3.9s
2026-10-04T00:31:43.2672439Z 
2026-10-04T00:31:43.2672537Z #5 exporting to image
2026-10-04T00:31:43.2672733Z #5 exporting layers
2026-10-04T00:31:43.2672936Z #5 exporting layers 0.2s done
2026-10-04T00:31:43.2673368Z #5 writing image sha256:7d1c6ca3b1f15f683f0081a6403386721e8798dd42446c31a1b0986c71645ec8 done
2026-10-04T00:31:43.2673869Z #5 naming to docker.io/library/airlock-archive-fixture:4edbfade980b done
2026-10-04T00:31:43.2674156Z #5 DONE 0.2s
2026-10-04T00:31:43.2676007Z {"source": "https://github.com/minio/minio.git", "source_commit": "7aac2a2c5b7c882e68c1ce017d8256be2feea27f", "binary_sha256": "e7425aad90f11c859f386485a63a5af888ee645a99fbfcdb64bd960d7d20f7a8", "runtime_image_id": "sha256:7d1c6ca3b1f15f683f0081a6403386721e8798dd42446c31a1b0986c71645ec8", "local_tag": "airlock-archive-fixture:4edbfade980b", "scope": "archived upstream source built only for throwaway S3 contract tests, not a production distribution recommendation"}
2026-10-04T00:31:43.2916788Z ##[group]Run python scripts/run_logged.py evidence/archive-integration.log -- python scripts/archive_integration.py --output evidence/archive-integration.json
2026-10-04T00:31:43.2917797Z [36;1mpython scripts/run_logged.py evidence/archive-integration.log -- python scripts/archive_integration.py --output evidence/archive-integration.json[0m
2026-10-04T00:31:43.2974999Z shell: /usr/bin/bash --noprofile --norc -e -o pipefail {0}
2026-10-04T00:31:43.2975265Z env:
2026-10-04T00:31:43.2975422Z   NEXT_TELEMETRY_DISABLED: 1
2026-10-04T00:31:43.2975826Z   pythonLocation: /opt/hostedtoolcache/Python/3.13.15/x64
2026-10-04T00:31:43.2976179Z   PKG_CONFIG_PATH: /opt/hostedtoolcache/Python/3.13.15/x64/lib/pkgconfig
2026-10-04T00:31:43.2976516Z   Python_ROOT_DIR: /opt/hostedtoolcache/Python/3.13.15/x64
2026-10-04T00:31:43.2976801Z   Python2_ROOT_DIR: /opt/hostedtoolcache/Python/3.13.15/x64
2026-10-04T00:31:43.2977086Z   Python3_ROOT_DIR: /opt/hostedtoolcache/Python/3.13.15/x64
2026-10-04T00:31:43.2977395Z   LD_LIBRARY_PATH: /opt/hostedtoolcache/Python/3.13.15/x64/lib
2026-10-04T00:31:43.2977645Z   GOTOOLCHAIN: local
2026-10-04T00:31:43.2977812Z ##[endgroup]
2026-10-04T00:31:44.6686043Z {"mode": "real_docker_s3_object_lock", "image_digests": [], "runtime_image_id": "sha256:7d1c6ca3b1f15f683f0081a6403386721e8798dd42446c31a1b0986c71645ec8", "receipt": {"bucket": "airlock-evidence", "key": "checkpoints/d1b3fcf639a24ad18657a8a2f1d680d8/000000000001-1e9f05255bbe007d290cd1628d0db28280c3c978cae3237a7cf8224a41b4a95a.json", "version_id": "5897b8f9-e3d2-45e4-9a81-50df872f7ecf", "sha256": "1e9f05255bbe007d290cd1628d0db28280c3c978cae3237a7cf8224a41b4a95a", "retain_until": "2026-10-05T00:31:44+00:00", "mode": "COMPLIANCE", "database_instance": "d1b3fcf639a24ad18657a8a2f1d680d8", "seq": 1}, "checks": ["delete_exact_version", "shorten_compliance", "downgrade_to_governance", "version_pinned_after_new_version", "retrieved_anchor_detects_tail_deletion", "unapproved_target_unchanged", "receipt_sequence_substitution_rejected", "receipt_database_substitution_rejected", "expired_receipt_rejected"], "actual_denials": {"delete_exact_version": {"http_status": 400, "code": "InvalidRequest", "message": "Object is WORM protected and cannot be overwritten"}, "shorten_compliance": {"http_status": 400, "code": "InvalidRequest", "message": "Object is WORM protected and cannot be overwritten"}, "downgrade_to_governance": {"http_status": 400, "code": "InvalidRequest", "message": "Object is WORM protected and cannot be overwritten"}}, "credential_scope": "new synthetic fixture only; never read default AWS credentials", "retention_scope": "COMPLIANCE API semantics; temporary test container removed, not permanent production archive", "exit_code": 0}
2026-10-04T00:31:44.6960714Z ##[group]Run python scripts/run_logged.py evidence/research-pipeline.log -- python scripts/research_pipeline.py --output evidence/research-pipeline
2026-10-04T00:31:44.6961537Z [36;1mpython scripts/run_logged.py evidence/research-pipeline.log -- python scripts/research_pipeline.py --output evidence/research-pipeline[0m
2026-10-04T00:31:44.7018996Z shell: /usr/bin/bash --noprofile --norc -e -o pipefail {0}
2026-10-04T00:31:44.7019267Z env:
2026-10-04T00:31:44.7019435Z   NEXT_TELEMETRY_DISABLED: 1
2026-10-04T00:31:44.7019702Z   pythonLocation: /opt/hostedtoolcache/Python/3.13.15/x64
2026-10-04T00:31:44.7020039Z   PKG_CONFIG_PATH: /opt/hostedtoolcache/Python/3.13.15/x64/lib/pkgconfig
2026-10-04T00:31:44.7020362Z   Python_ROOT_DIR: /opt/hostedtoolcache/Python/3.13.15/x64
2026-10-04T00:31:44.7020656Z   Python2_ROOT_DIR: /opt/hostedtoolcache/Python/3.13.15/x64
2026-10-04T00:31:44.7020947Z   Python3_ROOT_DIR: /opt/hostedtoolcache/Python/3.13.15/x64
2026-10-04T00:31:44.7021272Z   LD_LIBRARY_PATH: /opt/hostedtoolcache/Python/3.13.15/x64/lib
2026-10-04T00:31:44.7021528Z   GOTOOLCHAIN: local
2026-10-04T00:31:44.7021703Z ##[endgroup]
2026-10-04T00:31:45.2770360Z {"status": "PASS", "meaning": "Pipeline contract passed; research acceptance remains blocked", "source_families": 3, "source_types": ["synthetic", "public_incident"], "public_incident_families": 1, "human_participants": 0, "paired_human_labels": 0, "authorized_log_records": 0, "checks": ["blank_annotation_templates_only", "exact_prediction_coverage", "authority_and_semantic_metrics_separate", "missing_humans_do_not_pass", "no_target_write", "empty_governance_denominators_remain_unknown"]}
2026-10-04T00:31:45.3040116Z ##[group]Run python scripts/run_logged.py evidence/container-integrations.log -- python scripts/container_integrations.py
2026-10-04T00:31:45.3040775Z [36;1mpython scripts/run_logged.py evidence/container-integrations.log -- python scripts/container_integrations.py[0m
2026-10-04T00:31:45.3097828Z shell: /usr/bin/bash --noprofile --norc -e -o pipefail {0}
2026-10-04T00:31:45.3098090Z env:
2026-10-04T00:31:45.3098255Z   NEXT_TELEMETRY_DISABLED: 1
2026-10-04T00:31:45.3098503Z   pythonLocation: /opt/hostedtoolcache/Python/3.13.15/x64
2026-10-04T00:31:45.3098833Z   PKG_CONFIG_PATH: /opt/hostedtoolcache/Python/3.13.15/x64/lib/pkgconfig
2026-10-04T00:31:45.3099153Z   Python_ROOT_DIR: /opt/hostedtoolcache/Python/3.13.15/x64
2026-10-04T00:31:45.3099440Z   Python2_ROOT_DIR: /opt/hostedtoolcache/Python/3.13.15/x64
2026-10-04T00:31:45.3099742Z   Python3_ROOT_DIR: /opt/hostedtoolcache/Python/3.13.15/x64
2026-10-04T00:31:45.3100052Z   LD_LIBRARY_PATH: /opt/hostedtoolcache/Python/3.13.15/x64/lib
2026-10-04T00:31:45.3100302Z   GOTOOLCHAIN: local
2026-10-04T00:31:45.3100473Z ##[endgroup]
2026-10-04T00:31:51.9805563Z {
2026-10-04T00:31:51.9806021Z   "envoy": {
2026-10-04T00:31:51.9806443Z     "image": "envoyproxy/envoy:v1.39.1",
2026-10-04T00:31:51.9807428Z     "repo_digests": "[\"envoyproxy/envoy@sha256:57e14a549d7bd43c8d3f6d03e8cfa653e037d4b38e133acd9b54f38c524401b4\"]",
2026-10-04T00:31:51.9808087Z     "rows": [
2026-10-04T00:31:51.9808345Z       {
2026-10-04T00:31:51.9808628Z         "case": "zero",
2026-10-04T00:31:51.9808995Z         "rule": "threshold",
2026-10-04T00:31:51.9809485Z         "airlock_expression": "changed_rows >= 100",
2026-10-04T00:31:51.9810152Z         "envoy_expression": "int(request.headers['x-rows']) >= 100",
2026-10-04T00:31:51.9810636Z         "airlock_hit": false,
2026-10-04T00:31:51.9810990Z         "expected": false,
2026-10-04T00:31:51.9811301Z         "envoy_hit": false
2026-10-04T00:31:51.9811492Z       },
2026-10-04T00:31:51.9811654Z       {
2026-10-04T00:31:51.9811856Z         "case": "zero",
2026-10-04T00:31:51.9812079Z         "rule": "write_only",
2026-10-04T00:31:51.9812486Z         "airlock_expression": "operation == \"delete\" && matched_rows != 0",
2026-10-04T00:31:51.9813131Z         "envoy_expression": "request.headers['x-operation'] == 'delete' && int(request.headers['x-rows']) != 0",
2026-10-04T00:31:51.9813543Z         "airlock_hit": false,
2026-10-04T00:31:51.9813774Z         "expected": false,
2026-10-04T00:31:51.9813992Z         "envoy_hit": false
2026-10-04T00:31:51.9814172Z       },
2026-10-04T00:31:51.9814335Z       {
2026-10-04T00:31:51.9814523Z         "case": "zero",
2026-10-04T00:31:51.9814736Z         "rule": "bounded",
2026-10-04T00:31:51.9815132Z         "airlock_expression": "!(changed_rows > 5) || operation == \"read\"",
2026-10-04T00:31:51.9816056Z         "envoy_expression": "!(int(request.headers['x-rows']) > 5) || request.headers['x-operation'] == 'read'",
2026-10-04T00:31:51.9816470Z         "airlock_hit": true,
2026-10-04T00:31:51.9816704Z         "expected": true,
2026-10-04T00:31:51.9816929Z         "envoy_hit": true
2026-10-04T00:31:51.9817119Z       },
2026-10-04T00:31:51.9817277Z       {
2026-10-04T00:31:51.9817465Z         "case": "small",
2026-10-04T00:31:51.9817687Z         "rule": "threshold",
2026-10-04T00:31:51.9818015Z         "airlock_expression": "changed_rows >= 100",
2026-10-04T00:31:51.9818424Z         "envoy_expression": "int(request.headers['x-rows']) >= 100",
2026-10-04T00:31:51.9818724Z         "airlock_hit": false,
2026-10-04T00:31:51.9818947Z         "expected": false,
2026-10-04T00:31:51.9819168Z         "envoy_hit": false
2026-10-04T00:31:51.9819348Z       },
2026-10-04T00:31:51.9819501Z       {
2026-10-04T00:31:51.9819684Z         "case": "small",
2026-10-04T00:31:51.9819900Z         "rule": "write_only",
2026-10-04T00:31:51.9820296Z         "airlock_expression": "operation == \"delete\" && matched_rows != 0",
2026-10-04T00:31:51.9821310Z         "envoy_expression": "request.headers['x-operation'] == 'delete' && int(request.headers['x-rows']) != 0",
2026-10-04T00:31:51.9821721Z         "airlock_hit": true,
2026-10-04T00:31:51.9821949Z         "expected": true,
2026-10-04T00:31:51.9822166Z         "envoy_hit": true
2026-10-04T00:31:51.9822344Z       },
2026-10-04T00:31:51.9822501Z       {
2026-10-04T00:31:51.9822681Z         "case": "small",
2026-10-04T00:31:51.9822919Z         "rule": "bounded",
2026-10-04T00:31:51.9823306Z         "airlock_expression": "!(changed_rows > 5) || operation == \"read\"",
2026-10-04T00:31:51.9823921Z         "envoy_expression": "!(int(request.headers['x-rows']) > 5) || request.headers['x-operation'] == 'read'",
2026-10-04T00:31:51.9824314Z         "airlock_hit": true,
2026-10-04T00:31:51.9824538Z         "expected": true,
2026-10-04T00:31:51.9824751Z         "envoy_hit": true
2026-10-04T00:31:51.9824928Z       },
2026-10-04T00:31:51.9825090Z       {
2026-10-04T00:31:51.9825279Z         "case": "high",
2026-10-04T00:31:51.9825504Z         "rule": "threshold",
2026-10-04T00:31:51.9826138Z         "airlock_expression": "changed_rows >= 100",
2026-10-04T00:31:51.9826670Z         "envoy_expression": "int(request.headers['x-rows']) >= 100",
2026-10-04T00:31:51.9826975Z         "airlock_hit": true,
2026-10-04T00:31:51.9827199Z         "expected": true,
2026-10-04T00:31:51.9827423Z         "envoy_hit": true
2026-10-04T00:31:51.9827608Z       },
2026-10-04T00:31:51.9827763Z       {
2026-10-04T00:31:51.9827947Z         "case": "high",
2026-10-04T00:31:51.9828167Z         "rule": "write_only",
2026-10-04T00:31:51.9828571Z         "airlock_expression": "operation == \"delete\" && matched_rows != 0",
2026-10-04T00:31:51.9829209Z         "envoy_expression": "request.headers['x-operation'] == 'delete' && int(request.headers['x-rows']) != 0",
2026-10-04T00:31:51.9829603Z         "airlock_hit": true,
2026-10-04T00:31:51.9829823Z         "expected": true,
2026-10-04T00:31:51.9830044Z         "envoy_hit": true
2026-10-04T00:31:51.9830219Z       },
2026-10-04T00:31:51.9830371Z       {
2026-10-04T00:31:51.9830559Z         "case": "high",
2026-10-04T00:31:51.9830773Z         "rule": "bounded",
2026-10-04T00:31:51.9831159Z         "airlock_expression": "!(changed_rows > 5) || operation == \"read\"",
2026-10-04T00:31:51.9831769Z         "envoy_expression": "!(int(request.headers['x-rows']) > 5) || request.headers['x-operation'] == 'read'",
2026-10-04T00:31:51.9832158Z         "airlock_hit": false,
2026-10-04T00:31:51.9832383Z         "expected": false,
2026-10-04T00:31:51.9832598Z         "envoy_hit": false
2026-10-04T00:31:51.9832776Z       },
2026-10-04T00:31:51.9832928Z       {
2026-10-04T00:31:51.9833107Z         "case": "read",
2026-10-04T00:31:51.9833319Z         "rule": "threshold",
2026-10-04T00:31:51.9833624Z         "airlock_expression": "changed_rows >= 100",
2026-10-04T00:31:51.9834026Z         "envoy_expression": "int(request.headers['x-rows']) >= 100",
2026-10-04T00:31:51.9834331Z         "airlock_hit": true,
2026-10-04T00:31:51.9834556Z         "expected": true,
2026-10-04T00:31:51.9834774Z         "envoy_hit": true
2026-10-04T00:31:51.9834952Z       },
2026-10-04T00:31:51.9835110Z       {
2026-10-04T00:31:51.9835292Z         "case": "read",
2026-10-04T00:31:51.9835505Z         "rule": "write_only",
2026-10-04T00:31:51.9836192Z         "airlock_expression": "operation == \"delete\" && matched_rows != 0",
2026-10-04T00:31:51.9836827Z         "envoy_expression": "request.headers['x-operation'] == 'delete' && int(request.headers['x-rows']) != 0",
2026-10-04T00:31:51.9837230Z         "airlock_hit": false,
2026-10-04T00:31:51.9837453Z         "expected": false,
2026-10-04T00:31:51.9837668Z         "envoy_hit": false
2026-10-04T00:31:51.9837846Z       },
2026-10-04T00:31:51.9837998Z       {
2026-10-04T00:31:51.9838178Z         "case": "read",
2026-10-04T00:31:51.9838391Z         "rule": "bounded",
2026-10-04T00:31:51.9838775Z         "airlock_expression": "!(changed_rows > 5) || operation == \"read\"",
2026-10-04T00:31:51.9839666Z         "envoy_expression": "!(int(request.headers['x-rows']) > 5) || request.headers['x-operation'] == 'read'",
2026-10-04T00:31:51.9840066Z         "airlock_hit": true,
2026-10-04T00:31:51.9840288Z         "expected": true,
2026-10-04T00:31:51.9840507Z         "envoy_hit": true
2026-10-04T00:31:51.9840683Z       }
2026-10-04T00:31:51.9840837Z     ],
2026-10-04T00:31:51.9841013Z     "status": "PASS",
2026-10-04T00:31:52.0277407Z     "scope": "Boolean/equality/ordering subset with explicit header-to-variable mapping; access-log filter, not Envoy authorization deployment.",
2026-10-04T00:31:52.0278868Z     "error_difference": "Missing/invalid Envoy attributes suppress its log. AIRLOCK rejects invalid typed activation and blocks authorization."
2026-10-04T00:31:52.0279343Z   },
2026-10-04T00:31:52.0279514Z   "otel": {
2026-10-04T00:31:52.0279709Z     "status": "PASS",
2026-10-04T00:31:52.0280014Z     "image": "otel/opentelemetry-collector:0.162.0",
2026-10-04T00:31:52.0280696Z     "repo_digests": "[\"otel/opentelemetry-collector@sha256:310a800ad69ee430e7c541796852a242c9c7db97aaad4daa5ccf843c525fbdb2\"]",
2026-10-04T00:31:52.0281382Z     "trace_id": "4b5ab5915be0449689be2bf4f3024e54",
2026-10-04T00:31:52.0281737Z     "result": {
2026-10-04T00:31:52.0282015Z       "status": "ok",
2026-10-04T00:31:52.0282239Z       "exported": 1
2026-10-04T00:31:52.0282418Z     },
2026-10-04T00:31:52.0282929Z     "scope": "Official Collector accepts OTLP JSON and debug exporter records the actual trace; no production backend claim."
2026-10-04T00:31:52.0283326Z   }
2026-10-04T00:31:52.0283528Z }
2026-10-04T00:31:52.0544500Z ##[group]Run python scripts/run_logged.py evidence/dependency-audit.log -- python -m pip_audit -r requirements-archive.txt --format json --output evidence/dependency-audit.json
2026-10-04T00:31:52.0545432Z [36;1mpython scripts/run_logged.py evidence/dependency-audit.log -- python -m pip_audit -r requirements-archive.txt --format json --output evidence/dependency-audit.json[0m
2026-10-04T00:31:52.0603128Z shell: /usr/bin/bash --noprofile --norc -e -o pipefail {0}
2026-10-04T00:31:52.0603396Z env:
2026-10-04T00:31:52.0603558Z   NEXT_TELEMETRY_DISABLED: 1
2026-10-04T00:31:52.0603809Z   pythonLocation: /opt/hostedtoolcache/Python/3.13.15/x64
2026-10-04T00:31:52.0604153Z   PKG_CONFIG_PATH: /opt/hostedtoolcache/Python/3.13.15/x64/lib/pkgconfig
2026-10-04T00:31:52.0604473Z   Python_ROOT_DIR: /opt/hostedtoolcache/Python/3.13.15/x64
2026-10-04T00:31:52.0604763Z   Python2_ROOT_DIR: /opt/hostedtoolcache/Python/3.13.15/x64
2026-10-04T00:31:52.0605082Z   Python3_ROOT_DIR: /opt/hostedtoolcache/Python/3.13.15/x64
2026-10-04T00:31:52.0605378Z   LD_LIBRARY_PATH: /opt/hostedtoolcache/Python/3.13.15/x64/lib
2026-10-04T00:31:52.0605834Z   GOTOOLCHAIN: local
2026-10-04T00:31:52.0606043Z ##[endgroup]
2026-10-04T00:31:58.2700236Z No known vulnerabilities found
2026-10-04T00:31:58.2956555Z ##[group]Run python scripts/run_logged.py evidence/latency.log -- python scripts/measure_latency.py --samples 60 --output evidence/latency.json
2026-10-04T00:31:58.2957353Z [36;1mpython scripts/run_logged.py evidence/latency.log -- python scripts/measure_latency.py --samples 60 --output evidence/latency.json[0m
2026-10-04T00:31:58.3014426Z shell: /usr/bin/bash --noprofile --norc -e -o pipefail {0}
2026-10-04T00:31:58.3014698Z env:
2026-10-04T00:31:58.3014866Z   NEXT_TELEMETRY_DISABLED: 1
2026-10-04T00:31:58.3015123Z   pythonLocation: /opt/hostedtoolcache/Python/3.13.15/x64
2026-10-04T00:31:58.3015491Z   PKG_CONFIG_PATH: /opt/hostedtoolcache/Python/3.13.15/x64/lib/pkgconfig
2026-10-04T00:31:58.3015965Z   Python_ROOT_DIR: /opt/hostedtoolcache/Python/3.13.15/x64
2026-10-04T00:31:58.3016258Z   Python2_ROOT_DIR: /opt/hostedtoolcache/Python/3.13.15/x64
2026-10-04T00:31:58.3016581Z   Python3_ROOT_DIR: /opt/hostedtoolcache/Python/3.13.15/x64
2026-10-04T00:31:58.3016907Z   LD_LIBRARY_PATH: /opt/hostedtoolcache/Python/3.13.15/x64/lib
2026-10-04T00:31:58.3017162Z   GOTOOLCHAIN: local
2026-10-04T00:31:58.3017509Z ##[endgroup]
2026-10-04T00:32:01.2573731Z {
2026-10-04T00:32:01.2574522Z   "scope": "1206-row synthetic SQLite; concurrency 1; warm HTTP client; same host and target",
2026-10-04T00:32:01.2575112Z   "python": "3.13.15",
2026-10-04T00:32:01.2575403Z   "sqlite": "3.53.1",
2026-10-04T00:32:01.2576010Z   "platform": "Linux-6.17.0-1022-azure-x86_64-with-glibc2.39",
2026-10-04T00:32:01.2576501Z   "processor": "x86_64",
2026-10-04T00:32:01.2576798Z   "logical_cpus": 4,
2026-10-04T00:32:01.2577071Z   "samples": 60,
2026-10-04T00:32:01.2577324Z   "seed": 2073,
2026-10-04T00:32:01.2577589Z   "warmup_calls": 10,
2026-10-04T00:32:01.2577942Z   "first_native_call_ms": 35.33372900000131,
2026-10-04T00:32:01.2578283Z   "read": {
2026-10-04T00:32:01.2578536Z     "direct_ms": {
2026-10-04T00:32:01.2578809Z       "n": 60,
2026-10-04T00:32:01.2579029Z       "mean": 0.3395040333344923,
2026-10-04T00:32:01.2579321Z       "p50": 0.3337420000093516,
2026-10-04T00:32:01.2579571Z       "p95": 0.3847689999929571,
2026-10-04T00:32:01.2579828Z       "p99": 0.4916699999739649
2026-10-04T00:32:01.2580024Z     },
2026-10-04T00:32:01.2580201Z     "proxy_ms": {
2026-10-04T00:32:01.2580388Z       "n": 60,
2026-10-04T00:32:01.2580601Z       "mean": 5.613882866667079,
2026-10-04T00:32:01.2580839Z       "p50": 3.661419999957616,
2026-10-04T00:32:01.2581228Z       "p95": 4.61619699996163,
2026-10-04T00:32:01.2581460Z       "p99": 90.88865100000021
2026-10-04T00:32:01.2581647Z     },
2026-10-04T00:32:01.2581823Z     "added_ms": {
2026-10-04T00:32:01.2582003Z       "n": 60,
2026-10-04T00:32:01.2582222Z       "mean": 5.2743788333325865,
2026-10-04T00:32:01.2582474Z       "p50": 3.332294000017555,
2026-10-04T00:32:01.2582708Z       "p95": 4.221732999951655,
2026-10-04T00:32:01.2582932Z       "p99": 90.58416299995997
2026-10-04T00:32:01.2583116Z     }
2026-10-04T00:32:01.2583265Z   },
2026-10-04T00:32:01.2583421Z   "write": {
2026-10-04T00:32:01.2583624Z     "submit_receipt_ms": {
2026-10-04T00:32:01.2583828Z       "n": 30,
2026-10-04T00:32:01.2584046Z       "p50": 11.6403069999933,
2026-10-04T00:32:01.2584281Z       "p95": 139.5995819999598,
2026-10-04T00:32:01.2584516Z       "p99": 151.05113500004563
2026-10-04T00:32:01.2584711Z     },
2026-10-04T00:32:01.2584944Z     "approval_request_to_effect_ms": {
2026-10-04T00:32:01.2585175Z       "n": 30,
2026-10-04T00:32:01.2585391Z       "p50": 17.732012999999824,
2026-10-04T00:32:01.2585788Z       "p95": 23.06418699998858,
2026-10-04T00:32:01.2586036Z       "p99": 25.300122999965424
2026-10-04T00:32:01.2586227Z     },
2026-10-04T00:32:01.2586399Z     "static_ms": {
2026-10-04T00:32:01.2586577Z       "n": 30,
2026-10-04T00:32:01.2586755Z       "p50": 0.055,
2026-10-04T00:32:01.2586939Z       "p95": 0.076,
2026-10-04T00:32:01.2587120Z       "p99": 0.082
2026-10-04T00:32:01.2587285Z     },
2026-10-04T00:32:01.2587457Z     "preview_ms": {
2026-10-04T00:32:01.2587638Z       "n": 30,
2026-10-04T00:32:01.2588077Z       "p50": 7.323,
2026-10-04T00:32:01.2588264Z       "p95": 8.007,
2026-10-04T00:32:01.2588445Z       "p99": 29.159
2026-10-04T00:32:01.2588606Z     },
2026-10-04T00:32:01.2588789Z     "evaluation_ms": {
2026-10-04T00:32:01.2588976Z       "n": 30,
2026-10-04T00:32:01.2589154Z       "p50": 8.621,
2026-10-04T00:32:01.2589335Z       "p95": 30.444,
2026-10-04T00:32:01.2589521Z       "p99": 147.674
2026-10-04T00:32:01.2589682Z     }
2026-10-04T00:32:01.2589832Z   },
2026-10-04T00:32:01.2589995Z   "not_measured": [
2026-10-04T00:32:01.2590185Z     "live LLM latency",
2026-10-04T00:32:01.2590395Z     "human review latency",
2026-10-04T00:32:01.2590644Z     "distributed upstream overhead",
2026-10-04T00:32:01.2590904Z     "cold OS filesystem cache",
2026-10-04T00:32:01.2591140Z     "production concurrency"
2026-10-04T00:32:01.2591326Z   ],
2026-10-04T00:32:01.2591930Z   "measurement_note": "direct includes SQLite connect/query; proxy includes HTTP, server admission, persistence and audit; negative deltas retained in raw rows",
2026-10-04T00:32:01.2593096Z   "phase_note": "server evaluation ends before final audit/commit/close; HTTP minus evaluation also includes transport, scheduling and serialization, not a pure fsync measurement. Phase data read after all timed requests."
2026-10-04T00:32:01.2593905Z }
2026-10-04T00:32:01.2837337Z ##[group]Run python scripts/run_logged.py evidence/ablation.log -- python -m benchmark.ablation --split test --output evidence/ablation.json
2026-10-04T00:32:01.2838063Z [36;1mpython scripts/run_logged.py evidence/ablation.log -- python -m benchmark.ablation --split test --output evidence/ablation.json[0m
2026-10-04T00:32:01.2895523Z shell: /usr/bin/bash --noprofile --norc -e -o pipefail {0}
2026-10-04T00:32:01.2895943Z env:
2026-10-04T00:32:01.2896114Z   NEXT_TELEMETRY_DISABLED: 1
2026-10-04T00:32:01.2896365Z   pythonLocation: /opt/hostedtoolcache/Python/3.13.15/x64
2026-10-04T00:32:01.2896698Z   PKG_CONFIG_PATH: /opt/hostedtoolcache/Python/3.13.15/x64/lib/pkgconfig
2026-10-04T00:32:01.2897021Z   Python_ROOT_DIR: /opt/hostedtoolcache/Python/3.13.15/x64
2026-10-04T00:32:01.2897328Z   Python2_ROOT_DIR: /opt/hostedtoolcache/Python/3.13.15/x64
2026-10-04T00:32:01.2897617Z   Python3_ROOT_DIR: /opt/hostedtoolcache/Python/3.13.15/x64
2026-10-04T00:32:01.2897934Z   LD_LIBRARY_PATH: /opt/hostedtoolcache/Python/3.13.15/x64/lib
2026-10-04T00:32:01.2898189Z   GOTOOLCHAIN: local
2026-10-04T00:32:01.2898364Z ##[endgroup]
2026-10-04T00:32:01.6037671Z {
2026-10-04T00:32:01.6038005Z   "split": "test",
2026-10-04T00:32:01.6038606Z   "corpus_sha256": "243854b51e7039324de4c31fa7a67af1a98ddc48b9c9edfbbac581a2c2f73af7",
2026-10-04T00:32:01.6039193Z   "live_model_requested": false,
2026-10-04T00:32:01.6039508Z   "limitations": [
2026-10-04T00:32:01.6039986Z     "Original synthetic corpus is unchanged and has no independent human danger gold.",
2026-10-04T00:32:01.6040569Z     "The pure model arm measures advice only; it cannot execute or bypass the production gate.",
2026-10-04T00:32:01.6041158Z     "Live model arms require AIRLOCK-only configuration, key and explicit budget authorization."
2026-10-04T00:32:01.6041522Z   ],
2026-10-04T00:32:01.6041691Z   "arms": {
2026-10-04T00:32:01.6041863Z     "keyword": {
2026-10-04T00:32:01.6042179Z       "status": "MEASURED",
2026-10-04T00:32:01.6042493Z       "n": 80
2026-10-04T00:32:01.6042719Z     },
2026-10-04T00:32:01.6042964Z     "pure_llm": {
2026-10-04T00:32:01.6043205Z       "status": "BLOCKED_EXTERNAL",
2026-10-04T00:32:01.6043423Z       "n": 0
2026-10-04T00:32:01.6043582Z     },
2026-10-04T00:32:01.6043764Z     "hybrid_no_preview": {
2026-10-04T00:32:01.6044011Z       "status": "BLOCKED_EXTERNAL",
2026-10-04T00:32:01.6044219Z       "n": 0
2026-10-04T00:32:01.6044379Z     },
2026-10-04T00:32:01.6044566Z     "hybrid_with_preview": {
2026-10-04T00:32:01.6044819Z       "status": "BLOCKED_EXTERNAL",
2026-10-04T00:32:01.6045029Z       "n": 0
2026-10-04T00:32:01.6045178Z     }
2026-10-04T00:32:01.6045322Z   }
2026-10-04T00:32:01.6045467Z }
2026-10-04T00:32:01.6283667Z ##[group]Run python scripts/run_logged.py evidence/study-analysis.log -- python -m benchmark.research --output evidence/study-analysis.json study evidence/study-automation.json
2026-10-04T00:32:01.6284630Z [36;1mpython scripts/run_logged.py evidence/study-analysis.log -- python -m benchmark.research --output evidence/study-analysis.json study evidence/study-automation.json[0m
2026-10-04T00:32:01.6342104Z shell: /usr/bin/bash --noprofile --norc -e -o pipefail {0}
2026-10-04T00:32:01.6342373Z env:
2026-10-04T00:32:01.6342538Z   NEXT_TELEMETRY_DISABLED: 1
2026-10-04T00:32:01.6342787Z   pythonLocation: /opt/hostedtoolcache/Python/3.13.15/x64
2026-10-04T00:32:01.6343122Z   PKG_CONFIG_PATH: /opt/hostedtoolcache/Python/3.13.15/x64/lib/pkgconfig
2026-10-04T00:32:01.6343447Z   Python_ROOT_DIR: /opt/hostedtoolcache/Python/3.13.15/x64
2026-10-04T00:32:01.6343741Z   Python2_ROOT_DIR: /opt/hostedtoolcache/Python/3.13.15/x64
2026-10-04T00:32:01.6344057Z   Python3_ROOT_DIR: /opt/hostedtoolcache/Python/3.13.15/x64
2026-10-04T00:32:01.6344351Z   LD_LIBRARY_PATH: /opt/hostedtoolcache/Python/3.13.15/x64/lib
2026-10-04T00:32:01.6344770Z   GOTOOLCHAIN: local
2026-10-04T00:32:01.6344950Z ##[endgroup]
2026-10-04T00:32:01.7974377Z {
2026-10-04T00:32:01.7974797Z   "status": "BLOCKED_EXTERNAL",
2026-10-04T00:32:01.7975154Z   "human_participants": 0,
2026-10-04T00:32:01.7975462Z   "excluded": [
2026-10-04T00:32:01.7975913Z     {
2026-10-04T00:32:01.7976316Z       "participant_id": "automation-browser",
2026-10-04T00:32:01.7976830Z       "reason": "nonhuman, no consent, duplicate or invalid metadata"
2026-10-04T00:32:01.7977107Z     }
2026-10-04T00:32:01.7977262Z   ],
2026-10-04T00:32:01.7977442Z   "participants": [],
2026-10-04T00:32:01.7977660Z   "acceptance_metrics": null,
2026-10-04T00:32:01.7977882Z   "paired_time_delta": {
2026-10-04T00:32:01.7978082Z     "n": 0,
2026-10-04T00:32:01.7978261Z     "mean": null,
2026-10-04T00:32:01.7978450Z     "ci95": null
2026-10-04T00:32:01.7978619Z   },
2026-10-04T00:32:01.7978928Z   "paired_accuracy_delta": {
2026-10-04T00:32:01.7979238Z     "n": 0,
2026-10-04T00:32:01.7979485Z     "mean": null,
2026-10-04T00:32:01.7979748Z     "ci95": null
2026-10-04T00:32:01.7979908Z   },
2026-10-04T00:32:01.7980104Z   "all_decisions_visible_ms": {
2026-10-04T00:32:01.7980314Z     "n": 0,
2026-10-04T00:32:01.7980497Z     "mean": null,
2026-10-04T00:32:01.7980689Z     "median": null,
2026-10-04T00:32:01.7980879Z     "p95": null
2026-10-04T00:32:01.7981042Z   },
2026-10-04T00:32:01.7988315Z   "correct_decisions": {
2026-10-04T00:32:01.7988662Z     "numerator": 0,
2026-10-04T00:32:01.7988878Z     "denominator": 0,
2026-10-04T00:32:01.7989076Z     "value": null
2026-10-04T00:32:01.7989239Z   },
2026-10-04T00:32:01.7989544Z   "gold_verification": "unverified_browser_supplied_correctness",
2026-10-04T00:32:01.7989998Z   "comprehension_verification": "unverified_browser_supplied_correctness",
2026-10-04T00:32:01.7990342Z   "comprehension_correct": {
2026-10-04T00:32:01.7990577Z     "numerator": 0,
2026-10-04T00:32:01.7990777Z     "denominator": 0,
2026-10-04T00:32:01.7990975Z     "value": null
2026-10-04T00:32:01.7991149Z   },
2026-10-04T00:32:01.7991317Z   "limitations": [
2026-10-04T00:32:01.7991803Z     "No causal efficiency claim without recruitment, business gold, counterbalancing and adequate sample size.",
2026-10-04T00:32:01.7992629Z     "A single participant is a descriptive pilot: repeated decisions do not create independent participants or a population confidence interval.",
2026-10-04T00:32:01.7993340Z     "Exported browser timing and human identity are untrusted telemetry, never authorization.",
2026-10-04T00:32:01.7993958Z     "Visibility duration excludes hidden tabs; correctness is supplied task gold, not a policy guess."
2026-10-04T00:32:01.7994316Z   ]
2026-10-04T00:32:01.7994465Z }
2026-10-04T00:32:01.8205280Z ##[group]Run python scripts/run_logged.py evidence/comparison.log -- python scripts/demo_comparison.py --output evidence/comparison.json
2026-10-04T00:32:01.8206127Z [36;1mpython scripts/run_logged.py evidence/comparison.log -- python scripts/demo_comparison.py --output evidence/comparison.json[0m
2026-10-04T00:32:01.8263493Z shell: /usr/bin/bash --noprofile --norc -e -o pipefail {0}
2026-10-04T00:32:01.8263764Z env:
2026-10-04T00:32:01.8269449Z   NEXT_TELEMETRY_DISABLED: 1
2026-10-04T00:32:01.8269739Z   pythonLocation: /opt/hostedtoolcache/Python/3.13.15/x64
2026-10-04T00:32:01.8270075Z   PKG_CONFIG_PATH: /opt/hostedtoolcache/Python/3.13.15/x64/lib/pkgconfig
2026-10-04T00:32:01.8270403Z   Python_ROOT_DIR: /opt/hostedtoolcache/Python/3.13.15/x64
2026-10-04T00:32:01.8270695Z   Python2_ROOT_DIR: /opt/hostedtoolcache/Python/3.13.15/x64
2026-10-04T00:32:01.8270985Z   Python3_ROOT_DIR: /opt/hostedtoolcache/Python/3.13.15/x64
2026-10-04T00:32:01.8271308Z   LD_LIBRARY_PATH: /opt/hostedtoolcache/Python/3.13.15/x64/lib
2026-10-04T00:32:01.8271561Z   GOTOOLCHAIN: local
2026-10-04T00:32:01.8271733Z ##[endgroup]
2026-10-04T00:32:02.2995233Z {
2026-10-04T00:32:02.2996062Z   "scope": "disposable synthetic data; automated independent reviewer fixture; no live model/human",
2026-10-04T00:32:02.2996629Z   "without_gate": {
2026-10-04T00:32:02.2997169Z     "before": 1206,
2026-10-04T00:32:02.2997441Z     "after": 0
2026-10-04T00:32:02.2997659Z   },
2026-10-04T00:32:02.2997883Z   "with_gate": {
2026-10-04T00:32:02.2998172Z     "pending_rows": 1206,
2026-10-04T00:32:02.2998425Z     "rejected_rows": 1206,
2026-10-04T00:32:02.2998631Z     "denial": {
2026-10-04T00:32:02.2998895Z       "id": "928357bb23d649178ab9bab016f9a603",
2026-10-04T00:32:02.2999158Z       "state": "rejected",
2026-10-04T00:32:02.2999411Z       "decision": "need_approval",
2026-10-04T00:32:02.2999698Z       "reason_code": "human_rejected",
2026-10-04T00:32:02.2999936Z       "result": null,
2026-10-04T00:32:02.3000192Z       "expires_at": 1791074222.2201645,
2026-10-04T00:32:02.3000512Z       "action_id": "928357bb23d649178ab9bab016f9a603",
2026-10-04T00:32:02.3001063Z       "trace_id": "364b3fa1e5e048039f90da2cd1bd7901",
2026-10-04T00:32:02.3001446Z       "retryable": false,
2026-10-04T00:32:02.3001730Z       "allowed_alternatives": [
2026-10-04T00:32:02.3002005Z         "query_original_action",
2026-10-04T00:32:02.3002235Z         "bounded_read"
2026-10-04T00:32:02.3002422Z       ],
2026-10-04T00:32:02.3002649Z       "execution_occurred": false,
2026-10-04T00:32:02.3003187Z       "next_step": "Use a bounded SELECT or submit a narrower NEW action; do not retry rejected writes blindly."
2026-10-04T00:32:02.3003559Z     },
2026-10-04T00:32:02.3003760Z     "safe_alternative": {
2026-10-04T00:32:02.3004041Z       "id": "673fe8ba8f574a36af1461a4fd3dc3be",
2026-10-04T00:32:02.3004299Z       "state": "executed",
2026-10-04T00:32:02.3004517Z       "decision": "pass",
2026-10-04T00:32:02.3004763Z       "reason_code": "bounded_read",
2026-10-04T00:32:02.3004996Z       "result": {
2026-10-04T00:32:02.3005205Z         "matched_rows": 0,
2026-10-04T00:32:02.3005408Z         "rows": [
2026-10-04T00:32:02.3005584Z           {
2026-10-04T00:32:02.3005967Z             "remaining": 1206
2026-10-04T00:32:02.3006165Z           }
2026-10-04T00:32:02.3006329Z         ],
2026-10-04T00:32:02.3006532Z         "truncated": false
2026-10-04T00:32:02.3006714Z       },
2026-10-04T00:32:02.3006938Z       "expires_at": 1791074222.2322366,
2026-10-04T00:32:02.3007282Z       "action_id": "673fe8ba8f574a36af1461a4fd3dc3be",
2026-10-04T00:32:02.3007629Z       "trace_id": "e47fbd8f94884eb2a9da8cac18cad768",
2026-10-04T00:32:02.3007892Z       "retryable": false,
2026-10-04T00:32:02.3008134Z       "allowed_alternatives": [
2026-10-04T00:32:02.3008390Z         "query_original_action"
2026-10-04T00:32:02.3008582Z       ],
2026-10-04T00:32:02.3008797Z       "execution_occurred": true,
2026-10-04T00:32:02.3009067Z       "next_step": "Read the result."
2026-10-04T00:32:02.3009485Z     },
2026-10-04T00:32:02.3009673Z     "approved_rows": 0,
2026-10-04T00:32:02.3009884Z     "approved_receipt": {
2026-10-04T00:32:02.3010154Z       "id": "a464046fa06047a6ba39366593e6da75",
2026-10-04T00:32:02.3010403Z       "state": "executed",
2026-10-04T00:32:02.3010775Z       "decision": "need_approval",
2026-10-04T00:32:02.3011069Z       "reason_code": "human_approved",
2026-10-04T00:32:02.3011294Z       "result": {
2026-10-04T00:32:02.3011510Z         "matched_rows": 1206,
2026-10-04T00:32:02.3011728Z         "rows": [],
2026-10-04T00:32:02.3012042Z         "truncated": false
2026-10-04T00:32:02.3012329Z       },
2026-10-04T00:32:02.3012673Z       "expires_at": 1791074222.234394,
2026-10-04T00:32:02.3013187Z       "action_id": "a464046fa06047a6ba39366593e6da75",
2026-10-04T00:32:02.3013738Z       "trace_id": "a81a6851a75c4a1a9034d9407893bf79",
2026-10-04T00:32:02.3014127Z       "retryable": false,
2026-10-04T00:32:02.3014377Z       "allowed_alternatives": [
2026-10-04T00:32:02.3014644Z         "query_original_action"
2026-10-04T00:32:02.3014846Z       ],
2026-10-04T00:32:02.3015081Z       "execution_occurred": true,
2026-10-04T00:32:02.3015348Z       "next_step": "Read the result."
2026-10-04T00:32:02.3015549Z     }
2026-10-04T00:32:02.3015882Z   },
2026-10-04T00:32:02.3016123Z   "audit": {
2026-10-04T00:32:02.3016561Z     "valid": true,
2026-10-04T00:32:02.3016746Z     "events": 5,
2026-10-04T00:32:02.3017132Z     "head": "b2112d2a1eea439cfab3d7cb8040ef881dfbbae7e62c813c1a4a53e24b9cf448",
2026-10-04T00:32:02.3017505Z     "anchor_status": "not_configured",
2026-10-04T00:32:02.3018339Z     "limitation": "Tail truncation after the last independently retained checkpoint remains undetectable. A server with all keys can forge new history; keep checkpoints outside its write authority."
2026-10-04T00:32:02.3018908Z   }
2026-10-04T00:32:02.3019059Z }
2026-10-04T00:32:02.3240921Z ##[group]Run python scripts/verify_evidence.py
2026-10-04T00:32:02.3241202Z [36;1mpython scripts/verify_evidence.py[0m
2026-10-04T00:32:02.3298029Z shell: /usr/bin/bash --noprofile --norc -e -o pipefail {0}
2026-10-04T00:32:02.3298286Z env:
2026-10-04T00:32:02.3298444Z   NEXT_TELEMETRY_DISABLED: 1
2026-10-04T00:32:02.3298687Z   pythonLocation: /opt/hostedtoolcache/Python/3.13.15/x64
2026-10-04T00:32:02.3299017Z   PKG_CONFIG_PATH: /opt/hostedtoolcache/Python/3.13.15/x64/lib/pkgconfig
2026-10-04T00:32:02.3299346Z   Python_ROOT_DIR: /opt/hostedtoolcache/Python/3.13.15/x64
2026-10-04T00:32:02.3299630Z   Python2_ROOT_DIR: /opt/hostedtoolcache/Python/3.13.15/x64
2026-10-04T00:32:02.3299915Z   Python3_ROOT_DIR: /opt/hostedtoolcache/Python/3.13.15/x64
2026-10-04T00:32:02.3300200Z   LD_LIBRARY_PATH: /opt/hostedtoolcache/Python/3.13.15/x64/lib
2026-10-04T00:32:02.3300453Z   GOTOOLCHAIN: local
2026-10-04T00:32:02.3300614Z ##[endgroup]
2026-10-04T00:32:02.3724687Z Verified all 703 JUnit cases, exit receipts, screenshots, Docker and raw benchmark rows.
2026-10-04T00:32:02.3908220Z ##[group]Run python scripts/evidence_manifest.py
2026-10-04T00:32:02.3908533Z [36;1mpython scripts/evidence_manifest.py[0m
2026-10-04T00:32:02.3965151Z shell: /usr/bin/bash --noprofile --norc -e -o pipefail {0}
2026-10-04T00:32:02.3965420Z env:
2026-10-04T00:32:02.3965585Z   NEXT_TELEMETRY_DISABLED: 1
2026-10-04T00:32:02.3965994Z   pythonLocation: /opt/hostedtoolcache/Python/3.13.15/x64
2026-10-04T00:32:02.3966341Z   PKG_CONFIG_PATH: /opt/hostedtoolcache/Python/3.13.15/x64/lib/pkgconfig
2026-10-04T00:32:02.3966657Z   Python_ROOT_DIR: /opt/hostedtoolcache/Python/3.13.15/x64
2026-10-04T00:32:02.3966951Z   Python2_ROOT_DIR: /opt/hostedtoolcache/Python/3.13.15/x64
2026-10-04T00:32:02.3967244Z   Python3_ROOT_DIR: /opt/hostedtoolcache/Python/3.13.15/x64
2026-10-04T00:32:02.3967534Z   LD_LIBRARY_PATH: /opt/hostedtoolcache/Python/3.13.15/x64/lib
2026-10-04T00:32:02.3967783Z   GOTOOLCHAIN: local
2026-10-04T00:32:02.3967956Z ##[endgroup]
2026-10-04T00:32:02.4742923Z {"commit": "7073fb76a2e46365fabe6f51a3765de267863890", "artifact_files": 94}
2026-10-04T00:32:02.5129330Z ##[group]Run actions/upload-artifact@v4
2026-10-04T00:32:02.5129555Z with:
2026-10-04T00:32:02.5129719Z   name: acceptance-evidence
2026-10-04T00:32:02.5129939Z   path: evidence/*.*
evidence/research-pipeline/

2026-10-04T00:32:02.5130170Z   retention-days: 90
2026-10-04T00:32:02.5130341Z   if-no-files-found: warn
2026-10-04T00:32:02.5130539Z   compression-level: 6
2026-10-04T00:32:02.5130707Z   overwrite: false
2026-10-04T00:32:02.5130875Z   include-hidden-files: false
2026-10-04T00:32:02.5131061Z env:
2026-10-04T00:32:02.5131211Z   NEXT_TELEMETRY_DISABLED: 1
2026-10-04T00:32:02.5131444Z   pythonLocation: /opt/hostedtoolcache/Python/3.13.15/x64
2026-10-04T00:32:02.5131769Z   PKG_CONFIG_PATH: /opt/hostedtoolcache/Python/3.13.15/x64/lib/pkgconfig
2026-10-04T00:32:02.5132083Z   Python_ROOT_DIR: /opt/hostedtoolcache/Python/3.13.15/x64
2026-10-04T00:32:02.5132367Z   Python2_ROOT_DIR: /opt/hostedtoolcache/Python/3.13.15/x64
2026-10-04T00:32:02.5132671Z   Python3_ROOT_DIR: /opt/hostedtoolcache/Python/3.13.15/x64
2026-10-04T00:32:02.5132956Z   LD_LIBRARY_PATH: /opt/hostedtoolcache/Python/3.13.15/x64/lib
2026-10-04T00:32:02.5133201Z   GOTOOLCHAIN: local
2026-10-04T00:32:02.5133362Z ##[endgroup]
2026-10-04T00:32:02.6466626Z (node:16150) [DEP0040] DeprecationWarning: The `punycode` module is deprecated. Please use a userland alternative instead.
2026-10-04T00:32:02.6467610Z (Use `node --trace-deprecation ...` to show where the warning was created)
2026-10-04T00:32:02.6628645Z With the provided path, there will be 97 files uploaded
2026-10-04T00:32:02.6629321Z Artifact name is valid!
2026-10-04T00:32:02.6629684Z Root directory input is valid!
2026-10-04T00:32:02.8593491Z Beginning upload of artifact content to blob storage
2026-10-04T00:32:02.9843055Z (node:16150) [DEP0169] DeprecationWarning: `url.parse()` behavior is not standardized and prone to errors that have security implications. Use the WHATWG URL API instead. CVEs are not issued for `url.parse()` vulnerabilities.
2026-10-04T00:32:03.0847452Z Uploaded bytes 1940695
2026-10-04T00:32:03.1015757Z Finished uploading artifact content to blob storage!
2026-10-04T00:32:03.1016666Z SHA256 digest of uploaded artifact zip is fb98b56d111cae2c1e318b012e6d0703022d4b62e938801e1a79872963a4b190
2026-10-04T00:32:03.1017759Z Finalizing artifact upload
2026-10-04T00:32:03.3102913Z Artifact acceptance-evidence.zip successfully finalized. Artifact ID 11288478711
2026-10-04T00:32:03.3104051Z Artifact acceptance-evidence has been successfully uploaded! Final size is 1940695 bytes. Artifact ID is 11288478711
2026-10-04T00:32:03.3105328Z Artifact download URL: https://github.com/Changxin-YR/AIRLOCK/actions/runs/37164846361/artifacts/11288478711
2026-10-04T00:32:03.3571020Z Post job cleanup.
2026-10-04T00:32:03.5179861Z Post job cleanup.
2026-10-04T00:32:03.6153390Z (node:16170) [DEP0040] DeprecationWarning: The `punycode` module is deprecated. Please use a userland alternative instead.
2026-10-04T00:32:03.6154080Z (Use `node --trace-deprecation ...` to show where the warning was created)
2026-10-04T00:32:03.6770742Z Post job cleanup.
2026-10-04T00:32:03.7713645Z (node:16178) [DEP0040] DeprecationWarning: The `punycode` module is deprecated. Please use a userland alternative instead.
2026-10-04T00:32:03.7714311Z (Use `node --trace-deprecation ...` to show where the warning was created)
2026-10-04T00:32:03.8538700Z Post job cleanup.
2026-10-04T00:32:03.9266355Z [command]/usr/bin/git version
2026-10-04T00:32:03.9299533Z git version 2.55.0
2026-10-04T00:32:03.9329546Z Temporarily overriding HOME='/home/runner/work/_temp/d0924461-4425-451c-ac1e-1ada30e51921' before making global git config changes
2026-10-04T00:32:03.9330780Z Adding repository directory to the temporary git global config as a safe directory
2026-10-04T00:32:03.9334172Z [command]/usr/bin/git config --global --add safe.directory /home/runner/work/AIRLOCK/AIRLOCK
2026-10-04T00:32:03.9365074Z [command]/usr/bin/git config --local --name-only --get-regexp core\.sshCommand
2026-10-04T00:32:03.9393013Z [command]/usr/bin/git submodule foreach --recursive sh -c "git config --local --name-only --get-regexp 'core\.sshCommand' && git config --local --unset-all 'core.sshCommand' || :"
2026-10-04T00:32:03.9611346Z [command]/usr/bin/git config --local --name-only --get-regexp http\.https\:\/\/github\.com\/\.extraheader
2026-10-04T00:32:03.9632172Z http.https://github.com/.extraheader
2026-10-04T00:32:03.9641887Z [command]/usr/bin/git config --local --unset-all http.https://github.com/.extraheader
2026-10-04T00:32:03.9676896Z [command]/usr/bin/git submodule foreach --recursive sh -c "git config --local --name-only --get-regexp 'http\.https\:\/\/github\.com\/\.extraheader' && git config --local --unset-all 'http.https://github.com/.extraheader' || :"
2026-10-04T00:32:03.9889387Z [command]/usr/bin/git config --local --name-only --get-regexp ^includeIf\.gitdir:
2026-10-04T00:32:03.9924241Z [command]/usr/bin/git submodule foreach --recursive git config --local --show-origin --name-only --get-regexp remote.origin.url
2026-10-04T00:32:04.0252891Z Cleaning up orphan processes
2026-10-04T00:32:04.0531237Z ##[warning]Node.js 20 is deprecated. The following actions target Node.js 20 but are being forced to run on Node.js 24: actions/checkout@v4, actions/setup-node@v4, actions/setup-python@v5, actions/upload-artifact@v4. For more information see: https://github.blog/changelog/2025-09-19-deprecation-of-node-20-on-github-actions-runners/
