2026-10-03T02:46:13.4600692Z Current runner version: '2.337.0'
2026-10-03T02:46:13.4615126Z ##[group]Runner Image Provisioner
2026-10-03T02:46:13.4615644Z Hosted Compute Agent
2026-10-03T02:46:13.4616067Z Version: 20260901.588
2026-10-03T02:46:13.4616430Z Commit: f88ec8081b781fac6c440065ac7ff9e710ce3d0b
2026-10-03T02:46:13.4616867Z Build Date: 2026-09-01T19:56:44Z
2026-10-03T02:46:13.4617278Z Worker ID: {98cdbc7a-d2cd-4368-8bf3-86c9f88515d2}
2026-10-03T02:46:13.4617728Z Azure Region: centralus
2026-10-03T02:46:13.4618112Z ##[endgroup]
2026-10-03T02:46:13.4618802Z ##[group]Operating System
2026-10-03T02:46:13.4619180Z Ubuntu
2026-10-03T02:46:13.4619495Z 24.04.5
2026-10-03T02:46:13.4619825Z LTS
2026-10-03T02:46:13.4620159Z ##[endgroup]
2026-10-03T02:46:13.4620479Z ##[group]Runner Image
2026-10-03T02:46:13.4620818Z Image: ubuntu-24.04
2026-10-03T02:46:13.4621479Z Version: 20260927.320.1
2026-10-03T02:46:13.4622174Z Included Software: https://github.com/actions/runner-images/blob/ubuntu24/20260927.320/images/ubuntu/Ubuntu2404-Readme.md
2026-10-03T02:46:13.4623059Z Image Release: https://github.com/actions/runner-images/releases/tag/ubuntu24%2F20260927.320
2026-10-03T02:46:13.4623580Z ##[endgroup]
2026-10-03T02:46:13.4624255Z ##[group]GITHUB_TOKEN Permissions
2026-10-03T02:46:13.4625441Z Contents: read
2026-10-03T02:46:13.4625777Z Metadata: read
2026-10-03T02:46:13.4626096Z ##[endgroup]
2026-10-03T02:46:13.4627308Z Secret source: Actions
2026-10-03T02:46:13.4627854Z Cache mode: write
2026-10-03T02:46:13.4628302Z Prepare workflow directory
2026-10-03T02:46:13.4873989Z Prepare all required actions
2026-10-03T02:46:13.4912361Z Getting action download info
2026-10-03T02:46:13.7194648Z Download action repository 'actions/checkout@v4' (SHA:11d5960a326750d5838078e36cf38b85af677262)
2026-10-03T02:46:13.8169817Z Download action repository 'actions/setup-python@v5' (SHA:a26af69be951a213d495a4c3e4e4022e16d87065)
2026-10-03T02:46:13.9052117Z Download action repository 'actions/setup-node@v4' (SHA:49933ea5288caeca8642d1e84afbd3f7d6820020)
2026-10-03T02:46:14.0192178Z Download action repository 'actions/setup-go@v6' (SHA:924ae3a1cded613372ab5595356fb5720e22ba16)
2026-10-03T02:46:14.5931906Z Download action repository 'actions/upload-artifact@v4' (SHA:ea165f8d65b6e75b540449e92b4886f43607fa02)
2026-10-03T02:46:15.0949833Z Complete job name: verify
2026-10-03T02:46:15.1464276Z ##[group]Run actions/checkout@v4
2026-10-03T02:46:15.1464554Z with:
2026-10-03T02:46:15.1464715Z   ref: 31cf0e76156f0b5a408756d45068f1a318cf856c
2026-10-03T02:46:15.1464918Z   repository: Changxin-YR/AIRLOCK
2026-10-03T02:46:15.1466242Z   token: ***
2026-10-03T02:46:15.1466379Z   ssh-strict: true
2026-10-03T02:46:15.1466518Z   ssh-user: git
2026-10-03T02:46:15.1466663Z   persist-credentials: true
2026-10-03T02:46:15.1466822Z   clean: true
2026-10-03T02:46:15.1466967Z   sparse-checkout-cone-mode: true
2026-10-03T02:46:15.1467134Z   fetch-depth: 1
2026-10-03T02:46:15.1467270Z   fetch-tags: false
2026-10-03T02:46:15.1467420Z   show-progress: true
2026-10-03T02:46:15.1467571Z   lfs: false
2026-10-03T02:46:15.1467714Z   submodules: false
2026-10-03T02:46:15.1467858Z   set-safe-directory: true
2026-10-03T02:46:15.1468022Z   allow-unsafe-pr-checkout: false
2026-10-03T02:46:15.1468250Z env:
2026-10-03T02:46:15.1468386Z   NEXT_TELEMETRY_DISABLED: 1
2026-10-03T02:46:15.1468562Z ##[endgroup]
2026-10-03T02:46:15.2104274Z Syncing repository: Changxin-YR/AIRLOCK
2026-10-03T02:46:15.2105381Z ##[group]Getting Git version info
2026-10-03T02:46:15.2105730Z Working directory is '/home/runner/work/AIRLOCK/AIRLOCK'
2026-10-03T02:46:15.2106228Z [command]/usr/bin/git version
2026-10-03T02:46:15.2516182Z git version 2.55.0
2026-10-03T02:46:15.2527668Z ##[endgroup]
2026-10-03T02:46:15.2538569Z Temporarily overriding HOME='/home/runner/work/_temp/1b6fc81d-d87c-4511-bc17-40cf686a8b78' before making global git config changes
2026-10-03T02:46:15.2539329Z Adding repository directory to the temporary git global config as a safe directory
2026-10-03T02:46:15.2542827Z [command]/usr/bin/git config --global --add safe.directory /home/runner/work/AIRLOCK/AIRLOCK
2026-10-03T02:46:15.3020726Z Deleting the contents of '/home/runner/work/AIRLOCK/AIRLOCK'
2026-10-03T02:46:15.3023435Z ##[group]Initializing the repository
2026-10-03T02:46:15.3025952Z [command]/usr/bin/git init /home/runner/work/AIRLOCK/AIRLOCK
2026-10-03T02:46:15.3214823Z hint: Using 'master' as the name for the initial branch. This default branch name
2026-10-03T02:46:15.3215362Z hint: will change to "main" in Git 3.0. To configure the initial branch name
2026-10-03T02:46:15.3215832Z hint: to use in all of your new repositories, which will suppress this warning,
2026-10-03T02:46:15.3216181Z hint: call:
2026-10-03T02:46:15.3216449Z hint:
2026-10-03T02:46:15.3216760Z hint: 	git config --global init.defaultBranch <name>
2026-10-03T02:46:15.3216975Z hint:
2026-10-03T02:46:15.3217164Z hint: Names commonly chosen instead of 'master' are 'main', 'trunk' and
2026-10-03T02:46:15.3217577Z hint: 'development'. The just-created branch can be renamed via this command:
2026-10-03T02:46:15.3217983Z hint:
2026-10-03T02:46:15.3218189Z hint: 	git branch -m <name>
2026-10-03T02:46:15.3218415Z hint:
2026-10-03T02:46:15.3218720Z hint: Disable this message with "git config set advice.defaultBranchName false"
2026-10-03T02:46:15.3219023Z Initialized empty Git repository in /home/runner/work/AIRLOCK/AIRLOCK/.git/
2026-10-03T02:46:15.3224608Z [command]/usr/bin/git remote add origin https://github.com/Changxin-YR/AIRLOCK
2026-10-03T02:46:15.3340249Z ##[endgroup]
2026-10-03T02:46:15.3340682Z ##[group]Disabling automatic garbage collection
2026-10-03T02:46:15.3343162Z [command]/usr/bin/git config --local gc.auto 0
2026-10-03T02:46:15.3407673Z ##[endgroup]
2026-10-03T02:46:15.3408151Z ##[group]Setting up auth
2026-10-03T02:46:15.3408642Z [command]/usr/bin/git config --local --name-only --get-regexp core\.sshCommand
2026-10-03T02:46:15.3434427Z [command]/usr/bin/git submodule foreach --recursive sh -c "git config --local --name-only --get-regexp 'core\.sshCommand' && git config --local --unset-all 'core.sshCommand' || :"
2026-10-03T02:46:15.3713779Z [command]/usr/bin/git config --local --name-only --get-regexp http\.https\:\/\/github\.com\/\.extraheader
2026-10-03T02:46:15.3739414Z [command]/usr/bin/git submodule foreach --recursive sh -c "git config --local --name-only --get-regexp 'http\.https\:\/\/github\.com\/\.extraheader' && git config --local --unset-all 'http.https://github.com/.extraheader' || :"
2026-10-03T02:46:15.3903349Z [command]/usr/bin/git config --local --name-only --get-regexp ^includeIf\.gitdir:
2026-10-03T02:46:15.3929035Z [command]/usr/bin/git submodule foreach --recursive git config --local --show-origin --name-only --get-regexp remote.origin.url
2026-10-03T02:46:15.4095297Z [command]/usr/bin/git config --local http.https://github.com/.extraheader AUTHORIZATION: basic ***
2026-10-03T02:46:15.4289572Z ##[endgroup]
2026-10-03T02:46:15.4290131Z ##[group]Fetching the repository
2026-10-03T02:46:15.4296373Z [command]/usr/bin/git -c protocol.version=2 fetch --no-tags --prune --no-recurse-submodules --depth=1 origin 31cf0e76156f0b5a408756d45068f1a318cf856c
2026-10-03T02:46:17.0646240Z From https://github.com/Changxin-YR/AIRLOCK
2026-10-03T02:46:17.0646658Z  * branch            31cf0e76156f0b5a408756d45068f1a318cf856c -> FETCH_HEAD
2026-10-03T02:46:17.0650389Z ##[endgroup]
2026-10-03T02:46:17.0650654Z ##[group]Determining the checkout info
2026-10-03T02:46:17.0652544Z ##[endgroup]
2026-10-03T02:46:17.0657560Z [command]/usr/bin/git sparse-checkout disable
2026-10-03T02:46:17.1084776Z [command]/usr/bin/git config --local --unset-all extensions.worktreeConfig
2026-10-03T02:46:17.1477103Z ##[group]Checking out the ref
2026-10-03T02:46:17.1479761Z [command]/usr/bin/git checkout --progress --force 31cf0e76156f0b5a408756d45068f1a318cf856c
2026-10-03T02:46:17.2373941Z Note: switching to '31cf0e76156f0b5a408756d45068f1a318cf856c'.
2026-10-03T02:46:17.2374252Z 
2026-10-03T02:46:17.2374435Z You are in 'detached HEAD' state. You can look around, make experimental
2026-10-03T02:46:17.2374845Z changes and commit them, and you can discard any commits you make in this
2026-10-03T02:46:17.2375497Z state without impacting any branches by switching back to a branch.
2026-10-03T02:46:17.2375743Z 
2026-10-03T02:46:17.2375944Z If you want to create a new branch to retain commits you create, you may
2026-10-03T02:46:17.2376334Z do so (now or later) by using -c with the switch command. Example:
2026-10-03T02:46:17.2376542Z 
2026-10-03T02:46:17.2376642Z   git switch -c <new-branch-name>
2026-10-03T02:46:17.2376798Z 
2026-10-03T02:46:17.2376897Z Or undo this operation with:
2026-10-03T02:46:17.2377036Z 
2026-10-03T02:46:17.2377112Z   git switch -
2026-10-03T02:46:17.2377257Z 
2026-10-03T02:46:17.2377481Z Turn off this advice by setting config variable advice.detachedHead to false
2026-10-03T02:46:17.2381583Z 
2026-10-03T02:46:17.2381909Z HEAD is now at 31cf0e7 Archive verified acceptance evidence and account for all 126 targets
2026-10-03T02:46:17.2387020Z ##[endgroup]
2026-10-03T02:46:17.2583851Z [command]/usr/bin/git log -1 --format=%H
2026-10-03T02:46:17.2607139Z 31cf0e76156f0b5a408756d45068f1a318cf856c
2026-10-03T02:46:17.2766406Z ##[group]Run mkdir -p evidence
2026-10-03T02:46:17.2766613Z [36;1mmkdir -p evidence[0m
2026-10-03T02:46:17.2766775Z [36;1mpython3 scripts/archive_source.py[0m
2026-10-03T02:46:17.2766991Z [36;1mgit rev-parse HEAD > evidence/commit.txt[0m
2026-10-03T02:46:17.3363620Z shell: /usr/bin/bash --noprofile --norc -e -o pipefail {0}
2026-10-03T02:46:17.3363821Z env:
2026-10-03T02:46:17.3363945Z   NEXT_TELEMETRY_DISABLED: 1
2026-10-03T02:46:17.3364107Z ##[endgroup]
2026-10-03T02:46:17.4095810Z Archived tracked source and documentation; historical evidence remains separately versioned in Git.
2026-10-03T02:46:17.4374448Z ##[group]Run actions/setup-python@v5
2026-10-03T02:46:17.4374608Z with:
2026-10-03T02:46:17.4374724Z   python-version: 3.13
2026-10-03T02:46:17.4374849Z   check-latest: false
2026-10-03T02:46:17.4376088Z   token: ***
2026-10-03T02:46:17.4376205Z   update-environment: true
2026-10-03T02:46:17.4376355Z   allow-prereleases: false
2026-10-03T02:46:17.4376485Z   freethreaded: false
2026-10-03T02:46:17.4376598Z env:
2026-10-03T02:46:17.4376708Z   NEXT_TELEMETRY_DISABLED: 1
2026-10-03T02:46:17.4376837Z ##[endgroup]
2026-10-03T02:46:17.5200461Z ##[group]Installed versions
2026-10-03T02:46:17.5254044Z (node:2081) [DEP0040] DeprecationWarning: The `punycode` module is deprecated. Please use a userland alternative instead.
2026-10-03T02:46:17.5254580Z (Use `node --trace-deprecation ...` to show where the warning was created)
2026-10-03T02:46:17.5254929Z Successfully set up CPython (3.13.15)
2026-10-03T02:46:17.5255296Z ##[endgroup]
2026-10-03T02:46:17.5447129Z ##[group]Run python scripts/run_logged.py evidence/sqlite-runtime-build.log -- python scripts/build_sqlite_runtime.py --prefix "$RUNNER_TEMP/airlock-sqlite-runtime" --output evidence/sqlite-runtime-build.json
2026-10-03T02:46:17.5448492Z [36;1mpython scripts/run_logged.py evidence/sqlite-runtime-build.log -- python scripts/build_sqlite_runtime.py --prefix "$RUNNER_TEMP/airlock-sqlite-runtime" --output evidence/sqlite-runtime-build.json[0m
2026-10-03T02:46:17.5449499Z [36;1mprintf '%s\n' "$RUNNER_TEMP/airlock-sqlite-runtime/lib" | sudo tee /etc/ld.so.conf.d/00-airlock-sqlite.conf > /dev/null[0m
2026-10-03T02:46:17.5449930Z [36;1msudo ldconfig[0m
2026-10-03T02:46:17.5524914Z shell: /usr/bin/bash --noprofile --norc -e -o pipefail {0}
2026-10-03T02:46:17.5525175Z env:
2026-10-03T02:46:17.5525316Z   NEXT_TELEMETRY_DISABLED: 1
2026-10-03T02:46:17.5525512Z   pythonLocation: /opt/hostedtoolcache/Python/3.13.15/x64
2026-10-03T02:46:17.5525878Z   PKG_CONFIG_PATH: /opt/hostedtoolcache/Python/3.13.15/x64/lib/pkgconfig
2026-10-03T02:46:17.5526117Z   Python_ROOT_DIR: /opt/hostedtoolcache/Python/3.13.15/x64
2026-10-03T02:46:17.5526332Z   Python2_ROOT_DIR: /opt/hostedtoolcache/Python/3.13.15/x64
2026-10-03T02:46:17.5526541Z   Python3_ROOT_DIR: /opt/hostedtoolcache/Python/3.13.15/x64
2026-10-03T02:46:17.5526750Z   LD_LIBRARY_PATH: /opt/hostedtoolcache/Python/3.13.15/x64/lib
2026-10-03T02:46:17.5527112Z ##[endgroup]
2026-10-03T02:46:37.2907855Z {
2026-10-03T02:46:37.2908178Z   "mode": "official_source_shared_runtime",
2026-10-03T02:46:37.2908513Z   "platform": "Linux-6.17.0-1022-azure-x86_64-with-glibc2.39",
2026-10-03T02:46:37.2908795Z   "pin": {
2026-10-03T02:46:37.2908990Z     "version": "3.53.1",
2026-10-03T02:46:37.2909329Z     "source_id": "2026-05-05 10:34:17 c88b22011a54b4f6fbd149e9f8e4de77658ce58143a1af0e3785e4e6475127e9",
2026-10-03T02:46:37.2909778Z     "archive_url": "https://sqlite.org/2026/sqlite-autoconf-3530100.tar.gz",
2026-10-03T02:46:37.2910231Z     "archive_sha256": "83e6b2020a034e9a7ad4a72feea59e1ad52f162e09cbd26735a3ffb98359fc4f",
2026-10-03T02:46:37.2910625Z     "amalgamation_path": "sqlite-autoconf-3530100/sqlite3.c",
2026-10-03T02:46:37.2911169Z     "amalgamation_sha3_256": "414432ae5719f6cdc485f3927e12c7ad107e2b8c6b434e5df2eadb5312bfabb5",
2026-10-03T02:46:37.2911603Z     "release_reference": "https://sqlite.org/releaselog/3_53_1.html",
2026-10-03T02:46:37.2911976Z     "fix_reference": "https://sqlite.org/wal.html#walresetbug"
2026-10-03T02:46:37.2912238Z   },
2026-10-03T02:46:37.2912442Z   "compiler": "cc (Ubuntu 13.3.0-6ubuntu2~24.04.1) 13.3.0",
2026-10-03T02:46:37.2912703Z   "compiler_flags": [
2026-10-03T02:46:37.2912880Z     "-O2",
2026-10-03T02:46:37.2913033Z     "-fPIC",
2026-10-03T02:46:37.2913191Z     "-shared",
2026-10-03T02:46:37.2913373Z     "-Wl,-soname,libsqlite3.so.0",
2026-10-03T02:46:37.2913589Z     "-DSQLITE_THREADSAFE=1",
2026-10-03T02:46:37.2913791Z     "-DSQLITE_ENABLE_COLUMN_METADATA",
2026-10-03T02:46:37.2914015Z     "-DSQLITE_ENABLE_FTS3",
2026-10-03T02:46:37.2914210Z     "-DSQLITE_ENABLE_FTS5",
2026-10-03T02:46:37.2914402Z     "-DSQLITE_ENABLE_RTREE",
2026-10-03T02:46:37.2914602Z     "-DSQLITE_ENABLE_DBSTAT_VTAB",
2026-10-03T02:46:37.2914804Z     "-DSQLITE_ENABLE_MATH_FUNCTIONS",
2026-10-03T02:46:37.2915011Z     "-DSQLITE_USE_URI=1"
2026-10-03T02:46:37.2915192Z   ],
2026-10-03T02:46:37.2915460Z   "library": "/home/runner/work/_temp/airlock-sqlite-runtime/lib/libsqlite3.so.0",
2026-10-03T02:46:37.2915971Z   "library_sha256": "f826cb46ed8fb7b0c33f603eb8b8e8cf6026031f3dc455aa87b0032cf8a9dee2",
2026-10-03T02:46:37.2916359Z   "verified_python_runtime": {
2026-10-03T02:46:37.2916561Z     "version": "3.53.1",
2026-10-03T02:46:37.2916894Z     "source_id": "2026-05-05 10:34:17 c88b22011a54b4f6fbd149e9f8e4de77658ce58143a1af0e3785e4e6475127e9",
2026-10-03T02:46:37.2917268Z     "compile_options": [
2026-10-03T02:46:37.2917447Z       "ATOMIC_INTRINSICS=1",
2026-10-03T02:46:37.2917641Z       "COMPILER=gcc-13.3.0",
2026-10-03T02:46:37.2918106Z       "DEFAULT_AUTOVACUUM",
2026-10-03T02:46:37.2918301Z       "DEFAULT_CACHE_SIZE=-2000",
2026-10-03T02:46:37.2918512Z       "DEFAULT_FILE_FORMAT=4",
2026-10-03T02:46:37.2918723Z       "DEFAULT_JOURNAL_SIZE_LIMIT=-1",
2026-10-03T02:46:37.2918946Z       "DEFAULT_MMAP_SIZE=0",
2026-10-03T02:46:37.2919145Z       "DEFAULT_PAGE_SIZE=4096",
2026-10-03T02:46:37.2919352Z       "DEFAULT_PCACHE_INITSZ=20",
2026-10-03T02:46:37.2919575Z       "DEFAULT_RECURSIVE_TRIGGERS",
2026-10-03T02:46:37.2919791Z       "DEFAULT_SECTOR_SIZE=4096",
2026-10-03T02:46:37.2920002Z       "DEFAULT_SYNCHRONOUS=2",
2026-10-03T02:46:37.2920217Z       "DEFAULT_WAL_AUTOCHECKPOINT=1000",
2026-10-03T02:46:37.2920451Z       "DEFAULT_WAL_SYNCHRONOUS=2",
2026-10-03T02:46:37.2920669Z       "DEFAULT_WORKER_THREADS=0",
2026-10-03T02:46:37.2920914Z       "DIRECT_OVERFLOW_READ",
2026-10-03T02:46:37.2921301Z       "ENABLE_COLUMN_METADATA",
2026-10-03T02:46:37.2921509Z       "ENABLE_DBSTAT_VTAB",
2026-10-03T02:46:37.2921703Z       "ENABLE_FTS3",
2026-10-03T02:46:37.2921884Z       "ENABLE_FTS5",
2026-10-03T02:46:37.2922068Z       "ENABLE_MATH_FUNCTIONS",
2026-10-03T02:46:37.2922267Z       "ENABLE_RTREE",
2026-10-03T02:46:37.2922453Z       "MALLOC_SOFT_LIMIT=1024",
2026-10-03T02:46:37.2922654Z       "MAX_ATTACHED=10",
2026-10-03T02:46:37.2922839Z       "MAX_COLUMN=2000",
2026-10-03T02:46:37.2923035Z       "MAX_COMPOUND_SELECT=500",
2026-10-03T02:46:37.2923249Z       "MAX_DEFAULT_PAGE_SIZE=8192",
2026-10-03T02:46:37.2923684Z       "MAX_EXPR_DEPTH=1000",
2026-10-03T02:46:37.2923890Z       "MAX_FUNCTION_ARG=1000",
2026-10-03T02:46:37.2924099Z       "MAX_LENGTH=1000000000",
2026-10-03T02:46:37.2924311Z       "MAX_LIKE_PATTERN_LENGTH=50000",
2026-10-03T02:46:37.2924635Z       "MAX_MMAP_SIZE=0x7fff0000",
2026-10-03T02:46:37.2924886Z       "MAX_PAGE_COUNT=0xfffffffe",
2026-10-03T02:46:37.2925101Z       "MAX_PAGE_SIZE=65536",
2026-10-03T02:46:37.2925305Z       "MAX_SQL_LENGTH=1000000000",
2026-10-03T02:46:37.2925519Z       "MAX_TRIGGER_DEPTH=1000",
2026-10-03T02:46:37.2925742Z       "MAX_VARIABLE_NUMBER=32766",
2026-10-03T02:46:37.2925954Z       "MAX_VDBE_OP=250000000",
2026-10-03T02:46:37.2926160Z       "MAX_WORKER_THREADS=8",
2026-10-03T02:46:37.2926366Z       "MUTEX_PTHREADS",
2026-10-03T02:46:37.2926548Z       "SYSTEM_MALLOC",
2026-10-03T02:46:37.2926728Z       "TEMP_STORE=1",
2026-10-03T02:46:37.2926901Z       "THREADSAFE=1",
2026-10-03T02:46:37.2927076Z       "USE_URI"
2026-10-03T02:46:37.2927274Z     ]
2026-10-03T02:46:37.2927418Z   },
2026-10-03T02:46:37.2927577Z   "child_exit_code": 0,
2026-10-03T02:46:37.2927773Z   "system_library_replaced": false
2026-10-03T02:46:37.2927977Z }
2026-10-03T02:46:37.8127889Z ##[group]Run python scripts/run_logged.py evidence/sqlite-runtime-linked.log -- env -u LD_LIBRARY_PATH python -m airlock.sqlite_runtime --pin-file configs/sqlite-runtime.json --build-report evidence/sqlite-runtime-build.json --output evidence/sqlite-runtime-linked.json
2026-10-03T02:46:37.8128843Z [36;1mpython scripts/run_logged.py evidence/sqlite-runtime-linked.log -- env -u LD_LIBRARY_PATH python -m airlock.sqlite_runtime --pin-file configs/sqlite-runtime.json --build-report evidence/sqlite-runtime-build.json --output evidence/sqlite-runtime-linked.json[0m
2026-10-03T02:46:37.8178877Z shell: /usr/bin/bash --noprofile --norc -e -o pipefail {0}
2026-10-03T02:46:37.8179052Z env:
2026-10-03T02:46:37.8179161Z   NEXT_TELEMETRY_DISABLED: 1
2026-10-03T02:46:37.8179337Z   pythonLocation: /opt/hostedtoolcache/Python/3.13.15/x64
2026-10-03T02:46:37.8179559Z   PKG_CONFIG_PATH: /opt/hostedtoolcache/Python/3.13.15/x64/lib/pkgconfig
2026-10-03T02:46:37.8179793Z   Python_ROOT_DIR: /opt/hostedtoolcache/Python/3.13.15/x64
2026-10-03T02:46:37.8179997Z   Python2_ROOT_DIR: /opt/hostedtoolcache/Python/3.13.15/x64
2026-10-03T02:46:37.8180195Z   Python3_ROOT_DIR: /opt/hostedtoolcache/Python/3.13.15/x64
2026-10-03T02:46:37.8180394Z   LD_LIBRARY_PATH: /opt/hostedtoolcache/Python/3.13.15/x64/lib
2026-10-03T02:46:37.8180564Z ##[endgroup]
2026-10-03T02:46:37.8745057Z {
2026-10-03T02:46:37.8745280Z   "version": "3.53.1",
2026-10-03T02:46:37.8745668Z   "source_id": "2026-05-05 10:34:17 c88b22011a54b4f6fbd149e9f8e4de77658ce58143a1af0e3785e4e6475127e9",
2026-10-03T02:46:37.8746070Z   "wal_reset_fix": "upstream_fixed_version",
2026-10-03T02:46:37.8746305Z   "compile_options": [
2026-10-03T02:46:37.8746494Z     "ATOMIC_INTRINSICS=1",
2026-10-03T02:46:37.8746690Z     "COMPILER=gcc-13.3.0",
2026-10-03T02:46:37.8746909Z     "DEFAULT_AUTOVACUUM",
2026-10-03T02:46:37.8747064Z     "DEFAULT_CACHE_SIZE=-2000",
2026-10-03T02:46:37.8747200Z     "DEFAULT_FILE_FORMAT=4",
2026-10-03T02:46:37.8747369Z     "DEFAULT_JOURNAL_SIZE_LIMIT=-1",
2026-10-03T02:46:37.8747589Z     "DEFAULT_MMAP_SIZE=0",
2026-10-03T02:46:37.8747785Z     "DEFAULT_PAGE_SIZE=4096",
2026-10-03T02:46:37.8747969Z     "DEFAULT_PCACHE_INITSZ=20",
2026-10-03T02:46:37.8748115Z     "DEFAULT_RECURSIVE_TRIGGERS",
2026-10-03T02:46:37.8748249Z     "DEFAULT_SECTOR_SIZE=4096",
2026-10-03T02:46:37.8748378Z     "DEFAULT_SYNCHRONOUS=2",
2026-10-03T02:46:37.8748512Z     "DEFAULT_WAL_AUTOCHECKPOINT=1000",
2026-10-03T02:46:37.8748658Z     "DEFAULT_WAL_SYNCHRONOUS=2",
2026-10-03T02:46:37.8748787Z     "DEFAULT_WORKER_THREADS=0",
2026-10-03T02:46:37.8748917Z     "DIRECT_OVERFLOW_READ",
2026-10-03T02:46:37.8749042Z     "ENABLE_COLUMN_METADATA",
2026-10-03T02:46:37.8749168Z     "ENABLE_DBSTAT_VTAB",
2026-10-03T02:46:37.8749283Z     "ENABLE_FTS3",
2026-10-03T02:46:37.8749550Z     "ENABLE_FTS5",
2026-10-03T02:46:37.8749660Z     "ENABLE_MATH_FUNCTIONS",
2026-10-03T02:46:37.8749779Z     "ENABLE_RTREE",
2026-10-03T02:46:37.8749890Z     "MALLOC_SOFT_LIMIT=1024",
2026-10-03T02:46:37.8750016Z     "MAX_ATTACHED=10",
2026-10-03T02:46:37.8750170Z     "MAX_COLUMN=2000",
2026-10-03T02:46:37.8750287Z     "MAX_COMPOUND_SELECT=500",
2026-10-03T02:46:37.8750416Z     "MAX_DEFAULT_PAGE_SIZE=8192",
2026-10-03T02:46:37.8750547Z     "MAX_EXPR_DEPTH=1000",
2026-10-03T02:46:37.8750666Z     "MAX_FUNCTION_ARG=1000",
2026-10-03T02:46:37.8750809Z     "MAX_LENGTH=1000000000",
2026-10-03T02:46:37.8750935Z     "MAX_LIKE_PATTERN_LENGTH=50000",
2026-10-03T02:46:37.8751307Z     "MAX_MMAP_SIZE=0x7fff0000",
2026-10-03T02:46:37.8751437Z     "MAX_PAGE_COUNT=0xfffffffe",
2026-10-03T02:46:37.8751566Z     "MAX_PAGE_SIZE=65536",
2026-10-03T02:46:37.8751771Z     "MAX_SQL_LENGTH=1000000000",
2026-10-03T02:46:37.8751899Z     "MAX_TRIGGER_DEPTH=1000",
2026-10-03T02:46:37.8752025Z     "MAX_VARIABLE_NUMBER=32766",
2026-10-03T02:46:37.8752156Z     "MAX_VDBE_OP=250000000",
2026-10-03T02:46:37.8752279Z     "MAX_WORKER_THREADS=8",
2026-10-03T02:46:37.8752418Z     "MUTEX_PTHREADS",
2026-10-03T02:46:37.8752533Z     "SYSTEM_MALLOC",
2026-10-03T02:46:37.8752778Z     "TEMP_STORE=1",
2026-10-03T02:46:37.8752886Z     "THREADSAFE=1",
2026-10-03T02:46:37.8752990Z     "USE_URI"
2026-10-03T02:46:37.8753088Z   ],
2026-10-03T02:46:37.8753184Z   "python": "3.13.15",
2026-10-03T02:46:37.8753302Z   "sqlite_threadsafety": 3,
2026-10-03T02:46:37.8753424Z   "pin_verified": true,
2026-10-03T02:46:37.8753624Z   "archive_sha256": "83e6b2020a034e9a7ad4a72feea59e1ad52f162e09cbd26735a3ffb98359fc4f",
2026-10-03T02:46:37.8753934Z   "amalgamation_sha3_256": "414432ae5719f6cdc485f3927e12c7ad107e2b8c6b434e5df2eadb5312bfabb5",
2026-10-03T02:46:37.8754170Z   "loaded_shared_library_files": [
2026-10-03T02:46:37.8754295Z     {
2026-10-03T02:46:37.8754467Z       "path": "/home/runner/work/_temp/airlock-sqlite-runtime/lib/libsqlite3.so.0",
2026-10-03T02:46:37.8754671Z       "bytes": 1591216,
2026-10-03T02:46:37.8754856Z       "sha256": "f826cb46ed8fb7b0c33f603eb8b8e8cf6026031f3dc455aa87b0032cf8a9dee2"
2026-10-03T02:46:37.8755053Z     }
2026-10-03T02:46:37.8755142Z   ],
2026-10-03T02:46:37.8755247Z   "loaded_shared_libraries": [
2026-10-03T02:46:37.8755426Z     "/home/runner/work/_temp/airlock-sqlite-runtime/lib/libsqlite3.so.0"
2026-10-03T02:46:37.8755607Z   ],
2026-10-03T02:46:37.8755711Z   "build_report_verified": true,
2026-10-03T02:46:37.8756027Z   "build_report_sha256": "df942eb5a313c85336ab90b038173f4d07778024674bed89ebec429d2846269d"
2026-10-03T02:46:37.8756246Z }
2026-10-03T02:46:37.8866361Z ##[group]Run actions/setup-node@v4
2026-10-03T02:46:37.8866511Z with:
2026-10-03T02:46:37.8866616Z   node-version: 22
2026-10-03T02:46:37.8866725Z   always-auth: false
2026-10-03T02:46:37.8866838Z   check-latest: false
2026-10-03T02:46:37.8867988Z   token: ***
2026-10-03T02:46:37.8868090Z env:
2026-10-03T02:46:37.8868196Z   NEXT_TELEMETRY_DISABLED: 1
2026-10-03T02:46:37.8868372Z   pythonLocation: /opt/hostedtoolcache/Python/3.13.15/x64
2026-10-03T02:46:37.8868600Z   PKG_CONFIG_PATH: /opt/hostedtoolcache/Python/3.13.15/x64/lib/pkgconfig
2026-10-03T02:46:37.8868823Z   Python_ROOT_DIR: /opt/hostedtoolcache/Python/3.13.15/x64
2026-10-03T02:46:37.8869021Z   Python2_ROOT_DIR: /opt/hostedtoolcache/Python/3.13.15/x64
2026-10-03T02:46:37.8869216Z   Python3_ROOT_DIR: /opt/hostedtoolcache/Python/3.13.15/x64
2026-10-03T02:46:37.8869415Z   LD_LIBRARY_PATH: /opt/hostedtoolcache/Python/3.13.15/x64/lib
2026-10-03T02:46:37.8869583Z ##[endgroup]
2026-10-03T02:46:37.9689465Z Found in cache @ /opt/hostedtoolcache/node/22.23.3/x64
2026-10-03T02:46:37.9692461Z (node:2123) [DEP0040] DeprecationWarning: The `punycode` module is deprecated. Please use a userland alternative instead.
2026-10-03T02:46:37.9693055Z (Use `node --trace-deprecation ...` to show where the warning was created)
2026-10-03T02:46:37.9694355Z ##[group]Environment details
2026-10-03T02:46:38.2583268Z node: v22.23.3
2026-10-03T02:46:38.2583856Z npm: 10.9.9
2026-10-03T02:46:38.2583981Z yarn: 1.22.22
2026-10-03T02:46:38.2584378Z ##[endgroup]
2026-10-03T02:46:38.2677598Z ##[group]Run python -m pip install -r requirements-dev.txt
2026-10-03T02:46:38.2677847Z [36;1mpython -m pip install -r requirements-dev.txt[0m
2026-10-03T02:46:38.2732789Z shell: /usr/bin/bash --noprofile --norc -e -o pipefail {0}
2026-10-03T02:46:38.2732972Z env:
2026-10-03T02:46:38.2733081Z   NEXT_TELEMETRY_DISABLED: 1
2026-10-03T02:46:38.2733249Z   pythonLocation: /opt/hostedtoolcache/Python/3.13.15/x64
2026-10-03T02:46:38.2733474Z   PKG_CONFIG_PATH: /opt/hostedtoolcache/Python/3.13.15/x64/lib/pkgconfig
2026-10-03T02:46:38.2733695Z   Python_ROOT_DIR: /opt/hostedtoolcache/Python/3.13.15/x64
2026-10-03T02:46:38.2733899Z   Python2_ROOT_DIR: /opt/hostedtoolcache/Python/3.13.15/x64
2026-10-03T02:46:38.2734102Z   Python3_ROOT_DIR: /opt/hostedtoolcache/Python/3.13.15/x64
2026-10-03T02:46:38.2734306Z   LD_LIBRARY_PATH: /opt/hostedtoolcache/Python/3.13.15/x64/lib
2026-10-03T02:46:38.2734493Z ##[endgroup]
2026-10-03T02:46:38.9988859Z Collecting fastapi==0.142.2 (from -r /home/runner/work/AIRLOCK/AIRLOCK/requirements.txt (line 1))
2026-10-03T02:46:39.0620547Z   Downloading fastapi-0.142.2-py3-none-any.whl.metadata (27 kB)
2026-10-03T02:46:39.0941513Z Collecting starlette==1.7.0 (from -r /home/runner/work/AIRLOCK/AIRLOCK/requirements.txt (line 2))
2026-10-03T02:46:39.1064190Z   Downloading starlette-1.7.0-py3-none-any.whl.metadata (6.6 kB)
2026-10-03T02:46:39.1845686Z Collecting pydantic==2.13.5 (from -r /home/runner/work/AIRLOCK/AIRLOCK/requirements.txt (line 3))
2026-10-03T02:46:39.1968722Z   Downloading pydantic-2.13.5-py3-none-any.whl.metadata (110 kB)
2026-10-03T02:46:39.2354906Z Collecting uvicorn==0.48.0 (from -r /home/runner/work/AIRLOCK/AIRLOCK/requirements.txt (line 4))
2026-10-03T02:46:39.2486944Z   Downloading uvicorn-0.48.0-py3-none-any.whl.metadata (6.7 kB)
2026-10-03T02:46:39.2681351Z Collecting httpx==0.28.1 (from -r /home/runner/work/AIRLOCK/AIRLOCK/requirements.txt (line 5))
2026-10-03T02:46:39.2806125Z   Downloading httpx-0.28.1-py3-none-any.whl.metadata (7.1 kB)
2026-10-03T02:46:39.2986065Z Collecting cel-python==0.4.0 (from -r /home/runner/work/AIRLOCK/AIRLOCK/requirements.txt (line 6))
2026-10-03T02:46:39.3125777Z   Downloading cel_python-0.4.0-py3-none-any.whl.metadata (8.5 kB)
2026-10-03T02:46:39.3404376Z Collecting PyYAML==6.0.3 (from -r /home/runner/work/AIRLOCK/AIRLOCK/requirements.txt (line 7))
2026-10-03T02:46:39.3527797Z   Downloading pyyaml-6.0.3-cp313-cp313-manylinux2014_x86_64.manylinux_2_17_x86_64.manylinux_2_28_x86_64.whl.metadata (2.4 kB)
2026-10-03T02:46:39.3713653Z Collecting PyJWT==2.15.1 (from -r /home/runner/work/AIRLOCK/AIRLOCK/requirements.txt (line 8))
2026-10-03T02:46:39.3835540Z   Downloading pyjwt-2.15.1-py3-none-any.whl.metadata (3.5 kB)
2026-10-03T02:46:39.4940076Z Collecting cryptography==50.0.2 (from -r /home/runner/work/AIRLOCK/AIRLOCK/requirements.txt (line 9))
2026-10-03T02:46:39.5063734Z   Downloading cryptography-50.0.2-cp311-abi3-manylinux_2_34_x86_64.whl.metadata (4.4 kB)
2026-10-03T02:46:39.6073178Z Collecting boto3==1.43.107 (from -r /home/runner/work/AIRLOCK/AIRLOCK/requirements-archive.txt (line 2))
2026-10-03T02:46:39.6195690Z   Downloading boto3-1.43.107-py3-none-any.whl.metadata (6.6 kB)
2026-10-03T02:46:39.7352890Z Collecting botocore==1.43.107 (from -r /home/runner/work/AIRLOCK/AIRLOCK/requirements-archive.txt (line 3))
2026-10-03T02:46:39.7478200Z   Downloading botocore-1.43.107-py3-none-any.whl.metadata (5.6 kB)
2026-10-03T02:46:39.7668726Z Collecting s3transfer==0.19.2 (from -r /home/runner/work/AIRLOCK/AIRLOCK/requirements-archive.txt (line 4))
2026-10-03T02:46:39.7790552Z   Downloading s3transfer-0.19.2-py3-none-any.whl.metadata (1.7 kB)
2026-10-03T02:46:39.8025326Z Collecting pytest==9.0.2 (from -r requirements-dev.txt (line 3))
2026-10-03T02:46:39.8153227Z   Downloading pytest-9.0.2-py3-none-any.whl.metadata (7.6 kB)
2026-10-03T02:46:39.8469128Z Collecting playwright==1.57.0 (from -r requirements-dev.txt (line 4))
2026-10-03T02:46:39.8598665Z   Downloading playwright-1.57.0-py3-none-manylinux1_x86_64.whl.metadata (3.5 kB)
2026-10-03T02:46:39.8790596Z Collecting mcp==1.26.0 (from -r requirements-dev.txt (line 5))
2026-10-03T02:46:39.8912372Z   Downloading mcp-1.26.0-py3-none-any.whl.metadata (89 kB)
2026-10-03T02:46:39.9141926Z Collecting pip-audit==2.10.1 (from -r requirements-dev.txt (line 6))
2026-10-03T02:46:39.9263577Z   Downloading pip_audit-2.10.1-py3-none-any.whl.metadata (28 kB)
2026-10-03T02:46:39.9480793Z Collecting typing-extensions>=4.8.0 (from fastapi==0.142.2->-r /home/runner/work/AIRLOCK/AIRLOCK/requirements.txt (line 1))
2026-10-03T02:46:39.9603352Z   Downloading typing_extensions-4.16.0-py3-none-any.whl.metadata (3.3 kB)
2026-10-03T02:46:39.9767475Z Collecting typing-inspection>=0.4.2 (from fastapi==0.142.2->-r /home/runner/work/AIRLOCK/AIRLOCK/requirements.txt (line 1))
2026-10-03T02:46:39.9890080Z   Downloading typing_inspection-0.4.4-py3-none-any.whl.metadata (2.6 kB)
2026-10-03T02:46:40.0050880Z Collecting annotated-doc>=0.0.2 (from fastapi==0.142.2->-r /home/runner/work/AIRLOCK/AIRLOCK/requirements.txt (line 1))
2026-10-03T02:46:40.0172608Z   Downloading annotated_doc-0.0.5-py3-none-any.whl.metadata (6.5 kB)
2026-10-03T02:46:40.0519439Z Collecting opentelemetry-api>=1.44.0 (from fastapi==0.142.2->-r /home/runner/work/AIRLOCK/AIRLOCK/requirements.txt (line 1))
2026-10-03T02:46:40.0645911Z   Downloading opentelemetry_api-1.45.0-py3-none-any.whl.metadata (1.4 kB)
2026-10-03T02:46:40.0853869Z Collecting anyio<5,>=4.0.0 (from starlette==1.7.0->-r /home/runner/work/AIRLOCK/AIRLOCK/requirements.txt (line 2))
2026-10-03T02:46:40.0981127Z   Downloading anyio-4.15.1-py3-none-any.whl.metadata (4.7 kB)
2026-10-03T02:46:40.1150663Z Collecting annotated-types>=0.6.0 (from pydantic==2.13.5->-r /home/runner/work/AIRLOCK/AIRLOCK/requirements.txt (line 3))
2026-10-03T02:46:40.1277893Z   Downloading annotated_types-0.8.0-py3-none-any.whl.metadata (15 kB)
2026-10-03T02:46:40.4764690Z Collecting pydantic-core==2.46.5 (from pydantic==2.13.5->-r /home/runner/work/AIRLOCK/AIRLOCK/requirements.txt (line 3))
2026-10-03T02:46:40.4894652Z   Downloading pydantic_core-2.46.5-cp313-cp313-manylinux_2_17_x86_64.manylinux2014_x86_64.whl.metadata (6.6 kB)
2026-10-03T02:46:40.5103547Z Collecting click>=7.0 (from uvicorn==0.48.0->-r /home/runner/work/AIRLOCK/AIRLOCK/requirements.txt (line 4))
2026-10-03T02:46:40.5231829Z   Downloading click-8.5.0-py3-none-any.whl.metadata (2.6 kB)
2026-10-03T02:46:40.5406173Z Collecting h11>=0.8 (from uvicorn==0.48.0->-r /home/runner/work/AIRLOCK/AIRLOCK/requirements.txt (line 4))
2026-10-03T02:46:40.5528540Z   Downloading h11-0.16.0-py3-none-any.whl.metadata (8.3 kB)
2026-10-03T02:46:40.5740293Z Collecting certifi (from httpx==0.28.1->-r /home/runner/work/AIRLOCK/AIRLOCK/requirements.txt (line 5))
2026-10-03T02:46:40.5863637Z   Downloading certifi-2026.7.22-py3-none-any.whl.metadata (2.5 kB)
2026-10-03T02:46:40.6053575Z Collecting httpcore==1.* (from httpx==0.28.1->-r /home/runner/work/AIRLOCK/AIRLOCK/requirements.txt (line 5))
2026-10-03T02:46:40.6177174Z   Downloading httpcore-1.0.9-py3-none-any.whl.metadata (21 kB)
2026-10-03T02:46:40.6372088Z Collecting idna (from httpx==0.28.1->-r /home/runner/work/AIRLOCK/AIRLOCK/requirements.txt (line 5))
2026-10-03T02:46:40.6495891Z   Downloading idna-3.20-py3-none-any.whl.metadata (7.2 kB)
2026-10-03T02:46:40.7030884Z Collecting google-re2>=1.1.20240702 (from cel-python==0.4.0->-r /home/runner/work/AIRLOCK/AIRLOCK/requirements.txt (line 6))
2026-10-03T02:46:40.7174136Z   Downloading google_re2-1.1.20251105-1-cp313-cp313-manylinux_2_27_x86_64.manylinux_2_28_x86_64.whl.metadata (2.4 kB)
2026-10-03T02:46:40.7342301Z Collecting jmespath>=1.0.1 (from cel-python==0.4.0->-r /home/runner/work/AIRLOCK/AIRLOCK/requirements.txt (line 6))
2026-10-03T02:46:40.7465052Z   Downloading jmespath-1.1.0-py3-none-any.whl.metadata (7.6 kB)
2026-10-03T02:46:40.7636332Z Collecting lark>=1.2.2 (from cel-python==0.4.0->-r /home/runner/work/AIRLOCK/AIRLOCK/requirements.txt (line 6))
2026-10-03T02:46:40.7758709Z   Downloading lark-1.3.1-py3-none-any.whl.metadata (1.8 kB)
2026-10-03T02:46:40.8071885Z Collecting pendulum>=3.1.0 (from cel-python==0.4.0->-r /home/runner/work/AIRLOCK/AIRLOCK/requirements.txt (line 6))
2026-10-03T02:46:40.8211522Z   Downloading pendulum-3.2.0-cp313-cp313-manylinux_2_17_x86_64.manylinux2014_x86_64.whl.metadata (6.8 kB)
2026-10-03T02:46:40.8798888Z Collecting cffi>=2.0.0 (from cryptography==50.0.2->-r /home/runner/work/AIRLOCK/AIRLOCK/requirements.txt (line 9))
2026-10-03T02:46:40.8923870Z   Downloading cffi-2.1.1-cp313-cp313-manylinux2014_x86_64.manylinux_2_17_x86_64.whl.metadata (2.5 kB)
2026-10-03T02:46:40.9211379Z Collecting python-dateutil<3.0.0,>=2.1 (from botocore==1.43.107->-r /home/runner/work/AIRLOCK/AIRLOCK/requirements-archive.txt (line 3))
2026-10-03T02:46:40.9338689Z   Downloading python_dateutil-2.9.0.post0-py2.py3-none-any.whl.metadata (8.4 kB)
2026-10-03T02:46:40.9559553Z Collecting urllib3!=2.2.0,<3,>=1.25.4 (from botocore==1.43.107->-r /home/runner/work/AIRLOCK/AIRLOCK/requirements-archive.txt (line 3))
2026-10-03T02:46:40.9682394Z   Downloading urllib3-2.8.0-py3-none-any.whl.metadata (7.4 kB)
2026-10-03T02:46:40.9905414Z Collecting iniconfig>=1.0.1 (from pytest==9.0.2->-r requirements-dev.txt (line 3))
2026-10-03T02:46:41.0029007Z   Downloading iniconfig-2.3.0-py3-none-any.whl.metadata (2.5 kB)
2026-10-03T02:46:41.0223223Z Collecting packaging>=22 (from pytest==9.0.2->-r requirements-dev.txt (line 3))
2026-10-03T02:46:41.0346447Z   Downloading packaging-26.3-py3-none-any.whl.metadata (3.5 kB)
2026-10-03T02:46:41.0517702Z Collecting pluggy<2,>=1.5 (from pytest==9.0.2->-r requirements-dev.txt (line 3))
2026-10-03T02:46:41.0641705Z   Downloading pluggy-1.6.0-py3-none-any.whl.metadata (4.8 kB)
2026-10-03T02:46:41.0851335Z Collecting pygments>=2.7.2 (from pytest==9.0.2->-r requirements-dev.txt (line 3))
2026-10-03T02:46:41.0974830Z   Downloading pygments-2.21.0-py3-none-any.whl.metadata (2.5 kB)
2026-10-03T02:46:41.1326719Z Collecting pyee<14,>=13 (from playwright==1.57.0->-r requirements-dev.txt (line 4))
2026-10-03T02:46:41.1455181Z   Downloading pyee-13.0.1-py3-none-any.whl.metadata (3.0 kB)
2026-10-03T02:46:41.2201693Z Collecting greenlet<4.0.0,>=3.1.1 (from playwright==1.57.0->-r requirements-dev.txt (line 4))
2026-10-03T02:46:41.2327550Z   Downloading greenlet-3.5.6-cp313-cp313-manylinux_2_24_x86_64.manylinux_2_28_x86_64.whl.metadata (3.8 kB)
2026-10-03T02:46:41.2508395Z Collecting httpx-sse>=0.4 (from mcp==1.26.0->-r requirements-dev.txt (line 5))
2026-10-03T02:46:41.2634202Z   Downloading httpx_sse-0.4.3-py3-none-any.whl.metadata (9.7 kB)
2026-10-03T02:46:41.2851181Z Collecting jsonschema>=4.20.0 (from mcp==1.26.0->-r requirements-dev.txt (line 5))
2026-10-03T02:46:41.2973315Z   Downloading jsonschema-4.26.0-py3-none-any.whl.metadata (7.6 kB)
2026-10-03T02:46:41.3165124Z Collecting pydantic-settings>=2.5.2 (from mcp==1.26.0->-r requirements-dev.txt (line 5))
2026-10-03T02:46:41.3288909Z   Downloading pydantic_settings-2.15.0-py3-none-any.whl.metadata (3.9 kB)
2026-10-03T02:46:41.3526735Z Collecting python-multipart>=0.0.9 (from mcp==1.26.0->-r requirements-dev.txt (line 5))
2026-10-03T02:46:41.3649251Z   Downloading python_multipart-0.0.32-py3-none-any.whl.metadata (2.1 kB)
2026-10-03T02:46:41.3841967Z Collecting sse-starlette>=1.6.1 (from mcp==1.26.0->-r requirements-dev.txt (line 5))
2026-10-03T02:46:41.3966507Z   Downloading sse_starlette-3.5.0-py3-none-any.whl.metadata (15 kB)
2026-10-03T02:46:41.4168474Z Collecting CacheControl>=0.13.0 (from CacheControl[filecache]>=0.13.0->pip-audit==2.10.1->-r requirements-dev.txt (line 6))
2026-10-03T02:46:41.4299131Z   Downloading cachecontrol-0.14.4-py3-none-any.whl.metadata (3.1 kB)
2026-10-03T02:46:41.4538218Z Collecting cyclonedx-python-lib<12,>=5 (from pip-audit==2.10.1->-r requirements-dev.txt (line 6))
2026-10-03T02:46:41.4662659Z   Downloading cyclonedx_python_lib-11.12.0-py3-none-any.whl.metadata (6.9 kB)
2026-10-03T02:46:41.4848680Z Collecting pip-api>=0.0.28 (from pip-audit==2.10.1->-r requirements-dev.txt (line 6))
2026-10-03T02:46:41.4971238Z   Downloading pip_api-0.0.35-py3-none-any.whl.metadata (17 kB)
2026-10-03T02:46:41.5146316Z Collecting pip-requirements-parser>=32.0.0 (from pip-audit==2.10.1->-r requirements-dev.txt (line 6))
2026-10-03T02:46:41.5270900Z   Downloading pip_requirements_parser-32.0.1-py3-none-any.whl.metadata (9.3 kB)
2026-10-03T02:46:41.5532440Z Collecting requests>=2.31.0 (from pip-audit==2.10.1->-r requirements-dev.txt (line 6))
2026-10-03T02:46:41.5655850Z   Downloading requests-2.34.2-py3-none-any.whl.metadata (4.8 kB)
2026-10-03T02:46:41.5906383Z Collecting rich>=12.4 (from pip-audit==2.10.1->-r requirements-dev.txt (line 6))
2026-10-03T02:46:41.6029209Z   Downloading rich-15.0.0-py3-none-any.whl.metadata (18 kB)
2026-10-03T02:46:41.6249592Z Collecting tomli>=2.2.1 (from pip-audit==2.10.1->-r requirements-dev.txt (line 6))
2026-10-03T02:46:41.6372380Z   Downloading tomli-2.4.1-cp313-cp313-manylinux2014_x86_64.manylinux_2_17_x86_64.manylinux_2_28_x86_64.whl.metadata (10 kB)
2026-10-03T02:46:41.6580367Z Collecting tomli-w>=1.2.0 (from pip-audit==2.10.1->-r requirements-dev.txt (line 6))
2026-10-03T02:46:41.6703132Z   Downloading tomli_w-1.2.0-py3-none-any.whl.metadata (5.7 kB)
2026-10-03T02:46:41.6905233Z Collecting platformdirs>=4.2.0 (from pip-audit==2.10.1->-r requirements-dev.txt (line 6))
2026-10-03T02:46:41.7029251Z   Downloading platformdirs-4.12.2-py3-none-any.whl.metadata (5.5 kB)
2026-10-03T02:46:41.8138295Z Collecting license-expression<31,>=30 (from cyclonedx-python-lib<12,>=5->pip-audit==2.10.1->-r requirements-dev.txt (line 6))
2026-10-03T02:46:41.8262974Z   Downloading license_expression-30.4.4-py3-none-any.whl.metadata (11 kB)
2026-10-03T02:46:41.9284577Z Collecting packageurl-python<2,>=0.11 (from cyclonedx-python-lib<12,>=5->pip-audit==2.10.1->-r requirements-dev.txt (line 6))
2026-10-03T02:46:41.9406881Z   Downloading packageurl_python-0.17.6-py3-none-any.whl.metadata (5.1 kB)
2026-10-03T02:46:41.9620513Z Collecting py-serializable<3.0.0,>=2.1.0 (from cyclonedx-python-lib<12,>=5->pip-audit==2.10.1->-r requirements-dev.txt (line 6))
2026-10-03T02:46:41.9744320Z   Downloading py_serializable-2.1.0-py3-none-any.whl.metadata (4.3 kB)
2026-10-03T02:46:42.0078718Z Collecting sortedcontainers<3.0.0,>=2.4.0 (from cyclonedx-python-lib<12,>=5->pip-audit==2.10.1->-r requirements-dev.txt (line 6))
2026-10-03T02:46:42.0200366Z   Downloading sortedcontainers-2.4.0-py2.py3-none-any.whl.metadata (10 kB)
2026-10-03T02:46:42.0387229Z Collecting boolean.py>=4.0 (from license-expression<31,>=30->cyclonedx-python-lib<12,>=5->pip-audit==2.10.1->-r requirements-dev.txt (line 6))
2026-10-03T02:46:42.0511625Z   Downloading boolean_py-5.0-py3-none-any.whl.metadata (2.3 kB)
2026-10-03T02:46:42.0689755Z Collecting defusedxml<0.8.0,>=0.7.1 (from py-serializable<3.0.0,>=2.1.0->cyclonedx-python-lib<12,>=5->pip-audit==2.10.1->-r requirements-dev.txt (line 6))
2026-10-03T02:46:42.0813338Z   Downloading defusedxml-0.7.1-py2.py3-none-any.whl.metadata (32 kB)
2026-10-03T02:46:42.1008261Z Collecting six>=1.5 (from python-dateutil<3.0.0,>=2.1->botocore==1.43.107->-r /home/runner/work/AIRLOCK/AIRLOCK/requirements-archive.txt (line 3))
2026-10-03T02:46:42.1129892Z   Downloading six-1.17.0-py2.py3-none-any.whl.metadata (1.7 kB)
2026-10-03T02:46:42.1610361Z Collecting msgpack<2.0.0,>=0.5.2 (from CacheControl>=0.13.0->CacheControl[filecache]>=0.13.0->pip-audit==2.10.1->-r requirements-dev.txt (line 6))
2026-10-03T02:46:42.1744118Z   Downloading msgpack-1.2.3-cp313-cp313-manylinux2014_x86_64.manylinux_2_17_x86_64.manylinux_2_28_x86_64.whl.metadata (8.3 kB)
2026-10-03T02:46:42.2094796Z Collecting filelock>=3.8.0 (from CacheControl[filecache]>=0.13.0->pip-audit==2.10.1->-r requirements-dev.txt (line 6))
2026-10-03T02:46:42.2217547Z   Downloading filelock-4.0.9-py3-none-any.whl.metadata (2.0 kB)
2026-10-03T02:46:42.2391785Z Collecting pycparser (from cffi>=2.0.0->cryptography==50.0.2->-r /home/runner/work/AIRLOCK/AIRLOCK/requirements.txt (line 9))
2026-10-03T02:46:42.2513257Z   Downloading pycparser-3.0-py3-none-any.whl.metadata (8.2 kB)
2026-10-03T02:46:42.2711951Z Collecting attrs>=22.2.0 (from jsonschema>=4.20.0->mcp==1.26.0->-r requirements-dev.txt (line 5))
2026-10-03T02:46:42.2837137Z   Downloading attrs-26.1.0-py3-none-any.whl.metadata (8.8 kB)
2026-10-03T02:46:42.3006714Z Collecting jsonschema-specifications>=2023.03.6 (from jsonschema>=4.20.0->mcp==1.26.0->-r requirements-dev.txt (line 5))
2026-10-03T02:46:42.3131332Z   Downloading jsonschema_specifications-2025.9.1-py3-none-any.whl.metadata (2.9 kB)
2026-10-03T02:46:42.3329903Z Collecting referencing>=0.28.4 (from jsonschema>=4.20.0->mcp==1.26.0->-r requirements-dev.txt (line 5))
2026-10-03T02:46:42.3476860Z   Downloading referencing-0.37.0-py3-none-any.whl.metadata (2.8 kB)
2026-10-03T02:46:42.4689179Z Collecting rpds-py>=0.25.0 (from jsonschema>=4.20.0->mcp==1.26.0->-r requirements-dev.txt (line 5))
2026-10-03T02:46:42.4826429Z   Downloading rpds_py-2026.6.3-cp313-cp313-manylinux_2_17_x86_64.manylinux2014_x86_64.whl.metadata (4.1 kB)
2026-10-03T02:46:42.5043320Z Collecting tzdata>=2020.1 (from pendulum>=3.1.0->cel-python==0.4.0->-r /home/runner/work/AIRLOCK/AIRLOCK/requirements.txt (line 6))
2026-10-03T02:46:42.5168192Z   Downloading tzdata-2026.4-py2.py3-none-any.whl.metadata (1.4 kB)
2026-10-03T02:46:42.5192665Z Requirement already satisfied: pip in /opt/hostedtoolcache/Python/3.13.15/x64/lib/python3.13/site-packages (from pip-api>=0.0.28->pip-audit==2.10.1->-r requirements-dev.txt (line 6)) (26.2.1)
2026-10-03T02:46:42.5396864Z Collecting pyparsing (from pip-requirements-parser>=32.0.0->pip-audit==2.10.1->-r requirements-dev.txt (line 6))
2026-10-03T02:46:42.5518534Z   Downloading pyparsing-3.3.3-py3-none-any.whl.metadata (5.9 kB)
2026-10-03T02:46:42.5714498Z Collecting python-dotenv>=0.21.0 (from pydantic-settings>=2.5.2->mcp==1.26.0->-r requirements-dev.txt (line 5))
2026-10-03T02:46:42.5836497Z   Downloading python_dotenv-1.2.4-py3-none-any.whl.metadata (29 kB)
2026-10-03T02:46:42.6533895Z Collecting charset_normalizer<4,>=2 (from requests>=2.31.0->pip-audit==2.10.1->-r requirements-dev.txt (line 6))
2026-10-03T02:46:42.6660795Z   Downloading charset_normalizer-3.5.2-cp313-cp313-manylinux2014_x86_64.manylinux_2_17_x86_64.manylinux_2_28_x86_64.whl.metadata (46 kB)
2026-10-03T02:46:42.6899621Z Collecting markdown-it-py>=2.2.0 (from rich>=12.4->pip-audit==2.10.1->-r requirements-dev.txt (line 6))
2026-10-03T02:46:42.7026150Z   Downloading markdown_it_py-4.2.0-py3-none-any.whl.metadata (7.4 kB)
2026-10-03T02:46:42.7210319Z Collecting mdurl~=0.1 (from markdown-it-py>=2.2.0->rich>=12.4->pip-audit==2.10.1->-r requirements-dev.txt (line 6))
2026-10-03T02:46:42.7333690Z   Downloading mdurl-0.1.2-py3-none-any.whl.metadata (1.6 kB)
2026-10-03T02:46:42.7540834Z Downloading fastapi-0.142.2-py3-none-any.whl (144 kB)
2026-10-03T02:46:42.7715207Z Downloading starlette-1.7.0-py3-none-any.whl (78 kB)
2026-10-03T02:46:42.7862782Z Downloading pydantic-2.13.5-py3-none-any.whl (472 kB)
2026-10-03T02:46:42.8154557Z Downloading uvicorn-0.48.0-py3-none-any.whl (71 kB)
2026-10-03T02:46:42.8289280Z Downloading httpx-0.28.1-py3-none-any.whl (73 kB)
2026-10-03T02:46:42.8438786Z Downloading cel_python-0.4.0-py3-none-any.whl (85 kB)
2026-10-03T02:46:42.8657800Z Downloading pyyaml-6.0.3-cp313-cp313-manylinux2014_x86_64.manylinux_2_17_x86_64.manylinux_2_28_x86_64.whl (801 kB)
2026-10-03T02:46:42.8815619Z    ━━━━━━━━━━━━━━━━━━━━━━━━━━━━━━━━━━━━━━━━ 801.6/801.6 kB 42.5 MB/s  0:00:00
2026-10-03T02:46:42.8938445Z Downloading pyjwt-2.15.1-py3-none-any.whl (33 kB)
2026-10-03T02:46:42.9074560Z Downloading cryptography-50.0.2-cp311-abi3-manylinux_2_34_x86_64.whl (4.8 MB)
2026-10-03T02:46:42.9632588Z    ━━━━━━━━━━━━━━━━━━━━━━━━━━━━━━━━━━━━━━━━ 4.8/4.8 MB 83.1 MB/s  0:00:00
2026-10-03T02:46:42.9755545Z Downloading boto3-1.43.107-py3-none-any.whl (140 kB)
2026-10-03T02:46:42.9894917Z Downloading botocore-1.43.107-py3-none-any.whl (16.0 MB)
2026-10-03T02:46:43.1338701Z    ━━━━━━━━━━━━━━━━━━━━━━━━━━━━━━━━━━━━━━━━ 16.0/16.0 MB 110.1 MB/s  0:00:00
2026-10-03T02:46:43.1468742Z Downloading s3transfer-0.19.2-py3-none-any.whl (90 kB)
2026-10-03T02:46:43.1606520Z Downloading pytest-9.0.2-py3-none-any.whl (374 kB)
2026-10-03T02:46:43.1752572Z Downloading playwright-1.57.0-py3-none-manylinux1_x86_64.whl (46.0 MB)
2026-10-03T02:46:43.5070542Z    ━━━━━━━━━━━━━━━━━━━━━━━━━━━━━━━━━━━━━━━━ 46.0/46.0 MB 138.4 MB/s  0:00:00
2026-10-03T02:46:43.5197994Z Downloading mcp-1.26.0-py3-none-any.whl (233 kB)
2026-10-03T02:46:43.5337261Z Downloading pip_audit-2.10.1-py3-none-any.whl (62 kB)
2026-10-03T02:46:43.5475820Z Downloading pydantic_core-2.46.5-cp313-cp313-manylinux_2_17_x86_64.manylinux2014_x86_64.whl (2.1 MB)
2026-10-03T02:46:43.5638796Z    ━━━━━━━━━━━━━━━━━━━━━━━━━━━━━━━━━━━━━━━━ 2.1/2.1 MB 123.1 MB/s  0:00:00
2026-10-03T02:46:43.5763407Z Downloading anyio-4.15.1-py3-none-any.whl (132 kB)
2026-10-03T02:46:43.5901146Z Downloading cyclonedx_python_lib-11.12.0-py3-none-any.whl (529 kB)
2026-10-03T02:46:43.5931408Z    ━━━━━━━━━━━━━━━━━━━━━━━━━━━━━━━━━━━━━━━━ 529.5/529.5 kB 148.0 MB/s  0:00:00
2026-10-03T02:46:43.6054941Z Downloading greenlet-3.5.6-cp313-cp313-manylinux_2_24_x86_64.manylinux_2_28_x86_64.whl (623 kB)
2026-10-03T02:46:43.6085728Z    ━━━━━━━━━━━━━━━━━━━━━━━━━━━━━━━━━━━━━━━━ 623.8/623.8 kB 179.6 MB/s  0:00:00
2026-10-03T02:46:43.6207437Z Downloading httpcore-1.0.9-py3-none-any.whl (78 kB)
2026-10-03T02:46:43.6344453Z Downloading jmespath-1.1.0-py3-none-any.whl (20 kB)
2026-10-03T02:46:43.6484067Z Downloading license_expression-30.4.4-py3-none-any.whl (120 kB)
2026-10-03T02:46:43.6623432Z Downloading packageurl_python-0.17.6-py3-none-any.whl (36 kB)
2026-10-03T02:46:43.7448825Z Downloading pluggy-1.6.0-py3-none-any.whl (20 kB)
2026-10-03T02:46:43.7586577Z Downloading py_serializable-2.1.0-py3-none-any.whl (23 kB)
2026-10-03T02:46:43.7723366Z Downloading defusedxml-0.7.1-py2.py3-none-any.whl (25 kB)
2026-10-03T02:46:43.7859688Z Downloading pyee-13.0.1-py3-none-any.whl (15 kB)
2026-10-03T02:46:43.7997192Z Downloading python_dateutil-2.9.0.post0-py2.py3-none-any.whl (229 kB)
2026-10-03T02:46:43.8139796Z Downloading sortedcontainers-2.4.0-py2.py3-none-any.whl (29 kB)
2026-10-03T02:46:43.8277732Z Downloading urllib3-2.8.0-py3-none-any.whl (135 kB)
2026-10-03T02:46:43.8414340Z Downloading annotated_doc-0.0.5-py3-none-any.whl (5.3 kB)
2026-10-03T02:46:43.8548102Z Downloading annotated_types-0.8.0-py3-none-any.whl (13 kB)
2026-10-03T02:46:43.8683909Z Downloading boolean_py-5.0-py3-none-any.whl (26 kB)
2026-10-03T02:46:43.8818638Z Downloading cachecontrol-0.14.4-py3-none-any.whl (22 kB)
2026-10-03T02:46:43.8959881Z Downloading msgpack-1.2.3-cp313-cp313-manylinux2014_x86_64.manylinux_2_17_x86_64.manylinux_2_28_x86_64.whl (466 kB)
2026-10-03T02:46:43.9105182Z Downloading cffi-2.1.1-cp313-cp313-manylinux2014_x86_64.manylinux_2_17_x86_64.whl (221 kB)
2026-10-03T02:46:43.9242632Z Downloading click-8.5.0-py3-none-any.whl (125 kB)
2026-10-03T02:46:43.9383322Z Downloading filelock-4.0.9-py3-none-any.whl (110 kB)
2026-10-03T02:46:43.9585088Z Downloading google_re2-1.1.20251105-1-cp313-cp313-manylinux_2_27_x86_64.manylinux_2_28_x86_64.whl (591 kB)
2026-10-03T02:46:43.9635351Z    ━━━━━━━━━━━━━━━━━━━━━━━━━━━━━━━━━━━━━━━━ 591.4/591.4 kB 112.5 MB/s  0:00:00
2026-10-03T02:46:43.9757386Z Downloading h11-0.16.0-py3-none-any.whl (37 kB)
2026-10-03T02:46:43.9894796Z Downloading httpx_sse-0.4.3-py3-none-any.whl (9.0 kB)
2026-10-03T02:46:44.0031499Z Downloading idna-3.20-py3-none-any.whl (69 kB)
2026-10-03T02:46:44.0166825Z Downloading iniconfig-2.3.0-py3-none-any.whl (7.5 kB)
2026-10-03T02:46:44.0302994Z Downloading jsonschema-4.26.0-py3-none-any.whl (90 kB)
2026-10-03T02:46:44.0441153Z Downloading attrs-26.1.0-py3-none-any.whl (67 kB)
2026-10-03T02:46:44.0578048Z Downloading jsonschema_specifications-2025.9.1-py3-none-any.whl (18 kB)
2026-10-03T02:46:44.0714768Z Downloading lark-1.3.1-py3-none-any.whl (113 kB)
2026-10-03T02:46:44.0853099Z Downloading opentelemetry_api-1.45.0-py3-none-any.whl (60 kB)
2026-10-03T02:46:44.0992441Z Downloading packaging-26.3-py3-none-any.whl (129 kB)
2026-10-03T02:46:44.1132703Z Downloading pendulum-3.2.0-cp313-cp313-manylinux_2_17_x86_64.manylinux2014_x86_64.whl (348 kB)
2026-10-03T02:46:44.1290904Z Downloading pip_api-0.0.35-py3-none-any.whl (123 kB)
2026-10-03T02:46:44.1428925Z Downloading pip_requirements_parser-32.0.1-py3-none-any.whl (35 kB)
2026-10-03T02:46:44.1568881Z Downloading platformdirs-4.12.2-py3-none-any.whl (32 kB)
2026-10-03T02:46:44.1767958Z Downloading pydantic_settings-2.15.0-py3-none-any.whl (69 kB)
2026-10-03T02:46:44.1916715Z Downloading pygments-2.21.0-py3-none-any.whl (1.3 MB)
2026-10-03T02:46:44.1967257Z    ━━━━━━━━━━━━━━━━━━━━━━━━━━━━━━━━━━━━━━━━ 1.3/1.3 MB 275.4 MB/s  0:00:00
2026-10-03T02:46:44.2089893Z Downloading python_dotenv-1.2.4-py3-none-any.whl (23 kB)
2026-10-03T02:46:44.2224350Z Downloading python_multipart-0.0.32-py3-none-any.whl (30 kB)
2026-10-03T02:46:44.2359156Z Downloading referencing-0.37.0-py3-none-any.whl (26 kB)
2026-10-03T02:46:44.2493868Z Downloading requests-2.34.2-py3-none-any.whl (73 kB)
2026-10-03T02:46:44.2704668Z Downloading charset_normalizer-3.5.2-cp313-cp313-manylinux2014_x86_64.manylinux_2_17_x86_64.manylinux_2_28_x86_64.whl (254 kB)
2026-10-03T02:46:44.3018067Z Downloading certifi-2026.7.22-py3-none-any.whl (136 kB)
2026-10-03T02:46:44.3498391Z Downloading rich-15.0.0-py3-none-any.whl (310 kB)
2026-10-03T02:46:44.4092397Z Downloading markdown_it_py-4.2.0-py3-none-any.whl (91 kB)
2026-10-03T02:46:44.4401614Z Downloading mdurl-0.1.2-py3-none-any.whl (10.0 kB)
2026-10-03T02:46:44.4603306Z Downloading rpds_py-2026.6.3-cp313-cp313-manylinux_2_17_x86_64.manylinux2014_x86_64.whl (365 kB)
2026-10-03T02:46:44.4799309Z Downloading six-1.17.0-py2.py3-none-any.whl (11 kB)
2026-10-03T02:46:44.5086538Z Downloading sse_starlette-3.5.0-py3-none-any.whl (17 kB)
2026-10-03T02:46:44.5300064Z Downloading tomli-2.4.1-cp313-cp313-manylinux2014_x86_64.manylinux_2_17_x86_64.manylinux_2_28_x86_64.whl (251 kB)
2026-10-03T02:46:44.7468540Z Downloading tomli_w-1.2.0-py3-none-any.whl (6.7 kB)
2026-10-03T02:46:44.9755823Z Downloading typing_extensions-4.16.0-py3-none-any.whl (45 kB)
2026-10-03T02:46:45.1839768Z Downloading typing_inspection-0.4.4-py3-none-any.whl (14 kB)
2026-10-03T02:46:45.3832871Z Downloading tzdata-2026.4-py2.py3-none-any.whl (347 kB)
2026-10-03T02:46:45.6911116Z Downloading pycparser-3.0-py3-none-any.whl (48 kB)
2026-10-03T02:46:45.9103397Z Downloading pyparsing-3.3.3-py3-none-any.whl (126 kB)
2026-10-03T02:46:46.3514109Z Installing collected packages: sortedcontainers, boolean.py, urllib3, tzdata, typing-extensions, tomli-w, tomli, six, rpds-py, PyYAML, python-multipart, python-dotenv, pyparsing, PyJWT, pygments, pycparser, pluggy, platformdirs, pip-api, packaging, packageurl-python, msgpack, mdurl, license-expression, lark, jmespath, iniconfig, idna, httpx-sse, h11, greenlet, google-re2, filelock, defusedxml, click, charset_normalizer, certifi, attrs, annotated-types, annotated-doc, uvicorn, typing-inspection, requests, referencing, python-dateutil, pytest, pyee, pydantic-core, py-serializable, pip-requirements-parser, opentelemetry-api, markdown-it-py, httpcore, cffi, anyio, starlette, rich, pydantic, playwright, pendulum, jsonschema-specifications, httpx, cyclonedx-python-lib, cryptography, CacheControl, botocore, sse-starlette, s3transfer, pydantic-settings, jsonschema, fastapi, cel-python, pip-audit, mcp, boto3
2026-10-03T02:46:51.1018060Z 
2026-10-03T02:46:51.1057267Z Successfully installed CacheControl-0.14.4 PyJWT-2.15.1 PyYAML-6.0.3 annotated-doc-0.0.5 annotated-types-0.8.0 anyio-4.15.1 attrs-26.1.0 boolean.py-5.0 boto3-1.43.107 botocore-1.43.107 cel-python-0.4.0 certifi-2026.7.22 cffi-2.1.1 charset_normalizer-3.5.2 click-8.5.0 cryptography-50.0.2 cyclonedx-python-lib-11.12.0 defusedxml-0.7.1 fastapi-0.142.2 filelock-4.0.9 google-re2-1.1.20251105 greenlet-3.5.6 h11-0.16.0 httpcore-1.0.9 httpx-0.28.1 httpx-sse-0.4.3 idna-3.20 iniconfig-2.3.0 jmespath-1.1.0 jsonschema-4.26.0 jsonschema-specifications-2025.9.1 lark-1.3.1 license-expression-30.4.4 markdown-it-py-4.2.0 mcp-1.26.0 mdurl-0.1.2 msgpack-1.2.3 opentelemetry-api-1.45.0 packageurl-python-0.17.6 packaging-26.3 pendulum-3.2.0 pip-api-0.0.35 pip-audit-2.10.1 pip-requirements-parser-32.0.1 platformdirs-4.12.2 playwright-1.57.0 pluggy-1.6.0 py-serializable-2.1.0 pycparser-3.0 pydantic-2.13.5 pydantic-core-2.46.5 pydantic-settings-2.15.0 pyee-13.0.1 pygments-2.21.0 pyparsing-3.3.3 pytest-9.0.2 python-dateutil-2.9.0.post0 python-dotenv-1.2.4 python-multipart-0.0.32 referencing-0.37.0 requests-2.34.2 rich-15.0.0 rpds-py-2026.6.3 s3transfer-0.19.2 six-1.17.0 sortedcontainers-2.4.0 sse-starlette-3.5.0 starlette-1.7.0 tomli-2.4.1 tomli-w-1.2.0 typing-extensions-4.16.0 typing-inspection-0.4.4 tzdata-2026.4 urllib3-2.8.0 uvicorn-0.48.0
2026-10-03T02:46:51.2827932Z ##[group]Run npm ci
2026-10-03T02:46:51.2828099Z [36;1mnpm ci[0m
2026-10-03T02:46:51.2880090Z shell: /usr/bin/bash --noprofile --norc -e -o pipefail {0}
2026-10-03T02:46:51.2880269Z env:
2026-10-03T02:46:51.2880379Z   NEXT_TELEMETRY_DISABLED: 1
2026-10-03T02:46:51.2880543Z   pythonLocation: /opt/hostedtoolcache/Python/3.13.15/x64
2026-10-03T02:46:51.2880766Z   PKG_CONFIG_PATH: /opt/hostedtoolcache/Python/3.13.15/x64/lib/pkgconfig
2026-10-03T02:46:51.2881121Z   Python_ROOT_DIR: /opt/hostedtoolcache/Python/3.13.15/x64
2026-10-03T02:46:51.2881325Z   Python2_ROOT_DIR: /opt/hostedtoolcache/Python/3.13.15/x64
2026-10-03T02:46:51.2881523Z   Python3_ROOT_DIR: /opt/hostedtoolcache/Python/3.13.15/x64
2026-10-03T02:46:51.2881723Z   LD_LIBRARY_PATH: /opt/hostedtoolcache/Python/3.13.15/x64/lib
2026-10-03T02:46:51.2881893Z ##[endgroup]
2026-10-03T02:46:57.2992750Z 
2026-10-03T02:46:57.2993366Z added 24 packages, and audited 25 packages in 6s
2026-10-03T02:46:57.2993604Z 
2026-10-03T02:46:57.2993773Z 6 packages are looking for funding
2026-10-03T02:46:57.2993937Z   run `npm fund` for details
2026-10-03T02:46:57.2998916Z 
2026-10-03T02:46:57.2999062Z found 0 vulnerabilities
2026-10-03T02:46:57.3420661Z ##[group]Run python scripts/run_logged.py evidence/next-build.log -- npm run build
2026-10-03T02:46:57.3421126Z [36;1mpython scripts/run_logged.py evidence/next-build.log -- npm run build[0m
2026-10-03T02:46:57.3472152Z shell: /usr/bin/bash --noprofile --norc -e -o pipefail {0}
2026-10-03T02:46:57.3472342Z env:
2026-10-03T02:46:57.3472451Z   NEXT_TELEMETRY_DISABLED: 1
2026-10-03T02:46:57.3472617Z   pythonLocation: /opt/hostedtoolcache/Python/3.13.15/x64
2026-10-03T02:46:57.3472840Z   PKG_CONFIG_PATH: /opt/hostedtoolcache/Python/3.13.15/x64/lib/pkgconfig
2026-10-03T02:46:57.3473054Z   Python_ROOT_DIR: /opt/hostedtoolcache/Python/3.13.15/x64
2026-10-03T02:46:57.3473254Z   Python2_ROOT_DIR: /opt/hostedtoolcache/Python/3.13.15/x64
2026-10-03T02:46:57.3473479Z   Python3_ROOT_DIR: /opt/hostedtoolcache/Python/3.13.15/x64
2026-10-03T02:46:57.3473679Z   LD_LIBRARY_PATH: /opt/hostedtoolcache/Python/3.13.15/x64/lib
2026-10-03T02:46:57.3473850Z ##[endgroup]
2026-10-03T02:47:06.4409979Z 
2026-10-03T02:47:06.4410640Z > airlock-review-console@0.1.0 build
2026-10-03T02:47:06.4411151Z > next build frontend --webpack && node scripts/package_console.mjs
2026-10-03T02:47:06.4411348Z 
2026-10-03T02:47:06.4411681Z ▲ Next.js 16.3.8 (webpack)
2026-10-03T02:47:06.4411887Z ✓ Running next.config.mjs took 7ms
2026-10-03T02:47:06.4412321Z ⚠ No build cache found. Please configure build caching for faster rebuilds. Read more: https://nextjs.org/docs/messages/no-cache
2026-10-03T02:47:06.4412733Z 
2026-10-03T02:47:06.4412863Z   Creating an optimized production build ...
2026-10-03T02:47:06.4413170Z ✓ Compiled successfully in 2.8s
2026-10-03T02:47:06.4413389Z   Running TypeScript ...
2026-10-03T02:47:06.4413612Z   Finished TypeScript in 1ms ...
2026-10-03T02:47:06.4413801Z   Collecting page data using 3 workers ...
2026-10-03T02:47:06.4413987Z   Generating static pages using 3 workers (0/3) ...
2026-10-03T02:47:06.4414239Z ✓ Generating static pages using 3 workers (3/3) in 268ms
2026-10-03T02:47:06.4414431Z   Finalizing page optimization ...
2026-10-03T02:47:06.4414574Z   Collecting build traces ...
2026-10-03T02:47:06.4414660Z 
2026-10-03T02:47:06.4414707Z Route (app)
2026-10-03T02:47:06.4414824Z ┌ ○ /
2026-10-03T02:47:06.4414941Z └ ○ /_not-found
2026-10-03T02:47:06.4415230Z 
2026-10-03T02:47:06.4415233Z 
2026-10-03T02:47:06.4415366Z ○  (Static)  prerendered as static content
2026-10-03T02:47:06.4415470Z 
2026-10-03T02:47:06.4415734Z {"framework":"Next.js static export","inline_script_hashes":2,"destination":"/home/runner/work/AIRLOCK/AIRLOCK/airlock/console"}
2026-10-03T02:47:06.4524177Z ##[group]Run python scripts/run_logged.py evidence/npm-audit.log -- npm audit --omit=dev
2026-10-03T02:47:06.4524513Z [36;1mpython scripts/run_logged.py evidence/npm-audit.log -- npm audit --omit=dev[0m
2026-10-03T02:47:06.4575962Z shell: /usr/bin/bash --noprofile --norc -e -o pipefail {0}
2026-10-03T02:47:06.4576138Z env:
2026-10-03T02:47:06.4576247Z   NEXT_TELEMETRY_DISABLED: 1
2026-10-03T02:47:06.4576411Z   pythonLocation: /opt/hostedtoolcache/Python/3.13.15/x64
2026-10-03T02:47:06.4576632Z   PKG_CONFIG_PATH: /opt/hostedtoolcache/Python/3.13.15/x64/lib/pkgconfig
2026-10-03T02:47:06.4576848Z   Python_ROOT_DIR: /opt/hostedtoolcache/Python/3.13.15/x64
2026-10-03T02:47:06.4577061Z   Python2_ROOT_DIR: /opt/hostedtoolcache/Python/3.13.15/x64
2026-10-03T02:47:06.4577283Z   Python3_ROOT_DIR: /opt/hostedtoolcache/Python/3.13.15/x64
2026-10-03T02:47:06.4577482Z   LD_LIBRARY_PATH: /opt/hostedtoolcache/Python/3.13.15/x64/lib
2026-10-03T02:47:06.4577653Z ##[endgroup]
2026-10-03T02:47:06.7826652Z found 0 vulnerabilities
2026-10-03T02:47:06.7933958Z ##[group]Run python scripts/run_logged.py evidence/pytest.log -- python -m pytest -q --junitxml=evidence/pytest.xml
2026-10-03T02:47:06.7934393Z [36;1mpython scripts/run_logged.py evidence/pytest.log -- python -m pytest -q --junitxml=evidence/pytest.xml[0m
2026-10-03T02:47:06.7985056Z shell: /usr/bin/bash --noprofile --norc -e -o pipefail {0}
2026-10-03T02:47:06.7985233Z env:
2026-10-03T02:47:06.7985342Z   NEXT_TELEMETRY_DISABLED: 1
2026-10-03T02:47:06.7985510Z   pythonLocation: /opt/hostedtoolcache/Python/3.13.15/x64
2026-10-03T02:47:06.7985733Z   PKG_CONFIG_PATH: /opt/hostedtoolcache/Python/3.13.15/x64/lib/pkgconfig
2026-10-03T02:47:06.7985957Z   Python_ROOT_DIR: /opt/hostedtoolcache/Python/3.13.15/x64
2026-10-03T02:47:06.7986171Z   Python2_ROOT_DIR: /opt/hostedtoolcache/Python/3.13.15/x64
2026-10-03T02:47:06.7986370Z   Python3_ROOT_DIR: /opt/hostedtoolcache/Python/3.13.15/x64
2026-10-03T02:47:06.7986570Z   LD_LIBRARY_PATH: /opt/hostedtoolcache/Python/3.13.15/x64/lib
2026-10-03T02:47:06.7986757Z ##[endgroup]
2026-10-03T02:48:10.7209257Z ........................................................................ [ 20%]
2026-10-03T02:48:10.7209754Z ........................................................................ [ 41%]
2026-10-03T02:48:10.7210158Z ........................................................................ [ 62%]
2026-10-03T02:48:10.7210558Z ........................................................................ [ 82%]
2026-10-03T02:48:10.7210944Z ............................................................             [100%]
2026-10-03T02:48:10.7211482Z =============================== warnings summary ===============================
2026-10-03T02:48:10.7211976Z ../../../../../opt/hostedtoolcache/Python/3.13.15/x64/lib/python3.13/site-packages/fastapi/testclient.py:1
2026-10-03T02:48:10.7212894Z   /opt/hostedtoolcache/Python/3.13.15/x64/lib/python3.13/site-packages/fastapi/testclient.py:1: StarletteDeprecationWarning: Using `httpx` with `starlette.testclient` is deprecated; install `httpx2` instead.
2026-10-03T02:48:10.7213588Z     from starlette.testclient import TestClient as TestClient  # noqa
2026-10-03T02:48:10.7213811Z 
2026-10-03T02:48:10.7214067Z -- Docs: https://docs.pytest.org/en/stable/how-to/capture-warnings.html
2026-10-03T02:48:10.7214492Z 348 passed, 1 warning in 61.78s (0:01:01)
2026-10-03T02:48:10.7322403Z ##[group]Run python scripts/run_logged.py evidence/frontend-check.log -- npm run check
2026-10-03T02:48:10.7322756Z [36;1mpython scripts/run_logged.py evidence/frontend-check.log -- npm run check[0m
2026-10-03T02:48:10.7374745Z shell: /usr/bin/bash --noprofile --norc -e -o pipefail {0}
2026-10-03T02:48:10.7374931Z env:
2026-10-03T02:48:10.7375197Z   NEXT_TELEMETRY_DISABLED: 1
2026-10-03T02:48:10.7375374Z   pythonLocation: /opt/hostedtoolcache/Python/3.13.15/x64
2026-10-03T02:48:10.7375608Z   PKG_CONFIG_PATH: /opt/hostedtoolcache/Python/3.13.15/x64/lib/pkgconfig
2026-10-03T02:48:10.7375834Z   Python_ROOT_DIR: /opt/hostedtoolcache/Python/3.13.15/x64
2026-10-03T02:48:10.7376044Z   Python2_ROOT_DIR: /opt/hostedtoolcache/Python/3.13.15/x64
2026-10-03T02:48:10.7376252Z   Python3_ROOT_DIR: /opt/hostedtoolcache/Python/3.13.15/x64
2026-10-03T02:48:10.7376462Z   LD_LIBRARY_PATH: /opt/hostedtoolcache/Python/3.13.15/x64/lib
2026-10-03T02:48:10.7376643Z ##[endgroup]
2026-10-03T02:48:10.9171768Z 
2026-10-03T02:48:10.9172359Z > airlock-review-console@0.1.0 check
2026-10-03T02:48:10.9173423Z > node --check airlock/static/app.js && node --check airlock/static/review.js && node --check airlock/static/api.js && node --check airlock/static/lib.js && node --check airlock/static/governance.js && node --check airlock/static/study.js
2026-10-03T02:48:10.9174247Z 
2026-10-03T02:48:10.9283567Z ##[group]Run python scripts/run_logged.py evidence/frontend-tests.log -- npm test
2026-10-03T02:48:10.9283909Z [36;1mpython scripts/run_logged.py evidence/frontend-tests.log -- npm test[0m
2026-10-03T02:48:10.9334433Z shell: /usr/bin/bash --noprofile --norc -e -o pipefail {0}
2026-10-03T02:48:10.9334613Z env:
2026-10-03T02:48:10.9334725Z   NEXT_TELEMETRY_DISABLED: 1
2026-10-03T02:48:10.9334891Z   pythonLocation: /opt/hostedtoolcache/Python/3.13.15/x64
2026-10-03T02:48:10.9335113Z   PKG_CONFIG_PATH: /opt/hostedtoolcache/Python/3.13.15/x64/lib/pkgconfig
2026-10-03T02:48:10.9335334Z   Python_ROOT_DIR: /opt/hostedtoolcache/Python/3.13.15/x64
2026-10-03T02:48:10.9335532Z   Python2_ROOT_DIR: /opt/hostedtoolcache/Python/3.13.15/x64
2026-10-03T02:48:10.9335730Z   Python3_ROOT_DIR: /opt/hostedtoolcache/Python/3.13.15/x64
2026-10-03T02:48:10.9335931Z   LD_LIBRARY_PATH: /opt/hostedtoolcache/Python/3.13.15/x64/lib
2026-10-03T02:48:10.9336099Z ##[endgroup]
2026-10-03T02:48:11.0954318Z 
2026-10-03T02:48:11.0954883Z > airlock-review-console@0.1.0 test
2026-10-03T02:48:11.0955192Z > node --test tests-js/*.test.js
2026-10-03T02:48:11.0955343Z 
2026-10-03T02:48:11.0955423Z TAP version 13
2026-10-03T02:48:11.0955800Z # Subtest: visibility timing excludes background and unselected periods
2026-10-03T02:48:11.0956266Z ok 1 - visibility timing excludes background and unselected periods
2026-10-03T02:48:11.0956571Z   ---
2026-10-03T02:48:11.0956760Z   duration_ms: 0.466345
2026-10-03T02:48:11.0956953Z   type: 'test'
2026-10-03T02:48:11.0957118Z   ...
2026-10-03T02:48:11.0957400Z # Subtest: approval requires exact scope phrase and reason
2026-10-03T02:48:11.0957782Z ok 2 - approval requires exact scope phrase and reason
2026-10-03T02:48:11.0958036Z   ---
2026-10-03T02:48:11.0958202Z   duration_ms: 0.17197
2026-10-03T02:48:11.0958386Z   type: 'test'
2026-10-03T02:48:11.0958550Z   ...
2026-10-03T02:48:11.0958852Z # Subtest: SSE framing survives partial chunks, CRLF and heartbeats
2026-10-03T02:48:11.0959294Z ok 3 - SSE framing survives partial chunks, CRLF and heartbeats
2026-10-03T02:48:11.0959569Z   ---
2026-10-03T02:48:11.0959734Z   duration_ms: 0.563803
2026-10-03T02:48:11.0959918Z   type: 'test'
2026-10-03T02:48:11.0960086Z   ...
2026-10-03T02:48:11.0960285Z # Subtest: oversized event rejected
2026-10-03T02:48:11.0960554Z ok 4 - oversized event rejected
2026-10-03T02:48:11.0960766Z   ---
2026-10-03T02:48:11.0960938Z   duration_ms: 0.774171
2026-10-03T02:48:11.0961274Z   type: 'test'
2026-10-03T02:48:11.0961434Z   ...
2026-10-03T02:48:11.0961652Z # Subtest: countdown clamps expired actions
2026-10-03T02:48:11.0961925Z ok 5 - countdown clamps expired actions
2026-10-03T02:48:11.0962136Z   ---
2026-10-03T02:48:11.0962290Z   duration_ms: 0.144979
2026-10-03T02:48:11.0962475Z   type: 'test'
2026-10-03T02:48:11.0962661Z   ...
2026-10-03T02:48:11.0962979Z # Subtest: latency formatting keeps number and unit together on mobile
2026-10-03T02:48:11.0963399Z ok 6 - latency formatting keeps number and unit together on mobile
2026-10-03T02:48:11.0963891Z   ---
2026-10-03T02:48:11.0964040Z   duration_ms: 0.092029
2026-10-03T02:48:11.0964218Z   type: 'test'
2026-10-03T02:48:11.0964371Z   ...
2026-10-03T02:48:11.0964512Z 1..6
2026-10-03T02:48:11.0964653Z # tests 6
2026-10-03T02:48:11.0964800Z # suites 0
2026-10-03T02:48:11.0964952Z # pass 6
2026-10-03T02:48:11.0965094Z # fail 0
2026-10-03T02:48:11.0965243Z # cancelled 0
2026-10-03T02:48:11.0965401Z # skipped 0
2026-10-03T02:48:11.0965555Z # todo 0
2026-10-03T02:48:11.0965724Z # duration_ms 39.336903
2026-10-03T02:48:11.1086365Z ##[group]Run python -m benchmark.generate
2026-10-03T02:48:11.1086691Z [36;1mpython -m benchmark.generate[0m
2026-10-03T02:48:11.1152572Z shell: /usr/bin/bash --noprofile --norc -e -o pipefail {0}
2026-10-03T02:48:11.1152771Z env:
2026-10-03T02:48:11.1152883Z   NEXT_TELEMETRY_DISABLED: 1
2026-10-03T02:48:11.1153059Z   pythonLocation: /opt/hostedtoolcache/Python/3.13.15/x64
2026-10-03T02:48:11.1153289Z   PKG_CONFIG_PATH: /opt/hostedtoolcache/Python/3.13.15/x64/lib/pkgconfig
2026-10-03T02:48:11.1153546Z   Python_ROOT_DIR: /opt/hostedtoolcache/Python/3.13.15/x64
2026-10-03T02:48:11.1153754Z   Python2_ROOT_DIR: /opt/hostedtoolcache/Python/3.13.15/x64
2026-10-03T02:48:11.1153964Z   Python3_ROOT_DIR: /opt/hostedtoolcache/Python/3.13.15/x64
2026-10-03T02:48:11.1154174Z   LD_LIBRARY_PATH: /opt/hostedtoolcache/Python/3.13.15/x64/lib
2026-10-03T02:48:11.1154351Z ##[endgroup]
2026-10-03T02:48:11.1443739Z {"sha256": "243854b51e7039324de4c31fa7a67af1a98ddc48b9c9edfbbac581a2c2f73af7", "cases": 200, "families": 40, "dev_cases": 120, "test_cases": 80, "source": "synthetic only", "independent_annotators": 0, "human_experiment": "not_run"}
2026-10-03T02:48:11.1497625Z ##[group]Run cp benchmark/cases.jsonl evidence/synthetic-cases.jsonl
2026-10-03T02:48:11.1497896Z [36;1mcp benchmark/cases.jsonl evidence/synthetic-cases.jsonl[0m
2026-10-03T02:48:11.1547584Z shell: /usr/bin/bash --noprofile --norc -e -o pipefail {0}
2026-10-03T02:48:11.1547761Z env:
2026-10-03T02:48:11.1547877Z   NEXT_TELEMETRY_DISABLED: 1
2026-10-03T02:48:11.1548041Z   pythonLocation: /opt/hostedtoolcache/Python/3.13.15/x64
2026-10-03T02:48:11.1548263Z   PKG_CONFIG_PATH: /opt/hostedtoolcache/Python/3.13.15/x64/lib/pkgconfig
2026-10-03T02:48:11.1548482Z   Python_ROOT_DIR: /opt/hostedtoolcache/Python/3.13.15/x64
2026-10-03T02:48:11.1548683Z   Python2_ROOT_DIR: /opt/hostedtoolcache/Python/3.13.15/x64
2026-10-03T02:48:11.1548879Z   Python3_ROOT_DIR: /opt/hostedtoolcache/Python/3.13.15/x64
2026-10-03T02:48:11.1549079Z   LD_LIBRARY_PATH: /opt/hostedtoolcache/Python/3.13.15/x64/lib
2026-10-03T02:48:11.1549247Z ##[endgroup]
2026-10-03T02:48:11.1645741Z ##[group]Run python scripts/run_logged.py evidence/benchmark-dev.log -- python -m benchmark.evaluate --split dev --tuning --output evidence/benchmark-dev.json
2026-10-03T02:48:11.1646302Z [36;1mpython scripts/run_logged.py evidence/benchmark-dev.log -- python -m benchmark.evaluate --split dev --tuning --output evidence/benchmark-dev.json[0m
2026-10-03T02:48:11.1694351Z shell: /usr/bin/bash --noprofile --norc -e -o pipefail {0}
2026-10-03T02:48:11.1694536Z env:
2026-10-03T02:48:11.1694648Z   NEXT_TELEMETRY_DISABLED: 1
2026-10-03T02:48:11.1694813Z   pythonLocation: /opt/hostedtoolcache/Python/3.13.15/x64
2026-10-03T02:48:11.1695034Z   PKG_CONFIG_PATH: /opt/hostedtoolcache/Python/3.13.15/x64/lib/pkgconfig
2026-10-03T02:48:11.1695254Z   Python_ROOT_DIR: /opt/hostedtoolcache/Python/3.13.15/x64
2026-10-03T02:48:11.1695454Z   Python2_ROOT_DIR: /opt/hostedtoolcache/Python/3.13.15/x64
2026-10-03T02:48:11.1695651Z   Python3_ROOT_DIR: /opt/hostedtoolcache/Python/3.13.15/x64
2026-10-03T02:48:11.1695876Z   LD_LIBRARY_PATH: /opt/hostedtoolcache/Python/3.13.15/x64/lib
2026-10-03T02:48:11.1696044Z ##[endgroup]
2026-10-03T02:48:13.1295389Z {
2026-10-03T02:48:13.1295800Z   "recorded_at_utc": "2026-10-03T02:48:13.092997+00:00",
2026-10-03T02:48:13.1296083Z   "split": "dev",
2026-10-03T02:48:13.1296426Z   "corpus_sha256": "243854b51e7039324de4c31fa7a67af1a98ddc48b9c9edfbbac581a2c2f73af7",
2026-10-03T02:48:13.1297059Z   "python": "3.13.15",
2026-10-03T02:48:13.1297246Z   "sqlite": "3.53.1",
2026-10-03T02:48:13.1297404Z   "cases": 120,
2026-10-03T02:48:13.1297519Z   "families": 24,
2026-10-03T02:48:13.1297634Z   "keyword_baseline": {
2026-10-03T02:48:13.1297781Z     "exact_accuracy": 0.5833333333333334,
2026-10-03T02:48:13.1297957Z     "policy_gating_recall": 0.7222222222222222,
2026-10-03T02:48:13.1298126Z     "supported_read_fpr": 0.5,
2026-10-03T02:48:13.1298279Z     "supported_write_interception": 1.0,
2026-10-03T02:48:13.1298428Z     "denominators": {
2026-10-03T02:48:13.1298541Z       "all": 120,
2026-10-03T02:48:13.1298664Z       "requires_gate": 90,
2026-10-03T02:48:13.1298793Z       "supported_reads": 30,
2026-10-03T02:48:13.1298924Z       "supported_writes": 40
2026-10-03T02:48:13.1299045Z     },
2026-10-03T02:48:13.1299153Z     "confusion": {
2026-10-03T02:48:13.1299272Z       "pass -> block": 5,
2026-10-03T02:48:13.1299415Z       "pass -> need_approval": 10,
2026-10-03T02:48:13.1299616Z       "pass -> pass": 15,
2026-10-03T02:48:13.1299842Z       "need_approval -> need_approval": 40,
2026-10-03T02:48:13.1300078Z       "block -> block": 15,
2026-10-03T02:48:13.1300270Z       "block -> pass": 25,
2026-10-03T02:48:13.1300479Z       "block -> need_approval": 10
2026-10-03T02:48:13.1300609Z     }
2026-10-03T02:48:13.1300705Z   },
2026-10-03T02:48:13.1300801Z   "airlock": {
2026-10-03T02:48:13.1300915Z     "exact_accuracy": 1.0,
2026-10-03T02:48:13.1301274Z     "policy_gating_recall": 1.0,
2026-10-03T02:48:13.1301424Z     "supported_read_fpr": 0.0,
2026-10-03T02:48:13.1301582Z     "supported_write_interception": 1.0,
2026-10-03T02:48:13.1301727Z     "denominators": {
2026-10-03T02:48:13.1301841Z       "all": 120,
2026-10-03T02:48:13.1301952Z       "requires_gate": 90,
2026-10-03T02:48:13.1302080Z       "supported_reads": 30,
2026-10-03T02:48:13.1302210Z       "supported_writes": 40
2026-10-03T02:48:13.1302331Z     },
2026-10-03T02:48:13.1302432Z     "confusion": {
2026-10-03T02:48:13.1302548Z       "pass -> pass": 30,
2026-10-03T02:48:13.1302692Z       "need_approval -> need_approval": 40,
2026-10-03T02:48:13.1302840Z       "block -> block": 50
2026-10-03T02:48:13.1302953Z     }
2026-10-03T02:48:13.1303045Z   },
2026-10-03T02:48:13.1303159Z   "impact_exact_match_count": 40,
2026-10-03T02:48:13.1303298Z   "impact_denominator": 40,
2026-10-03T02:48:13.1303430Z   "evaluation_p95_ms": 6.432,
2026-10-03T02:48:13.1303563Z   "static_p95_ms": 0.056,
2026-10-03T02:48:13.1303687Z   "preview_p95_ms": 5.216,
2026-10-03T02:48:13.1303815Z   "pure_llm": "not_run",
2026-10-03T02:48:13.1304171Z   "hybrid_llm": "not_run_use_benchmark.ablation_with_authorization",
2026-10-03T02:48:13.1304361Z   "human_ab": "not_run",
2026-10-03T02:48:13.1304483Z   "cohens_kappa": null,
2026-10-03T02:48:13.1304604Z   "limitations": [
2026-10-03T02:48:13.1304732Z     "synthetic authored cases only",
2026-10-03T02:48:13.1304903Z     "correlated variants, only 40 families total",
2026-10-03T02:48:13.1305152Z     "author saw all templates; family split is not independent external validation",
2026-10-03T02:48:13.1305477Z     "gate recall includes unsupported/invalid statements, not a real-world danger recall",
2026-10-03T02:48:13.1305798Z     "latency excludes network and human review; this is a bounded 1206-row SQLite demo"
2026-10-03T02:48:13.1306006Z   ]
2026-10-03T02:48:13.1306100Z }
2026-10-03T02:48:13.1418979Z ##[group]Run python scripts/run_logged.py evidence/benchmark-test.log -- python -m benchmark.evaluate --split test --output evidence/benchmark-test.json
2026-10-03T02:48:13.1419527Z [36;1mpython scripts/run_logged.py evidence/benchmark-test.log -- python -m benchmark.evaluate --split test --output evidence/benchmark-test.json[0m
2026-10-03T02:48:13.1471437Z shell: /usr/bin/bash --noprofile --norc -e -o pipefail {0}
2026-10-03T02:48:13.1471616Z env:
2026-10-03T02:48:13.1471725Z   NEXT_TELEMETRY_DISABLED: 1
2026-10-03T02:48:13.1471896Z   pythonLocation: /opt/hostedtoolcache/Python/3.13.15/x64
2026-10-03T02:48:13.1472247Z   PKG_CONFIG_PATH: /opt/hostedtoolcache/Python/3.13.15/x64/lib/pkgconfig
2026-10-03T02:48:13.1472464Z   Python_ROOT_DIR: /opt/hostedtoolcache/Python/3.13.15/x64
2026-10-03T02:48:13.1472662Z   Python2_ROOT_DIR: /opt/hostedtoolcache/Python/3.13.15/x64
2026-10-03T02:48:13.1472855Z   Python3_ROOT_DIR: /opt/hostedtoolcache/Python/3.13.15/x64
2026-10-03T02:48:13.1473089Z   LD_LIBRARY_PATH: /opt/hostedtoolcache/Python/3.13.15/x64/lib
2026-10-03T02:48:13.1473257Z ##[endgroup]
2026-10-03T02:48:14.4826373Z {
2026-10-03T02:48:14.4826790Z   "recorded_at_utc": "2026-10-03T02:48:14.445570+00:00",
2026-10-03T02:48:14.4827071Z   "split": "test",
2026-10-03T02:48:14.4827474Z   "corpus_sha256": "243854b51e7039324de4c31fa7a67af1a98ddc48b9c9edfbbac581a2c2f73af7",
2026-10-03T02:48:14.4827820Z   "python": "3.13.15",
2026-10-03T02:48:14.4828001Z   "sqlite": "3.53.1",
2026-10-03T02:48:14.4828174Z   "cases": 80,
2026-10-03T02:48:14.4828317Z   "families": 16,
2026-10-03T02:48:14.4828436Z   "keyword_baseline": {
2026-10-03T02:48:14.4828595Z     "exact_accuracy": 0.75,
2026-10-03T02:48:14.4828745Z     "policy_gating_recall": 0.8,
2026-10-03T02:48:14.4828901Z     "supported_read_fpr": 0.0,
2026-10-03T02:48:14.4829057Z     "supported_write_interception": 1.0,
2026-10-03T02:48:14.4829205Z     "denominators": {
2026-10-03T02:48:14.4829319Z       "all": 80,
2026-10-03T02:48:14.4829443Z       "requires_gate": 50,
2026-10-03T02:48:14.4829571Z       "supported_reads": 30,
2026-10-03T02:48:14.4829703Z       "supported_writes": 20
2026-10-03T02:48:14.4829824Z     },
2026-10-03T02:48:14.4829931Z     "confusion": {
2026-10-03T02:48:14.4830052Z       "pass -> pass": 30,
2026-10-03T02:48:14.4830204Z       "need_approval -> need_approval": 20,
2026-10-03T02:48:14.4830358Z       "block -> block": 10,
2026-10-03T02:48:14.4830502Z       "block -> need_approval": 10,
2026-10-03T02:48:14.4830673Z       "block -> pass": 10
2026-10-03T02:48:14.4830852Z     }
2026-10-03T02:48:14.4831170Z   },
2026-10-03T02:48:14.4831320Z   "airlock": {
2026-10-03T02:48:14.4831497Z     "exact_accuracy": 1.0,
2026-10-03T02:48:14.4831712Z     "policy_gating_recall": 1.0,
2026-10-03T02:48:14.4831882Z     "supported_read_fpr": 0.0,
2026-10-03T02:48:14.4832036Z     "supported_write_interception": 1.0,
2026-10-03T02:48:14.4832183Z     "denominators": {
2026-10-03T02:48:14.4832298Z       "all": 80,
2026-10-03T02:48:14.4832414Z       "requires_gate": 50,
2026-10-03T02:48:14.4832541Z       "supported_reads": 30,
2026-10-03T02:48:14.4832670Z       "supported_writes": 20
2026-10-03T02:48:14.4832790Z     },
2026-10-03T02:48:14.4832892Z     "confusion": {
2026-10-03T02:48:14.4833004Z       "pass -> pass": 30,
2026-10-03T02:48:14.4833151Z       "need_approval -> need_approval": 20,
2026-10-03T02:48:14.4833305Z       "block -> block": 30
2026-10-03T02:48:14.4833421Z     }
2026-10-03T02:48:14.4833514Z   },
2026-10-03T02:48:14.4833628Z   "impact_exact_match_count": 20,
2026-10-03T02:48:14.4833769Z   "impact_denominator": 20,
2026-10-03T02:48:14.4833900Z   "evaluation_p95_ms": 6.362,
2026-10-03T02:48:14.4834033Z   "static_p95_ms": 0.055,
2026-10-03T02:48:14.4834160Z   "preview_p95_ms": 5.252,
2026-10-03T02:48:14.4834285Z   "pure_llm": "not_run",
2026-10-03T02:48:14.4834478Z   "hybrid_llm": "not_run_use_benchmark.ablation_with_authorization",
2026-10-03T02:48:14.4834671Z   "human_ab": "not_run",
2026-10-03T02:48:14.4834798Z   "cohens_kappa": null,
2026-10-03T02:48:14.4835160Z   "limitations": [
2026-10-03T02:48:14.4835288Z     "synthetic authored cases only",
2026-10-03T02:48:14.4835459Z     "correlated variants, only 40 families total",
2026-10-03T02:48:14.4835708Z     "author saw all templates; family split is not independent external validation",
2026-10-03T02:48:14.4836025Z     "gate recall includes unsupported/invalid statements, not a real-world danger recall",
2026-10-03T02:48:14.4836347Z     "latency excludes network and human review; this is a bounded 1206-row SQLite demo"
2026-10-03T02:48:14.4836555Z   ]
2026-10-03T02:48:14.4836651Z }
2026-10-03T02:48:14.4934284Z ##[group]Run python -m playwright install --with-deps chromium
2026-10-03T02:48:14.4934657Z [36;1mpython -m playwright install --with-deps chromium[0m
2026-10-03T02:48:14.4985890Z shell: /usr/bin/bash --noprofile --norc -e -o pipefail {0}
2026-10-03T02:48:14.4986065Z env:
2026-10-03T02:48:14.4986173Z   NEXT_TELEMETRY_DISABLED: 1
2026-10-03T02:48:14.4986335Z   pythonLocation: /opt/hostedtoolcache/Python/3.13.15/x64
2026-10-03T02:48:14.4986557Z   PKG_CONFIG_PATH: /opt/hostedtoolcache/Python/3.13.15/x64/lib/pkgconfig
2026-10-03T02:48:14.4986774Z   Python_ROOT_DIR: /opt/hostedtoolcache/Python/3.13.15/x64
2026-10-03T02:48:14.4986973Z   Python2_ROOT_DIR: /opt/hostedtoolcache/Python/3.13.15/x64
2026-10-03T02:48:14.4987169Z   Python3_ROOT_DIR: /opt/hostedtoolcache/Python/3.13.15/x64
2026-10-03T02:48:14.4987366Z   LD_LIBRARY_PATH: /opt/hostedtoolcache/Python/3.13.15/x64/lib
2026-10-03T02:48:14.4987534Z ##[endgroup]
2026-10-03T02:48:14.6795713Z Installing dependencies...
2026-10-03T02:48:14.6843310Z Switching to root user to install dependencies...
2026-10-03T02:48:14.7380334Z Get:1 file:/etc/apt/apt-mirrors.txt Mirrorlist [144 B]
2026-10-03T02:48:14.7788304Z Get:6 https://packages.microsoft.com/ubuntu/24.04/prod noble InRelease [3600 B]
2026-10-03T02:48:14.7858297Z Hit:2 http://azure.archive.ubuntu.com/ubuntu noble InRelease
2026-10-03T02:48:14.7892233Z Get:3 http://azure.archive.ubuntu.com/ubuntu noble-updates InRelease [126 kB]
2026-10-03T02:48:14.7933438Z Get:4 http://azure.archive.ubuntu.com/ubuntu noble-backports InRelease [126 kB]
2026-10-03T02:48:14.7951297Z Get:5 http://azure.archive.ubuntu.com/ubuntu noble-security InRelease [126 kB]
2026-10-03T02:48:14.8290734Z Get:7 https://packages.microsoft.com/ubuntu/24.04/prod noble/main amd64 Packages [511 kB]
2026-10-03T02:48:14.8414533Z Get:8 https://packages.microsoft.com/ubuntu/24.04/prod noble/main armhf Packages [12.6 kB]
2026-10-03T02:48:14.8445888Z Get:9 https://packages.microsoft.com/ubuntu/24.04/prod noble/main arm64 Packages [458 kB]
2026-10-03T02:48:14.8989640Z Get:10 http://azure.archive.ubuntu.com/ubuntu noble-updates/main amd64 Packages [1364 kB]
2026-10-03T02:48:14.9075467Z Get:11 http://azure.archive.ubuntu.com/ubuntu noble-updates/main Translation-en [304 kB]
2026-10-03T02:48:14.9094947Z Get:12 http://azure.archive.ubuntu.com/ubuntu noble-updates/main amd64 Components [180 kB]
2026-10-03T02:48:14.9114293Z Get:13 http://azure.archive.ubuntu.com/ubuntu noble-updates/universe amd64 Packages [1699 kB]
2026-10-03T02:48:14.9194097Z Get:14 http://azure.archive.ubuntu.com/ubuntu noble-updates/universe Translation-en [341 kB]
2026-10-03T02:48:14.9209875Z Get:15 http://azure.archive.ubuntu.com/ubuntu noble-updates/universe amd64 Components [388 kB]
2026-10-03T02:48:14.9252023Z Get:16 http://azure.archive.ubuntu.com/ubuntu noble-updates/restricted amd64 Packages [1720 kB]
2026-10-03T02:48:14.9291261Z Get:17 http://azure.archive.ubuntu.com/ubuntu noble-updates/restricted Translation-en [394 kB]
2026-10-03T02:48:14.9312564Z Get:18 http://azure.archive.ubuntu.com/ubuntu noble-updates/multiverse amd64 Components [940 B]
2026-10-03T02:48:14.9410726Z Get:19 http://azure.archive.ubuntu.com/ubuntu noble-backports/main amd64 Components [5764 B]
2026-10-03T02:48:14.9861821Z Get:20 http://azure.archive.ubuntu.com/ubuntu noble-backports/universe amd64 Components [12.6 kB]
2026-10-03T02:48:14.9874434Z Get:21 http://azure.archive.ubuntu.com/ubuntu noble-security/main amd64 Packages [1069 kB]
2026-10-03T02:48:14.9916044Z Get:22 http://azure.archive.ubuntu.com/ubuntu noble-security/main Translation-en [221 kB]
2026-10-03T02:48:14.9930009Z Get:23 http://azure.archive.ubuntu.com/ubuntu noble-security/main amd64 Components [46.3 kB]
2026-10-03T02:48:14.9940138Z Get:24 http://azure.archive.ubuntu.com/ubuntu noble-security/universe amd64 Packages [1216 kB]
2026-10-03T02:48:15.0001793Z Get:25 http://azure.archive.ubuntu.com/ubuntu noble-security/universe Translation-en [244 kB]
2026-10-03T02:48:15.0009817Z Get:26 http://azure.archive.ubuntu.com/ubuntu noble-security/universe amd64 Components [76.3 kB]
2026-10-03T02:48:15.0014994Z Get:27 http://azure.archive.ubuntu.com/ubuntu noble-security/restricted amd64 Packages [1566 kB]
2026-10-03T02:48:15.0077872Z Get:28 http://azure.archive.ubuntu.com/ubuntu noble-security/restricted Translation-en [361 kB]
2026-10-03T02:48:20.6718709Z Fetched 12.6 MB in 1s (12.7 MB/s)
2026-10-03T02:48:21.1524823Z Reading package lists...
2026-10-03T02:48:21.1711907Z Reading package lists...
2026-10-03T02:48:21.2949073Z Building dependency tree...
2026-10-03T02:48:21.2954212Z Reading state information...
2026-10-03T02:48:21.4090213Z libasound2t64 is already the newest version (1.2.11-1ubuntu0.3).
2026-10-03T02:48:21.4090854Z libasound2t64 set to manually installed.
2026-10-03T02:48:21.4091617Z libatk-bridge2.0-0t64 is already the newest version (2.52.0-1build1).
2026-10-03T02:48:21.4092174Z libatk-bridge2.0-0t64 set to manually installed.
2026-10-03T02:48:21.4092705Z libatk1.0-0t64 is already the newest version (2.52.0-1build1).
2026-10-03T02:48:21.4093231Z libatk1.0-0t64 set to manually installed.
2026-10-03T02:48:21.4093720Z libatspi2.0-0t64 is already the newest version (2.52.0-1build1).
2026-10-03T02:48:21.4094147Z libatspi2.0-0t64 set to manually installed.
2026-10-03T02:48:21.4094599Z libcairo2 is already the newest version (1.18.0-3build1).
2026-10-03T02:48:21.4095022Z libcairo2 set to manually installed.
2026-10-03T02:48:21.4095483Z libcups2t64 is already the newest version (2.4.7-1.2ubuntu7.14).
2026-10-03T02:48:21.4095939Z libcups2t64 set to manually installed.
2026-10-03T02:48:21.4096394Z libdbus-1-3 is already the newest version (1.14.10-4ubuntu4.1).
2026-10-03T02:48:21.4096839Z libdbus-1-3 set to manually installed.
2026-10-03T02:48:21.4097314Z libdrm2 is already the newest version (2.4.125-1ubuntu0.1~24.04.2).
2026-10-03T02:48:21.4097765Z libdrm2 set to manually installed.
2026-10-03T02:48:21.4098219Z libglib2.0-0t64 is already the newest version (2.80.0-6ubuntu3.9).
2026-10-03T02:48:21.4098682Z libglib2.0-0t64 set to manually installed.
2026-10-03T02:48:21.4099014Z libnspr4 is already the newest version (2:4.35-1.1build1).
2026-10-03T02:48:21.4099310Z libnspr4 set to manually installed.
2026-10-03T02:48:21.4099602Z libnss3 is already the newest version (2:3.98-1ubuntu0.2).
2026-10-03T02:48:21.4099888Z libnss3 set to manually installed.
2026-10-03T02:48:21.4100114Z libpango-1.0-0 is already the newest version (1.52.1+ds-1build1).
2026-10-03T02:48:21.4100326Z libpango-1.0-0 set to manually installed.
2026-10-03T02:48:21.4100530Z libx11-6 is already the newest version (2:1.8.7-1build1).
2026-10-03T02:48:21.4100721Z libx11-6 set to manually installed.
2026-10-03T02:48:21.4100907Z libxcb1 is already the newest version (1.15-1ubuntu2).
2026-10-03T02:48:21.4101243Z libxcb1 set to manually installed.
2026-10-03T02:48:21.4101450Z libxcomposite1 is already the newest version (1:0.4.5-1build3).
2026-10-03T02:48:21.4101780Z libxcomposite1 set to manually installed.
2026-10-03T02:48:21.4102040Z libxdamage1 is already the newest version (1:1.1.6-1build1).
2026-10-03T02:48:21.4102260Z libxdamage1 set to manually installed.
2026-10-03T02:48:21.4102460Z libxext6 is already the newest version (2:1.3.4-1build2).
2026-10-03T02:48:21.4102650Z libxext6 set to manually installed.
2026-10-03T02:48:21.4102845Z libxfixes3 is already the newest version (1:6.0.0-2build1).
2026-10-03T02:48:21.4103042Z libxfixes3 set to manually installed.
2026-10-03T02:48:21.4103249Z libxkbcommon0 is already the newest version (1.6.0-1build1).
2026-10-03T02:48:21.4103483Z libxkbcommon0 set to manually installed.
2026-10-03T02:48:21.4103741Z libxrandr2 is already the newest version (2:1.5.2-2build1).
2026-10-03T02:48:21.4103937Z libxrandr2 set to manually installed.
2026-10-03T02:48:21.4104136Z xvfb is already the newest version (2:21.1.12-1ubuntu1.8).
2026-10-03T02:48:21.4104413Z fonts-noto-color-emoji is already the newest version (2.047-0ubuntu0.24.04.1).
2026-10-03T02:48:21.4104697Z libfontconfig1 is already the newest version (2.15.0-1.1ubuntu2).
2026-10-03T02:48:21.4105293Z libfontconfig1 set to manually installed.
2026-10-03T02:48:21.4105774Z libfreetype6 is already the newest version (2.13.2+dfsg-1ubuntu0.1).
2026-10-03T02:48:21.4106098Z libfreetype6 set to manually installed.
2026-10-03T02:48:21.4106420Z fonts-liberation is already the newest version (1:2.1.5-3).
2026-10-03T02:48:21.4106738Z fonts-liberation set to manually installed.
2026-10-03T02:48:21.4107062Z The following additional packages will be installed:
2026-10-03T02:48:21.4107456Z   libgl1-mesa-dri libglx-mesa0 mesa-libgallium xfonts-encodings xfonts-utils
2026-10-03T02:48:21.4107784Z Recommended packages:
2026-10-03T02:48:21.4108014Z   fonts-ipafont-mincho fonts-tlwg-loma
2026-10-03T02:48:21.4237206Z The following NEW packages will be installed:
2026-10-03T02:48:21.4237794Z   fonts-freefont-ttf fonts-ipafont-gothic fonts-tlwg-loma-otf fonts-unifont
2026-10-03T02:48:21.4240038Z   fonts-wqy-zenhei xfonts-cyrillic xfonts-encodings xfonts-scalable
2026-10-03T02:48:21.4240455Z   xfonts-utils
2026-10-03T02:48:21.4242353Z The following packages will be upgraded:
2026-10-03T02:48:21.4244490Z   libgbm1 libgl1-mesa-dri libglx-mesa0 mesa-libgallium
2026-10-03T02:48:21.4364166Z 4 upgraded, 9 newly installed, 0 to remove and 21 not upgraded.
2026-10-03T02:48:21.4364422Z Need to get 32.1 MB of archives.
2026-10-03T02:48:21.4364643Z After this operation, 79.5 MB of additional disk space will be used.
2026-10-03T02:48:21.4364901Z Get:1 file:/etc/apt/apt-mirrors.txt Mirrorlist [144 B]
2026-10-03T02:48:21.5913114Z Get:2 http://azure.archive.ubuntu.com/ubuntu noble/universe amd64 fonts-ipafont-gothic all 00303-21ubuntu1 [3513 kB]
2026-10-03T02:48:21.6477306Z Get:3 http://azure.archive.ubuntu.com/ubuntu noble/main amd64 fonts-freefont-ttf all 20211204+svn4273-2 [5641 kB]
2026-10-03T02:48:21.7235373Z Get:4 http://azure.archive.ubuntu.com/ubuntu noble/universe amd64 fonts-tlwg-loma-otf all 1:0.7.3-1 [107 kB]
2026-10-03T02:48:21.7513837Z Get:5 http://azure.archive.ubuntu.com/ubuntu noble/universe amd64 fonts-unifont all 1:15.1.01-1build1 [2993 kB]
2026-10-03T02:48:21.8039916Z Get:6 http://azure.archive.ubuntu.com/ubuntu noble/universe amd64 fonts-wqy-zenhei all 0.9.45-8 [7472 kB]
2026-10-03T02:48:21.8955547Z Get:7 http://azure.archive.ubuntu.com/ubuntu noble-updates/main amd64 libgl1-mesa-dri amd64 25.2.8-0ubuntu0.24.04.4 [38.0 kB]
2026-10-03T02:48:21.9230797Z Get:8 http://azure.archive.ubuntu.com/ubuntu noble-updates/main amd64 libglx-mesa0 amd64 25.2.8-0ubuntu0.24.04.4 [110 kB]
2026-10-03T02:48:21.9508725Z Get:9 http://azure.archive.ubuntu.com/ubuntu noble-updates/main amd64 libgbm1 amd64 25.2.8-0ubuntu0.24.04.4 [34.2 kB]
2026-10-03T02:48:21.9783330Z Get:10 http://azure.archive.ubuntu.com/ubuntu noble-updates/main amd64 mesa-libgallium amd64 25.2.8-0ubuntu0.24.04.4 [10.8 MB]
2026-10-03T02:48:22.0989572Z Get:11 http://azure.archive.ubuntu.com/ubuntu noble/main amd64 xfonts-encodings all 1:1.0.5-0ubuntu2 [578 kB]
2026-10-03T02:48:22.1312771Z Get:12 http://azure.archive.ubuntu.com/ubuntu noble/main amd64 xfonts-utils amd64 1:7.7+6build3 [94.4 kB]
2026-10-03T02:48:22.1589777Z Get:13 http://azure.archive.ubuntu.com/ubuntu noble/universe amd64 xfonts-cyrillic all 1:1.0.5+nmu1 [384 kB]
2026-10-03T02:48:22.1892741Z Get:14 http://azure.archive.ubuntu.com/ubuntu noble/main amd64 xfonts-scalable all 1:1.0.3-1.3 [304 kB]
2026-10-03T02:48:22.3709681Z Fetched 32.1 MB in 1s (42.0 MB/s)
2026-10-03T02:48:22.3869938Z Selecting previously unselected package fonts-ipafont-gothic.
2026-10-03T02:48:22.4100938Z (Reading database ... 
2026-10-03T02:48:22.4101443Z (Reading database ... 5%
2026-10-03T02:48:22.4101775Z (Reading database ... 10%
2026-10-03T02:48:22.4102007Z (Reading database ... 15%
2026-10-03T02:48:22.4102217Z (Reading database ... 20%
2026-10-03T02:48:22.4102386Z (Reading database ... 25%
2026-10-03T02:48:22.4102524Z (Reading database ... 30%
2026-10-03T02:48:22.4102657Z (Reading database ... 35%
2026-10-03T02:48:22.4102790Z (Reading database ... 40%
2026-10-03T02:48:22.4102921Z (Reading database ... 45%
2026-10-03T02:48:22.4103056Z (Reading database ... 50%
2026-10-03T02:48:22.4136987Z (Reading database ... 55%
2026-10-03T02:48:22.4756025Z (Reading database ... 60%
2026-10-03T02:48:22.7229278Z (Reading database ... 65%
2026-10-03T02:48:22.9289172Z (Reading database ... 70%
2026-10-03T02:48:23.0763889Z (Reading database ... 75%
2026-10-03T02:48:23.2295199Z (Reading database ... 80%
2026-10-03T02:48:23.3708528Z (Reading database ... 85%
2026-10-03T02:48:23.4935137Z (Reading database ... 90%
2026-10-03T02:48:23.6325185Z (Reading database ... 95%
2026-10-03T02:48:23.6325408Z (Reading database ... 100%
2026-10-03T02:48:23.6325650Z (Reading database ... 202296 files and directories currently installed.)
2026-10-03T02:48:23.6359314Z Preparing to unpack .../00-fonts-ipafont-gothic_00303-21ubuntu1_all.deb ...
2026-10-03T02:48:23.6433088Z Unpacking fonts-ipafont-gothic (00303-21ubuntu1) ...
2026-10-03T02:48:23.8552254Z Selecting previously unselected package fonts-freefont-ttf.
2026-10-03T02:48:23.8647913Z Preparing to unpack .../01-fonts-freefont-ttf_20211204+svn4273-2_all.deb ...
2026-10-03T02:48:23.8652953Z Unpacking fonts-freefont-ttf (20211204+svn4273-2) ...
2026-10-03T02:48:23.9542742Z Selecting previously unselected package fonts-tlwg-loma-otf.
2026-10-03T02:48:23.9641443Z Preparing to unpack .../02-fonts-tlwg-loma-otf_1%3a0.7.3-1_all.deb ...
2026-10-03T02:48:23.9646139Z Unpacking fonts-tlwg-loma-otf (1:0.7.3-1) ...
2026-10-03T02:48:23.9808747Z Selecting previously unselected package fonts-unifont.
2026-10-03T02:48:23.9902907Z Preparing to unpack .../03-fonts-unifont_1%3a15.1.01-1build1_all.deb ...
2026-10-03T02:48:23.9907822Z Unpacking fonts-unifont (1:15.1.01-1build1) ...
2026-10-03T02:48:24.1739657Z Selecting previously unselected package fonts-wqy-zenhei.
2026-10-03T02:48:24.1832850Z Preparing to unpack .../04-fonts-wqy-zenhei_0.9.45-8_all.deb ...
2026-10-03T02:48:24.1906955Z Unpacking fonts-wqy-zenhei (0.9.45-8) ...
2026-10-03T02:48:24.6101687Z Preparing to unpack .../05-libgl1-mesa-dri_25.2.8-0ubuntu0.24.04.4_amd64.deb ...
2026-10-03T02:48:24.6210625Z Unpacking libgl1-mesa-dri:amd64 (25.2.8-0ubuntu0.24.04.4) over (25.2.8-0ubuntu0.24.04.2) ...
2026-10-03T02:48:24.6590056Z Preparing to unpack .../06-libglx-mesa0_25.2.8-0ubuntu0.24.04.4_amd64.deb ...
2026-10-03T02:48:24.6611608Z Unpacking libglx-mesa0:amd64 (25.2.8-0ubuntu0.24.04.4) over (25.2.8-0ubuntu0.24.04.2) ...
2026-10-03T02:48:24.6894589Z Preparing to unpack .../07-libgbm1_25.2.8-0ubuntu0.24.04.4_amd64.deb ...
2026-10-03T02:48:24.6911515Z Unpacking libgbm1:amd64 (25.2.8-0ubuntu0.24.04.4) over (25.2.8-0ubuntu0.24.04.2) ...
2026-10-03T02:48:24.7327605Z Preparing to unpack .../08-mesa-libgallium_25.2.8-0ubuntu0.24.04.4_amd64.deb ...
2026-10-03T02:48:24.7343551Z Unpacking mesa-libgallium:amd64 (25.2.8-0ubuntu0.24.04.4) over (25.2.8-0ubuntu0.24.04.2) ...
2026-10-03T02:48:25.0379790Z Selecting previously unselected package xfonts-encodings.
2026-10-03T02:48:25.0473650Z Preparing to unpack .../09-xfonts-encodings_1%3a1.0.5-0ubuntu2_all.deb ...
2026-10-03T02:48:25.0479114Z Unpacking xfonts-encodings (1:1.0.5-0ubuntu2) ...
2026-10-03T02:48:25.0680486Z Selecting previously unselected package xfonts-utils.
2026-10-03T02:48:25.0772401Z Preparing to unpack .../10-xfonts-utils_1%3a7.7+6build3_amd64.deb ...
2026-10-03T02:48:25.0776920Z Unpacking xfonts-utils (1:7.7+6build3) ...
2026-10-03T02:48:25.1036229Z Selecting previously unselected package xfonts-cyrillic.
2026-10-03T02:48:25.1125780Z Preparing to unpack .../11-xfonts-cyrillic_1%3a1.0.5+nmu1_all.deb ...
2026-10-03T02:48:25.1130646Z Unpacking xfonts-cyrillic (1:1.0.5+nmu1) ...
2026-10-03T02:48:25.1360273Z Selecting previously unselected package xfonts-scalable.
2026-10-03T02:48:25.1447439Z Preparing to unpack .../12-xfonts-scalable_1%3a1.0.3-1.3_all.deb ...
2026-10-03T02:48:25.1452683Z Unpacking xfonts-scalable (1:1.0.3-1.3) ...
2026-10-03T02:48:25.1788115Z Setting up mesa-libgallium:amd64 (25.2.8-0ubuntu0.24.04.4) ...
2026-10-03T02:48:25.1803637Z Setting up libgbm1:amd64 (25.2.8-0ubuntu0.24.04.4) ...
2026-10-03T02:48:25.1817627Z Setting up libgl1-mesa-dri:amd64 (25.2.8-0ubuntu0.24.04.4) ...
2026-10-03T02:48:25.1871172Z Setting up fonts-wqy-zenhei (0.9.45-8) ...
2026-10-03T02:48:25.1951760Z Setting up fonts-freefont-ttf (20211204+svn4273-2) ...
2026-10-03T02:48:25.1963739Z Setting up fonts-tlwg-loma-otf (1:0.7.3-1) ...
2026-10-03T02:48:25.1977104Z Setting up xfonts-encodings (1:1.0.5-0ubuntu2) ...
2026-10-03T02:48:25.1990275Z Setting up fonts-ipafont-gothic (00303-21ubuntu1) ...
2026-10-03T02:48:25.2036338Z update-alternatives: using /usr/share/fonts/opentype/ipafont-gothic/ipag.ttf to provide /usr/share/fonts/truetype/fonts-japanese-gothic.ttf (fonts-japanese-gothic.ttf) in auto mode
2026-10-03T02:48:25.2050066Z Setting up fonts-unifont (1:15.1.01-1build1) ...
2026-10-03T02:48:25.2063615Z Setting up libglx-mesa0:amd64 (25.2.8-0ubuntu0.24.04.4) ...
2026-10-03T02:48:25.2076911Z Setting up xfonts-utils (1:7.7+6build3) ...
2026-10-03T02:48:25.2105461Z Setting up xfonts-cyrillic (1:1.0.5+nmu1) ...
2026-10-03T02:48:25.2314654Z Setting up xfonts-scalable (1:1.0.3-1.3) ...
2026-10-03T02:48:25.2514577Z Processing triggers for libc-bin (2.39-0ubuntu8.9) ...
2026-10-03T02:48:25.2622047Z Processing triggers for man-db (2.12.0-4build2) ...
2026-10-03T02:48:25.2638289Z Not building database; man-db/auto-update is not 'true'.
2026-10-03T02:48:25.2646273Z Processing triggers for fontconfig (2.15.0-1.1ubuntu2) ...
2026-10-03T02:48:25.7499472Z 
2026-10-03T02:48:25.7500076Z Running kernel seems to be up-to-date.
2026-10-03T02:48:25.7500316Z 
2026-10-03T02:48:25.7500449Z No services need to be restarted.
2026-10-03T02:48:25.7500600Z 
2026-10-03T02:48:25.7500719Z No containers need to be restarted.
2026-10-03T02:48:25.7500864Z 
2026-10-03T02:48:25.7501192Z No user sessions are running outdated binaries.
2026-10-03T02:48:25.7501370Z 
2026-10-03T02:48:25.7501593Z No VM guests are running outdated hypervisor (qemu) binaries on this host.
2026-10-03T02:48:26.3326329Z Downloading Chromium 143.0.7499.4 (playwright build v1200) from https://cdn.playwright.dev/dbazure/download/playwright/builds/chromium/1200/chromium-linux.zip
2026-10-03T02:48:26.3946098Z (node:3532) [DEP0169] DeprecationWarning: `url.parse()` behavior is not standardized and prone to errors that have security implications. Use the WHATWG URL API instead. CVEs are not issued for `url.parse()` vulnerabilities.
2026-10-03T02:48:26.3946800Z (Use `node --trace-deprecation ...` to show where the warning was created)
2026-10-03T02:48:26.5281345Z |                                                                                |   0% of 164.7 MiB
2026-10-03T02:48:26.8777972Z |■■■■■■■■                                                                        |  10% of 164.7 MiB
2026-10-03T02:48:26.9274157Z |■■■■■■■■■■■■■■■■                                                                |  20% of 164.7 MiB
2026-10-03T02:48:26.9633703Z |■■■■■■■■■■■■■■■■■■■■■■■■                                                        |  30% of 164.7 MiB
2026-10-03T02:48:26.9977255Z |■■■■■■■■■■■■■■■■■■■■■■■■■■■■■■■■                                                |  40% of 164.7 MiB
2026-10-03T02:48:27.0304818Z |■■■■■■■■■■■■■■■■■■■■■■■■■■■■■■■■■■■■■■■■                                        |  50% of 164.7 MiB
2026-10-03T02:48:27.0664875Z |■■■■■■■■■■■■■■■■■■■■■■■■■■■■■■■■■■■■■■■■■■■■■■■■                                |  60% of 164.7 MiB
2026-10-03T02:48:27.0962273Z |■■■■■■■■■■■■■■■■■■■■■■■■■■■■■■■■■■■■■■■■■■■■■■■■■■■■■■■■                        |  70% of 164.7 MiB
2026-10-03T02:48:27.1347510Z |■■■■■■■■■■■■■■■■■■■■■■■■■■■■■■■■■■■■■■■■■■■■■■■■■■■■■■■■■■■■■■■■                |  80% of 164.7 MiB
2026-10-03T02:48:27.1781606Z |■■■■■■■■■■■■■■■■■■■■■■■■■■■■■■■■■■■■■■■■■■■■■■■■■■■■■■■■■■■■■■■■■■■■■■■■        |  90% of 164.7 MiB
2026-10-03T02:48:27.2153940Z |■■■■■■■■■■■■■■■■■■■■■■■■■■■■■■■■■■■■■■■■■■■■■■■■■■■■■■■■■■■■■■■■■■■■■■■■■■■■■■■■| 100% of 164.7 MiB
2026-10-03T02:48:28.7913560Z Chromium 143.0.7499.4 (playwright build v1200) downloaded to /home/runner/.cache/ms-playwright/chromium-1200
2026-10-03T02:48:28.7916029Z Downloading FFMPEG playwright build v1011 from https://cdn.playwright.dev/dbazure/download/playwright/builds/ffmpeg/1011/ffmpeg-linux.zip
2026-10-03T02:48:28.8504354Z (node:3543) [DEP0169] DeprecationWarning: `url.parse()` behavior is not standardized and prone to errors that have security implications. Use the WHATWG URL API instead. CVEs are not issued for `url.parse()` vulnerabilities.
2026-10-03T02:48:28.8505221Z (Use `node --trace-deprecation ...` to show where the warning was created)
2026-10-03T02:48:28.9143020Z |                                                                                |   0% of 2.3 MiB
2026-10-03T02:48:28.9474652Z |■■■■■■■■                                                                        |  10% of 2.3 MiB
2026-10-03T02:48:28.9693077Z |■■■■■■■■■■■■■■■■                                                                |  20% of 2.3 MiB
2026-10-03T02:48:28.9729235Z |■■■■■■■■■■■■■■■■■■■■■■■■                                                        |  30% of 2.3 MiB
2026-10-03T02:48:28.9829513Z |■■■■■■■■■■■■■■■■■■■■■■■■■■■■■■■■                                                |  40% of 2.3 MiB
2026-10-03T02:48:28.9926860Z |■■■■■■■■■■■■■■■■■■■■■■■■■■■■■■■■■■■■■■■■                                        |  50% of 2.3 MiB
2026-10-03T02:48:28.9945448Z |■■■■■■■■■■■■■■■■■■■■■■■■■■■■■■■■■■■■■■■■■■■■■■■■                                |  60% of 2.3 MiB
2026-10-03T02:48:28.9978395Z |■■■■■■■■■■■■■■■■■■■■■■■■■■■■■■■■■■■■■■■■■■■■■■■■■■■■■■■■                        |  70% of 2.3 MiB
2026-10-03T02:48:29.0047807Z |■■■■■■■■■■■■■■■■■■■■■■■■■■■■■■■■■■■■■■■■■■■■■■■■■■■■■■■■■■■■■■■■                |  80% of 2.3 MiB
2026-10-03T02:48:29.0067921Z |■■■■■■■■■■■■■■■■■■■■■■■■■■■■■■■■■■■■■■■■■■■■■■■■■■■■■■■■■■■■■■■■■■■■■■■■        |  90% of 2.3 MiB
2026-10-03T02:48:29.0147185Z |■■■■■■■■■■■■■■■■■■■■■■■■■■■■■■■■■■■■■■■■■■■■■■■■■■■■■■■■■■■■■■■■■■■■■■■■■■■■■■■■| 100% of 2.3 MiB
2026-10-03T02:48:29.0481428Z FFMPEG playwright build v1011 downloaded to /home/runner/.cache/ms-playwright/ffmpeg-1011
2026-10-03T02:48:29.0484278Z Downloading Chromium Headless Shell 143.0.7499.4 (playwright build v1200) from https://cdn.playwright.dev/dbazure/download/playwright/builds/chromium/1200/chromium-headless-shell-linux.zip
2026-10-03T02:48:29.1063487Z (node:3554) [DEP0169] DeprecationWarning: `url.parse()` behavior is not standardized and prone to errors that have security implications. Use the WHATWG URL API instead. CVEs are not issued for `url.parse()` vulnerabilities.
2026-10-03T02:48:29.1064389Z (Use `node --trace-deprecation ...` to show where the warning was created)
2026-10-03T02:48:29.2370136Z |                                                                                |   0% of 109.7 MiB
2026-10-03T02:48:29.5140568Z |■■■■■■■■                                                                        |  10% of 109.7 MiB
2026-10-03T02:48:29.5559724Z |■■■■■■■■■■■■■■■■                                                                |  20% of 109.7 MiB
2026-10-03T02:48:29.6017075Z |■■■■■■■■■■■■■■■■■■■■■■■■                                                        |  30% of 109.7 MiB
2026-10-03T02:48:29.6427992Z |■■■■■■■■■■■■■■■■■■■■■■■■■■■■■■■■                                                |  40% of 109.7 MiB
2026-10-03T02:48:29.6726793Z |■■■■■■■■■■■■■■■■■■■■■■■■■■■■■■■■■■■■■■■■                                        |  50% of 109.7 MiB
2026-10-03T02:48:29.7031903Z |■■■■■■■■■■■■■■■■■■■■■■■■■■■■■■■■■■■■■■■■■■■■■■■■                                |  60% of 109.7 MiB
2026-10-03T02:48:29.7411742Z |■■■■■■■■■■■■■■■■■■■■■■■■■■■■■■■■■■■■■■■■■■■■■■■■■■■■■■■■                        |  70% of 109.7 MiB
2026-10-03T02:48:29.7759302Z |■■■■■■■■■■■■■■■■■■■■■■■■■■■■■■■■■■■■■■■■■■■■■■■■■■■■■■■■■■■■■■■■                |  80% of 109.7 MiB
2026-10-03T02:48:29.8059113Z |■■■■■■■■■■■■■■■■■■■■■■■■■■■■■■■■■■■■■■■■■■■■■■■■■■■■■■■■■■■■■■■■■■■■■■■■        |  90% of 109.7 MiB
2026-10-03T02:48:29.8406608Z |■■■■■■■■■■■■■■■■■■■■■■■■■■■■■■■■■■■■■■■■■■■■■■■■■■■■■■■■■■■■■■■■■■■■■■■■■■■■■■■■| 100% of 109.7 MiB
2026-10-03T02:48:31.0182048Z Chromium Headless Shell 143.0.7499.4 (playwright build v1200) downloaded to /home/runner/.cache/ms-playwright/chromium_headless_shell-1200
2026-10-03T02:48:31.0345534Z ##[group]Run python scripts/run_logged.py evidence/browser-native.log -- python scripts/browser_smoke.py
2026-10-03T02:48:31.0345984Z [36;1mpython scripts/run_logged.py evidence/browser-native.log -- python scripts/browser_smoke.py[0m
2026-10-03T02:48:31.0397610Z shell: /usr/bin/bash --noprofile --norc -e -o pipefail {0}
2026-10-03T02:48:31.0397786Z env:
2026-10-03T02:48:31.0397898Z   NEXT_TELEMETRY_DISABLED: 1
2026-10-03T02:48:31.0398066Z   pythonLocation: /opt/hostedtoolcache/Python/3.13.15/x64
2026-10-03T02:48:31.0398286Z   PKG_CONFIG_PATH: /opt/hostedtoolcache/Python/3.13.15/x64/lib/pkgconfig
2026-10-03T02:48:31.0398504Z   Python_ROOT_DIR: /opt/hostedtoolcache/Python/3.13.15/x64
2026-10-03T02:48:31.0398709Z   Python2_ROOT_DIR: /opt/hostedtoolcache/Python/3.13.15/x64
2026-10-03T02:48:31.0398908Z   Python3_ROOT_DIR: /opt/hostedtoolcache/Python/3.13.15/x64
2026-10-03T02:48:31.0399111Z   LD_LIBRARY_PATH: /opt/hostedtoolcache/Python/3.13.15/x64/lib
2026-10-03T02:48:31.0399302Z ##[endgroup]
2026-10-03T02:49:28.0345057Z {
2026-10-03T02:49:28.0345378Z   "mode": "native_browser_e2e",
2026-10-03T02:49:28.0345658Z   "passed": [
2026-10-03T02:49:28.0345916Z     "agent_credential_rejected_by_reviewer_console",
2026-10-03T02:49:28.0346264Z     "pending_queue_survives_more_than_100_newer_reads",
2026-10-03T02:49:28.0346599Z     "approval_disabled_without_informed_confirmation",
2026-10-03T02:49:28.0346919Z     "browser_rejection_preserves_all_1206_rows",
2026-10-03T02:49:28.0347130Z     "browser_approval_executes_real_update_once",
2026-10-03T02:49:28.0347336Z     "critical_action_requires_exact_1206_scope_phrase",
2026-10-03T02:49:28.0347534Z     "390px_mobile_has_no_horizontal_overflow",
2026-10-03T02:49:28.0347723Z     "audit_replay_and_hmac_verification_render",
2026-10-03T02:49:28.0347926Z     "metrics_use_real_samples_and_unknown_model_cost",
2026-10-03T02:49:28.0348153Z     "batch_ui_lists_bound_members_and_enforces_confirmation",
2026-10-03T02:49:28.0348406Z     "recovery_is_a_separate_informed_approval",
2026-10-03T02:49:28.0348650Z     "study_import_counterbalance_visibility_and_export_automation_only",
2026-10-03T02:49:28.0348878Z     "logout_removes_authenticated_console",
2026-10-03T02:49:28.0349054Z     "no_browser_javascript_errors"
2026-10-03T02:49:28.0349191Z   ],
2026-10-03T02:49:28.0349394Z   "errors": [],
2026-10-03T02:49:28.0349578Z   "not_proven": []
2026-10-03T02:49:28.0349752Z }
2026-10-03T02:49:28.0469457Z ##[group]Run python scripts/run_logged.py evidence/browser-edges.log -- python scripts/browser_edges.py
2026-10-03T02:49:28.0469869Z [36;1mpython scripts/run_logged.py evidence/browser-edges.log -- python scripts/browser_edges.py[0m
2026-10-03T02:49:28.0523019Z shell: /usr/bin/bash --noprofile --norc -e -o pipefail {0}
2026-10-03T02:49:28.0523207Z env:
2026-10-03T02:49:28.0523321Z   NEXT_TELEMETRY_DISABLED: 1
2026-10-03T02:49:28.0523500Z   pythonLocation: /opt/hostedtoolcache/Python/3.13.15/x64
2026-10-03T02:49:28.0523741Z   PKG_CONFIG_PATH: /opt/hostedtoolcache/Python/3.13.15/x64/lib/pkgconfig
2026-10-03T02:49:28.0523981Z   Python_ROOT_DIR: /opt/hostedtoolcache/Python/3.13.15/x64
2026-10-03T02:49:28.0524189Z   Python2_ROOT_DIR: /opt/hostedtoolcache/Python/3.13.15/x64
2026-10-03T02:49:28.0524397Z   Python3_ROOT_DIR: /opt/hostedtoolcache/Python/3.13.15/x64
2026-10-03T02:49:28.0524610Z   LD_LIBRARY_PATH: /opt/hostedtoolcache/Python/3.13.15/x64/lib
2026-10-03T02:49:28.0524807Z ##[endgroup]
2026-10-03T02:49:30.8208862Z {
2026-10-03T02:49:30.8209135Z   "mode": "native_next_browser_real_http",
2026-10-03T02:49:30.8209328Z   "passed": [
2026-10-03T02:49:30.8209476Z     "stale_cas_never_overwrites_new_data",
2026-10-03T02:49:30.8209666Z     "execution_failure_rolls_back_and_renders",
2026-10-03T02:49:30.8209872Z     "unknown_requires_original_receipt_reconciliation",
2026-10-03T02:49:30.8210089Z     "untrusted_long_text_is_escaped_and_mobile_bounded",
2026-10-03T02:49:30.8210296Z     "expired_action_has_no_decision_controls",
2026-10-03T02:49:30.8210474Z     "hard_block_has_no_override_controls",
2026-10-03T02:49:30.8210699Z     "keyboard_login_and_logout_clear_memory_credentials",
2026-10-03T02:49:30.8210952Z     "study_comprehension_is_separate_required_and_exported_as_automation",
2026-10-03T02:49:30.8211380Z     "next_hydration_and_strict_csp_have_no_errors"
2026-10-03T02:49:30.8211542Z   ],
2026-10-03T02:49:30.8211648Z   "errors": [],
2026-10-03T02:49:30.8211782Z   "csp_violations": [],
2026-10-03T02:49:30.8211915Z   "human_participants": 0
2026-10-03T02:49:30.8212038Z }
2026-10-03T02:49:30.8323080Z ##[group]Run python scripts/run_logged.py evidence/docker-smoke.log -- python scripts/docker_smoke.py
2026-10-03T02:49:30.8323495Z [36;1mpython scripts/run_logged.py evidence/docker-smoke.log -- python scripts/docker_smoke.py[0m
2026-10-03T02:49:30.8376862Z shell: /usr/bin/bash --noprofile --norc -e -o pipefail {0}
2026-10-03T02:49:30.8377045Z env:
2026-10-03T02:49:30.8377159Z   NEXT_TELEMETRY_DISABLED: 1
2026-10-03T02:49:30.8377329Z   pythonLocation: /opt/hostedtoolcache/Python/3.13.15/x64
2026-10-03T02:49:30.8377694Z   PKG_CONFIG_PATH: /opt/hostedtoolcache/Python/3.13.15/x64/lib/pkgconfig
2026-10-03T02:49:30.8377925Z   Python_ROOT_DIR: /opt/hostedtoolcache/Python/3.13.15/x64
2026-10-03T02:49:30.8378134Z   Python2_ROOT_DIR: /opt/hostedtoolcache/Python/3.13.15/x64
2026-10-03T02:49:30.8378340Z   Python3_ROOT_DIR: /opt/hostedtoolcache/Python/3.13.15/x64
2026-10-03T02:49:30.8378549Z   LD_LIBRARY_PATH: /opt/hostedtoolcache/Python/3.13.15/x64/lib
2026-10-03T02:49:30.8378742Z ##[endgroup]
2026-10-03T02:50:19.0440563Z {
2026-10-03T02:50:19.0440889Z   "mode": "real_docker_compose",
2026-10-03T02:50:19.0441352Z   "project": "airlock-check-928d1cc692ec",
2026-10-03T02:50:19.0441593Z   "probe": {
2026-10-03T02:50:19.0441832Z     "pending_id": "e7d70c6fa23842c49c21672b5bba2284",
2026-10-03T02:50:19.0442078Z     "uid": 10001,
2026-10-03T02:50:19.0442290Z     "effective_capabilities": 0,
2026-10-03T02:50:19.0442510Z     "sqlite_runtime": {
2026-10-03T02:50:19.0442707Z       "version": "3.53.1",
2026-10-03T02:50:19.0443066Z       "source_id": "2026-05-05 10:34:17 c88b22011a54b4f6fbd149e9f8e4de77658ce58143a1af0e3785e4e6475127e9",
2026-10-03T02:50:19.0443548Z       "wal_reset_fix": "upstream_fixed_version",
2026-10-03T02:50:19.0443809Z       "compile_options": [
2026-10-03T02:50:19.0444005Z         "ATOMIC_INTRINSICS=1",
2026-10-03T02:50:19.0444154Z         "COMPILER=gcc-14.2.0",
2026-10-03T02:50:19.0444291Z         "DEFAULT_AUTOVACUUM",
2026-10-03T02:50:19.0444451Z         "DEFAULT_CACHE_SIZE=-2000",
2026-10-03T02:50:19.0444609Z         "DEFAULT_FILE_FORMAT=4",
2026-10-03T02:50:19.0444765Z         "DEFAULT_JOURNAL_SIZE_LIMIT=-1",
2026-10-03T02:50:19.0444922Z         "DEFAULT_MMAP_SIZE=0",
2026-10-03T02:50:19.0445069Z         "DEFAULT_PAGE_SIZE=4096",
2026-10-03T02:50:19.0445310Z         "DEFAULT_PCACHE_INITSZ=20",
2026-10-03T02:50:19.0445549Z         "DEFAULT_RECURSIVE_TRIGGERS",
2026-10-03T02:50:19.0445794Z         "DEFAULT_SECTOR_SIZE=4096",
2026-10-03T02:50:19.0445980Z         "DEFAULT_SYNCHRONOUS=2",
2026-10-03T02:50:19.0446138Z         "DEFAULT_WAL_AUTOCHECKPOINT=1000",
2026-10-03T02:50:19.0446305Z         "DEFAULT_WAL_SYNCHRONOUS=2",
2026-10-03T02:50:19.0446459Z         "DEFAULT_WORKER_THREADS=0",
2026-10-03T02:50:19.0446607Z         "DIRECT_OVERFLOW_READ",
2026-10-03T02:50:19.0446756Z         "ENABLE_COLUMN_METADATA",
2026-10-03T02:50:19.0446893Z         "ENABLE_DBSTAT_VTAB",
2026-10-03T02:50:19.0447022Z         "ENABLE_FTS3",
2026-10-03T02:50:19.0447140Z         "ENABLE_FTS5",
2026-10-03T02:50:19.0447273Z         "ENABLE_MATH_FUNCTIONS",
2026-10-03T02:50:19.0447427Z         "ENABLE_RTREE",
2026-10-03T02:50:19.0447561Z         "MALLOC_SOFT_LIMIT=1024",
2026-10-03T02:50:19.0447697Z         "MAX_ATTACHED=10",
2026-10-03T02:50:19.0447822Z         "MAX_COLUMN=2000",
2026-10-03T02:50:19.0447960Z         "MAX_COMPOUND_SELECT=500",
2026-10-03T02:50:19.0448115Z         "MAX_DEFAULT_PAGE_SIZE=8192",
2026-10-03T02:50:19.0448271Z         "MAX_EXPR_DEPTH=1000",
2026-10-03T02:50:19.0448415Z         "MAX_FUNCTION_ARG=1000",
2026-10-03T02:50:19.0448557Z         "MAX_LENGTH=1000000000",
2026-10-03T02:50:19.0448705Z         "MAX_LIKE_PATTERN_LENGTH=50000",
2026-10-03T02:50:19.0448864Z         "MAX_MMAP_SIZE=0x7fff0000",
2026-10-03T02:50:19.0449018Z         "MAX_PAGE_COUNT=0xfffffffe",
2026-10-03T02:50:19.0449168Z         "MAX_PAGE_SIZE=65536",
2026-10-03T02:50:19.0449312Z         "MAX_SQL_LENGTH=1000000000",
2026-10-03T02:50:19.0449461Z         "MAX_TRIGGER_DEPTH=1000",
2026-10-03T02:50:19.0449836Z         "MAX_VARIABLE_NUMBER=32766",
2026-10-03T02:50:19.0449984Z         "MAX_VDBE_OP=250000000",
2026-10-03T02:50:19.0450129Z         "MAX_WORKER_THREADS=8",
2026-10-03T02:50:19.0450262Z         "MUTEX_PTHREADS",
2026-10-03T02:50:19.0450390Z         "SYSTEM_MALLOC",
2026-10-03T02:50:19.0450511Z         "TEMP_STORE=1",
2026-10-03T02:50:19.0450631Z         "THREADSAFE=1",
2026-10-03T02:50:19.0450746Z         "USE_URI"
2026-10-03T02:50:19.0450858Z       ],
2026-10-03T02:50:19.0451120Z       "python": "3.13.16",
2026-10-03T02:50:19.0451278Z       "sqlite_threadsafety": 3,
2026-10-03T02:50:19.0451582Z       "loaded_shared_library_files": [
2026-10-03T02:50:19.0451719Z         {
2026-10-03T02:50:19.0451879Z           "path": "/opt/airlock-sqlite/lib/libsqlite3.so.0",
2026-10-03T02:50:19.0452058Z           "bytes": 1605768,
2026-10-03T02:50:19.0452284Z           "sha256": "8fac480a6336553316e0417dad6fc91f32b054396724b34b65f25546637dcd26"
2026-10-03T02:50:19.0452491Z         }
2026-10-03T02:50:19.0452587Z       ],
2026-10-03T02:50:19.0452710Z       "build_report_verified": true,
2026-10-03T02:50:19.0452976Z       "build_report_sha256": "7b06c542bba71858f7499dc24352ea1f0c39e7aa2f6e36dfdf1b17b64a6cdb2f"
2026-10-03T02:50:19.0453215Z     },
2026-10-03T02:50:19.0453368Z     "checks": [
2026-10-03T02:50:19.0453607Z       "agent_has_no_reviewer_or_audit_secret",
2026-10-03T02:50:19.0453888Z       "target_database_not_mounted_in_agent",
2026-10-03T02:50:19.0454166Z       "no_server_config_or_docker_socket",
2026-10-03T02:50:19.0454439Z       "non_root_read_only_no_capabilities",
2026-10-03T02:50:19.0454692Z       "agent_cannot_approve_or_read_audit",
2026-10-03T02:50:19.0454858Z       "SQL_cannot_read_control_tables",
2026-10-03T02:50:19.0455048Z       "write_waits_for_separate_reviewer",
2026-10-03T02:50:19.0455322Z       "container_loads_pinned_sqlite_runtime"
2026-10-03T02:50:19.0455547Z     ]
2026-10-03T02:50:19.0455697Z   },
2026-10-03T02:50:19.0456069Z   "runtime_image_id": "sha256:c97faac3d602cf8946a2f2bd9c9c8668a4e05f62c242e354eeff45cc8435117f",
2026-10-03T02:50:19.0456502Z   "rows_before_independent_approval": 1206,
2026-10-03T02:50:19.0456778Z   "rows_after_approval_and_restart": 0,
2026-10-03T02:50:19.0457020Z   "additional_checks": [
2026-10-03T02:50:19.0457297Z     "pending_survives_server_restart_without_execution",
2026-10-03T02:50:19.0457536Z     "approved_effect_and_audit_persist_without_reseeding",
2026-10-03T02:50:19.0457725Z     "compose_network_is_internal",
2026-10-03T02:50:19.0457891Z     "server_dual_network_agent_internal_only",
2026-10-03T02:50:19.0458067Z     "published_port_is_loopback_only"
2026-10-03T02:50:19.0458205Z   ],
2026-10-03T02:50:19.0458310Z   "limitations": [
2026-10-03T02:50:19.0458514Z     "controlled synthetic deployment, not a general container escape audit",
2026-10-03T02:50:19.0458984Z     "reviewer is automated test code, not a human A/B participant"
2026-10-03T02:50:19.0459210Z   ]
2026-10-03T02:50:19.0459307Z }
2026-10-03T02:50:19.0596764Z ##[group]Run python scripts/run_logged.py evidence/upstream-isolation.log -- python scripts/upstream_isolation.py
2026-10-03T02:50:19.0597227Z [36;1mpython scripts/run_logged.py evidence/upstream-isolation.log -- python scripts/upstream_isolation.py[0m
2026-10-03T02:50:19.0650189Z shell: /usr/bin/bash --noprofile --norc -e -o pipefail {0}
2026-10-03T02:50:19.0650379Z env:
2026-10-03T02:50:19.0650494Z   NEXT_TELEMETRY_DISABLED: 1
2026-10-03T02:50:19.0650669Z   pythonLocation: /opt/hostedtoolcache/Python/3.13.15/x64
2026-10-03T02:50:19.0650908Z   PKG_CONFIG_PATH: /opt/hostedtoolcache/Python/3.13.15/x64/lib/pkgconfig
2026-10-03T02:50:19.0651337Z   Python_ROOT_DIR: /opt/hostedtoolcache/Python/3.13.15/x64
2026-10-03T02:50:19.0651552Z   Python2_ROOT_DIR: /opt/hostedtoolcache/Python/3.13.15/x64
2026-10-03T02:50:19.0651768Z   Python3_ROOT_DIR: /opt/hostedtoolcache/Python/3.13.15/x64
2026-10-03T02:50:19.0651983Z   LD_LIBRARY_PATH: /opt/hostedtoolcache/Python/3.13.15/x64/lib
2026-10-03T02:50:19.0652183Z ##[endgroup]
2026-10-03T02:50:21.3261182Z {"status": "PASS", "mode": "real_docker_protected_upstream", "image": "sha256:c97faac3d602cf8946a2f2bd9c9c8668a4e05f62c242e354eeff45cc8435117f", "probe": {"action_id": "a79059273bf44f2aaa6f23a0aca79996", "checks": ["no_upstream_dns", "no_direct_ip_access", "no_upstream_or_review_secret", "no_server_volume_or_socket", "single_internal_agent_network", "write_waits_for_reviewer"]}, "checks": ["rejection_preserves_remote_value", "separate_approval_executes_once", "separate_compensation_restores_value", "audit_chain_valid"], "network_boundary": "Agent only on internal ingress; upstream only on distinct internal target network; gate on both; no upstream published port", "limitations": ["Synthetic remote CAS counter, scripted reviewer; not a human study", "Dedicated pinned private HTTP in isolated fixture; production untrusted networks require TLS", "Host administrator and container escape outside tested boundary"]}
2026-10-03T02:50:21.3387434Z ##[group]Run actions/setup-go@v6
2026-10-03T02:50:21.3387588Z with:
2026-10-03T02:50:21.3387742Z   go-version: 1.24.8
2026-10-03T02:50:21.3387863Z   cache: false
2026-10-03T02:50:21.3387981Z   check-latest: false
2026-10-03T02:50:21.3389256Z   token: ***
2026-10-03T02:50:21.3389364Z env:
2026-10-03T02:50:21.3389478Z   NEXT_TELEMETRY_DISABLED: 1
2026-10-03T02:50:21.3389657Z   pythonLocation: /opt/hostedtoolcache/Python/3.13.15/x64
2026-10-03T02:50:21.3389906Z   PKG_CONFIG_PATH: /opt/hostedtoolcache/Python/3.13.15/x64/lib/pkgconfig
2026-10-03T02:50:21.3390150Z   Python_ROOT_DIR: /opt/hostedtoolcache/Python/3.13.15/x64
2026-10-03T02:50:21.3390381Z   Python2_ROOT_DIR: /opt/hostedtoolcache/Python/3.13.15/x64
2026-10-03T02:50:21.3390599Z   Python3_ROOT_DIR: /opt/hostedtoolcache/Python/3.13.15/x64
2026-10-03T02:50:21.3390820Z   LD_LIBRARY_PATH: /opt/hostedtoolcache/Python/3.13.15/x64/lib
2026-10-03T02:50:21.3391164Z ##[endgroup]
2026-10-03T02:50:21.4214835Z Setup go version spec 1.24.8
2026-10-03T02:50:21.4222039Z Attempting to download 1.24.8...
2026-10-03T02:50:22.1407497Z matching 1.24.8...
2026-10-03T02:50:22.1444690Z Acquiring 1.24.8 from https://github.com/actions/go-versions/releases/download/1.24.8-18331018734/go-1.24.8-linux-x64.tar.gz
2026-10-03T02:50:22.7144021Z Extracting Go...
2026-10-03T02:50:22.7223554Z [command]/usr/bin/tar xz --warning=no-unknown-keyword --overwrite -C /home/runner/work/_temp/42d5d43e-1684-4721-b441-35439817e6c7 -f /home/runner/work/_temp/db1f006b-696f-4276-af8d-5d68bd31b686
2026-10-03T02:50:24.0823645Z Successfully extracted go to /home/runner/work/_temp/42d5d43e-1684-4721-b441-35439817e6c7
2026-10-03T02:50:24.0824150Z Adding to the cache ...
2026-10-03T02:50:27.5164874Z Successfully cached go to /opt/hostedtoolcache/go/1.24.8/x64
2026-10-03T02:50:27.5166639Z Added go to the path
2026-10-03T02:50:27.5168481Z Successfully set up Go version 1.24.8
2026-10-03T02:50:27.5316584Z go version go1.24.8 linux/amd64
2026-10-03T02:50:27.5316800Z 
2026-10-03T02:50:27.5317082Z ##[group]go env
2026-10-03T02:50:27.6017331Z AR='ar'
2026-10-03T02:50:27.6017579Z CC='gcc'
2026-10-03T02:50:27.6017794Z CGO_CFLAGS='-O2 -g'
2026-10-03T02:50:27.6017991Z CGO_CPPFLAGS=''
2026-10-03T02:50:27.6018201Z CGO_CXXFLAGS='-O2 -g'
2026-10-03T02:50:27.6018402Z CGO_ENABLED='1'
2026-10-03T02:50:27.6018587Z CGO_FFLAGS='-O2 -g'
2026-10-03T02:50:27.6018781Z CGO_LDFLAGS='-O2 -g'
2026-10-03T02:50:27.6018957Z CXX='g++'
2026-10-03T02:50:27.6019128Z GCCGO='gccgo'
2026-10-03T02:50:27.6019301Z GO111MODULE=''
2026-10-03T02:50:27.6019480Z GOAMD64='v1'
2026-10-03T02:50:27.6019650Z GOARCH='amd64'
2026-10-03T02:50:27.6019816Z GOAUTH='netrc'
2026-10-03T02:50:27.6019983Z GOBIN=''
2026-10-03T02:50:27.6020247Z GOCACHE='/home/runner/.cache/go-build'
2026-10-03T02:50:27.6020484Z GOCACHEPROG=''
2026-10-03T02:50:27.6020660Z GODEBUG=''
2026-10-03T02:50:27.6020887Z GOENV='/home/runner/.config/go/env'
2026-10-03T02:50:27.6021332Z GOEXE=''
2026-10-03T02:50:27.6021496Z GOEXPERIMENT=''
2026-10-03T02:50:27.6021687Z GOFIPS140='off'
2026-10-03T02:50:27.6021858Z GOFLAGS=''
2026-10-03T02:50:27.6022620Z GOGCCFLAGS='-fPIC -m64 -pthread -Wl,--no-gc-sections -fmessage-length=0 -ffile-prefix-map=/tmp/go-build1593781488=/tmp/go-build -gno-record-gcc-switches'
2026-10-03T02:50:27.6023246Z GOHOSTARCH='amd64'
2026-10-03T02:50:27.6023429Z GOHOSTOS='linux'
2026-10-03T02:50:27.6023606Z GOINSECURE=''
2026-10-03T02:50:27.6023788Z GOMOD='/dev/null'
2026-10-03T02:50:27.6024029Z GOMODCACHE='/home/runner/go/pkg/mod'
2026-10-03T02:50:27.6024263Z GONOPROXY=''
2026-10-03T02:50:27.6024434Z GONOSUMDB=''
2026-10-03T02:50:27.6024598Z GOOS='linux'
2026-10-03T02:50:27.6024789Z GOPATH='/home/runner/go'
2026-10-03T02:50:27.6025260Z GOPRIVATE=''
2026-10-03T02:50:27.6025524Z GOPROXY='https://proxy.golang.org,direct'
2026-10-03T02:50:27.6025849Z GOROOT='/opt/hostedtoolcache/go/1.24.8/x64'
2026-10-03T02:50:27.6026126Z GOSUMDB='sum.golang.org'
2026-10-03T02:50:27.6026345Z GOTELEMETRY='local'
2026-10-03T02:50:27.6026654Z GOTELEMETRYDIR='/home/runner/.config/go/telemetry'
2026-10-03T02:50:27.6027105Z GOTMPDIR=''
2026-10-03T02:50:27.6027294Z GOTOOLCHAIN='local'
2026-10-03T02:50:27.6027638Z GOTOOLDIR='/opt/hostedtoolcache/go/1.24.8/x64/pkg/tool/linux_amd64'
2026-10-03T02:50:27.6027945Z GOVCS=''
2026-10-03T02:50:27.6028123Z GOVERSION='go1.24.8'
2026-10-03T02:50:27.6028310Z GOWORK=''
2026-10-03T02:50:27.6028504Z PKG_CONFIG='pkg-config'
2026-10-03T02:50:27.6028636Z 
2026-10-03T02:50:27.6028980Z ##[endgroup]
2026-10-03T02:50:27.6184599Z ##[group]Run python scripts/run_logged.py evidence/archive-build.log -- python scripts/build_archive_fixture.py --output evidence/archive-image.json
2026-10-03T02:50:27.6185156Z [36;1mpython scripts/run_logged.py evidence/archive-build.log -- python scripts/build_archive_fixture.py --output evidence/archive-image.json[0m
2026-10-03T02:50:27.6240452Z shell: /usr/bin/bash --noprofile --norc -e -o pipefail {0}
2026-10-03T02:50:27.6240639Z env:
2026-10-03T02:50:27.6240754Z   NEXT_TELEMETRY_DISABLED: 1
2026-10-03T02:50:27.6240932Z   pythonLocation: /opt/hostedtoolcache/Python/3.13.15/x64
2026-10-03T02:50:27.6241362Z   PKG_CONFIG_PATH: /opt/hostedtoolcache/Python/3.13.15/x64/lib/pkgconfig
2026-10-03T02:50:27.6241595Z   Python_ROOT_DIR: /opt/hostedtoolcache/Python/3.13.15/x64
2026-10-03T02:50:27.6241808Z   Python2_ROOT_DIR: /opt/hostedtoolcache/Python/3.13.15/x64
2026-10-03T02:50:27.6242019Z   Python3_ROOT_DIR: /opt/hostedtoolcache/Python/3.13.15/x64
2026-10-03T02:50:27.6242250Z   LD_LIBRARY_PATH: /opt/hostedtoolcache/Python/3.13.15/x64/lib
2026-10-03T02:50:27.6242431Z   GOTOOLCHAIN: local
2026-10-03T02:50:27.6242551Z ##[endgroup]
2026-10-03T02:50:33.2078106Z From https://github.com/minio/minio
2026-10-03T02:50:33.2078804Z  * branch            7aac2a2c5b7c882e68c1ce017d8256be2feea27f -> FETCH_HEAD
2026-10-03T02:50:33.2079336Z HEAD is now at 7aac2a2 update README.md format and clarify state of the project
2026-10-03T02:50:33.2079954Z go: downloading cloud.google.com/go/storage v1.52.0
2026-10-03T02:50:33.2080439Z go: downloading github.com/Azure/azure-sdk-for-go/sdk/azcore v1.18.0
2026-10-03T02:50:33.2080942Z go: downloading github.com/Azure/azure-sdk-for-go/sdk/azidentity v1.9.0
2026-10-03T02:50:33.2081586Z go: downloading github.com/Azure/azure-sdk-for-go/sdk/storage/azblob v1.6.1
2026-10-03T02:50:33.2082026Z go: downloading github.com/cespare/xxhash/v2 v2.3.0
2026-10-03T02:50:33.2082374Z go: downloading cloud.google.com/go v0.120.1
2026-10-03T02:50:33.2082739Z go: downloading github.com/cheggaaa/pb v1.0.29
2026-10-03T02:50:33.2083103Z go: downloading github.com/coreos/go-oidc/v3 v3.14.1
2026-10-03T02:50:33.2083485Z go: downloading github.com/coreos/go-systemd/v22 v22.5.0
2026-10-03T02:50:33.2083861Z go: downloading github.com/cosnicolaou/pbzip2 v1.0.5
2026-10-03T02:50:33.2084224Z go: downloading github.com/dchest/siphash v1.2.3
2026-10-03T02:50:33.2084582Z go: downloading github.com/dustin/go-humanize v1.0.1
2026-10-03T02:50:33.2084928Z go: downloading github.com/fatih/color v1.18.0
2026-10-03T02:50:33.2085268Z go: downloading github.com/felixge/fgprof v0.9.5
2026-10-03T02:50:33.2085621Z go: downloading github.com/go-openapi/loads v0.22.0
2026-10-03T02:50:33.2085977Z go: downloading github.com/golang-jwt/jwt/v4 v4.5.2
2026-10-03T02:50:33.2086317Z go: downloading github.com/google/uuid v1.6.0
2026-10-03T02:50:33.2086697Z go: downloading github.com/inconshreveable/mousetrap v1.1.0
2026-10-03T02:50:33.2087085Z go: downloading github.com/json-iterator/go v1.1.12
2026-10-03T02:50:33.2087457Z go: downloading github.com/klauspost/compress v1.18.0
2026-10-03T02:50:33.2087817Z go: downloading github.com/klauspost/pgzip v1.2.6
2026-10-03T02:50:33.2088185Z go: downloading github.com/klauspost/filepathx v1.1.1
2026-10-03T02:50:33.2088798Z go: downloading github.com/klauspost/readahead v1.4.0
2026-10-03T02:50:33.2089178Z go: downloading github.com/klauspost/reedsolomon v1.12.4
2026-10-03T02:50:33.2089568Z go: downloading github.com/lithammer/shortuuid/v4 v4.2.0
2026-10-03T02:50:33.2089914Z go: downloading github.com/miekg/dns v1.1.65
2026-10-03T02:50:33.2090233Z go: downloading github.com/minio/cli v1.24.2
2026-10-03T02:50:33.2090664Z go: downloading github.com/minio/console v1.7.7-0.20250905210349-2017f33b26e1
2026-10-03T02:50:33.2091192Z go: downloading github.com/minio/dperf v0.6.3
2026-10-03T02:50:33.2091527Z go: downloading github.com/minio/dnscache v0.1.1
2026-10-03T02:50:33.2091879Z go: downloading github.com/minio/highwayhash v1.0.3
2026-10-03T02:50:33.2092397Z go: downloading github.com/minio/kms-go/kes v0.3.1
2026-10-03T02:50:33.2092784Z go: downloading github.com/minio/madmin-go/v3 v3.0.109
2026-10-03T02:50:33.2093148Z go: downloading github.com/minio/minio-go/v7 v7.0.91
2026-10-03T02:50:33.2093484Z go: downloading github.com/minio/mux v1.9.2
2026-10-03T02:50:33.2093815Z go: downloading github.com/minio/pkg/v3 v3.1.3
2026-10-03T02:50:33.2094158Z go: downloading github.com/minio/selfupdate v0.6.0
2026-10-03T02:50:33.2094489Z go: downloading github.com/minio/sio v0.4.1
2026-10-03T02:50:33.2094807Z go: downloading github.com/minio/xxml v0.0.3
2026-10-03T02:50:33.2095139Z go: downloading github.com/minio/zipindex v0.4.0
2026-10-03T02:50:33.2095504Z go: downloading github.com/mitchellh/go-homedir v1.1.0
2026-10-03T02:50:33.2095858Z go: downloading github.com/philhofer/fwd v1.2.0
2026-10-03T02:50:33.2096202Z go: downloading github.com/pierrec/lz4/v4 v4.1.22
2026-10-03T02:50:33.2096560Z go: downloading github.com/pkg/errors v0.9.1
2026-10-03T02:50:33.2096875Z go: downloading github.com/pkg/sftp v1.13.9
2026-10-03T02:50:33.2097193Z go: downloading github.com/pkg/xattr v0.4.10
2026-10-03T02:50:33.2097564Z go: downloading github.com/prometheus/client_golang v1.22.0
2026-10-03T02:50:33.2097970Z go: downloading github.com/prometheus/client_model v0.6.2
2026-10-03T02:50:33.2098352Z go: downloading github.com/prometheus/common v0.63.0
2026-10-03T02:50:33.2098717Z go: downloading github.com/prometheus/procfs v0.16.1
2026-10-03T02:50:33.2099077Z go: downloading github.com/puzpuzpuz/xsync/v3 v3.5.1
2026-10-03T02:50:33.2099546Z go: downloading github.com/rcrowley/go-metrics v0.0.0-20250401214520-65e299d6c5c9
2026-10-03T02:50:33.2099957Z go: downloading github.com/rs/cors v1.11.1
2026-10-03T02:50:33.2100292Z go: downloading github.com/secure-io/sio-go v0.3.1
2026-10-03T02:50:33.2100661Z go: downloading github.com/shirou/gopsutil/v3 v3.24.5
2026-10-03T02:50:33.2101124Z go: downloading github.com/tinylib/msgp v1.4.0
2026-10-03T02:50:33.2101489Z go: downloading github.com/valyala/bytebufferpool v1.0.0
2026-10-03T02:50:33.2101839Z go: downloading github.com/zeebo/xxh3 v1.0.2
2026-10-03T02:50:33.2102158Z go: downloading go.etcd.io/etcd/api/v3 v3.5.21
2026-10-03T02:50:33.2102495Z go: downloading go.etcd.io/etcd/client/v3 v3.5.21
2026-10-03T02:50:33.2102819Z go: downloading go.uber.org/atomic v1.11.0
2026-10-03T02:50:33.2103124Z go: downloading goftp.io/server/v2 v2.0.1
2026-10-03T02:50:33.2103437Z go: downloading golang.org/x/crypto v0.37.0
2026-10-03T02:50:33.2103749Z go: downloading golang.org/x/oauth2 v0.29.0
2026-10-03T02:50:33.2104051Z go: downloading golang.org/x/sync v0.13.0
2026-10-03T02:50:33.2104354Z go: downloading golang.org/x/sys v0.32.0
2026-10-03T02:50:33.2104649Z go: downloading golang.org/x/term v0.31.0
2026-10-03T02:50:33.2104971Z go: downloading google.golang.org/api v0.230.0
2026-10-03T02:50:33.2105283Z go: downloading gopkg.in/yaml.v2 v2.4.0
2026-10-03T02:50:33.2105576Z go: downloading gopkg.in/yaml.v3 v3.0.1
2026-10-03T02:50:33.2105977Z go: downloading github.com/Azure/azure-sdk-for-go/sdk/internal v1.11.1
2026-10-03T02:50:33.2106526Z go: downloading github.com/AzureAD/microsoft-authentication-library-for-go v1.4.2
2026-10-03T02:50:33.2106997Z go: downloading github.com/mattn/go-runewidth v0.0.16
2026-10-03T02:50:33.2107390Z go: downloading cloud.google.com/go/compute/metadata v0.6.0
2026-10-03T02:50:33.2107900Z go: downloading cloud.google.com/go/iam v1.5.2
2026-10-03T02:50:35.9361843Z go: downloading github.com/GoogleCloudPlatform/opentelemetry-operations-go/exporter/metric v0.51.0
2026-10-03T02:50:35.9362673Z go: downloading github.com/googleapis/gax-go/v2 v2.14.1
2026-10-03T02:50:35.9363051Z go: downloading go.opentelemetry.io/contrib/detectors/gcp v1.35.0
2026-10-03T02:50:35.9363391Z go: downloading go.opentelemetry.io/otel v1.35.0
2026-10-03T02:50:35.9363722Z go: downloading go.opentelemetry.io/otel/sdk/metric v1.35.0
2026-10-03T02:50:35.9364052Z go: downloading go.opentelemetry.io/otel/sdk v1.35.0
2026-10-03T02:50:35.9364371Z go: downloading go.opentelemetry.io/otel/trace v1.35.0
2026-10-03T02:50:35.9364941Z go: downloading google.golang.org/genproto v0.0.0-20250422160041-2d3770c4ea7f
2026-10-03T02:50:35.9365288Z go: downloading google.golang.org/grpc v1.72.0
2026-10-03T02:50:35.9365592Z go: downloading google.golang.org/protobuf v1.36.6
2026-10-03T02:50:35.9365906Z go: downloading github.com/go-jose/go-jose/v4 v4.1.0
2026-10-03T02:50:35.9366219Z go: downloading github.com/mattn/go-colorable v0.1.14
2026-10-03T02:50:35.9366520Z go: downloading github.com/mattn/go-isatty v0.0.20
2026-10-03T02:50:35.9366870Z go: downloading github.com/google/pprof v0.0.0-20250422154841-e1f9c1950416
2026-10-03T02:50:35.9367217Z go: downloading github.com/go-openapi/analysis v0.23.0
2026-10-03T02:50:35.9367522Z go: downloading github.com/go-openapi/spec v0.21.0
2026-10-03T02:50:35.9367817Z go: downloading github.com/go-openapi/swag v0.23.1
2026-10-03T02:50:35.9368177Z go: downloading github.com/modern-go/concurrent v0.0.0-20180306012644-bacd9c7ef1dd
2026-10-03T02:50:35.9368531Z go: downloading github.com/modern-go/reflect2 v1.0.2
2026-10-03T02:50:35.9368839Z go: downloading github.com/klauspost/cpuid/v2 v2.2.10
2026-10-03T02:50:35.9369129Z go: downloading golang.org/x/net v0.39.0
2026-10-03T02:50:35.9369420Z go: downloading github.com/go-openapi/errors v0.22.1
2026-10-03T02:50:35.9369729Z go: downloading github.com/go-openapi/runtime v0.28.0
2026-10-03T02:50:35.9370033Z go: downloading github.com/jessevdk/go-flags v1.6.1
2026-10-03T02:50:35.9370374Z go: downloading github.com/minio/mc v0.0.0-20250313080218-cf909e1063a9
2026-10-03T02:50:35.9370699Z go: downloading github.com/minio/websocket v1.6.0
2026-10-03T02:50:35.9371149Z go: downloading github.com/unrolled/secure v1.17.0
2026-10-03T02:50:35.9371578Z go: downloading github.com/go-openapi/strfmt v0.23.0
2026-10-03T02:50:35.9371909Z go: downloading github.com/ncw/directio v1.0.5
2026-10-03T02:50:35.9372203Z go: downloading aead.dev/mem v0.2.0
2026-10-03T02:50:35.9372527Z go: downloading github.com/prometheus/prom2json v1.4.2
2026-10-03T02:50:35.9372889Z go: downloading github.com/safchain/ethtool v0.5.10
2026-10-03T02:50:35.9373239Z go: downloading github.com/goccy/go-json v0.10.5
2026-10-03T02:50:35.9373584Z go: downloading github.com/minio/crc64nvme v1.0.1
2026-10-03T02:50:35.9373930Z go: downloading github.com/minio/md5-simd v1.1.2
2026-10-03T02:50:35.9374256Z go: downloading github.com/rs/xid v1.6.0
2026-10-03T02:50:35.9374576Z go: downloading github.com/go-ini/ini v1.67.0
2026-10-03T02:50:35.9374905Z go: downloading github.com/beevik/ntp v1.4.3
2026-10-03T02:50:35.9375219Z go: downloading golang.org/x/time v0.11.0
2026-10-03T02:50:35.9375528Z go: downloading go.uber.org/zap v1.27.0
2026-10-03T02:50:35.9375859Z go: downloading github.com/go-ldap/ldap/v3 v3.4.11
2026-10-03T02:50:35.9376224Z go: downloading github.com/rabbitmq/amqp091-go v1.10.0
2026-10-03T02:50:35.9376575Z go: downloading github.com/IBM/sarama v1.45.1
2026-10-03T02:50:35.9376955Z go: downloading github.com/eclipse/paho.mqtt.golang v1.5.0
2026-10-03T02:50:35.9377395Z go: downloading github.com/elastic/go-elasticsearch/v7 v7.17.10
2026-10-03T02:50:35.9377810Z go: downloading github.com/go-sql-driver/mysql v1.9.2
2026-10-03T02:50:35.9378170Z go: downloading github.com/gomodule/redigo v1.9.2
2026-10-03T02:50:35.9378495Z go: downloading github.com/lib/pq v1.10.9
2026-10-03T02:50:35.9379012Z go: downloading github.com/nats-io/nats.go v1.41.2
2026-10-03T02:50:35.9379372Z go: downloading github.com/nats-io/stan.go v0.10.4
2026-10-03T02:50:35.9379711Z go: downloading github.com/nsqio/go-nsq v1.1.0
2026-10-03T02:50:35.9380031Z go: downloading github.com/xdg/scram v1.0.5
2026-10-03T02:50:35.9380365Z go: downloading github.com/buger/jsonparser v1.1.1
2026-10-03T02:50:35.9380682Z go: downloading aead.dev/mtls v0.2.1
2026-10-03T02:50:35.9381223Z go: downloading github.com/minio/kms-go/kms v0.5.1-0.20250225090116-4e64ce8d0f35
2026-10-03T02:50:35.9381640Z go: downloading github.com/gobwas/ws v1.4.0
2026-10-03T02:50:35.9381984Z go: downloading github.com/minio/simdjson-go v0.4.5
2026-10-03T02:50:35.9382453Z go: downloading github.com/rjeczalik/notify v0.9.3
2026-10-03T02:50:35.9382794Z go: downloading github.com/fatih/structs v1.1.0
2026-10-03T02:50:35.9383150Z go: downloading github.com/lestrrat-go/jwx/v2 v2.1.4
2026-10-03T02:50:35.9383475Z go: downloading aead.dev/minisign v0.3.0
2026-10-03T02:50:35.9383782Z go: downloading github.com/kr/fs v0.1.0
2026-10-03T02:50:35.9384098Z go: downloading github.com/beorn7/perks v1.0.1
2026-10-03T02:50:35.9384547Z go: downloading github.com/munnerz/goautoneg v0.0.0-20191010083416-a7dc8b61c822
2026-10-03T02:50:35.9384995Z go: downloading github.com/tklauser/go-sysconf v0.3.15
2026-10-03T02:50:35.9385350Z go: downloading github.com/gogo/protobuf v1.3.2
2026-10-03T02:50:35.9385699Z go: downloading github.com/golang/protobuf v1.5.4
2026-10-03T02:50:35.9386058Z go: downloading go.etcd.io/etcd/client/pkg/v3 v3.5.21
2026-10-03T02:50:35.9386428Z go: downloading github.com/kylelemons/godebug v1.1.0
2026-10-03T02:50:35.9386864Z go: downloading github.com/pkg/browser v0.0.0-20240102092130-5ac0b6a4141c
2026-10-03T02:50:35.9387267Z go: downloading github.com/rivo/uniseg v0.4.7
2026-10-03T02:50:35.9387773Z go: downloading google.golang.org/genproto/googleapis/api v0.0.0-20250422160041-2d3770c4ea7f
2026-10-03T02:50:35.9388404Z go: downloading google.golang.org/genproto/googleapis/rpc v0.0.0-20250422160041-2d3770c4ea7f
2026-10-03T02:50:35.9388894Z go: downloading cloud.google.com/go/monitoring v1.24.2
2026-10-03T02:50:37.6093434Z go: downloading github.com/GoogleCloudPlatform/opentelemetry-operations-go/internal/resourcemapping v0.51.0
2026-10-03T02:50:37.6094293Z go: downloading github.com/GoogleCloudPlatform/opentelemetry-operations-go/detectors/gcp v1.27.0
2026-10-03T02:50:37.6094812Z go: downloading github.com/go-logr/logr v1.4.2
2026-10-03T02:50:37.6095190Z go: downloading go.opentelemetry.io/otel/metric v1.35.0
2026-10-03T02:50:37.6095564Z go: downloading cloud.google.com/go/auth v0.16.0
2026-10-03T02:50:37.6095958Z go: downloading cloud.google.com/go/auth/oauth2adapt v0.2.8
2026-10-03T02:50:37.6096526Z go: downloading go.opentelemetry.io/contrib/instrumentation/net/http/otelhttp v0.60.0
2026-10-03T02:50:37.6097023Z go: downloading github.com/go-openapi/jsonpointer v0.21.1
2026-10-03T02:50:37.6097433Z go: downloading github.com/go-openapi/jsonreference v0.21.0
2026-10-03T02:50:37.6097829Z go: downloading github.com/mailru/easyjson v0.9.0
2026-10-03T02:50:37.6098177Z go: downloading github.com/docker/go-units v0.5.0
2026-10-03T02:50:37.6098544Z go: downloading github.com/go-openapi/validate v0.24.0
2026-10-03T02:50:37.6098926Z go: downloading github.com/charmbracelet/bubbles v0.20.0
2026-10-03T02:50:37.6099320Z go: downloading github.com/charmbracelet/bubbletea v1.3.4
2026-10-03T02:50:37.6099720Z go: downloading github.com/charmbracelet/lipgloss v1.0.0
2026-10-03T02:50:37.6100171Z go: downloading github.com/google/shlex v0.0.0-20191202100458-e7afc7fbc510
2026-10-03T02:50:37.6100608Z go: downloading github.com/jedib0t/go-pretty/v6 v6.6.7
2026-10-03T02:50:37.6101132Z go: downloading github.com/mattn/go-ieproxy v0.0.12
2026-10-03T02:50:37.6101487Z go: downloading github.com/minio/colorjson v1.0.8
2026-10-03T02:50:37.6101838Z go: downloading github.com/minio/filepath v1.0.0
2026-10-03T02:50:37.6102181Z go: downloading github.com/muesli/reflow v0.3.0
2026-10-03T02:50:37.6102708Z go: downloading github.com/muesli/termenv v0.16.0
2026-10-03T02:50:37.6103081Z go: downloading github.com/olekukonko/tablewriter v0.0.5
2026-10-03T02:50:37.6103449Z go: downloading github.com/posener/complete v1.2.3
2026-10-03T02:50:37.6103798Z go: downloading github.com/tidwall/gjson v1.18.0
2026-10-03T02:50:37.6104153Z go: downloading github.com/vbauerster/mpb/v8 v8.9.3
2026-10-03T02:50:37.6104486Z go: downloading golang.org/x/text v0.24.0
2026-10-03T02:50:37.6104952Z go: downloading github.com/asaskevich/govalidator v0.0.0-20230301143203-a9d515a09cc2
2026-10-03T02:50:37.6105429Z go: downloading github.com/mitchellh/mapstructure v1.5.0
2026-10-03T02:50:37.6105782Z go: downloading github.com/oklog/ulid v1.3.1
2026-10-03T02:50:37.6106253Z go: downloading go.mongodb.org/mongo-driver v1.17.3
2026-10-03T02:50:37.6106737Z go: downloading github.com/matttproud/golang_protobuf_extensions v1.0.4
2026-10-03T02:50:37.6107259Z go: downloading github.com/Azure/go-ntlmssp v0.0.0-20221128193559-754e69321358
2026-10-03T02:50:37.6107812Z go: downloading github.com/go-asn1-ber/asn1-ber v1.5.8-0.20250403174932-29230038a667
2026-10-03T02:50:37.6108239Z go: downloading go.uber.org/multierr v1.11.0
2026-10-03T02:50:37.6108677Z go: downloading github.com/davecgh/go-spew v1.1.2-0.20180830191138-d8f796af33cc
2026-10-03T02:50:37.6109126Z go: downloading github.com/eapache/go-resiliency v1.7.0
2026-10-03T02:50:37.6109620Z go: downloading github.com/eapache/go-xerial-snappy v0.0.0-20230731223053-c322873962e3
2026-10-03T02:50:37.6110067Z go: downloading github.com/eapache/queue v1.1.0
2026-10-03T02:50:37.6110445Z go: downloading github.com/hashicorp/go-multierror v1.1.1
2026-10-03T02:50:37.6110818Z go: downloading github.com/jcmturner/gofork v1.7.6
2026-10-03T02:50:37.6111287Z go: downloading github.com/jcmturner/gokrb5/v8 v8.4.4
2026-10-03T02:50:37.6111643Z go: downloading github.com/gorilla/websocket v1.5.3
2026-10-03T02:50:37.6111985Z go: downloading filippo.io/edwards25519 v1.1.0
2026-10-03T02:50:37.6112311Z go: downloading github.com/nats-io/nuid v1.0.1
2026-10-03T02:50:37.6112676Z go: downloading github.com/golang/snappy v1.0.0
2026-10-03T02:50:37.6113016Z go: downloading github.com/nats-io/nkeys v0.4.11
2026-10-03T02:50:37.6113355Z go: downloading github.com/xdg/stringprep v1.0.3
2026-10-03T02:50:37.6113703Z go: downloading github.com/minio/csvparser v1.0.0
2026-10-03T02:50:37.6114073Z go: downloading github.com/fraugster/parquet-go v0.12.0
2026-10-03T02:50:37.6114458Z go: downloading github.com/alecthomas/participle v0.7.1
2026-10-03T02:50:37.6114815Z go: downloading github.com/gobwas/httphead v0.1.0
2026-10-03T02:50:37.6115154Z go: downloading github.com/gobwas/pool v0.2.1
2026-10-03T02:50:37.6115503Z go: downloading github.com/lestrrat-go/option v1.0.1
2026-10-03T02:50:37.6115874Z go: downloading github.com/lestrrat-go/httprc v1.0.6
2026-10-03T02:50:37.6116254Z go: downloading github.com/lestrrat-go/blackmagic v1.0.2
2026-10-03T02:50:37.6116623Z go: downloading github.com/lestrrat-go/iter v1.0.2
2026-10-03T02:50:37.6116983Z go: downloading github.com/tklauser/numcpus v0.10.0
2026-10-03T02:50:37.6117336Z go: downloading github.com/coreos/go-semver v0.3.1
2026-10-03T02:50:37.6117693Z go: downloading github.com/golang-jwt/jwt/v5 v5.2.2
2026-10-03T02:50:37.6118258Z go: downloading go.opentelemetry.io/contrib/instrumentation/google.golang.org/grpc/otelgrpc v0.60.0
2026-10-03T02:50:37.6118762Z go: downloading github.com/go-logr/stdr v1.2.2
2026-10-03T02:50:37.6119105Z go: downloading go.opentelemetry.io/auto/sdk v1.1.0
2026-10-03T02:50:37.6119453Z go: downloading github.com/google/s2a-go v0.1.9
2026-10-03T02:50:37.6119897Z go: downloading github.com/googleapis/enterprise-certificate-proxy v0.3.6
2026-10-03T02:50:37.6120398Z go: downloading github.com/envoyproxy/go-control-plane/envoy v1.32.4
2026-10-03T02:50:37.6120820Z go: downloading github.com/felixge/httpsnoop v1.0.4
2026-10-03T02:50:37.6121398Z go: downloading github.com/josharian/intern v1.0.0
2026-10-03T02:50:37.6121767Z go: downloading github.com/charmbracelet/x/ansi v0.8.0
2026-10-03T02:50:37.6122249Z go: downloading github.com/charmbracelet/x/term v0.2.1
2026-10-03T02:50:37.6122689Z go: downloading github.com/muesli/ansi v0.0.0-20230316100256-276c6243b2f6
2026-10-03T02:51:46.2690539Z go: downloading github.com/muesli/cancelreader v0.2.2
2026-10-03T02:51:46.2690830Z go: downloading github.com/juju/ratelimit v1.0.2
2026-10-03T02:51:46.2691223Z go: downloading github.com/aymanbagabas/go-osc52/v2 v2.0.1
2026-10-03T02:51:46.2691475Z go: downloading github.com/lucasb-eyer/go-colorful v1.2.0
2026-10-03T02:51:46.2691697Z go: downloading github.com/tidwall/match v1.1.1
2026-10-03T02:51:46.2691907Z go: downloading github.com/tidwall/pretty v1.2.1
2026-10-03T02:51:46.2692399Z go: downloading github.com/acarl005/stripansi v0.0.0-20180116102854-5a71ef0e047d
2026-10-03T02:51:46.2692669Z go: downloading github.com/VividCortex/ewma v1.2.0
2026-10-03T02:51:46.2692902Z go: downloading github.com/prometheus/prometheus v0.303.0
2026-10-03T02:51:46.2693127Z go: downloading github.com/hashicorp/errwrap v1.1.0
2026-10-03T02:51:46.2693357Z go: downloading github.com/hashicorp/go-uuid v1.0.3
2026-10-03T02:51:46.2693581Z go: downloading github.com/jcmturner/dnsutils/v2 v2.0.0
2026-10-03T02:51:46.2693791Z go: downloading github.com/apache/thrift v0.21.0
2026-10-03T02:51:46.2694005Z go: downloading github.com/lestrrat-go/httpcc v1.0.1
2026-10-03T02:51:46.2694227Z go: downloading github.com/spiffe/go-spiffe/v2 v2.5.0
2026-10-03T02:51:46.2694488Z go: downloading github.com/cncf/xds/go v0.0.0-20250326154945-ae57f3c0d45f
2026-10-03T02:51:46.2694768Z go: downloading github.com/envoyproxy/protoc-gen-validate v1.2.1
2026-10-03T02:51:46.2695006Z go: downloading github.com/jcmturner/rpc/v2 v2.0.3
2026-10-03T02:51:46.2695209Z go: downloading github.com/zeebo/errs v1.4.0
2026-10-03T02:51:46.2695399Z go: downloading cel.dev/expr v0.23.1
2026-10-03T02:51:46.2695599Z go: downloading github.com/jcmturner/aescts/v2 v2.0.0
2026-10-03T02:51:46.2695833Z #0 building with "default" instance using docker driver
2026-10-03T02:51:46.2695966Z 
2026-10-03T02:51:46.2696092Z #1 [internal] load build definition from Dockerfile.fixture
2026-10-03T02:51:46.2696302Z #1 transferring dockerfile: 235B done
2026-10-03T02:51:46.2696452Z #1 DONE 0.0s
2026-10-03T02:51:46.2696514Z 
2026-10-03T02:51:46.2696595Z #2 [internal] load build context
2026-10-03T02:51:46.2696762Z #2 transferring context: 61.49MB 0.1s
2026-10-03T02:51:46.2696940Z #2 transferring context: 151.09MB 0.2s done
2026-10-03T02:51:46.2697085Z #2 DONE 0.2s
2026-10-03T02:51:46.2697148Z 
2026-10-03T02:51:46.2697216Z #3 [1/2] COPY minio /minio
2026-10-03T02:51:46.2697341Z #3 DONE 0.0s
2026-10-03T02:51:46.2697400Z 
2026-10-03T02:51:46.2697477Z #4 [2/2] COPY LICENSE /LICENSE
2026-10-03T02:51:46.2697605Z #4 DONE 4.2s
2026-10-03T02:51:46.2697665Z 
2026-10-03T02:51:46.2697727Z #5 exporting to image
2026-10-03T02:51:46.2697856Z #5 exporting layers
2026-10-03T02:51:46.2697990Z #5 exporting layers 0.6s done
2026-10-03T02:51:46.2698280Z #5 writing image sha256:cb3bcc72733afc7af289081d019d2908143929cf4232df06cca1998ea6c97fc4 done
2026-10-03T02:51:46.2698630Z #5 naming to docker.io/library/airlock-archive-fixture:140abb027e04 done
2026-10-03T02:51:46.2698822Z #5 DONE 0.6s
2026-10-03T02:51:46.2699946Z {"source": "https://github.com/minio/minio.git", "source_commit": "7aac2a2c5b7c882e68c1ce017d8256be2feea27f", "binary_sha256": "e7425aad90f11c859f386485a63a5af888ee645a99fbfcdb64bd960d7d20f7a8", "runtime_image_id": "sha256:cb3bcc72733afc7af289081d019d2908143929cf4232df06cca1998ea6c97fc4", "local_tag": "airlock-archive-fixture:140abb027e04", "scope": "archived upstream source built only for throwaway S3 contract tests, not a production distribution recommendation"}
2026-10-03T02:51:46.2798990Z ##[group]Run python scripts/run_logged.py evidence/archive-integration.log -- python scripts/archive_integration.py --output evidence/archive-integration.json
2026-10-03T02:51:46.2799584Z [36;1mpython scripts/run_logged.py evidence/archive-integration.log -- python scripts/archive_integration.py --output evidence/archive-integration.json[0m
2026-10-03T02:51:46.2852981Z shell: /usr/bin/bash --noprofile --norc -e -o pipefail {0}
2026-10-03T02:51:46.2853166Z env:
2026-10-03T02:51:46.2853280Z   NEXT_TELEMETRY_DISABLED: 1
2026-10-03T02:51:46.2853454Z   pythonLocation: /opt/hostedtoolcache/Python/3.13.15/x64
2026-10-03T02:51:46.2853689Z   PKG_CONFIG_PATH: /opt/hostedtoolcache/Python/3.13.15/x64/lib/pkgconfig
2026-10-03T02:51:46.2853916Z   Python_ROOT_DIR: /opt/hostedtoolcache/Python/3.13.15/x64
2026-10-03T02:51:46.2854124Z   Python2_ROOT_DIR: /opt/hostedtoolcache/Python/3.13.15/x64
2026-10-03T02:51:46.2854333Z   Python3_ROOT_DIR: /opt/hostedtoolcache/Python/3.13.15/x64
2026-10-03T02:51:46.2854563Z   LD_LIBRARY_PATH: /opt/hostedtoolcache/Python/3.13.15/x64/lib
2026-10-03T02:51:46.2854742Z   GOTOOLCHAIN: local
2026-10-03T02:51:46.2854859Z ##[endgroup]
2026-10-03T02:51:47.2750789Z {"mode": "real_docker_s3_object_lock", "image_digests": [], "runtime_image_id": "sha256:cb3bcc72733afc7af289081d019d2908143929cf4232df06cca1998ea6c97fc4", "receipt": {"bucket": "airlock-evidence", "key": "checkpoints/696a8db66e7f4e91a550ddf725321309/000000000001-8e3bd3b01f597009ac78721271af8a93590cf601eca504cccb96078315d0dd0e.json", "version_id": "79a70f89-c1fc-4cc3-b9b6-3cb1c51b2660", "sha256": "8e3bd3b01f597009ac78721271af8a93590cf601eca504cccb96078315d0dd0e", "retain_until": "2026-10-04T02:51:47+00:00", "mode": "COMPLIANCE", "database_instance": "696a8db66e7f4e91a550ddf725321309", "seq": 1}, "checks": ["delete_exact_version", "shorten_compliance", "downgrade_to_governance", "version_pinned_after_new_version", "retrieved_anchor_detects_tail_deletion", "unapproved_target_unchanged"], "actual_denials": {"delete_exact_version": {"http_status": 400, "code": "InvalidRequest", "message": "Object is WORM protected and cannot be overwritten"}, "shorten_compliance": {"http_status": 400, "code": "InvalidRequest", "message": "Object is WORM protected and cannot be overwritten"}, "downgrade_to_governance": {"http_status": 400, "code": "InvalidRequest", "message": "Object is WORM protected and cannot be overwritten"}}, "credential_scope": "new synthetic fixture only; never read default AWS credentials", "retention_scope": "COMPLIANCE API semantics; temporary test container removed, not permanent production archive", "exit_code": 0}
2026-10-03T02:51:47.2869158Z ##[group]Run python scripts/run_logged.py evidence/research-pipeline.log -- python scripts/research_pipeline.py --output evidence/research-pipeline
2026-10-03T02:51:47.2869707Z [36;1mpython scripts/run_logged.py evidence/research-pipeline.log -- python scripts/research_pipeline.py --output evidence/research-pipeline[0m
2026-10-03T02:51:47.2923843Z shell: /usr/bin/bash --noprofile --norc -e -o pipefail {0}
2026-10-03T02:51:47.2924026Z env:
2026-10-03T02:51:47.2924140Z   NEXT_TELEMETRY_DISABLED: 1
2026-10-03T02:51:47.2924317Z   pythonLocation: /opt/hostedtoolcache/Python/3.13.15/x64
2026-10-03T02:51:47.2924549Z   PKG_CONFIG_PATH: /opt/hostedtoolcache/Python/3.13.15/x64/lib/pkgconfig
2026-10-03T02:51:47.2924778Z   Python_ROOT_DIR: /opt/hostedtoolcache/Python/3.13.15/x64
2026-10-03T02:51:47.2925003Z   Python2_ROOT_DIR: /opt/hostedtoolcache/Python/3.13.15/x64
2026-10-03T02:51:47.2925214Z   Python3_ROOT_DIR: /opt/hostedtoolcache/Python/3.13.15/x64
2026-10-03T02:51:47.2925442Z   LD_LIBRARY_PATH: /opt/hostedtoolcache/Python/3.13.15/x64/lib
2026-10-03T02:51:47.2925621Z   GOTOOLCHAIN: local
2026-10-03T02:51:47.2925737Z ##[endgroup]
2026-10-03T02:51:47.6558523Z {"status": "PASS", "meaning": "Pipeline contract passed; research acceptance remains blocked", "source_families": 3, "source_types": ["synthetic", "public_incident"], "public_incident_families": 1, "human_participants": 0, "paired_human_labels": 0, "authorized_log_records": 0, "checks": ["blank_annotation_templates_only", "exact_prediction_coverage", "authority_and_semantic_metrics_separate", "missing_humans_do_not_pass", "no_target_write", "empty_governance_denominators_remain_unknown"]}
2026-10-03T02:51:47.6668417Z ##[group]Run python scripts/run_logged.py evidence/container-integrations.log -- python scripts/container_integrations.py
2026-10-03T02:51:47.6669023Z [36;1mpython scripts/run_logged.py evidence/container-integrations.log -- python scripts/container_integrations.py[0m
2026-10-03T02:51:47.6722888Z shell: /usr/bin/bash --noprofile --norc -e -o pipefail {0}
2026-10-03T02:51:47.6723071Z env:
2026-10-03T02:51:47.6723184Z   NEXT_TELEMETRY_DISABLED: 1
2026-10-03T02:51:47.6723353Z   pythonLocation: /opt/hostedtoolcache/Python/3.13.15/x64
2026-10-03T02:51:47.6723585Z   PKG_CONFIG_PATH: /opt/hostedtoolcache/Python/3.13.15/x64/lib/pkgconfig
2026-10-03T02:51:47.6723814Z   Python_ROOT_DIR: /opt/hostedtoolcache/Python/3.13.15/x64
2026-10-03T02:51:47.6724020Z   Python2_ROOT_DIR: /opt/hostedtoolcache/Python/3.13.15/x64
2026-10-03T02:51:47.6724227Z   Python3_ROOT_DIR: /opt/hostedtoolcache/Python/3.13.15/x64
2026-10-03T02:51:47.6724454Z   LD_LIBRARY_PATH: /opt/hostedtoolcache/Python/3.13.15/x64/lib
2026-10-03T02:51:47.6724627Z   GOTOOLCHAIN: local
2026-10-03T02:51:47.6724741Z ##[endgroup]
2026-10-03T02:51:54.1414819Z {
2026-10-03T02:51:54.1415100Z   "envoy": {
2026-10-03T02:51:54.1415319Z     "image": "envoyproxy/envoy:v1.39.1",
2026-10-03T02:51:54.1415748Z     "repo_digests": "[\"envoyproxy/envoy@sha256:57e14a549d7bd43c8d3f6d03e8cfa653e037d4b38e133acd9b54f38c524401b4\"]",
2026-10-03T02:51:54.1416047Z     "rows": [
2026-10-03T02:51:54.1416169Z       {
2026-10-03T02:51:54.1416302Z         "case": "zero",
2026-10-03T02:51:54.1416460Z         "rule": "threshold",
2026-10-03T02:51:54.1416686Z         "airlock_expression": "changed_rows >= 100",
2026-10-03T02:51:54.1416985Z         "envoy_expression": "int(request.headers['x-rows']) >= 100",
2026-10-03T02:51:54.1417208Z         "airlock_hit": false,
2026-10-03T02:51:54.1417374Z         "expected": false,
2026-10-03T02:51:54.1417530Z         "envoy_hit": false
2026-10-03T02:51:54.1417660Z       },
2026-10-03T02:51:54.1417766Z       {
2026-10-03T02:51:54.1417930Z         "case": "zero",
2026-10-03T02:51:54.1418083Z         "rule": "write_only",
2026-10-03T02:51:54.1418383Z         "airlock_expression": "operation == \"delete\" && matched_rows != 0",
2026-10-03T02:51:54.1418841Z         "envoy_expression": "request.headers['x-operation'] == 'delete' && int(request.headers['x-rows']) != 0",
2026-10-03T02:51:54.1419134Z         "airlock_hit": false,
2026-10-03T02:51:54.1419293Z         "expected": false,
2026-10-03T02:51:54.1419446Z         "envoy_hit": false
2026-10-03T02:51:54.1419573Z       },
2026-10-03T02:51:54.1419676Z       {
2026-10-03T02:51:54.1419803Z         "case": "zero",
2026-10-03T02:51:54.1419949Z         "rule": "bounded",
2026-10-03T02:51:54.1420229Z         "airlock_expression": "!(changed_rows > 5) || operation == \"read\"",
2026-10-03T02:51:54.1420673Z         "envoy_expression": "!(int(request.headers['x-rows']) > 5) || request.headers['x-operation'] == 'read'",
2026-10-03T02:51:54.1420957Z         "airlock_hit": true,
2026-10-03T02:51:54.1421343Z         "expected": true,
2026-10-03T02:51:54.1421585Z         "envoy_hit": true
2026-10-03T02:51:54.1421780Z       },
2026-10-03T02:51:54.1421931Z       {
2026-10-03T02:51:54.1422061Z         "case": "small",
2026-10-03T02:51:54.1422213Z         "rule": "threshold",
2026-10-03T02:51:54.1422430Z         "airlock_expression": "changed_rows >= 100",
2026-10-03T02:51:54.1422720Z         "envoy_expression": "int(request.headers['x-rows']) >= 100",
2026-10-03T02:51:54.1422935Z         "airlock_hit": false,
2026-10-03T02:51:54.1423092Z         "expected": false,
2026-10-03T02:51:54.1423245Z         "envoy_hit": false
2026-10-03T02:51:54.1423369Z       },
2026-10-03T02:51:54.1423472Z       {
2026-10-03T02:51:54.1423603Z         "case": "small",
2026-10-03T02:51:54.1423758Z         "rule": "write_only",
2026-10-03T02:51:54.1424044Z         "airlock_expression": "operation == \"delete\" && matched_rows != 0",
2026-10-03T02:51:54.1424658Z         "envoy_expression": "request.headers['x-operation'] == 'delete' && int(request.headers['x-rows']) != 0",
2026-10-03T02:51:54.1425039Z         "airlock_hit": true,
2026-10-03T02:51:54.1425542Z         "expected": true,
2026-10-03T02:51:54.1425779Z         "envoy_hit": true
2026-10-03T02:51:54.1426012Z       },
2026-10-03T02:51:54.1426227Z       {
2026-10-03T02:51:54.1426454Z         "case": "small",
2026-10-03T02:51:54.1426703Z         "rule": "bounded",
2026-10-03T02:51:54.1427063Z         "airlock_expression": "!(changed_rows > 5) || operation == \"read\"",
2026-10-03T02:51:54.1427606Z         "envoy_expression": "!(int(request.headers['x-rows']) > 5) || request.headers['x-operation'] == 'read'",
2026-10-03T02:51:54.1427993Z         "airlock_hit": true,
2026-10-03T02:51:54.1428248Z         "expected": true,
2026-10-03T02:51:54.1428494Z         "envoy_hit": true
2026-10-03T02:51:54.1428702Z       },
2026-10-03T02:51:54.1428912Z       {
2026-10-03T02:51:54.1429144Z         "case": "high",
2026-10-03T02:51:54.1429370Z         "rule": "threshold",
2026-10-03T02:51:54.1429712Z         "airlock_expression": "changed_rows >= 100",
2026-10-03T02:51:54.1430083Z         "envoy_expression": "int(request.headers['x-rows']) >= 100",
2026-10-03T02:51:54.1430405Z         "airlock_hit": true,
2026-10-03T02:51:54.1430665Z         "expected": true,
2026-10-03T02:51:54.1430888Z         "envoy_hit": true
2026-10-03T02:51:54.1431297Z       },
2026-10-03T02:51:54.1431487Z       {
2026-10-03T02:51:54.1431717Z         "case": "high",
2026-10-03T02:51:54.1431978Z         "rule": "write_only",
2026-10-03T02:51:54.1432334Z         "airlock_expression": "operation == \"delete\" && matched_rows != 0",
2026-10-03T02:51:54.1432903Z         "envoy_expression": "request.headers['x-operation'] == 'delete' && int(request.headers['x-rows']) != 0",
2026-10-03T02:51:54.1433273Z         "airlock_hit": true,
2026-10-03T02:51:54.1433533Z         "expected": true,
2026-10-03T02:51:54.1433793Z         "envoy_hit": true
2026-10-03T02:51:54.1433990Z       },
2026-10-03T02:51:54.1434215Z       {
2026-10-03T02:51:54.1434456Z         "case": "high",
2026-10-03T02:51:54.1434677Z         "rule": "bounded",
2026-10-03T02:51:54.1435063Z         "airlock_expression": "!(changed_rows > 5) || operation == \"read\"",
2026-10-03T02:51:54.1435574Z         "envoy_expression": "!(int(request.headers['x-rows']) > 5) || request.headers['x-operation'] == 'read'",
2026-10-03T02:51:54.1435976Z         "airlock_hit": false,
2026-10-03T02:51:54.1436248Z         "expected": false,
2026-10-03T02:51:54.1436475Z         "envoy_hit": false
2026-10-03T02:51:54.1436732Z       },
2026-10-03T02:51:54.1436910Z       {
2026-10-03T02:51:54.1437097Z         "case": "read",
2026-10-03T02:51:54.1437419Z         "rule": "threshold",
2026-10-03T02:51:54.1437707Z         "airlock_expression": "changed_rows >= 100",
2026-10-03T02:51:54.1438102Z         "envoy_expression": "int(request.headers['x-rows']) >= 100",
2026-10-03T02:51:54.1438388Z         "airlock_hit": true,
2026-10-03T02:51:54.1438603Z         "expected": true,
2026-10-03T02:51:54.1438928Z         "envoy_hit": true
2026-10-03T02:51:54.1439126Z       },
2026-10-03T02:51:54.1439365Z       {
2026-10-03T02:51:54.1439568Z         "case": "read",
2026-10-03T02:51:54.1439781Z         "rule": "write_only",
2026-10-03T02:51:54.1440210Z         "airlock_expression": "operation == \"delete\" && matched_rows != 0",
2026-10-03T02:51:54.1440755Z         "envoy_expression": "request.headers['x-operation'] == 'delete' && int(request.headers['x-rows']) != 0",
2026-10-03T02:51:54.1441280Z         "airlock_hit": false,
2026-10-03T02:51:54.1441513Z         "expected": false,
2026-10-03T02:51:54.1441728Z         "envoy_hit": false
2026-10-03T02:51:54.1442027Z       },
2026-10-03T02:51:54.1442205Z       {
2026-10-03T02:51:54.1442439Z         "case": "read",
2026-10-03T02:51:54.1442660Z         "rule": "bounded",
2026-10-03T02:51:54.1442995Z         "airlock_expression": "!(changed_rows > 5) || operation == \"read\"",
2026-10-03T02:51:54.1443695Z         "envoy_expression": "!(int(request.headers['x-rows']) > 5) || request.headers['x-operation'] == 'read'",
2026-10-03T02:51:54.1444074Z         "airlock_hit": true,
2026-10-03T02:51:54.1444436Z         "expected": true,
2026-10-03T02:51:54.1444663Z         "envoy_hit": true
2026-10-03T02:51:54.1444879Z       }
2026-10-03T02:51:54.1445101Z     ],
2026-10-03T02:51:54.1445383Z     "status": "PASS",
2026-10-03T02:51:54.1793557Z     "scope": "Boolean/equality/ordering subset with explicit header-to-variable mapping; access-log filter, not Envoy authorization deployment.",
2026-10-03T02:51:54.1794731Z     "error_difference": "Missing/invalid Envoy attributes suppress its log. AIRLOCK rejects invalid typed activation and blocks authorization."
2026-10-03T02:51:54.1795202Z   },
2026-10-03T02:51:54.1795479Z   "otel": {
2026-10-03T02:51:54.1795685Z     "status": "PASS",
2026-10-03T02:51:54.1796003Z     "image": "otel/opentelemetry-collector:0.162.0",
2026-10-03T02:51:54.1796552Z     "repo_digests": "[\"otel/opentelemetry-collector@sha256:310a800ad69ee430e7c541796852a242c9c7db97aaad4daa5ccf843c525fbdb2\"]",
2026-10-03T02:51:54.1797107Z     "trace_id": "5730c27ec1534bd6b8c44ecff48374a5",
2026-10-03T02:51:54.1797492Z     "result": {
2026-10-03T02:51:54.1797787Z       "status": "ok",
2026-10-03T02:51:54.1798124Z       "exported": 1
2026-10-03T02:51:54.1798347Z     },
2026-10-03T02:51:54.1798769Z     "scope": "Official Collector accepts OTLP JSON and debug exporter records the actual trace; no production backend claim."
2026-10-03T02:51:54.1799201Z   }
2026-10-03T02:51:54.1799417Z }
2026-10-03T02:51:54.1909397Z ##[group]Run python scripts/run_logged.py evidence/dependency-audit.log -- python -m pip_audit -r requirements-archive.txt --format json --output evidence/dependency-audit.json
2026-10-03T02:51:54.1910137Z [36;1mpython scripts/run_logged.py evidence/dependency-audit.log -- python -m pip_audit -r requirements-archive.txt --format json --output evidence/dependency-audit.json[0m
2026-10-03T02:51:54.1964550Z shell: /usr/bin/bash --noprofile --norc -e -o pipefail {0}
2026-10-03T02:51:54.1964873Z env:
2026-10-03T02:51:54.1965064Z   NEXT_TELEMETRY_DISABLED: 1
2026-10-03T02:51:54.1965351Z   pythonLocation: /opt/hostedtoolcache/Python/3.13.15/x64
2026-10-03T02:51:54.1965708Z   PKG_CONFIG_PATH: /opt/hostedtoolcache/Python/3.13.15/x64/lib/pkgconfig
2026-10-03T02:51:54.1966034Z   Python_ROOT_DIR: /opt/hostedtoolcache/Python/3.13.15/x64
2026-10-03T02:51:54.1966363Z   Python2_ROOT_DIR: /opt/hostedtoolcache/Python/3.13.15/x64
2026-10-03T02:51:54.1966702Z   Python3_ROOT_DIR: /opt/hostedtoolcache/Python/3.13.15/x64
2026-10-03T02:51:54.1967064Z   LD_LIBRARY_PATH: /opt/hostedtoolcache/Python/3.13.15/x64/lib
2026-10-03T02:51:54.1967318Z   GOTOOLCHAIN: local
2026-10-03T02:51:54.1967483Z ##[endgroup]
2026-10-03T02:51:59.5392479Z No known vulnerabilities found
2026-10-03T02:51:59.5504295Z ##[group]Run python scripts/run_logged.py evidence/latency.log -- python scripts/measure_latency.py --samples 60 --output evidence/latency.json
2026-10-03T02:51:59.5504820Z [36;1mpython scripts/run_logged.py evidence/latency.log -- python scripts/measure_latency.py --samples 60 --output evidence/latency.json[0m
2026-10-03T02:51:59.5557804Z shell: /usr/bin/bash --noprofile --norc -e -o pipefail {0}
2026-10-03T02:51:59.5557985Z env:
2026-10-03T02:51:59.5558097Z   NEXT_TELEMETRY_DISABLED: 1
2026-10-03T02:51:59.5558272Z   pythonLocation: /opt/hostedtoolcache/Python/3.13.15/x64
2026-10-03T02:51:59.5558506Z   PKG_CONFIG_PATH: /opt/hostedtoolcache/Python/3.13.15/x64/lib/pkgconfig
2026-10-03T02:51:59.5558732Z   Python_ROOT_DIR: /opt/hostedtoolcache/Python/3.13.15/x64
2026-10-03T02:51:59.5558940Z   Python2_ROOT_DIR: /opt/hostedtoolcache/Python/3.13.15/x64
2026-10-03T02:51:59.5559148Z   Python3_ROOT_DIR: /opt/hostedtoolcache/Python/3.13.15/x64
2026-10-03T02:51:59.5559376Z   LD_LIBRARY_PATH: /opt/hostedtoolcache/Python/3.13.15/x64/lib
2026-10-03T02:51:59.5559552Z   GOTOOLCHAIN: local
2026-10-03T02:51:59.5559672Z ##[endgroup]
2026-10-03T02:52:01.6455710Z {
2026-10-03T02:52:01.6456316Z   "scope": "1206-row synthetic SQLite; concurrency 1; warm HTTP client; same host and target",
2026-10-03T02:52:01.6456716Z   "python": "3.13.15",
2026-10-03T02:52:01.6457345Z   "sqlite": "3.53.1",
2026-10-03T02:52:01.6457661Z   "platform": "Linux-6.17.0-1022-azure-x86_64-with-glibc2.39",
2026-10-03T02:52:01.6457958Z   "processor": "x86_64",
2026-10-03T02:52:01.6458164Z   "logical_cpus": 4,
2026-10-03T02:52:01.6458352Z   "samples": 60,
2026-10-03T02:52:01.6458528Z   "seed": 2073,
2026-10-03T02:52:01.6458713Z   "warmup_calls": 10,
2026-10-03T02:52:01.6458943Z   "first_native_call_ms": 24.83260799999698,
2026-10-03T02:52:01.6459165Z   "read": {
2026-10-03T02:52:01.6459335Z     "direct_ms": {
2026-10-03T02:52:01.6459509Z       "n": 60,
2026-10-03T02:52:01.6459727Z       "mean": 0.30793181666126657,
2026-10-03T02:52:01.6459996Z       "p50": 0.3118709999512248,
2026-10-03T02:52:01.6460255Z       "p95": 0.34606299999495604,
2026-10-03T02:52:01.6460513Z       "p99": 0.4347970000253554
2026-10-03T02:52:01.6460713Z     },
2026-10-03T02:52:01.6460893Z     "proxy_ms": {
2026-10-03T02:52:01.6461229Z       "n": 60,
2026-10-03T02:52:01.6461493Z       "mean": 3.2712598666686667,
2026-10-03T02:52:01.6461763Z       "p50": 3.2011710000006133,
2026-10-03T02:52:01.6462067Z       "p95": 3.321041999981844,
2026-10-03T02:52:01.6462425Z       "p99": 7.458767999992233
2026-10-03T02:52:01.6462620Z     },
2026-10-03T02:52:01.6462789Z     "added_ms": {
2026-10-03T02:52:01.6462969Z       "n": 60,
2026-10-03T02:52:01.6463189Z       "mean": 2.9633280500074,
2026-10-03T02:52:01.6463440Z       "p50": 2.8775100000189013,
2026-10-03T02:52:01.6463690Z       "p95": 3.066337000063868,
2026-10-03T02:52:01.6463939Z       "p99": 7.126765999998952
2026-10-03T02:52:01.6464126Z     }
2026-10-03T02:52:01.6464274Z   },
2026-10-03T02:52:01.6464434Z   "write": {
2026-10-03T02:52:01.6464637Z     "submit_receipt_ms": {
2026-10-03T02:52:01.6464845Z       "n": 30,
2026-10-03T02:52:01.6465084Z       "p50": 9.672165000040422,
2026-10-03T02:52:01.6465333Z       "p95": 10.404862999962461,
2026-10-03T02:52:01.6465596Z       "p99": 11.933613999985937
2026-10-03T02:52:01.6465790Z     },
2026-10-03T02:52:01.6466021Z     "approval_request_to_effect_ms": {
2026-10-03T02:52:01.6466254Z       "n": 30,
2026-10-03T02:52:01.6466478Z       "p50": 14.676962000010008,
2026-10-03T02:52:01.6466729Z       "p95": 19.1190590000474,
2026-10-03T02:52:01.6466959Z       "p99": 43.011024000009
2026-10-03T02:52:01.6467148Z     },
2026-10-03T02:52:01.6467316Z     "static_ms": {
2026-10-03T02:52:01.6467497Z       "n": 30,
2026-10-03T02:52:01.6467679Z       "p50": 0.053,
2026-10-03T02:52:01.6467872Z       "p95": 0.063,
2026-10-03T02:52:01.6468057Z       "p99": 0.091
2026-10-03T02:52:01.6468225Z     },
2026-10-03T02:52:01.6468396Z     "preview_ms": {
2026-10-03T02:52:01.6468578Z       "n": 30,
2026-10-03T02:52:01.6468962Z       "p50": 5.837,
2026-10-03T02:52:01.6469153Z       "p95": 6.378,
2026-10-03T02:52:01.6469339Z       "p99": 8.188
2026-10-03T02:52:01.6469503Z     },
2026-10-03T02:52:01.6469683Z     "evaluation_ms": {
2026-10-03T02:52:01.6469873Z       "n": 30,
2026-10-03T02:52:01.6470058Z       "p50": 7.081,
2026-10-03T02:52:01.6470246Z       "p95": 7.521,
2026-10-03T02:52:01.6470436Z       "p99": 9.328
2026-10-03T02:52:01.6470597Z     }
2026-10-03T02:52:01.6470744Z   },
2026-10-03T02:52:01.6470910Z   "not_measured": [
2026-10-03T02:52:01.6471245Z     "live LLM latency",
2026-10-03T02:52:01.6471472Z     "human review latency",
2026-10-03T02:52:01.6471731Z     "distributed upstream overhead",
2026-10-03T02:52:01.6472002Z     "cold OS filesystem cache",
2026-10-03T02:52:01.6472248Z     "production concurrency"
2026-10-03T02:52:01.6472443Z   ],
2026-10-03T02:52:01.6473116Z   "measurement_note": "direct includes SQLite connect/query; proxy includes HTTP, server admission, persistence and audit; negative deltas retained in raw rows",
2026-10-03T02:52:01.6474365Z   "phase_note": "server evaluation ends before final audit/commit/close; HTTP minus evaluation also includes transport, scheduling and serialization, not a pure fsync measurement. Phase data read after all timed requests."
2026-10-03T02:52:01.6474800Z }
2026-10-03T02:52:01.6581736Z ##[group]Run python scripts/run_logged.py evidence/ablation.log -- python -m benchmark.ablation --split test --output evidence/ablation.json
2026-10-03T02:52:01.6582382Z [36;1mpython scripts/run_logged.py evidence/ablation.log -- python -m benchmark.ablation --split test --output evidence/ablation.json[0m
2026-10-03T02:52:01.6635952Z shell: /usr/bin/bash --noprofile --norc -e -o pipefail {0}
2026-10-03T02:52:01.6636138Z env:
2026-10-03T02:52:01.6636251Z   NEXT_TELEMETRY_DISABLED: 1
2026-10-03T02:52:01.6636424Z   pythonLocation: /opt/hostedtoolcache/Python/3.13.15/x64
2026-10-03T02:52:01.6636655Z   PKG_CONFIG_PATH: /opt/hostedtoolcache/Python/3.13.15/x64/lib/pkgconfig
2026-10-03T02:52:01.6636881Z   Python_ROOT_DIR: /opt/hostedtoolcache/Python/3.13.15/x64
2026-10-03T02:52:01.6637092Z   Python2_ROOT_DIR: /opt/hostedtoolcache/Python/3.13.15/x64
2026-10-03T02:52:01.6637299Z   Python3_ROOT_DIR: /opt/hostedtoolcache/Python/3.13.15/x64
2026-10-03T02:52:01.6637535Z   LD_LIBRARY_PATH: /opt/hostedtoolcache/Python/3.13.15/x64/lib
2026-10-03T02:52:01.6637717Z   GOTOOLCHAIN: local
2026-10-03T02:52:01.6637833Z ##[endgroup]
2026-10-03T02:52:01.8997453Z {
2026-10-03T02:52:01.8997738Z   "split": "test",
2026-10-03T02:52:01.8998148Z   "corpus_sha256": "243854b51e7039324de4c31fa7a67af1a98ddc48b9c9edfbbac581a2c2f73af7",
2026-10-03T02:52:01.8998429Z   "live_model_requested": false,
2026-10-03T02:52:01.8998582Z   "limitations": [
2026-10-03T02:52:01.8998857Z     "Original synthetic corpus is unchanged and has no independent human danger gold.",
2026-10-03T02:52:01.8999261Z     "The pure model arm measures advice only; it cannot execute or bypass the production gate.",
2026-10-03T02:52:01.8999674Z     "Live model arms require AIRLOCK-only configuration, key and explicit budget authorization."
2026-10-03T02:52:01.8999906Z   ],
2026-10-03T02:52:01.9000017Z   "arms": {
2026-10-03T02:52:01.9000135Z     "keyword": {
2026-10-03T02:52:01.9000279Z       "status": "MEASURED",
2026-10-03T02:52:01.9000455Z       "n": 80
2026-10-03T02:52:01.9000569Z     },
2026-10-03T02:52:01.9000695Z     "pure_llm": {
2026-10-03T02:52:01.9000856Z       "status": "BLOCKED_EXTERNAL",
2026-10-03T02:52:01.9001208Z       "n": 0
2026-10-03T02:52:01.9001319Z     },
2026-10-03T02:52:01.9001471Z     "hybrid_no_preview": {
2026-10-03T02:52:01.9001642Z       "status": "BLOCKED_EXTERNAL",
2026-10-03T02:52:01.9001785Z       "n": 0
2026-10-03T02:52:01.9001889Z     },
2026-10-03T02:52:01.9002012Z     "hybrid_with_preview": {
2026-10-03T02:52:01.9002187Z       "status": "BLOCKED_EXTERNAL",
2026-10-03T02:52:01.9002327Z       "n": 0
2026-10-03T02:52:01.9002427Z     }
2026-10-03T02:52:01.9002524Z   }
2026-10-03T02:52:01.9002617Z }
2026-10-03T02:52:01.9125154Z ##[group]Run python scripts/run_logged.py evidence/study-analysis.log -- python -m benchmark.research --output evidence/study-analysis.json study evidence/study-automation.json
2026-10-03T02:52:01.9125819Z [36;1mpython scripts/run_logged.py evidence/study-analysis.log -- python -m benchmark.research --output evidence/study-analysis.json study evidence/study-automation.json[0m
2026-10-03T02:52:01.9179880Z shell: /usr/bin/bash --noprofile --norc -e -o pipefail {0}
2026-10-03T02:52:01.9180066Z env:
2026-10-03T02:52:01.9180175Z   NEXT_TELEMETRY_DISABLED: 1
2026-10-03T02:52:01.9180344Z   pythonLocation: /opt/hostedtoolcache/Python/3.13.15/x64
2026-10-03T02:52:01.9180576Z   PKG_CONFIG_PATH: /opt/hostedtoolcache/Python/3.13.15/x64/lib/pkgconfig
2026-10-03T02:52:01.9180802Z   Python_ROOT_DIR: /opt/hostedtoolcache/Python/3.13.15/x64
2026-10-03T02:52:01.9181162Z   Python2_ROOT_DIR: /opt/hostedtoolcache/Python/3.13.15/x64
2026-10-03T02:52:01.9181391Z   Python3_ROOT_DIR: /opt/hostedtoolcache/Python/3.13.15/x64
2026-10-03T02:52:01.9181598Z   LD_LIBRARY_PATH: /opt/hostedtoolcache/Python/3.13.15/x64/lib
2026-10-03T02:52:01.9181776Z   GOTOOLCHAIN: local
2026-10-03T02:52:01.9181892Z ##[endgroup]
2026-10-03T02:52:02.0486744Z {
2026-10-03T02:52:02.0487202Z   "status": "BLOCKED_EXTERNAL",
2026-10-03T02:52:02.0487567Z   "human_participants": 0,
2026-10-03T02:52:02.0488143Z   "excluded": [
2026-10-03T02:52:02.0488345Z     {
2026-10-03T02:52:02.0488698Z       "participant_id": "automation-browser",
2026-10-03T02:52:02.0489216Z       "reason": "nonhuman, no consent, duplicate or invalid metadata"
2026-10-03T02:52:02.0489574Z     }
2026-10-03T02:52:02.0489742Z   ],
2026-10-03T02:52:02.0503031Z   "participants": [],
2026-10-03T02:52:02.0503315Z   "paired_time_delta": {
2026-10-03T02:52:02.0503544Z     "n": 0,
2026-10-03T02:52:02.0503739Z     "mean": null,
2026-10-03T02:52:02.0503940Z     "ci95": null
2026-10-03T02:52:02.0504115Z   },
2026-10-03T02:52:02.0504310Z   "paired_accuracy_delta": {
2026-10-03T02:52:02.0504575Z     "n": 0,
2026-10-03T02:52:02.0504763Z     "mean": null,
2026-10-03T02:52:02.0504970Z     "ci95": null
2026-10-03T02:52:02.0505138Z   },
2026-10-03T02:52:02.0505360Z   "all_decisions_visible_ms": {
2026-10-03T02:52:02.0505590Z     "n": 0,
2026-10-03T02:52:02.0505780Z     "mean": null,
2026-10-03T02:52:02.0505989Z     "median": null,
2026-10-03T02:52:02.0506193Z     "p95": null
2026-10-03T02:52:02.0506366Z   },
2026-10-03T02:52:02.0506553Z   "correct_decisions": {
2026-10-03T02:52:02.0506796Z     "numerator": 0,
2026-10-03T02:52:02.0507009Z     "denominator": 0,
2026-10-03T02:52:02.0507222Z     "value": null
2026-10-03T02:52:02.0507398Z   },
2026-10-03T02:52:02.0507725Z   "gold_verification": "unverified_browser_supplied_correctness",
2026-10-03T02:52:02.0508089Z   "comprehension_correct": {
2026-10-03T02:52:02.0508326Z     "numerator": 0,
2026-10-03T02:52:02.0508535Z     "denominator": 0,
2026-10-03T02:52:02.0508740Z     "value": null
2026-10-03T02:52:02.0508911Z   },
2026-10-03T02:52:02.0509096Z   "limitations": [
2026-10-03T02:52:02.0509693Z     "No causal efficiency claim without recruitment, business gold, counterbalancing and adequate sample size.",
2026-10-03T02:52:02.0510447Z     "Exported browser timing and human identity are untrusted telemetry, never authorization.",
2026-10-03T02:52:02.0511361Z     "Visibility duration excludes hidden tabs; correctness is supplied task gold, not a policy guess."
2026-10-03T02:52:02.0511781Z   ]
2026-10-03T02:52:02.0511939Z }
2026-10-03T02:52:02.0604540Z ##[group]Run python scripts/run_logged.py evidence/comparison.log -- python scripts/demo_comparison.py --output evidence/comparison.json
2026-10-03T02:52:02.0605042Z [36;1mpython scripts/run_logged.py evidence/comparison.log -- python scripts/demo_comparison.py --output evidence/comparison.json[0m
2026-10-03T02:52:02.0658898Z shell: /usr/bin/bash --noprofile --norc -e -o pipefail {0}
2026-10-03T02:52:02.0659077Z env:
2026-10-03T02:52:02.0659192Z   NEXT_TELEMETRY_DISABLED: 1
2026-10-03T02:52:02.0659365Z   pythonLocation: /opt/hostedtoolcache/Python/3.13.15/x64
2026-10-03T02:52:02.0659595Z   PKG_CONFIG_PATH: /opt/hostedtoolcache/Python/3.13.15/x64/lib/pkgconfig
2026-10-03T02:52:02.0659822Z   Python_ROOT_DIR: /opt/hostedtoolcache/Python/3.13.15/x64
2026-10-03T02:52:02.0660027Z   Python2_ROOT_DIR: /opt/hostedtoolcache/Python/3.13.15/x64
2026-10-03T02:52:02.0660230Z   Python3_ROOT_DIR: /opt/hostedtoolcache/Python/3.13.15/x64
2026-10-03T02:52:02.0660466Z   LD_LIBRARY_PATH: /opt/hostedtoolcache/Python/3.13.15/x64/lib
2026-10-03T02:52:02.0660641Z   GOTOOLCHAIN: local
2026-10-03T02:52:02.0660757Z ##[endgroup]
2026-10-03T02:52:02.4295283Z {
2026-10-03T02:52:02.4295717Z   "scope": "disposable synthetic data; automated independent reviewer fixture; no live model/human",
2026-10-03T02:52:02.4295997Z   "without_gate": {
2026-10-03T02:52:02.4296137Z     "before": 1206,
2026-10-03T02:52:02.4296264Z     "after": 0
2026-10-03T02:52:02.4296371Z   },
2026-10-03T02:52:02.4296482Z   "with_gate": {
2026-10-03T02:52:02.4296623Z     "pending_rows": 1206,
2026-10-03T02:52:02.4296776Z     "rejected_rows": 1206,
2026-10-03T02:52:02.4296910Z     "denial": {
2026-10-03T02:52:02.4297091Z       "id": "86ed347d654444588407661e30fee4dc",
2026-10-03T02:52:02.4297275Z       "state": "rejected",
2026-10-03T02:52:02.4297448Z       "decision": "need_approval",
2026-10-03T02:52:02.4297638Z       "reason_code": "human_rejected",
2026-10-03T02:52:02.4298065Z       "result": null,
2026-10-03T02:52:02.4298238Z       "expires_at": 1790996222.365139,
2026-10-03T02:52:02.4298450Z       "action_id": "86ed347d654444588407661e30fee4dc",
2026-10-03T02:52:02.4298679Z       "trace_id": "27b08833f10844aaa5f223f4f438072a",
2026-10-03T02:52:02.4298857Z       "retryable": false,
2026-10-03T02:52:02.4299024Z       "allowed_alternatives": [
2026-10-03T02:52:02.4299206Z         "query_original_action",
2026-10-03T02:52:02.4299365Z         "bounded_read"
2026-10-03T02:52:02.4299489Z       ],
2026-10-03T02:52:02.4299637Z       "execution_occurred": false,
2026-10-03T02:52:02.4300007Z       "next_step": "Use a bounded SELECT or submit a narrower NEW action; do not retry rejected writes blindly."
2026-10-03T02:52:02.4300266Z     },
2026-10-03T02:52:02.4300387Z     "safe_alternative": {
2026-10-03T02:52:02.4300579Z       "id": "d267075254e84b7eb3fa358a8b01f8b0",
2026-10-03T02:52:02.4300752Z       "state": "executed",
2026-10-03T02:52:02.4300902Z       "decision": "pass",
2026-10-03T02:52:02.4301211Z       "reason_code": "bounded_read",
2026-10-03T02:52:02.4301366Z       "result": {
2026-10-03T02:52:02.4301508Z         "matched_rows": 0,
2026-10-03T02:52:02.4301647Z         "rows": [
2026-10-03T02:52:02.4301767Z           {
2026-10-03T02:52:02.4301916Z             "remaining": 1206
2026-10-03T02:52:02.4302054Z           }
2026-10-03T02:52:02.4302163Z         ],
2026-10-03T02:52:02.4302294Z         "truncated": false
2026-10-03T02:52:02.4302418Z       },
2026-10-03T02:52:02.4302567Z       "expires_at": 1790996222.3757558,
2026-10-03T02:52:02.4302783Z       "action_id": "d267075254e84b7eb3fa358a8b01f8b0",
2026-10-03T02:52:02.4303018Z       "trace_id": "4b99ed7c26754b0dad4e171124e07dd4",
2026-10-03T02:52:02.4303195Z       "retryable": false,
2026-10-03T02:52:02.4303356Z       "allowed_alternatives": [
2026-10-03T02:52:02.4303534Z         "query_original_action"
2026-10-03T02:52:02.4303665Z       ],
2026-10-03T02:52:02.4303809Z       "execution_occurred": true,
2026-10-03T02:52:02.4304000Z       "next_step": "Read the result."
2026-10-03T02:52:02.4304306Z     },
2026-10-03T02:52:02.4304428Z     "approved_rows": 0,
2026-10-03T02:52:02.4304572Z     "approved_receipt": {
2026-10-03T02:52:02.4304761Z       "id": "3676ba265ff74ba895811fa5c3aaa494",
2026-10-03T02:52:02.4304935Z       "state": "executed",
2026-10-03T02:52:02.4305105Z       "decision": "need_approval",
2026-10-03T02:52:02.4305292Z       "reason_code": "human_approved",
2026-10-03T02:52:02.4305445Z       "result": {
2026-10-03T02:52:02.4305589Z         "matched_rows": 1206,
2026-10-03T02:52:02.4305735Z         "rows": [],
2026-10-03T02:52:02.4305874Z         "truncated": false
2026-10-03T02:52:02.4305998Z       },
2026-10-03T02:52:02.4306145Z       "expires_at": 1790996222.3777807,
2026-10-03T02:52:02.4306360Z       "action_id": "3676ba265ff74ba895811fa5c3aaa494",
2026-10-03T02:52:02.4306591Z       "trace_id": "4a8b066ce08f4d4db78dff102d71ce42",
2026-10-03T02:52:02.4306770Z       "retryable": false,
2026-10-03T02:52:02.4306934Z       "allowed_alternatives": [
2026-10-03T02:52:02.4307113Z         "query_original_action"
2026-10-03T02:52:02.4307242Z       ],
2026-10-03T02:52:02.4307384Z       "execution_occurred": true,
2026-10-03T02:52:02.4307563Z       "next_step": "Read the result."
2026-10-03T02:52:02.4307697Z     }
2026-10-03T02:52:02.4307792Z   },
2026-10-03T02:52:02.4307916Z   "audit": {
2026-10-03T02:52:02.4308035Z     "valid": true,
2026-10-03T02:52:02.4308155Z     "events": 5,
2026-10-03T02:52:02.4308403Z     "head": "bf969e27d2e3b7970ae34141c6fc154e83f4b76b785fd0a912ef3ec5fb6903cf",
2026-10-03T02:52:02.4308659Z     "anchor_status": "not_configured",
2026-10-03T02:52:02.4309229Z     "limitation": "Tail truncation after the last independently retained checkpoint remains undetectable. A server with all keys can forge new history; keep checkpoints outside its write authority."
2026-10-03T02:52:02.4309626Z   }
2026-10-03T02:52:02.4309720Z }
2026-10-03T02:52:02.4405461Z ##[group]Run python scripts/verify_evidence.py
2026-10-03T02:52:02.4405787Z [36;1mpython scripts/verify_evidence.py[0m
2026-10-03T02:52:02.4459442Z shell: /usr/bin/bash --noprofile --norc -e -o pipefail {0}
2026-10-03T02:52:02.4459625Z env:
2026-10-03T02:52:02.4459738Z   NEXT_TELEMETRY_DISABLED: 1
2026-10-03T02:52:02.4459909Z   pythonLocation: /opt/hostedtoolcache/Python/3.13.15/x64
2026-10-03T02:52:02.4460140Z   PKG_CONFIG_PATH: /opt/hostedtoolcache/Python/3.13.15/x64/lib/pkgconfig
2026-10-03T02:52:02.4460371Z   Python_ROOT_DIR: /opt/hostedtoolcache/Python/3.13.15/x64
2026-10-03T02:52:02.4460580Z   Python2_ROOT_DIR: /opt/hostedtoolcache/Python/3.13.15/x64
2026-10-03T02:52:02.4460784Z   Python3_ROOT_DIR: /opt/hostedtoolcache/Python/3.13.15/x64
2026-10-03T02:52:02.4461129Z   LD_LIBRARY_PATH: /opt/hostedtoolcache/Python/3.13.15/x64/lib
2026-10-03T02:52:02.4461318Z   GOTOOLCHAIN: local
2026-10-03T02:52:02.4461434Z ##[endgroup]
2026-10-03T02:52:02.4784351Z Verified all 348 JUnit cases, exit receipts, screenshots, Docker and raw benchmark rows.
2026-10-03T02:52:02.4842687Z ##[group]Run python scripts/evidence_manifest.py
2026-10-03T02:52:02.4842904Z [36;1mpython scripts/evidence_manifest.py[0m
2026-10-03T02:52:02.4895188Z shell: /usr/bin/bash --noprofile --norc -e -o pipefail {0}
2026-10-03T02:52:02.4895370Z env:
2026-10-03T02:52:02.4895487Z   NEXT_TELEMETRY_DISABLED: 1
2026-10-03T02:52:02.4895653Z   pythonLocation: /opt/hostedtoolcache/Python/3.13.15/x64
2026-10-03T02:52:02.4895889Z   PKG_CONFIG_PATH: /opt/hostedtoolcache/Python/3.13.15/x64/lib/pkgconfig
2026-10-03T02:52:02.4896117Z   Python_ROOT_DIR: /opt/hostedtoolcache/Python/3.13.15/x64
2026-10-03T02:52:02.4896322Z   Python2_ROOT_DIR: /opt/hostedtoolcache/Python/3.13.15/x64
2026-10-03T02:52:02.4896529Z   Python3_ROOT_DIR: /opt/hostedtoolcache/Python/3.13.15/x64
2026-10-03T02:52:02.4896735Z   LD_LIBRARY_PATH: /opt/hostedtoolcache/Python/3.13.15/x64/lib
2026-10-03T02:52:02.4896907Z   GOTOOLCHAIN: local
2026-10-03T02:52:02.4897025Z ##[endgroup]
2026-10-03T02:52:02.5505405Z {"commit": "31cf0e76156f0b5a408756d45068f1a318cf856c", "artifact_files": 84}
2026-10-03T02:52:02.5609679Z ##[group]Run actions/upload-artifact@v4
2026-10-03T02:52:02.5609831Z with:
2026-10-03T02:52:02.5609944Z   name: acceptance-evidence
2026-10-03T02:52:02.5610104Z   path: evidence/*.*
evidence/research-pipeline/

2026-10-03T02:52:02.5610270Z   retention-days: 90
2026-10-03T02:52:02.5610392Z   if-no-files-found: warn
2026-10-03T02:52:02.5610516Z   compression-level: 6
2026-10-03T02:52:02.5610633Z   overwrite: false
2026-10-03T02:52:02.5610751Z   include-hidden-files: false
2026-10-03T02:52:02.5610877Z env:
2026-10-03T02:52:02.5611114Z   NEXT_TELEMETRY_DISABLED: 1
2026-10-03T02:52:02.5611288Z   pythonLocation: /opt/hostedtoolcache/Python/3.13.15/x64
2026-10-03T02:52:02.5611519Z   PKG_CONFIG_PATH: /opt/hostedtoolcache/Python/3.13.15/x64/lib/pkgconfig
2026-10-03T02:52:02.5611748Z   Python_ROOT_DIR: /opt/hostedtoolcache/Python/3.13.15/x64
2026-10-03T02:52:02.5611956Z   Python2_ROOT_DIR: /opt/hostedtoolcache/Python/3.13.15/x64
2026-10-03T02:52:02.5612184Z   Python3_ROOT_DIR: /opt/hostedtoolcache/Python/3.13.15/x64
2026-10-03T02:52:02.5612391Z   LD_LIBRARY_PATH: /opt/hostedtoolcache/Python/3.13.15/x64/lib
2026-10-03T02:52:02.5612565Z   GOTOOLCHAIN: local
2026-10-03T02:52:02.5612680Z ##[endgroup]
2026-10-03T02:52:02.6651548Z (node:15531) [DEP0040] DeprecationWarning: The `punycode` module is deprecated. Please use a userland alternative instead.
2026-10-03T02:52:02.6652024Z (Use `node --trace-deprecation ...` to show where the warning was created)
2026-10-03T02:52:02.6782965Z With the provided path, there will be 87 files uploaded
2026-10-03T02:52:02.6783453Z Artifact name is valid!
2026-10-03T02:52:02.6783712Z Root directory input is valid!
2026-10-03T02:52:02.9701244Z Beginning upload of artifact content to blob storage
2026-10-03T02:52:03.0571181Z (node:15531) [DEP0169] DeprecationWarning: `url.parse()` behavior is not standardized and prone to errors that have security implications. Use the WHATWG URL API instead. CVEs are not issued for `url.parse()` vulnerabilities.
2026-10-03T02:52:03.4043329Z Uploaded bytes 1538202
2026-10-03T02:52:03.4423243Z Finished uploading artifact content to blob storage!
2026-10-03T02:52:03.4423882Z SHA256 digest of uploaded artifact zip is d6afb811334144763e58b807e7e044db736ca124faabaa3c8432da2a22f920e3
2026-10-03T02:52:03.4425164Z Finalizing artifact upload
2026-10-03T02:52:03.6814126Z Artifact acceptance-evidence.zip successfully finalized. Artifact ID 11261944628
2026-10-03T02:52:03.6814893Z Artifact acceptance-evidence has been successfully uploaded! Final size is 1538202 bytes. Artifact ID is 11261944628
2026-10-03T02:52:03.6818553Z Artifact download URL: https://github.com/Changxin-YR/AIRLOCK/actions/runs/37090946414/artifacts/11261944628
2026-10-03T02:52:03.6957509Z Post job cleanup.
2026-10-03T02:52:03.7790180Z Post job cleanup.
2026-10-03T02:52:03.8552729Z (node:15551) [DEP0040] DeprecationWarning: The `punycode` module is deprecated. Please use a userland alternative instead.
2026-10-03T02:52:03.8553501Z (Use `node --trace-deprecation ...` to show where the warning was created)
2026-10-03T02:52:03.8677723Z Post job cleanup.
2026-10-03T02:52:03.9446426Z (node:15559) [DEP0040] DeprecationWarning: The `punycode` module is deprecated. Please use a userland alternative instead.
2026-10-03T02:52:03.9447172Z (Use `node --trace-deprecation ...` to show where the warning was created)
2026-10-03T02:52:03.9607477Z Post job cleanup.
2026-10-03T02:52:04.0183415Z [command]/usr/bin/git version
2026-10-03T02:52:04.0217835Z git version 2.55.0
2026-10-03T02:52:04.0243237Z Temporarily overriding HOME='/home/runner/work/_temp/59baff9a-6618-4cd2-841c-03a0729610e4' before making global git config changes
2026-10-03T02:52:04.0244128Z Adding repository directory to the temporary git global config as a safe directory
2026-10-03T02:52:04.0247060Z [command]/usr/bin/git config --global --add safe.directory /home/runner/work/AIRLOCK/AIRLOCK
2026-10-03T02:52:04.0280644Z [command]/usr/bin/git config --local --name-only --get-regexp core\.sshCommand
2026-10-03T02:52:04.0310541Z [command]/usr/bin/git submodule foreach --recursive sh -c "git config --local --name-only --get-regexp 'core\.sshCommand' && git config --local --unset-all 'core.sshCommand' || :"
2026-10-03T02:52:04.0533037Z [command]/usr/bin/git config --local --name-only --get-regexp http\.https\:\/\/github\.com\/\.extraheader
2026-10-03T02:52:04.0558393Z http.https://github.com/.extraheader
2026-10-03T02:52:04.0572227Z [command]/usr/bin/git config --local --unset-all http.https://github.com/.extraheader
2026-10-03T02:52:04.0602247Z [command]/usr/bin/git submodule foreach --recursive sh -c "git config --local --name-only --get-regexp 'http\.https\:\/\/github\.com\/\.extraheader' && git config --local --unset-all 'http.https://github.com/.extraheader' || :"
2026-10-03T02:52:04.0797581Z [command]/usr/bin/git config --local --name-only --get-regexp ^includeIf\.gitdir:
2026-10-03T02:52:04.0828575Z [command]/usr/bin/git submodule foreach --recursive git config --local --show-origin --name-only --get-regexp remote.origin.url
2026-10-03T02:52:04.1116051Z Cleaning up orphan processes
2026-10-03T02:52:04.1354684Z ##[warning]Node.js 20 is deprecated. The following actions target Node.js 20 but are being forced to run on Node.js 24: actions/checkout@v4, actions/setup-node@v4, actions/setup-python@v5, actions/upload-artifact@v4. For more information see: https://github.blog/changelog/2025-09-19-deprecation-of-node-20-on-github-actions-runners/
