2026-10-03T11:09:40.9042879Z Current runner version: '2.337.0'
2026-10-03T11:09:40.9060672Z ##[group]Runner Image Provisioner
2026-10-03T11:09:40.9062013Z Hosted Compute Agent
2026-10-03T11:09:40.9062719Z Version: 20260901.588
2026-10-03T11:09:40.9063407Z Commit: f88ec8081b781fac6c440065ac7ff9e710ce3d0b
2026-10-03T11:09:40.9064436Z Build Date: 2026-09-01T19:56:44Z
2026-10-03T11:09:40.9065261Z Worker ID: {91d31ce0-0736-4e6c-9f3b-66c41544fda4}
2026-10-03T11:09:40.9066119Z Azure Region: centralus
2026-10-03T11:09:40.9066798Z ##[endgroup]
2026-10-03T11:09:40.9068666Z ##[group]Operating System
2026-10-03T11:09:40.9069519Z Ubuntu
2026-10-03T11:09:40.9070130Z 24.04.5
2026-10-03T11:09:40.9070681Z LTS
2026-10-03T11:09:40.9071341Z ##[endgroup]
2026-10-03T11:09:40.9071987Z ##[group]Runner Image
2026-10-03T11:09:40.9072732Z Image: ubuntu-24.04
2026-10-03T11:09:40.9073433Z Version: 20260927.320.1
2026-10-03T11:09:40.9075071Z Included Software: https://github.com/actions/runner-images/blob/ubuntu24/20260927.320/images/ubuntu/Ubuntu2404-Readme.md
2026-10-03T11:09:40.9076869Z Image Release: https://github.com/actions/runner-images/releases/tag/ubuntu24%2F20260927.320
2026-10-03T11:09:40.9078124Z ##[endgroup]
2026-10-03T11:09:40.9079303Z ##[group]GITHUB_TOKEN Permissions
2026-10-03T11:09:40.9081909Z Contents: read
2026-10-03T11:09:40.9082601Z Metadata: read
2026-10-03T11:09:40.9083234Z ##[endgroup]
2026-10-03T11:09:40.9085766Z Secret source: Actions
2026-10-03T11:09:40.9086835Z Cache mode: write
2026-10-03T11:09:40.9088091Z Prepare workflow directory
2026-10-03T11:09:40.9428438Z Prepare all required actions
2026-10-03T11:09:40.9472982Z Getting action download info
2026-10-03T11:09:41.2243018Z Download action repository 'actions/checkout@v4' (SHA:11d5960a326750d5838078e36cf38b85af677262)
2026-10-03T11:09:41.3490782Z Download action repository 'actions/setup-python@v5' (SHA:a26af69be951a213d495a4c3e4e4022e16d87065)
2026-10-03T11:09:41.5034192Z Download action repository 'actions/setup-node@v4' (SHA:49933ea5288caeca8642d1e84afbd3f7d6820020)
2026-10-03T11:09:41.6253979Z Download action repository 'actions/setup-go@v6' (SHA:924ae3a1cded613372ab5595356fb5720e22ba16)
2026-10-03T11:09:42.1458831Z Download action repository 'actions/upload-artifact@v4' (SHA:ea165f8d65b6e75b540449e92b4886f43607fa02)
2026-10-03T11:09:42.4091213Z Complete job name: verify
2026-10-03T11:09:42.5007206Z ##[group]Run actions/checkout@v4
2026-10-03T11:09:42.5008338Z with:
2026-10-03T11:09:42.5009159Z   ref: 699adbd7c421f0c80fd0339ff69f892929cb28bd
2026-10-03T11:09:42.5010237Z   repository: Changxin-YR/AIRLOCK
2026-10-03T11:09:42.5017421Z   token: ***
2026-10-03T11:09:42.5018196Z   ssh-strict: true
2026-10-03T11:09:42.5018975Z   ssh-user: git
2026-10-03T11:09:42.5019761Z   persist-credentials: true
2026-10-03T11:09:42.5020581Z   clean: true
2026-10-03T11:09:42.5021374Z   sparse-checkout-cone-mode: true
2026-10-03T11:09:42.5022248Z   fetch-depth: 1
2026-10-03T11:09:42.5022980Z   fetch-tags: false
2026-10-03T11:09:42.5023951Z   show-progress: true
2026-10-03T11:09:42.5024759Z   lfs: false
2026-10-03T11:09:42.5025520Z   submodules: false
2026-10-03T11:09:42.5026328Z   set-safe-directory: true
2026-10-03T11:09:42.5027201Z   allow-unsafe-pr-checkout: false
2026-10-03T11:09:42.5028263Z env:
2026-10-03T11:09:42.5028968Z   NEXT_TELEMETRY_DISABLED: 1
2026-10-03T11:09:42.5029893Z ##[endgroup]
2026-10-03T11:09:42.5919602Z Syncing repository: Changxin-YR/AIRLOCK
2026-10-03T11:09:42.5921886Z ##[group]Getting Git version info
2026-10-03T11:09:42.5922976Z Working directory is '/home/runner/work/AIRLOCK/AIRLOCK'
2026-10-03T11:09:42.5924993Z [command]/usr/bin/git version
2026-10-03T11:09:42.5960398Z git version 2.55.0
2026-10-03T11:09:42.5978267Z ##[endgroup]
2026-10-03T11:09:42.5986139Z Temporarily overriding HOME='/home/runner/work/_temp/4a622f69-2397-4d6c-b70c-b17ccb2d31df' before making global git config changes
2026-10-03T11:09:42.5989625Z Adding repository directory to the temporary git global config as a safe directory
2026-10-03T11:09:42.5992482Z [command]/usr/bin/git config --global --add safe.directory /home/runner/work/AIRLOCK/AIRLOCK
2026-10-03T11:09:42.6038017Z Deleting the contents of '/home/runner/work/AIRLOCK/AIRLOCK'
2026-10-03T11:09:42.6044502Z ##[group]Initializing the repository
2026-10-03T11:09:42.6047395Z [command]/usr/bin/git init /home/runner/work/AIRLOCK/AIRLOCK
2026-10-03T11:09:42.6114416Z hint: Using 'master' as the name for the initial branch. This default branch name
2026-10-03T11:09:42.6116619Z hint: will change to "main" in Git 3.0. To configure the initial branch name
2026-10-03T11:09:42.6119059Z hint: to use in all of your new repositories, which will suppress this warning,
2026-10-03T11:09:42.6120734Z hint: call:
2026-10-03T11:09:42.6121683Z hint:
2026-10-03T11:09:42.6122899Z hint: 	git config --global init.defaultBranch <name>
2026-10-03T11:09:42.6124497Z hint:
2026-10-03T11:09:42.6125994Z hint: Names commonly chosen instead of 'master' are 'main', 'trunk' and
2026-10-03T11:09:42.6128346Z hint: 'development'. The just-created branch can be renamed via this command:
2026-10-03T11:09:42.6129642Z hint:
2026-10-03T11:09:42.6130414Z hint: 	git branch -m <name>
2026-10-03T11:09:42.6131213Z hint:
2026-10-03T11:09:42.6132281Z hint: Disable this message with "git config set advice.defaultBranchName false"
2026-10-03T11:09:42.6134114Z Initialized empty Git repository in /home/runner/work/AIRLOCK/AIRLOCK/.git/
2026-10-03T11:09:42.6137953Z [command]/usr/bin/git remote add origin https://github.com/Changxin-YR/AIRLOCK
2026-10-03T11:09:42.6167201Z ##[endgroup]
2026-10-03T11:09:42.6169076Z ##[group]Disabling automatic garbage collection
2026-10-03T11:09:42.6170406Z [command]/usr/bin/git config --local gc.auto 0
2026-10-03T11:09:42.6194602Z ##[endgroup]
2026-10-03T11:09:42.6196568Z ##[group]Setting up auth
2026-10-03T11:09:42.6198483Z [command]/usr/bin/git config --local --name-only --get-regexp core\.sshCommand
2026-10-03T11:09:42.6228100Z [command]/usr/bin/git submodule foreach --recursive sh -c "git config --local --name-only --get-regexp 'core\.sshCommand' && git config --local --unset-all 'core.sshCommand' || :"
2026-10-03T11:09:42.6495742Z [command]/usr/bin/git config --local --name-only --get-regexp http\.https\:\/\/github\.com\/\.extraheader
2026-10-03T11:09:42.6516908Z [command]/usr/bin/git submodule foreach --recursive sh -c "git config --local --name-only --get-regexp 'http\.https\:\/\/github\.com\/\.extraheader' && git config --local --unset-all 'http.https://github.com/.extraheader' || :"
2026-10-03T11:09:42.6687418Z [command]/usr/bin/git config --local --name-only --get-regexp ^includeIf\.gitdir:
2026-10-03T11:09:42.6714485Z [command]/usr/bin/git submodule foreach --recursive git config --local --show-origin --name-only --get-regexp remote.origin.url
2026-10-03T11:09:42.6876573Z [command]/usr/bin/git config --local http.https://github.com/.extraheader AUTHORIZATION: basic ***
2026-10-03T11:09:42.6906427Z ##[endgroup]
2026-10-03T11:09:42.6908491Z ##[group]Fetching the repository
2026-10-03T11:09:42.6916037Z [command]/usr/bin/git -c protocol.version=2 fetch --no-tags --prune --no-recurse-submodules --depth=1 origin 699adbd7c421f0c80fd0339ff69f892929cb28bd
2026-10-03T11:09:44.5316851Z From https://github.com/Changxin-YR/AIRLOCK
2026-10-03T11:09:44.5317765Z  * branch            699adbd7c421f0c80fd0339ff69f892929cb28bd -> FETCH_HEAD
2026-10-03T11:09:44.5320051Z ##[endgroup]
2026-10-03T11:09:44.5320843Z ##[group]Determining the checkout info
2026-10-03T11:09:44.5322769Z ##[endgroup]
2026-10-03T11:09:44.5329288Z [command]/usr/bin/git sparse-checkout disable
2026-10-03T11:09:44.5371359Z [command]/usr/bin/git config --local --unset-all extensions.worktreeConfig
2026-10-03T11:09:44.5403419Z ##[group]Checking out the ref
2026-10-03T11:09:44.5406753Z [command]/usr/bin/git checkout --progress --force 699adbd7c421f0c80fd0339ff69f892929cb28bd
2026-10-03T11:09:44.6806008Z Note: switching to '699adbd7c421f0c80fd0339ff69f892929cb28bd'.
2026-10-03T11:09:44.6806533Z 
2026-10-03T11:09:44.6806893Z You are in 'detached HEAD' state. You can look around, make experimental
2026-10-03T11:09:44.6807763Z changes and commit them, and you can discard any commits you make in this
2026-10-03T11:09:44.6808861Z state without impacting any branches by switching back to a branch.
2026-10-03T11:09:44.6809277Z 
2026-10-03T11:09:44.6809670Z If you want to create a new branch to retain commits you create, you may
2026-10-03T11:09:44.6810482Z do so (now or later) by using -c with the switch command. Example:
2026-10-03T11:09:44.6810893Z 
2026-10-03T11:09:44.6811096Z   git switch -c <new-branch-name>
2026-10-03T11:09:44.6811470Z 
2026-10-03T11:09:44.6811750Z Or undo this operation with:
2026-10-03T11:09:44.6811998Z 
2026-10-03T11:09:44.6812201Z   git switch -
2026-10-03T11:09:44.6812435Z 
2026-10-03T11:09:44.6812814Z Turn off this advice by setting config variable advice.detachedHead to false
2026-10-03T11:09:44.6813275Z 
2026-10-03T11:09:44.6813921Z HEAD is now at 699adbd Archive closure fixes, independent counterchecks and 126-target evidence
2026-10-03T11:09:44.6822057Z ##[endgroup]
2026-10-03T11:09:44.6855173Z [command]/usr/bin/git log -1 --format=%H
2026-10-03T11:09:44.6873163Z 699adbd7c421f0c80fd0339ff69f892929cb28bd
2026-10-03T11:09:44.7050695Z ##[group]Run mkdir -p evidence
2026-10-03T11:09:44.7051170Z [36;1mmkdir -p evidence[0m
2026-10-03T11:09:44.7051626Z [36;1mpython3 scripts/archive_source.py[0m
2026-10-03T11:09:44.7052103Z [36;1mgit rev-parse HEAD > evidence/commit.txt[0m
2026-10-03T11:09:44.7204962Z shell: /usr/bin/bash --noprofile --norc -e -o pipefail {0}
2026-10-03T11:09:44.7205468Z env:
2026-10-03T11:09:44.7205789Z   NEXT_TELEMETRY_DISABLED: 1
2026-10-03T11:09:44.7206154Z ##[endgroup]
2026-10-03T11:09:44.8163389Z Archived tracked source and documentation; historical evidence remains separately versioned in Git.
2026-10-03T11:09:44.8307333Z ##[group]Run actions/setup-python@v5
2026-10-03T11:09:44.8307714Z with:
2026-10-03T11:09:44.8308051Z   python-version: 3.13
2026-10-03T11:09:44.8308373Z   check-latest: false
2026-10-03T11:09:44.8310552Z   token: ***
2026-10-03T11:09:44.8310860Z   update-environment: true
2026-10-03T11:09:44.8311217Z   allow-prereleases: false
2026-10-03T11:09:44.8311582Z   freethreaded: false
2026-10-03T11:09:44.8311882Z env:
2026-10-03T11:09:44.8312192Z   NEXT_TELEMETRY_DISABLED: 1
2026-10-03T11:09:44.8312509Z ##[endgroup]
2026-10-03T11:09:44.9429557Z ##[group]Installed versions
2026-10-03T11:09:44.9493332Z (node:2196) [DEP0040] DeprecationWarning: The `punycode` module is deprecated. Please use a userland alternative instead.
2026-10-03T11:09:44.9494620Z (Use `node --trace-deprecation ...` to show where the warning was created)
2026-10-03T11:09:44.9495382Z Successfully set up CPython (3.13.15)
2026-10-03T11:09:44.9496224Z ##[endgroup]
2026-10-03T11:09:44.9637006Z ##[group]Run python scripts/run_logged.py evidence/sqlite-runtime-build.log -- python scripts/build_sqlite_runtime.py --prefix "$RUNNER_TEMP/airlock-sqlite-runtime" --output evidence/sqlite-runtime-build.json
2026-10-03T11:09:44.9638290Z [36;1mpython scripts/run_logged.py evidence/sqlite-runtime-build.log -- python scripts/build_sqlite_runtime.py --prefix "$RUNNER_TEMP/airlock-sqlite-runtime" --output evidence/sqlite-runtime-build.json[0m
2026-10-03T11:09:44.9639300Z [36;1mprintf '%s\n' "$RUNNER_TEMP/airlock-sqlite-runtime/lib" | sudo tee /etc/ld.so.conf.d/00-airlock-sqlite.conf > /dev/null[0m
2026-10-03T11:09:44.9639934Z [36;1msudo ldconfig[0m
2026-10-03T11:09:44.9687171Z shell: /usr/bin/bash --noprofile --norc -e -o pipefail {0}
2026-10-03T11:09:44.9687600Z env:
2026-10-03T11:09:44.9687946Z   NEXT_TELEMETRY_DISABLED: 1
2026-10-03T11:09:44.9688351Z   pythonLocation: /opt/hostedtoolcache/Python/3.13.15/x64
2026-10-03T11:09:44.9688949Z   PKG_CONFIG_PATH: /opt/hostedtoolcache/Python/3.13.15/x64/lib/pkgconfig
2026-10-03T11:09:44.9689434Z   Python_ROOT_DIR: /opt/hostedtoolcache/Python/3.13.15/x64
2026-10-03T11:09:44.9689896Z   Python2_ROOT_DIR: /opt/hostedtoolcache/Python/3.13.15/x64
2026-10-03T11:09:44.9690345Z   Python3_ROOT_DIR: /opt/hostedtoolcache/Python/3.13.15/x64
2026-10-03T11:09:44.9690782Z   LD_LIBRARY_PATH: /opt/hostedtoolcache/Python/3.13.15/x64/lib
2026-10-03T11:09:44.9691332Z ##[endgroup]
2026-10-03T11:10:10.4459920Z {
2026-10-03T11:10:10.4462180Z   "mode": "official_source_shared_runtime",
2026-10-03T11:10:10.4462806Z   "platform": "Linux-6.17.0-1022-azure-x86_64-with-glibc2.39",
2026-10-03T11:10:10.4463729Z   "pin": {
2026-10-03T11:10:10.4464090Z     "version": "3.53.1",
2026-10-03T11:10:10.4464702Z     "source_id": "2026-05-05 10:34:17 c88b22011a54b4f6fbd149e9f8e4de77658ce58143a1af0e3785e4e6475127e9",
2026-10-03T11:10:10.4465667Z     "archive_url": "https://sqlite.org/2026/sqlite-autoconf-3530100.tar.gz",
2026-10-03T11:10:10.4466458Z     "archive_sha256": "83e6b2020a034e9a7ad4a72feea59e1ad52f162e09cbd26735a3ffb98359fc4f",
2026-10-03T11:10:10.4467171Z     "amalgamation_path": "sqlite-autoconf-3530100/sqlite3.c",
2026-10-03T11:10:10.4467824Z     "amalgamation_sha3_256": "414432ae5719f6cdc485f3927e12c7ad107e2b8c6b434e5df2eadb5312bfabb5",
2026-10-03T11:10:10.4468507Z     "release_reference": "https://sqlite.org/releaselog/3_53_1.html",
2026-10-03T11:10:10.4469088Z     "fix_reference": "https://sqlite.org/wal.html#walresetbug"
2026-10-03T11:10:10.4469480Z   },
2026-10-03T11:10:10.4469777Z   "compiler": "cc (Ubuntu 13.3.0-6ubuntu2~24.04.1) 13.3.0",
2026-10-03T11:10:10.4470181Z   "compiler_flags": [
2026-10-03T11:10:10.4470448Z     "-O2",
2026-10-03T11:10:10.4470692Z     "-fPIC",
2026-10-03T11:10:10.4470919Z     "-shared",
2026-10-03T11:10:10.4471175Z     "-Wl,-soname,libsqlite3.so.0",
2026-10-03T11:10:10.4471492Z     "-DSQLITE_THREADSAFE=1",
2026-10-03T11:10:10.4471797Z     "-DSQLITE_ENABLE_COLUMN_METADATA",
2026-10-03T11:10:10.4472099Z     "-DSQLITE_ENABLE_FTS3",
2026-10-03T11:10:10.4472405Z     "-DSQLITE_ENABLE_FTS5",
2026-10-03T11:10:10.4472679Z     "-DSQLITE_ENABLE_RTREE",
2026-10-03T11:10:10.4472967Z     "-DSQLITE_ENABLE_DBSTAT_VTAB",
2026-10-03T11:10:10.4473297Z     "-DSQLITE_ENABLE_MATH_FUNCTIONS",
2026-10-03T11:10:10.4473789Z     "-DSQLITE_USE_URI=1"
2026-10-03T11:10:10.4474058Z   ],
2026-10-03T11:10:10.4474471Z   "library": "/home/runner/work/_temp/airlock-sqlite-runtime/lib/libsqlite3.so.0",
2026-10-03T11:10:10.4475256Z   "library_sha256": "f826cb46ed8fb7b0c33f603eb8b8e8cf6026031f3dc455aa87b0032cf8a9dee2",
2026-10-03T11:10:10.4475852Z   "verified_python_runtime": {
2026-10-03T11:10:10.4476171Z     "version": "3.53.1",
2026-10-03T11:10:10.4476746Z     "source_id": "2026-05-05 10:34:17 c88b22011a54b4f6fbd149e9f8e4de77658ce58143a1af0e3785e4e6475127e9",
2026-10-03T11:10:10.4477392Z     "compile_options": [
2026-10-03T11:10:10.4477711Z       "ATOMIC_INTRINSICS=1",
2026-10-03T11:10:10.4478047Z       "COMPILER=gcc-13.3.0",
2026-10-03T11:10:10.4478678Z       "DEFAULT_AUTOVACUUM",
2026-10-03T11:10:10.4479023Z       "DEFAULT_CACHE_SIZE=-2000",
2026-10-03T11:10:10.4479358Z       "DEFAULT_FILE_FORMAT=4",
2026-10-03T11:10:10.4479691Z       "DEFAULT_JOURNAL_SIZE_LIMIT=-1",
2026-10-03T11:10:10.4480054Z       "DEFAULT_MMAP_SIZE=0",
2026-10-03T11:10:10.4480390Z       "DEFAULT_PAGE_SIZE=4096",
2026-10-03T11:10:10.4480730Z       "DEFAULT_PCACHE_INITSZ=20",
2026-10-03T11:10:10.4481097Z       "DEFAULT_RECURSIVE_TRIGGERS",
2026-10-03T11:10:10.4481453Z       "DEFAULT_SECTOR_SIZE=4096",
2026-10-03T11:10:10.4481818Z       "DEFAULT_SYNCHRONOUS=2",
2026-10-03T11:10:10.4482181Z       "DEFAULT_WAL_AUTOCHECKPOINT=1000",
2026-10-03T11:10:10.4482554Z       "DEFAULT_WAL_SYNCHRONOUS=2",
2026-10-03T11:10:10.4482894Z       "DEFAULT_WORKER_THREADS=0",
2026-10-03T11:10:10.4483232Z       "DIRECT_OVERFLOW_READ",
2026-10-03T11:10:10.4483711Z       "ENABLE_COLUMN_METADATA",
2026-10-03T11:10:10.4484077Z       "ENABLE_DBSTAT_VTAB",
2026-10-03T11:10:10.4484379Z       "ENABLE_FTS3",
2026-10-03T11:10:10.4484660Z       "ENABLE_FTS5",
2026-10-03T11:10:10.4484939Z       "ENABLE_MATH_FUNCTIONS",
2026-10-03T11:10:10.4485249Z       "ENABLE_RTREE",
2026-10-03T11:10:10.4485537Z       "MALLOC_SOFT_LIMIT=1024",
2026-10-03T11:10:10.4485861Z       "MAX_ATTACHED=10",
2026-10-03T11:10:10.4486155Z       "MAX_COLUMN=2000",
2026-10-03T11:10:10.4486460Z       "MAX_COMPOUND_SELECT=500",
2026-10-03T11:10:10.4486980Z       "MAX_DEFAULT_PAGE_SIZE=8192",
2026-10-03T11:10:10.4487310Z       "MAX_EXPR_DEPTH=1000",
2026-10-03T11:10:10.4487625Z       "MAX_FUNCTION_ARG=1000",
2026-10-03T11:10:10.4487921Z       "MAX_LENGTH=1000000000",
2026-10-03T11:10:10.4488220Z       "MAX_LIKE_PATTERN_LENGTH=50000",
2026-10-03T11:10:10.4488695Z       "MAX_MMAP_SIZE=0x7fff0000",
2026-10-03T11:10:10.4489050Z       "MAX_PAGE_COUNT=0xfffffffe",
2026-10-03T11:10:10.4489384Z       "MAX_PAGE_SIZE=65536",
2026-10-03T11:10:10.4489690Z       "MAX_SQL_LENGTH=1000000000",
2026-10-03T11:10:10.4489990Z       "MAX_TRIGGER_DEPTH=1000",
2026-10-03T11:10:10.4490314Z       "MAX_VARIABLE_NUMBER=32766",
2026-10-03T11:10:10.4490640Z       "MAX_VDBE_OP=250000000",
2026-10-03T11:10:10.4490934Z       "MAX_WORKER_THREADS=8",
2026-10-03T11:10:10.4491239Z       "MUTEX_PTHREADS",
2026-10-03T11:10:10.4491515Z       "SYSTEM_MALLOC",
2026-10-03T11:10:10.4491807Z       "TEMP_STORE=1",
2026-10-03T11:10:10.4492066Z       "THREADSAFE=1",
2026-10-03T11:10:10.4492332Z       "USE_URI"
2026-10-03T11:10:10.4492587Z     ]
2026-10-03T11:10:10.4492808Z   },
2026-10-03T11:10:10.4493067Z   "child_exit_code": 0,
2026-10-03T11:10:10.4493355Z   "system_library_replaced": false
2026-10-03T11:10:10.4493970Z }
2026-10-03T11:10:10.8047694Z ##[group]Run python scripts/run_logged.py evidence/sqlite-runtime-linked.log -- env -u LD_LIBRARY_PATH python -m airlock.sqlite_runtime --pin-file configs/sqlite-runtime.json --build-report evidence/sqlite-runtime-build.json --output evidence/sqlite-runtime-linked.json
2026-10-03T11:10:10.8049123Z [36;1mpython scripts/run_logged.py evidence/sqlite-runtime-linked.log -- env -u LD_LIBRARY_PATH python -m airlock.sqlite_runtime --pin-file configs/sqlite-runtime.json --build-report evidence/sqlite-runtime-build.json --output evidence/sqlite-runtime-linked.json[0m
2026-10-03T11:10:10.8084412Z shell: /usr/bin/bash --noprofile --norc -e -o pipefail {0}
2026-10-03T11:10:10.8084713Z env:
2026-10-03T11:10:10.8084914Z   NEXT_TELEMETRY_DISABLED: 1
2026-10-03T11:10:10.8085203Z   pythonLocation: /opt/hostedtoolcache/Python/3.13.15/x64
2026-10-03T11:10:10.8085549Z   PKG_CONFIG_PATH: /opt/hostedtoolcache/Python/3.13.15/x64/lib/pkgconfig
2026-10-03T11:10:10.8085930Z   Python_ROOT_DIR: /opt/hostedtoolcache/Python/3.13.15/x64
2026-10-03T11:10:10.8086238Z   Python2_ROOT_DIR: /opt/hostedtoolcache/Python/3.13.15/x64
2026-10-03T11:10:10.8086540Z   Python3_ROOT_DIR: /opt/hostedtoolcache/Python/3.13.15/x64
2026-10-03T11:10:10.8086845Z   LD_LIBRARY_PATH: /opt/hostedtoolcache/Python/3.13.15/x64/lib
2026-10-03T11:10:10.8087111Z ##[endgroup]
2026-10-03T11:10:10.8772671Z {
2026-10-03T11:10:10.8773009Z   "version": "3.53.1",
2026-10-03T11:10:10.8773645Z   "source_id": "2026-05-05 10:34:17 c88b22011a54b4f6fbd149e9f8e4de77658ce58143a1af0e3785e4e6475127e9",
2026-10-03T11:10:10.8774283Z   "wal_reset_fix": "upstream_fixed_version",
2026-10-03T11:10:10.8774626Z   "compile_options": [
2026-10-03T11:10:10.8774974Z     "ATOMIC_INTRINSICS=1",
2026-10-03T11:10:10.8775188Z     "COMPILER=gcc-13.3.0",
2026-10-03T11:10:10.8775415Z     "DEFAULT_AUTOVACUUM",
2026-10-03T11:10:10.8775625Z     "DEFAULT_CACHE_SIZE=-2000",
2026-10-03T11:10:10.8775853Z     "DEFAULT_FILE_FORMAT=4",
2026-10-03T11:10:10.8776080Z     "DEFAULT_JOURNAL_SIZE_LIMIT=-1",
2026-10-03T11:10:10.8776311Z     "DEFAULT_MMAP_SIZE=0",
2026-10-03T11:10:10.8776515Z     "DEFAULT_PAGE_SIZE=4096",
2026-10-03T11:10:10.8776730Z     "DEFAULT_PCACHE_INITSZ=20",
2026-10-03T11:10:10.8776952Z     "DEFAULT_RECURSIVE_TRIGGERS",
2026-10-03T11:10:10.8777188Z     "DEFAULT_SECTOR_SIZE=4096",
2026-10-03T11:10:10.8777417Z     "DEFAULT_SYNCHRONOUS=2",
2026-10-03T11:10:10.8777654Z     "DEFAULT_WAL_AUTOCHECKPOINT=1000",
2026-10-03T11:10:10.8777947Z     "DEFAULT_WAL_SYNCHRONOUS=2",
2026-10-03T11:10:10.8778178Z     "DEFAULT_WORKER_THREADS=0",
2026-10-03T11:10:10.8778388Z     "DIRECT_OVERFLOW_READ",
2026-10-03T11:10:10.8778599Z     "ENABLE_COLUMN_METADATA",
2026-10-03T11:10:10.8778807Z     "ENABLE_DBSTAT_VTAB",
2026-10-03T11:10:10.8779000Z     "ENABLE_FTS3",
2026-10-03T11:10:10.8779394Z     "ENABLE_FTS5",
2026-10-03T11:10:10.8779595Z     "ENABLE_MATH_FUNCTIONS",
2026-10-03T11:10:10.8779794Z     "ENABLE_RTREE",
2026-10-03T11:10:10.8779980Z     "MALLOC_SOFT_LIMIT=1024",
2026-10-03T11:10:10.8780185Z     "MAX_ATTACHED=10",
2026-10-03T11:10:10.8780411Z     "MAX_COLUMN=2000",
2026-10-03T11:10:10.8780608Z     "MAX_COMPOUND_SELECT=500",
2026-10-03T11:10:10.8780816Z     "MAX_DEFAULT_PAGE_SIZE=8192",
2026-10-03T11:10:10.8781030Z     "MAX_EXPR_DEPTH=1000",
2026-10-03T11:10:10.8781253Z     "MAX_FUNCTION_ARG=1000",
2026-10-03T11:10:10.8781448Z     "MAX_LENGTH=1000000000",
2026-10-03T11:10:10.8781649Z     "MAX_LIKE_PATTERN_LENGTH=50000",
2026-10-03T11:10:10.8781867Z     "MAX_MMAP_SIZE=0x7fff0000",
2026-10-03T11:10:10.8782079Z     "MAX_PAGE_COUNT=0xfffffffe",
2026-10-03T11:10:10.8782289Z     "MAX_PAGE_SIZE=65536",
2026-10-03T11:10:10.8782489Z     "MAX_SQL_LENGTH=1000000000",
2026-10-03T11:10:10.8782694Z     "MAX_TRIGGER_DEPTH=1000",
2026-10-03T11:10:10.8782905Z     "MAX_VARIABLE_NUMBER=32766",
2026-10-03T11:10:10.8783110Z     "MAX_VDBE_OP=250000000",
2026-10-03T11:10:10.8783303Z     "MAX_WORKER_THREADS=8",
2026-10-03T11:10:10.8783496Z     "MUTEX_PTHREADS",
2026-10-03T11:10:10.8784037Z     "SYSTEM_MALLOC",
2026-10-03T11:10:10.8784326Z     "TEMP_STORE=1",
2026-10-03T11:10:10.8784507Z     "THREADSAFE=1",
2026-10-03T11:10:10.8784680Z     "USE_URI"
2026-10-03T11:10:10.8784943Z   ],
2026-10-03T11:10:10.8785345Z   "python": "3.13.15",
2026-10-03T11:10:10.8785554Z   "sqlite_threadsafety": 3,
2026-10-03T11:10:10.8785759Z   "pin_verified": true,
2026-10-03T11:10:10.8786093Z   "archive_sha256": "83e6b2020a034e9a7ad4a72feea59e1ad52f162e09cbd26735a3ffb98359fc4f",
2026-10-03T11:10:10.8786581Z   "amalgamation_sha3_256": "414432ae5719f6cdc485f3927e12c7ad107e2b8c6b434e5df2eadb5312bfabb5",
2026-10-03T11:10:10.8786950Z   "loaded_shared_library_files": [
2026-10-03T11:10:10.8787158Z     {
2026-10-03T11:10:10.8787432Z       "path": "/home/runner/work/_temp/airlock-sqlite-runtime/lib/libsqlite3.so.0",
2026-10-03T11:10:10.8787836Z       "bytes": 1591216,
2026-10-03T11:10:10.8788190Z       "sha256": "f826cb46ed8fb7b0c33f603eb8b8e8cf6026031f3dc455aa87b0032cf8a9dee2"
2026-10-03T11:10:10.8788645Z     }
2026-10-03T11:10:10.8788854Z   ],
2026-10-03T11:10:10.8789085Z   "loaded_shared_libraries": [
2026-10-03T11:10:10.8789512Z     "/home/runner/work/_temp/airlock-sqlite-runtime/lib/libsqlite3.so.0"
2026-10-03T11:10:10.8789865Z   ],
2026-10-03T11:10:10.8790107Z   "build_report_verified": true,
2026-10-03T11:10:10.8790500Z   "build_report_sha256": "df942eb5a313c85336ab90b038173f4d07778024674bed89ebec429d2846269d"
2026-10-03T11:10:10.8790884Z }
2026-10-03T11:10:10.8922540Z ##[group]Run actions/setup-node@v4
2026-10-03T11:10:10.8922782Z with:
2026-10-03T11:10:10.8922957Z   node-version: 22
2026-10-03T11:10:10.8923142Z   always-auth: false
2026-10-03T11:10:10.8923329Z   check-latest: false
2026-10-03T11:10:10.8925555Z   token: ***
2026-10-03T11:10:10.8925737Z env:
2026-10-03T11:10:10.8925914Z   NEXT_TELEMETRY_DISABLED: 1
2026-10-03T11:10:10.8926190Z   pythonLocation: /opt/hostedtoolcache/Python/3.13.15/x64
2026-10-03T11:10:10.8926543Z   PKG_CONFIG_PATH: /opt/hostedtoolcache/Python/3.13.15/x64/lib/pkgconfig
2026-10-03T11:10:10.8926890Z   Python_ROOT_DIR: /opt/hostedtoolcache/Python/3.13.15/x64
2026-10-03T11:10:10.8927211Z   Python2_ROOT_DIR: /opt/hostedtoolcache/Python/3.13.15/x64
2026-10-03T11:10:10.8927522Z   Python3_ROOT_DIR: /opt/hostedtoolcache/Python/3.13.15/x64
2026-10-03T11:10:10.8927829Z   LD_LIBRARY_PATH: /opt/hostedtoolcache/Python/3.13.15/x64/lib
2026-10-03T11:10:10.8928090Z ##[endgroup]
2026-10-03T11:10:11.0089351Z Found in cache @ /opt/hostedtoolcache/node/22.23.3/x64
2026-10-03T11:10:11.0091935Z (node:2244) [DEP0040] DeprecationWarning: The `punycode` module is deprecated. Please use a userland alternative instead.
2026-10-03T11:10:11.0092776Z (Use `node --trace-deprecation ...` to show where the warning was created)
2026-10-03T11:10:11.0094106Z ##[group]Environment details
2026-10-03T11:10:11.3042842Z node: v22.23.3
2026-10-03T11:10:11.3043369Z npm: 10.9.9
2026-10-03T11:10:11.3043772Z yarn: 1.22.22
2026-10-03T11:10:11.3044429Z ##[endgroup]
2026-10-03T11:10:11.3122373Z ##[group]Run python -m pip install -r requirements-dev.txt
2026-10-03T11:10:11.3122738Z [36;1mpython -m pip install -r requirements-dev.txt[0m
2026-10-03T11:10:11.3162645Z shell: /usr/bin/bash --noprofile --norc -e -o pipefail {0}
2026-10-03T11:10:11.3162940Z env:
2026-10-03T11:10:11.3163131Z   NEXT_TELEMETRY_DISABLED: 1
2026-10-03T11:10:11.3163400Z   pythonLocation: /opt/hostedtoolcache/Python/3.13.15/x64
2026-10-03T11:10:11.3163954Z   PKG_CONFIG_PATH: /opt/hostedtoolcache/Python/3.13.15/x64/lib/pkgconfig
2026-10-03T11:10:11.3164307Z   Python_ROOT_DIR: /opt/hostedtoolcache/Python/3.13.15/x64
2026-10-03T11:10:11.3164627Z   Python2_ROOT_DIR: /opt/hostedtoolcache/Python/3.13.15/x64
2026-10-03T11:10:11.3164939Z   Python3_ROOT_DIR: /opt/hostedtoolcache/Python/3.13.15/x64
2026-10-03T11:10:11.3165249Z   LD_LIBRARY_PATH: /opt/hostedtoolcache/Python/3.13.15/x64/lib
2026-10-03T11:10:11.3165526Z ##[endgroup]
2026-10-03T11:10:11.9838688Z Collecting fastapi==0.142.2 (from -r /home/runner/work/AIRLOCK/AIRLOCK/requirements.txt (line 1))
2026-10-03T11:10:12.0560747Z   Downloading fastapi-0.142.2-py3-none-any.whl.metadata (27 kB)
2026-10-03T11:10:12.0979130Z Collecting starlette==1.7.0 (from -r /home/runner/work/AIRLOCK/AIRLOCK/requirements.txt (line 2))
2026-10-03T11:10:12.1085012Z   Downloading starlette-1.7.0-py3-none-any.whl.metadata (6.6 kB)
2026-10-03T11:10:12.2135031Z Collecting pydantic==2.13.5 (from -r /home/runner/work/AIRLOCK/AIRLOCK/requirements.txt (line 3))
2026-10-03T11:10:12.2232598Z   Downloading pydantic-2.13.5-py3-none-any.whl.metadata (110 kB)
2026-10-03T11:10:12.2667858Z Collecting uvicorn==0.48.0 (from -r /home/runner/work/AIRLOCK/AIRLOCK/requirements.txt (line 4))
2026-10-03T11:10:12.2766688Z   Downloading uvicorn-0.48.0-py3-none-any.whl.metadata (6.7 kB)
2026-10-03T11:10:12.3012852Z Collecting httpx==0.28.1 (from -r /home/runner/work/AIRLOCK/AIRLOCK/requirements.txt (line 5))
2026-10-03T11:10:12.3112287Z   Downloading httpx-0.28.1-py3-none-any.whl.metadata (7.1 kB)
2026-10-03T11:10:12.3350233Z Collecting httpcore==1.0.9 (from -r /home/runner/work/AIRLOCK/AIRLOCK/requirements.txt (line 6))
2026-10-03T11:10:12.3446903Z   Downloading httpcore-1.0.9-py3-none-any.whl.metadata (21 kB)
2026-10-03T11:10:12.3671361Z Collecting cel-python==0.4.0 (from -r /home/runner/work/AIRLOCK/AIRLOCK/requirements.txt (line 7))
2026-10-03T11:10:12.3779360Z   Downloading cel_python-0.4.0-py3-none-any.whl.metadata (8.5 kB)
2026-10-03T11:10:12.4141014Z Collecting PyYAML==6.0.3 (from -r /home/runner/work/AIRLOCK/AIRLOCK/requirements.txt (line 8))
2026-10-03T11:10:12.4237992Z   Downloading pyyaml-6.0.3-cp313-cp313-manylinux2014_x86_64.manylinux_2_17_x86_64.manylinux_2_28_x86_64.whl.metadata (2.4 kB)
2026-10-03T11:10:12.4471085Z Collecting PyJWT==2.15.1 (from -r /home/runner/work/AIRLOCK/AIRLOCK/requirements.txt (line 9))
2026-10-03T11:10:12.4568915Z   Downloading pyjwt-2.15.1-py3-none-any.whl.metadata (3.5 kB)
2026-10-03T11:10:12.6058308Z Collecting cryptography==50.0.2 (from -r /home/runner/work/AIRLOCK/AIRLOCK/requirements.txt (line 10))
2026-10-03T11:10:12.6160228Z   Downloading cryptography-50.0.2-cp311-abi3-manylinux_2_34_x86_64.whl.metadata (4.4 kB)
2026-10-03T11:10:12.7596975Z Collecting boto3==1.43.107 (from -r /home/runner/work/AIRLOCK/AIRLOCK/requirements-archive.txt (line 2))
2026-10-03T11:10:12.7693027Z   Downloading boto3-1.43.107-py3-none-any.whl.metadata (6.6 kB)
2026-10-03T11:10:12.9238645Z Collecting botocore==1.43.107 (from -r /home/runner/work/AIRLOCK/AIRLOCK/requirements-archive.txt (line 3))
2026-10-03T11:10:12.9346386Z   Downloading botocore-1.43.107-py3-none-any.whl.metadata (5.6 kB)
2026-10-03T11:10:12.9585710Z Collecting s3transfer==0.19.2 (from -r /home/runner/work/AIRLOCK/AIRLOCK/requirements-archive.txt (line 4))
2026-10-03T11:10:12.9681762Z   Downloading s3transfer-0.19.2-py3-none-any.whl.metadata (1.7 kB)
2026-10-03T11:10:12.9972469Z Collecting pytest==9.0.2 (from -r requirements-dev.txt (line 3))
2026-10-03T11:10:13.0070309Z   Downloading pytest-9.0.2-py3-none-any.whl.metadata (7.6 kB)
2026-10-03T11:10:13.0432469Z Collecting playwright==1.57.0 (from -r requirements-dev.txt (line 4))
2026-10-03T11:10:13.0530987Z   Downloading playwright-1.57.0-py3-none-manylinux1_x86_64.whl.metadata (3.5 kB)
2026-10-03T11:10:13.0767207Z Collecting mcp==1.26.0 (from -r requirements-dev.txt (line 5))
2026-10-03T11:10:13.0864963Z   Downloading mcp-1.26.0-py3-none-any.whl.metadata (89 kB)
2026-10-03T11:10:13.1150526Z Collecting pip-audit==2.10.1 (from -r requirements-dev.txt (line 6))
2026-10-03T11:10:13.1247708Z   Downloading pip_audit-2.10.1-py3-none-any.whl.metadata (28 kB)
2026-10-03T11:10:13.1521315Z Collecting typing-extensions>=4.8.0 (from fastapi==0.142.2->-r /home/runner/work/AIRLOCK/AIRLOCK/requirements.txt (line 1))
2026-10-03T11:10:13.1619874Z   Downloading typing_extensions-4.16.0-py3-none-any.whl.metadata (3.3 kB)
2026-10-03T11:10:13.1836585Z Collecting typing-inspection>=0.4.2 (from fastapi==0.142.2->-r /home/runner/work/AIRLOCK/AIRLOCK/requirements.txt (line 1))
2026-10-03T11:10:13.1932875Z   Downloading typing_inspection-0.4.4-py3-none-any.whl.metadata (2.6 kB)
2026-10-03T11:10:13.2139898Z Collecting annotated-doc>=0.0.2 (from fastapi==0.142.2->-r /home/runner/work/AIRLOCK/AIRLOCK/requirements.txt (line 1))
2026-10-03T11:10:13.2236638Z   Downloading annotated_doc-0.0.5-py3-none-any.whl.metadata (6.5 kB)
2026-10-03T11:10:13.2498032Z Collecting opentelemetry-api>=1.44.0 (from fastapi==0.142.2->-r /home/runner/work/AIRLOCK/AIRLOCK/requirements.txt (line 1))
2026-10-03T11:10:13.2595346Z   Downloading opentelemetry_api-1.45.0-py3-none-any.whl.metadata (1.4 kB)
2026-10-03T11:10:13.2846691Z Collecting anyio<5,>=4.0.0 (from starlette==1.7.0->-r /home/runner/work/AIRLOCK/AIRLOCK/requirements.txt (line 2))
2026-10-03T11:10:13.2942803Z   Downloading anyio-4.15.1-py3-none-any.whl.metadata (4.7 kB)
2026-10-03T11:10:13.3156355Z Collecting annotated-types>=0.6.0 (from pydantic==2.13.5->-r /home/runner/work/AIRLOCK/AIRLOCK/requirements.txt (line 3))
2026-10-03T11:10:13.3252961Z   Downloading annotated_types-0.8.0-py3-none-any.whl.metadata (15 kB)
2026-10-03T11:10:13.7796004Z Collecting pydantic-core==2.46.5 (from pydantic==2.13.5->-r /home/runner/work/AIRLOCK/AIRLOCK/requirements.txt (line 3))
2026-10-03T11:10:13.7896654Z   Downloading pydantic_core-2.46.5-cp313-cp313-manylinux_2_17_x86_64.manylinux2014_x86_64.whl.metadata (6.6 kB)
2026-10-03T11:10:13.8152864Z Collecting click>=7.0 (from uvicorn==0.48.0->-r /home/runner/work/AIRLOCK/AIRLOCK/requirements.txt (line 4))
2026-10-03T11:10:13.8250233Z   Downloading click-8.5.0-py3-none-any.whl.metadata (2.6 kB)
2026-10-03T11:10:13.8461225Z Collecting h11>=0.8 (from uvicorn==0.48.0->-r /home/runner/work/AIRLOCK/AIRLOCK/requirements.txt (line 4))
2026-10-03T11:10:13.8558468Z   Downloading h11-0.16.0-py3-none-any.whl.metadata (8.3 kB)
2026-10-03T11:10:13.8820933Z Collecting certifi (from httpx==0.28.1->-r /home/runner/work/AIRLOCK/AIRLOCK/requirements.txt (line 5))
2026-10-03T11:10:13.8918525Z   Downloading certifi-2026.7.22-py3-none-any.whl.metadata (2.5 kB)
2026-10-03T11:10:13.9153438Z Collecting idna (from httpx==0.28.1->-r /home/runner/work/AIRLOCK/AIRLOCK/requirements.txt (line 5))
2026-10-03T11:10:13.9250043Z   Downloading idna-3.20-py3-none-any.whl.metadata (7.2 kB)
2026-10-03T11:10:13.9748037Z Collecting google-re2>=1.1.20240702 (from cel-python==0.4.0->-r /home/runner/work/AIRLOCK/AIRLOCK/requirements.txt (line 7))
2026-10-03T11:10:13.9857164Z   Downloading google_re2-1.1.20251105-1-cp313-cp313-manylinux_2_27_x86_64.manylinux_2_28_x86_64.whl.metadata (2.4 kB)
2026-10-03T11:10:14.0062374Z Collecting jmespath>=1.0.1 (from cel-python==0.4.0->-r /home/runner/work/AIRLOCK/AIRLOCK/requirements.txt (line 7))
2026-10-03T11:10:14.0158660Z   Downloading jmespath-1.1.0-py3-none-any.whl.metadata (7.6 kB)
2026-10-03T11:10:14.0377804Z Collecting lark>=1.2.2 (from cel-python==0.4.0->-r /home/runner/work/AIRLOCK/AIRLOCK/requirements.txt (line 7))
2026-10-03T11:10:14.0474318Z   Downloading lark-1.3.1-py3-none-any.whl.metadata (1.8 kB)
2026-10-03T11:10:14.0891761Z Collecting pendulum>=3.1.0 (from cel-python==0.4.0->-r /home/runner/work/AIRLOCK/AIRLOCK/requirements.txt (line 7))
2026-10-03T11:10:14.0989556Z   Downloading pendulum-3.2.0-cp313-cp313-manylinux_2_17_x86_64.manylinux2014_x86_64.whl.metadata (6.8 kB)
2026-10-03T11:10:14.1781540Z Collecting cffi>=2.0.0 (from cryptography==50.0.2->-r /home/runner/work/AIRLOCK/AIRLOCK/requirements.txt (line 10))
2026-10-03T11:10:14.1876534Z   Downloading cffi-2.1.1-cp313-cp313-manylinux2014_x86_64.manylinux_2_17_x86_64.whl.metadata (2.5 kB)
2026-10-03T11:10:14.2176424Z Collecting python-dateutil<3.0.0,>=2.1 (from botocore==1.43.107->-r /home/runner/work/AIRLOCK/AIRLOCK/requirements-archive.txt (line 3))
2026-10-03T11:10:14.2272503Z   Downloading python_dateutil-2.9.0.post0-py2.py3-none-any.whl.metadata (8.4 kB)
2026-10-03T11:10:14.2545177Z Collecting urllib3!=2.2.0,<3,>=1.25.4 (from botocore==1.43.107->-r /home/runner/work/AIRLOCK/AIRLOCK/requirements-archive.txt (line 3))
2026-10-03T11:10:14.2641592Z   Downloading urllib3-2.8.0-py3-none-any.whl.metadata (7.4 kB)
2026-10-03T11:10:14.2927754Z Collecting iniconfig>=1.0.1 (from pytest==9.0.2->-r requirements-dev.txt (line 3))
2026-10-03T11:10:14.3026854Z   Downloading iniconfig-2.3.0-py3-none-any.whl.metadata (2.5 kB)
2026-10-03T11:10:14.3262580Z Collecting packaging>=22 (from pytest==9.0.2->-r requirements-dev.txt (line 3))
2026-10-03T11:10:14.3358593Z   Downloading packaging-26.3-py3-none-any.whl.metadata (3.5 kB)
2026-10-03T11:10:14.3574379Z Collecting pluggy<2,>=1.5 (from pytest==9.0.2->-r requirements-dev.txt (line 3))
2026-10-03T11:10:14.3670684Z   Downloading pluggy-1.6.0-py3-none-any.whl.metadata (4.8 kB)
2026-10-03T11:10:14.3924174Z Collecting pygments>=2.7.2 (from pytest==9.0.2->-r requirements-dev.txt (line 3))
2026-10-03T11:10:14.4021826Z   Downloading pygments-2.21.0-py3-none-any.whl.metadata (2.5 kB)
2026-10-03T11:10:14.4249303Z Collecting pyee<14,>=13 (from playwright==1.57.0->-r requirements-dev.txt (line 4))
2026-10-03T11:10:14.4345240Z   Downloading pyee-13.0.1-py3-none-any.whl.metadata (3.0 kB)
2026-10-03T11:10:14.5406780Z Collecting greenlet<4.0.0,>=3.1.1 (from playwright==1.57.0->-r requirements-dev.txt (line 4))
2026-10-03T11:10:14.5502165Z   Downloading greenlet-3.5.6-cp313-cp313-manylinux_2_24_x86_64.manylinux_2_28_x86_64.whl.metadata (3.8 kB)
2026-10-03T11:10:14.5721486Z Collecting httpx-sse>=0.4 (from mcp==1.26.0->-r requirements-dev.txt (line 5))
2026-10-03T11:10:14.5817598Z   Downloading httpx_sse-0.4.3-py3-none-any.whl.metadata (9.7 kB)
2026-10-03T11:10:14.6086625Z Collecting jsonschema>=4.20.0 (from mcp==1.26.0->-r requirements-dev.txt (line 5))
2026-10-03T11:10:14.6181993Z   Downloading jsonschema-4.26.0-py3-none-any.whl.metadata (7.6 kB)
2026-10-03T11:10:14.6424545Z Collecting pydantic-settings>=2.5.2 (from mcp==1.26.0->-r requirements-dev.txt (line 5))
2026-10-03T11:10:14.6520376Z   Downloading pydantic_settings-2.15.0-py3-none-any.whl.metadata (3.9 kB)
2026-10-03T11:10:14.6762797Z Collecting python-multipart>=0.0.9 (from mcp==1.26.0->-r requirements-dev.txt (line 5))
2026-10-03T11:10:14.6860008Z   Downloading python_multipart-0.0.32-py3-none-any.whl.metadata (2.1 kB)
2026-10-03T11:10:14.7105945Z Collecting sse-starlette>=1.6.1 (from mcp==1.26.0->-r requirements-dev.txt (line 5))
2026-10-03T11:10:14.7201587Z   Downloading sse_starlette-3.5.0-py3-none-any.whl.metadata (15 kB)
2026-10-03T11:10:14.8141039Z Collecting CacheControl>=0.13.0 (from CacheControl[filecache]>=0.13.0->pip-audit==2.10.1->-r requirements-dev.txt (line 6))
2026-10-03T11:10:14.8238061Z   Downloading cachecontrol-0.14.4-py3-none-any.whl.metadata (3.1 kB)
2026-10-03T11:10:15.0279896Z Collecting cyclonedx-python-lib<12,>=5 (from pip-audit==2.10.1->-r requirements-dev.txt (line 6))
2026-10-03T11:10:15.0379259Z   Downloading cyclonedx_python_lib-11.12.0-py3-none-any.whl.metadata (6.9 kB)
2026-10-03T11:10:15.0609782Z Collecting pip-api>=0.0.28 (from pip-audit==2.10.1->-r requirements-dev.txt (line 6))
2026-10-03T11:10:15.0706534Z   Downloading pip_api-0.0.35-py3-none-any.whl.metadata (17 kB)
2026-10-03T11:10:15.0923764Z Collecting pip-requirements-parser>=32.0.0 (from pip-audit==2.10.1->-r requirements-dev.txt (line 6))
2026-10-03T11:10:15.1020901Z   Downloading pip_requirements_parser-32.0.1-py3-none-any.whl.metadata (9.3 kB)
2026-10-03T11:10:15.1288596Z Collecting requests>=2.31.0 (from pip-audit==2.10.1->-r requirements-dev.txt (line 6))
2026-10-03T11:10:15.1384765Z   Downloading requests-2.34.2-py3-none-any.whl.metadata (4.8 kB)
2026-10-03T11:10:15.1706170Z Collecting rich>=12.4 (from pip-audit==2.10.1->-r requirements-dev.txt (line 6))
2026-10-03T11:10:15.1803013Z   Downloading rich-15.0.0-py3-none-any.whl.metadata (18 kB)
2026-10-03T11:10:15.2080835Z Collecting tomli>=2.2.1 (from pip-audit==2.10.1->-r requirements-dev.txt (line 6))
2026-10-03T11:10:15.2179047Z   Downloading tomli-2.4.1-cp313-cp313-manylinux2014_x86_64.manylinux_2_17_x86_64.manylinux_2_28_x86_64.whl.metadata (10 kB)
2026-10-03T11:10:15.2386753Z Collecting tomli-w>=1.2.0 (from pip-audit==2.10.1->-r requirements-dev.txt (line 6))
2026-10-03T11:10:15.2483140Z   Downloading tomli_w-1.2.0-py3-none-any.whl.metadata (5.7 kB)
2026-10-03T11:10:15.2731704Z Collecting platformdirs>=4.2.0 (from pip-audit==2.10.1->-r requirements-dev.txt (line 6))
2026-10-03T11:10:15.2829294Z   Downloading platformdirs-4.12.2-py3-none-any.whl.metadata (5.5 kB)
2026-10-03T11:10:15.3084523Z Collecting license-expression<31,>=30 (from cyclonedx-python-lib<12,>=5->pip-audit==2.10.1->-r requirements-dev.txt (line 6))
2026-10-03T11:10:15.3180797Z   Downloading license_expression-30.4.4-py3-none-any.whl.metadata (11 kB)
2026-10-03T11:10:15.3449334Z Collecting packageurl-python<2,>=0.11 (from cyclonedx-python-lib<12,>=5->pip-audit==2.10.1->-r requirements-dev.txt (line 6))
2026-10-03T11:10:15.3546138Z   Downloading packageurl_python-0.17.6-py3-none-any.whl.metadata (5.1 kB)
2026-10-03T11:10:15.3776770Z Collecting py-serializable<3.0.0,>=2.1.0 (from cyclonedx-python-lib<12,>=5->pip-audit==2.10.1->-r requirements-dev.txt (line 6))
2026-10-03T11:10:15.3874492Z   Downloading py_serializable-2.1.0-py3-none-any.whl.metadata (4.3 kB)
2026-10-03T11:10:15.4089174Z Collecting sortedcontainers<3.0.0,>=2.4.0 (from cyclonedx-python-lib<12,>=5->pip-audit==2.10.1->-r requirements-dev.txt (line 6))
2026-10-03T11:10:15.4185812Z   Downloading sortedcontainers-2.4.0-py2.py3-none-any.whl.metadata (10 kB)
2026-10-03T11:10:15.4412089Z Collecting boolean.py>=4.0 (from license-expression<31,>=30->cyclonedx-python-lib<12,>=5->pip-audit==2.10.1->-r requirements-dev.txt (line 6))
2026-10-03T11:10:15.4509705Z   Downloading boolean_py-5.0-py3-none-any.whl.metadata (2.3 kB)
2026-10-03T11:10:15.4735659Z Collecting defusedxml<0.8.0,>=0.7.1 (from py-serializable<3.0.0,>=2.1.0->cyclonedx-python-lib<12,>=5->pip-audit==2.10.1->-r requirements-dev.txt (line 6))
2026-10-03T11:10:15.4831510Z   Downloading defusedxml-0.7.1-py2.py3-none-any.whl.metadata (32 kB)
2026-10-03T11:10:15.5078514Z Collecting six>=1.5 (from python-dateutil<3.0.0,>=2.1->botocore==1.43.107->-r /home/runner/work/AIRLOCK/AIRLOCK/requirements-archive.txt (line 3))
2026-10-03T11:10:15.5175543Z   Downloading six-1.17.0-py2.py3-none-any.whl.metadata (1.7 kB)
2026-10-03T11:10:15.5819045Z Collecting msgpack<2.0.0,>=0.5.2 (from CacheControl>=0.13.0->CacheControl[filecache]>=0.13.0->pip-audit==2.10.1->-r requirements-dev.txt (line 6))
2026-10-03T11:10:15.5916859Z   Downloading msgpack-1.2.3-cp313-cp313-manylinux2014_x86_64.manylinux_2_17_x86_64.manylinux_2_28_x86_64.whl.metadata (8.3 kB)
2026-10-03T11:10:15.6206224Z Collecting filelock>=3.8.0 (from CacheControl[filecache]>=0.13.0->pip-audit==2.10.1->-r requirements-dev.txt (line 6))
2026-10-03T11:10:15.6304501Z   Downloading filelock-4.0.9-py3-none-any.whl.metadata (2.0 kB)
2026-10-03T11:10:15.6514319Z Collecting pycparser (from cffi>=2.0.0->cryptography==50.0.2->-r /home/runner/work/AIRLOCK/AIRLOCK/requirements.txt (line 10))
2026-10-03T11:10:15.6610347Z   Downloading pycparser-3.0-py3-none-any.whl.metadata (8.2 kB)
2026-10-03T11:10:15.6867966Z Collecting attrs>=22.2.0 (from jsonschema>=4.20.0->mcp==1.26.0->-r requirements-dev.txt (line 5))
2026-10-03T11:10:15.6966373Z   Downloading attrs-26.1.0-py3-none-any.whl.metadata (8.8 kB)
2026-10-03T11:10:15.7177250Z Collecting jsonschema-specifications>=2023.03.6 (from jsonschema>=4.20.0->mcp==1.26.0->-r requirements-dev.txt (line 5))
2026-10-03T11:10:15.7275779Z   Downloading jsonschema_specifications-2025.9.1-py3-none-any.whl.metadata (2.9 kB)
2026-10-03T11:10:15.7528849Z Collecting referencing>=0.28.4 (from jsonschema>=4.20.0->mcp==1.26.0->-r requirements-dev.txt (line 5))
2026-10-03T11:10:15.7625133Z   Downloading referencing-0.37.0-py3-none-any.whl.metadata (2.8 kB)
2026-10-03T11:10:16.0251003Z Collecting rpds-py>=0.25.0 (from jsonschema>=4.20.0->mcp==1.26.0->-r requirements-dev.txt (line 5))
2026-10-03T11:10:16.0348299Z   Downloading rpds_py-2026.6.3-cp313-cp313-manylinux_2_17_x86_64.manylinux2014_x86_64.whl.metadata (4.1 kB)
2026-10-03T11:10:16.0618833Z Collecting tzdata>=2020.1 (from pendulum>=3.1.0->cel-python==0.4.0->-r /home/runner/work/AIRLOCK/AIRLOCK/requirements.txt (line 7))
2026-10-03T11:10:16.0715622Z   Downloading tzdata-2026.5-py2.py3-none-any.whl.metadata (1.4 kB)
2026-10-03T11:10:16.0747065Z Requirement already satisfied: pip in /opt/hostedtoolcache/Python/3.13.15/x64/lib/python3.13/site-packages (from pip-api>=0.0.28->pip-audit==2.10.1->-r requirements-dev.txt (line 6)) (26.2.1)
2026-10-03T11:10:16.1010864Z Collecting pyparsing (from pip-requirements-parser>=32.0.0->pip-audit==2.10.1->-r requirements-dev.txt (line 6))
2026-10-03T11:10:16.1113838Z   Downloading pyparsing-3.3.3-py3-none-any.whl.metadata (5.9 kB)
2026-10-03T11:10:16.1361064Z Collecting python-dotenv>=0.21.0 (from pydantic-settings>=2.5.2->mcp==1.26.0->-r requirements-dev.txt (line 5))
2026-10-03T11:10:16.1457103Z   Downloading python_dotenv-1.2.4-py3-none-any.whl.metadata (29 kB)
2026-10-03T11:10:16.2434017Z Collecting charset_normalizer<4,>=2 (from requests>=2.31.0->pip-audit==2.10.1->-r requirements-dev.txt (line 6))
2026-10-03T11:10:16.2531057Z   Downloading charset_normalizer-3.5.2-cp313-cp313-manylinux2014_x86_64.manylinux_2_17_x86_64.manylinux_2_28_x86_64.whl.metadata (46 kB)
2026-10-03T11:10:16.2820759Z Collecting markdown-it-py>=2.2.0 (from rich>=12.4->pip-audit==2.10.1->-r requirements-dev.txt (line 6))
2026-10-03T11:10:16.2917248Z   Downloading markdown_it_py-4.2.0-py3-none-any.whl.metadata (7.4 kB)
2026-10-03T11:10:16.3148172Z Collecting mdurl~=0.1 (from markdown-it-py>=2.2.0->rich>=12.4->pip-audit==2.10.1->-r requirements-dev.txt (line 6))
2026-10-03T11:10:16.3247516Z   Downloading mdurl-0.1.2-py3-none-any.whl.metadata (1.6 kB)
2026-10-03T11:10:16.3514065Z Downloading fastapi-0.142.2-py3-none-any.whl (144 kB)
2026-10-03T11:10:16.3703065Z Downloading starlette-1.7.0-py3-none-any.whl (78 kB)
2026-10-03T11:10:16.3820524Z Downloading pydantic-2.13.5-py3-none-any.whl (472 kB)
2026-10-03T11:10:16.4100140Z Downloading uvicorn-0.48.0-py3-none-any.whl (71 kB)
2026-10-03T11:10:16.4213366Z Downloading httpx-0.28.1-py3-none-any.whl (73 kB)
2026-10-03T11:10:16.4325977Z Downloading httpcore-1.0.9-py3-none-any.whl (78 kB)
2026-10-03T11:10:16.4439339Z Downloading cel_python-0.4.0-py3-none-any.whl (85 kB)
2026-10-03T11:10:16.4555385Z Downloading pyyaml-6.0.3-cp313-cp313-manylinux2014_x86_64.manylinux_2_17_x86_64.manylinux_2_28_x86_64.whl (801 kB)
2026-10-03T11:10:16.4727030Z    ━━━━━━━━━━━━━━━━━━━━━━━━━━━━━━━━━━━━━━━━ 801.6/801.6 kB 38.4 MB/s  0:00:00
2026-10-03T11:10:16.4824528Z Downloading pyjwt-2.15.1-py3-none-any.whl (33 kB)
2026-10-03T11:10:16.4943131Z Downloading cryptography-50.0.2-cp311-abi3-manylinux_2_34_x86_64.whl (4.8 MB)
2026-10-03T11:10:16.5465669Z    ━━━━━━━━━━━━━━━━━━━━━━━━━━━━━━━━━━━━━━━━ 4.8/4.8 MB 89.6 MB/s  0:00:00
2026-10-03T11:10:16.5563475Z Downloading boto3-1.43.107-py3-none-any.whl (140 kB)
2026-10-03T11:10:16.5680988Z Downloading botocore-1.43.107-py3-none-any.whl (16.0 MB)
2026-10-03T11:10:16.6898596Z    ━━━━━━━━━━━━━━━━━━━━━━━━━━━━━━━━━━━━━━━━ 16.0/16.0 MB 131.3 MB/s  0:00:00
2026-10-03T11:10:16.6999067Z Downloading s3transfer-0.19.2-py3-none-any.whl (90 kB)
2026-10-03T11:10:16.7116794Z Downloading pytest-9.0.2-py3-none-any.whl (374 kB)
2026-10-03T11:10:16.7278863Z Downloading playwright-1.57.0-py3-none-manylinux1_x86_64.whl (46.0 MB)
2026-10-03T11:10:17.0518315Z    ━━━━━━━━━━━━━━━━━━━━━━━━━━━━━━━━━━━━━━━━ 46.0/46.0 MB 142.2 MB/s  0:00:00
2026-10-03T11:10:17.0622132Z Downloading mcp-1.26.0-py3-none-any.whl (233 kB)
2026-10-03T11:10:17.0742923Z Downloading pip_audit-2.10.1-py3-none-any.whl (62 kB)
2026-10-03T11:10:17.0859099Z Downloading pydantic_core-2.46.5-cp313-cp313-manylinux_2_17_x86_64.manylinux2014_x86_64.whl (2.1 MB)
2026-10-03T11:10:17.0996038Z    ━━━━━━━━━━━━━━━━━━━━━━━━━━━━━━━━━━━━━━━━ 2.1/2.1 MB 154.0 MB/s  0:00:00
2026-10-03T11:10:17.1094452Z Downloading anyio-4.15.1-py3-none-any.whl (132 kB)
2026-10-03T11:10:17.1212301Z Downloading cyclonedx_python_lib-11.12.0-py3-none-any.whl (529 kB)
2026-10-03T11:10:17.1263018Z    ━━━━━━━━━━━━━━━━━━━━━━━━━━━━━━━━━━━━━━━━ 529.5/529.5 kB 78.4 MB/s  0:00:00
2026-10-03T11:10:17.1364531Z Downloading greenlet-3.5.6-cp313-cp313-manylinux_2_24_x86_64.manylinux_2_28_x86_64.whl (623 kB)
2026-10-03T11:10:17.1435377Z    ━━━━━━━━━━━━━━━━━━━━━━━━━━━━━━━━━━━━━━━━ 623.8/623.8 kB 65.6 MB/s  0:00:00
2026-10-03T11:10:17.1533038Z Downloading jmespath-1.1.0-py3-none-any.whl (20 kB)
2026-10-03T11:10:17.1647397Z Downloading license_expression-30.4.4-py3-none-any.whl (120 kB)
2026-10-03T11:10:17.1762163Z Downloading packageurl_python-0.17.6-py3-none-any.whl (36 kB)
2026-10-03T11:10:17.1874333Z Downloading pluggy-1.6.0-py3-none-any.whl (20 kB)
2026-10-03T11:10:17.1990415Z Downloading py_serializable-2.1.0-py3-none-any.whl (23 kB)
2026-10-03T11:10:17.2103250Z Downloading defusedxml-0.7.1-py2.py3-none-any.whl (25 kB)
2026-10-03T11:10:17.2217152Z Downloading pyee-13.0.1-py3-none-any.whl (15 kB)
2026-10-03T11:10:17.2332221Z Downloading python_dateutil-2.9.0.post0-py2.py3-none-any.whl (229 kB)
2026-10-03T11:10:17.2449459Z Downloading sortedcontainers-2.4.0-py2.py3-none-any.whl (29 kB)
2026-10-03T11:10:17.2565840Z Downloading urllib3-2.8.0-py3-none-any.whl (135 kB)
2026-10-03T11:10:17.2680053Z Downloading annotated_doc-0.0.5-py3-none-any.whl (5.3 kB)
2026-10-03T11:10:17.2791415Z Downloading annotated_types-0.8.0-py3-none-any.whl (13 kB)
2026-10-03T11:10:17.2902428Z Downloading boolean_py-5.0-py3-none-any.whl (26 kB)
2026-10-03T11:10:17.3017027Z Downloading cachecontrol-0.14.4-py3-none-any.whl (22 kB)
2026-10-03T11:10:17.3133026Z Downloading msgpack-1.2.3-cp313-cp313-manylinux2014_x86_64.manylinux_2_17_x86_64.manylinux_2_28_x86_64.whl (466 kB)
2026-10-03T11:10:17.3271842Z Downloading cffi-2.1.1-cp313-cp313-manylinux2014_x86_64.manylinux_2_17_x86_64.whl (221 kB)
2026-10-03T11:10:17.3391318Z Downloading click-8.5.0-py3-none-any.whl (125 kB)
2026-10-03T11:10:17.3507791Z Downloading filelock-4.0.9-py3-none-any.whl (110 kB)
2026-10-03T11:10:17.3624069Z Downloading google_re2-1.1.20251105-1-cp313-cp313-manylinux_2_27_x86_64.manylinux_2_28_x86_64.whl (591 kB)
2026-10-03T11:10:17.3694060Z    ━━━━━━━━━━━━━━━━━━━━━━━━━━━━━━━━━━━━━━━━ 591.4/591.4 kB 69.5 MB/s  0:00:00
2026-10-03T11:10:17.3791856Z Downloading h11-0.16.0-py3-none-any.whl (37 kB)
2026-10-03T11:10:17.3903429Z Downloading httpx_sse-0.4.3-py3-none-any.whl (9.0 kB)
2026-10-03T11:10:17.4016066Z Downloading idna-3.20-py3-none-any.whl (69 kB)
2026-10-03T11:10:17.4132328Z Downloading iniconfig-2.3.0-py3-none-any.whl (7.5 kB)
2026-10-03T11:10:17.4247875Z Downloading jsonschema-4.26.0-py3-none-any.whl (90 kB)
2026-10-03T11:10:17.4361214Z Downloading attrs-26.1.0-py3-none-any.whl (67 kB)
2026-10-03T11:10:17.4478121Z Downloading jsonschema_specifications-2025.9.1-py3-none-any.whl (18 kB)
2026-10-03T11:10:17.4591238Z Downloading lark-1.3.1-py3-none-any.whl (113 kB)
2026-10-03T11:10:17.4706076Z Downloading opentelemetry_api-1.45.0-py3-none-any.whl (60 kB)
2026-10-03T11:10:17.4820612Z Downloading packaging-26.3-py3-none-any.whl (129 kB)
2026-10-03T11:10:17.4941036Z Downloading pendulum-3.2.0-cp313-cp313-manylinux_2_17_x86_64.manylinux2014_x86_64.whl (348 kB)
2026-10-03T11:10:17.5072709Z Downloading pip_api-0.0.35-py3-none-any.whl (123 kB)
2026-10-03T11:10:17.5187317Z Downloading pip_requirements_parser-32.0.1-py3-none-any.whl (35 kB)
2026-10-03T11:10:17.5300600Z Downloading platformdirs-4.12.2-py3-none-any.whl (32 kB)
2026-10-03T11:10:17.5413365Z Downloading pydantic_settings-2.15.0-py3-none-any.whl (69 kB)
2026-10-03T11:10:17.5530104Z Downloading pygments-2.21.0-py3-none-any.whl (1.3 MB)
2026-10-03T11:10:17.5634296Z    ━━━━━━━━━━━━━━━━━━━━━━━━━━━━━━━━━━━━━━━━ 1.3/1.3 MB 114.4 MB/s  0:00:00
2026-10-03T11:10:17.5730485Z Downloading python_dotenv-1.2.4-py3-none-any.whl (23 kB)
2026-10-03T11:10:17.5841292Z Downloading python_multipart-0.0.32-py3-none-any.whl (30 kB)
2026-10-03T11:10:17.5953143Z Downloading referencing-0.37.0-py3-none-any.whl (26 kB)
2026-10-03T11:10:17.6063432Z Downloading requests-2.34.2-py3-none-any.whl (73 kB)
2026-10-03T11:10:17.6177452Z Downloading charset_normalizer-3.5.2-cp313-cp313-manylinux2014_x86_64.manylinux_2_17_x86_64.manylinux_2_28_x86_64.whl (254 kB)
2026-10-03T11:10:17.6297338Z Downloading certifi-2026.7.22-py3-none-any.whl (136 kB)
2026-10-03T11:10:17.6412499Z Downloading rich-15.0.0-py3-none-any.whl (310 kB)
2026-10-03T11:10:17.6540935Z Downloading markdown_it_py-4.2.0-py3-none-any.whl (91 kB)
2026-10-03T11:10:17.6654453Z Downloading mdurl-0.1.2-py3-none-any.whl (10.0 kB)
2026-10-03T11:10:17.6765506Z Downloading rpds_py-2026.6.3-cp313-cp313-manylinux_2_17_x86_64.manylinux2014_x86_64.whl (365 kB)
2026-10-03T11:10:17.6890559Z Downloading six-1.17.0-py2.py3-none-any.whl (11 kB)
2026-10-03T11:10:17.7006882Z Downloading sse_starlette-3.5.0-py3-none-any.whl (17 kB)
2026-10-03T11:10:17.7120981Z Downloading tomli-2.4.1-cp313-cp313-manylinux2014_x86_64.manylinux_2_17_x86_64.manylinux_2_28_x86_64.whl (251 kB)
2026-10-03T11:10:17.7239858Z Downloading tomli_w-1.2.0-py3-none-any.whl (6.7 kB)
2026-10-03T11:10:17.7350642Z Downloading typing_extensions-4.16.0-py3-none-any.whl (45 kB)
2026-10-03T11:10:17.7461623Z Downloading typing_inspection-0.4.4-py3-none-any.whl (14 kB)
2026-10-03T11:10:17.7572356Z Downloading tzdata-2026.5-py2.py3-none-any.whl (347 kB)
2026-10-03T11:10:17.7699613Z Downloading pycparser-3.0-py3-none-any.whl (48 kB)
2026-10-03T11:10:17.7812154Z Downloading pyparsing-3.3.3-py3-none-any.whl (126 kB)
2026-10-03T11:10:18.1262076Z Installing collected packages: sortedcontainers, boolean.py, urllib3, tzdata, typing-extensions, tomli-w, tomli, six, rpds-py, PyYAML, python-multipart, python-dotenv, pyparsing, PyJWT, pygments, pycparser, pluggy, platformdirs, pip-api, packaging, packageurl-python, msgpack, mdurl, license-expression, lark, jmespath, iniconfig, idna, httpx-sse, h11, greenlet, google-re2, filelock, defusedxml, click, charset_normalizer, certifi, attrs, annotated-types, annotated-doc, uvicorn, typing-inspection, requests, referencing, python-dateutil, pytest, pyee, pydantic-core, py-serializable, pip-requirements-parser, opentelemetry-api, markdown-it-py, httpcore, cffi, anyio, starlette, rich, pydantic, playwright, pendulum, jsonschema-specifications, httpx, cyclonedx-python-lib, cryptography, CacheControl, botocore, sse-starlette, s3transfer, pydantic-settings, jsonschema, fastapi, cel-python, pip-audit, mcp, boto3
2026-10-03T11:10:22.4166474Z 
2026-10-03T11:10:22.4218050Z Successfully installed CacheControl-0.14.4 PyJWT-2.15.1 PyYAML-6.0.3 annotated-doc-0.0.5 annotated-types-0.8.0 anyio-4.15.1 attrs-26.1.0 boolean.py-5.0 boto3-1.43.107 botocore-1.43.107 cel-python-0.4.0 certifi-2026.7.22 cffi-2.1.1 charset_normalizer-3.5.2 click-8.5.0 cryptography-50.0.2 cyclonedx-python-lib-11.12.0 defusedxml-0.7.1 fastapi-0.142.2 filelock-4.0.9 google-re2-1.1.20251105 greenlet-3.5.6 h11-0.16.0 httpcore-1.0.9 httpx-0.28.1 httpx-sse-0.4.3 idna-3.20 iniconfig-2.3.0 jmespath-1.1.0 jsonschema-4.26.0 jsonschema-specifications-2025.9.1 lark-1.3.1 license-expression-30.4.4 markdown-it-py-4.2.0 mcp-1.26.0 mdurl-0.1.2 msgpack-1.2.3 opentelemetry-api-1.45.0 packageurl-python-0.17.6 packaging-26.3 pendulum-3.2.0 pip-api-0.0.35 pip-audit-2.10.1 pip-requirements-parser-32.0.1 platformdirs-4.12.2 playwright-1.57.0 pluggy-1.6.0 py-serializable-2.1.0 pycparser-3.0 pydantic-2.13.5 pydantic-core-2.46.5 pydantic-settings-2.15.0 pyee-13.0.1 pygments-2.21.0 pyparsing-3.3.3 pytest-9.0.2 python-dateutil-2.9.0.post0 python-dotenv-1.2.4 python-multipart-0.0.32 referencing-0.37.0 requests-2.34.2 rich-15.0.0 rpds-py-2026.6.3 s3transfer-0.19.2 six-1.17.0 sortedcontainers-2.4.0 sse-starlette-3.5.0 starlette-1.7.0 tomli-2.4.1 tomli-w-1.2.0 typing-extensions-4.16.0 typing-inspection-0.4.4 tzdata-2026.5 urllib3-2.8.0 uvicorn-0.48.0
2026-10-03T11:10:22.5789968Z ##[group]Run npm ci
2026-10-03T11:10:22.5790224Z [36;1mnpm ci[0m
2026-10-03T11:10:22.5825983Z shell: /usr/bin/bash --noprofile --norc -e -o pipefail {0}
2026-10-03T11:10:22.5826280Z env:
2026-10-03T11:10:22.5826470Z   NEXT_TELEMETRY_DISABLED: 1
2026-10-03T11:10:22.5826737Z   pythonLocation: /opt/hostedtoolcache/Python/3.13.15/x64
2026-10-03T11:10:22.5827083Z   PKG_CONFIG_PATH: /opt/hostedtoolcache/Python/3.13.15/x64/lib/pkgconfig
2026-10-03T11:10:22.5827445Z   Python_ROOT_DIR: /opt/hostedtoolcache/Python/3.13.15/x64
2026-10-03T11:10:22.5827751Z   Python2_ROOT_DIR: /opt/hostedtoolcache/Python/3.13.15/x64
2026-10-03T11:10:22.5828058Z   Python3_ROOT_DIR: /opt/hostedtoolcache/Python/3.13.15/x64
2026-10-03T11:10:22.5828363Z   LD_LIBRARY_PATH: /opt/hostedtoolcache/Python/3.13.15/x64/lib
2026-10-03T11:10:22.5828625Z ##[endgroup]
2026-10-03T11:10:28.1700028Z 
2026-10-03T11:10:28.1700954Z added 24 packages, and audited 25 packages in 6s
2026-10-03T11:10:28.1701401Z 
2026-10-03T11:10:28.1701950Z 6 packages are looking for funding
2026-10-03T11:10:28.1702389Z   run `npm fund` for details
2026-10-03T11:10:28.1707651Z 
2026-10-03T11:10:28.1707958Z found 0 vulnerabilities
2026-10-03T11:10:28.1956883Z ##[group]Run python scripts/run_logged.py evidence/next-build.log -- npm run build
2026-10-03T11:10:28.1957377Z [36;1mpython scripts/run_logged.py evidence/next-build.log -- npm run build[0m
2026-10-03T11:10:28.1993738Z shell: /usr/bin/bash --noprofile --norc -e -o pipefail {0}
2026-10-03T11:10:28.1994081Z env:
2026-10-03T11:10:28.1994274Z   NEXT_TELEMETRY_DISABLED: 1
2026-10-03T11:10:28.1994543Z   pythonLocation: /opt/hostedtoolcache/Python/3.13.15/x64
2026-10-03T11:10:28.1994887Z   PKG_CONFIG_PATH: /opt/hostedtoolcache/Python/3.13.15/x64/lib/pkgconfig
2026-10-03T11:10:28.1995227Z   Python_ROOT_DIR: /opt/hostedtoolcache/Python/3.13.15/x64
2026-10-03T11:10:28.1995542Z   Python2_ROOT_DIR: /opt/hostedtoolcache/Python/3.13.15/x64
2026-10-03T11:10:28.1995844Z   Python3_ROOT_DIR: /opt/hostedtoolcache/Python/3.13.15/x64
2026-10-03T11:10:28.1996149Z   LD_LIBRARY_PATH: /opt/hostedtoolcache/Python/3.13.15/x64/lib
2026-10-03T11:10:28.1996411Z ##[endgroup]
2026-10-03T11:10:40.2616685Z 
2026-10-03T11:10:40.2617347Z > airlock-review-console@0.1.0 build
2026-10-03T11:10:40.2617805Z > next build frontend --webpack && node scripts/package_console.mjs
2026-10-03T11:10:40.2618039Z 
2026-10-03T11:10:40.2618371Z ▲ Next.js 16.3.8 (webpack)
2026-10-03T11:10:40.2618677Z ✓ Running next.config.mjs took 9ms
2026-10-03T11:10:40.2619335Z ⚠ No build cache found. Please configure build caching for faster rebuilds. Read more: https://nextjs.org/docs/messages/no-cache
2026-10-03T11:10:40.2619698Z 
2026-10-03T11:10:40.2619841Z   Creating an optimized production build ...
2026-10-03T11:10:40.2620158Z ✓ Compiled successfully in 3.7s
2026-10-03T11:10:40.2620387Z   Running TypeScript ...
2026-10-03T11:10:40.2620620Z   Finished TypeScript in 1ms ...
2026-10-03T11:10:40.2620884Z   Collecting page data using 3 workers ...
2026-10-03T11:10:40.2621174Z   Generating static pages using 3 workers (0/3) ...
2026-10-03T11:10:40.2621570Z ✓ Generating static pages using 3 workers (3/3) in 353ms
2026-10-03T11:10:40.2621869Z   Finalizing page optimization ...
2026-10-03T11:10:40.2622098Z   Collecting build traces ...
2026-10-03T11:10:40.2622233Z 
2026-10-03T11:10:40.2622316Z Route (app)
2026-10-03T11:10:40.2622502Z ┌ ○ /
2026-10-03T11:10:40.2622692Z └ ○ /_not-found
2026-10-03T11:10:40.2623019Z 
2026-10-03T11:10:40.2623025Z 
2026-10-03T11:10:40.2623193Z ○  (Static)  prerendered as static content
2026-10-03T11:10:40.2623354Z 
2026-10-03T11:10:40.2624029Z {"framework":"Next.js static export","inline_script_hashes":2,"destination":"/home/runner/work/AIRLOCK/AIRLOCK/airlock/console"}
2026-10-03T11:10:40.2743117Z ##[group]Run python scripts/run_logged.py evidence/npm-audit.log -- npm audit --omit=dev
2026-10-03T11:10:40.2743801Z [36;1mpython scripts/run_logged.py evidence/npm-audit.log -- npm audit --omit=dev[0m
2026-10-03T11:10:40.2780383Z shell: /usr/bin/bash --noprofile --norc -e -o pipefail {0}
2026-10-03T11:10:40.2780687Z env:
2026-10-03T11:10:40.2780883Z   NEXT_TELEMETRY_DISABLED: 1
2026-10-03T11:10:40.2781161Z   pythonLocation: /opt/hostedtoolcache/Python/3.13.15/x64
2026-10-03T11:10:40.2781512Z   PKG_CONFIG_PATH: /opt/hostedtoolcache/Python/3.13.15/x64/lib/pkgconfig
2026-10-03T11:10:40.2781865Z   Python_ROOT_DIR: /opt/hostedtoolcache/Python/3.13.15/x64
2026-10-03T11:10:40.2782212Z   Python2_ROOT_DIR: /opt/hostedtoolcache/Python/3.13.15/x64
2026-10-03T11:10:40.2782665Z   Python3_ROOT_DIR: /opt/hostedtoolcache/Python/3.13.15/x64
2026-10-03T11:10:40.2782983Z   LD_LIBRARY_PATH: /opt/hostedtoolcache/Python/3.13.15/x64/lib
2026-10-03T11:10:40.2783262Z ##[endgroup]
2026-10-03T11:10:40.6134514Z found 0 vulnerabilities
2026-10-03T11:10:40.6256631Z ##[group]Run python scripts/run_logged.py evidence/pytest.log -- python -m pytest -q --junitxml=evidence/pytest.xml
2026-10-03T11:10:40.6257617Z [36;1mpython scripts/run_logged.py evidence/pytest.log -- python -m pytest -q --junitxml=evidence/pytest.xml[0m
2026-10-03T11:10:40.6305183Z shell: /usr/bin/bash --noprofile --norc -e -o pipefail {0}
2026-10-03T11:10:40.6305620Z env:
2026-10-03T11:10:40.6305875Z   NEXT_TELEMETRY_DISABLED: 1
2026-10-03T11:10:40.6306258Z   pythonLocation: /opt/hostedtoolcache/Python/3.13.15/x64
2026-10-03T11:10:40.6306790Z   PKG_CONFIG_PATH: /opt/hostedtoolcache/Python/3.13.15/x64/lib/pkgconfig
2026-10-03T11:10:40.6307307Z   Python_ROOT_DIR: /opt/hostedtoolcache/Python/3.13.15/x64
2026-10-03T11:10:40.6307810Z   Python2_ROOT_DIR: /opt/hostedtoolcache/Python/3.13.15/x64
2026-10-03T11:10:40.6308300Z   Python3_ROOT_DIR: /opt/hostedtoolcache/Python/3.13.15/x64
2026-10-03T11:10:40.6308786Z   LD_LIBRARY_PATH: /opt/hostedtoolcache/Python/3.13.15/x64/lib
2026-10-03T11:10:40.6309243Z ##[endgroup]
2026-10-03T11:12:38.8542951Z ........................................................................ [ 10%]
2026-10-03T11:12:38.8545235Z ........................................................................ [ 20%]
2026-10-03T11:12:38.8547126Z ........................................................................ [ 31%]
2026-10-03T11:12:38.8554674Z ........................................................................ [ 41%]
2026-10-03T11:12:38.8555232Z ........................................................................ [ 52%]
2026-10-03T11:12:38.8555733Z ........................................................................ [ 62%]
2026-10-03T11:12:38.8556129Z ........................................................................ [ 73%]
2026-10-03T11:12:38.8556490Z ........................................................................ [ 83%]
2026-10-03T11:12:38.8556847Z ........................................................................ [ 94%]
2026-10-03T11:12:38.8557215Z .......................................                                  [100%]
2026-10-03T11:12:38.8557591Z =============================== warnings summary ===============================
2026-10-03T11:12:38.8558134Z ../../../../../opt/hostedtoolcache/Python/3.13.15/x64/lib/python3.13/site-packages/fastapi/testclient.py:1
2026-10-03T11:12:38.8559055Z   /opt/hostedtoolcache/Python/3.13.15/x64/lib/python3.13/site-packages/fastapi/testclient.py:1: StarletteDeprecationWarning: Using `httpx` with `starlette.testclient` is deprecated; install `httpx2` instead.
2026-10-03T11:12:38.8559821Z     from starlette.testclient import TestClient as TestClient  # noqa
2026-10-03T11:12:38.8560303Z 
2026-10-03T11:12:38.8560535Z -- Docs: https://docs.pytest.org/en/stable/how-to/capture-warnings.html
2026-10-03T11:12:38.8560961Z 687 passed, 1 warning in 117.00s (0:01:56)
2026-10-03T11:12:38.8671216Z ##[group]Run python scripts/run_logged.py evidence/acceptance-matrix.log -- python docs/acceptance/validate_matrix.py
2026-10-03T11:12:38.8671944Z [36;1mpython scripts/run_logged.py evidence/acceptance-matrix.log -- python docs/acceptance/validate_matrix.py[0m
2026-10-03T11:12:38.8707546Z shell: /usr/bin/bash --noprofile --norc -e -o pipefail {0}
2026-10-03T11:12:38.8707851Z env:
2026-10-03T11:12:38.8708046Z   NEXT_TELEMETRY_DISABLED: 1
2026-10-03T11:12:38.8708318Z   pythonLocation: /opt/hostedtoolcache/Python/3.13.15/x64
2026-10-03T11:12:38.8708673Z   PKG_CONFIG_PATH: /opt/hostedtoolcache/Python/3.13.15/x64/lib/pkgconfig
2026-10-03T11:12:38.8709035Z   Python_ROOT_DIR: /opt/hostedtoolcache/Python/3.13.15/x64
2026-10-03T11:12:38.8709348Z   Python2_ROOT_DIR: /opt/hostedtoolcache/Python/3.13.15/x64
2026-10-03T11:12:38.8709672Z   Python3_ROOT_DIR: /opt/hostedtoolcache/Python/3.13.15/x64
2026-10-03T11:12:38.8709986Z   LD_LIBRARY_PATH: /opt/hostedtoolcache/Python/3.13.15/x64/lib
2026-10-03T11:12:38.8710294Z ##[endgroup]
2026-10-03T11:12:39.0305467Z {"target_records": 126, "unique_receipts_checked": 30, "counts": {"implementation": {"IMPLEMENTED": 111, "PARTIAL": 15}, "verification": {"PASS": 105, "BLOCKED_EXTERNAL": 21}}, "original_goals_all_satisfied": false, "meaning": "bidirectional structure and provenance only; not functional or human acceptance"}
2026-10-03T11:12:39.0417758Z ##[group]Run python scripts/run_logged.py evidence/frontend-check.log -- npm run check
2026-10-03T11:12:39.0418268Z [36;1mpython scripts/run_logged.py evidence/frontend-check.log -- npm run check[0m
2026-10-03T11:12:39.0451007Z shell: /usr/bin/bash --noprofile --norc -e -o pipefail {0}
2026-10-03T11:12:39.0451306Z env:
2026-10-03T11:12:39.0451499Z   NEXT_TELEMETRY_DISABLED: 1
2026-10-03T11:12:39.0451766Z   pythonLocation: /opt/hostedtoolcache/Python/3.13.15/x64
2026-10-03T11:12:39.0452131Z   PKG_CONFIG_PATH: /opt/hostedtoolcache/Python/3.13.15/x64/lib/pkgconfig
2026-10-03T11:12:39.0452483Z   Python_ROOT_DIR: /opt/hostedtoolcache/Python/3.13.15/x64
2026-10-03T11:12:39.0452801Z   Python2_ROOT_DIR: /opt/hostedtoolcache/Python/3.13.15/x64
2026-10-03T11:12:39.0453105Z   Python3_ROOT_DIR: /opt/hostedtoolcache/Python/3.13.15/x64
2026-10-03T11:12:39.0453413Z   LD_LIBRARY_PATH: /opt/hostedtoolcache/Python/3.13.15/x64/lib
2026-10-03T11:12:39.0453854Z ##[endgroup]
2026-10-03T11:12:39.2785665Z 
2026-10-03T11:12:39.2786111Z > airlock-review-console@0.1.0 check
2026-10-03T11:12:39.2787271Z > node --check airlock/static/app.js && node --check airlock/static/review.js && node --check airlock/static/api.js && node --check airlock/static/lib.js && node --check airlock/static/governance.js && node --check airlock/static/study.js
2026-10-03T11:12:39.2787929Z 
2026-10-03T11:12:39.2900717Z ##[group]Run python scripts/run_logged.py evidence/frontend-tests.log -- npm test
2026-10-03T11:12:39.2901209Z [36;1mpython scripts/run_logged.py evidence/frontend-tests.log -- npm test[0m
2026-10-03T11:12:39.2933363Z shell: /usr/bin/bash --noprofile --norc -e -o pipefail {0}
2026-10-03T11:12:39.2933829Z env:
2026-10-03T11:12:39.2934026Z   NEXT_TELEMETRY_DISABLED: 1
2026-10-03T11:12:39.2934298Z   pythonLocation: /opt/hostedtoolcache/Python/3.13.15/x64
2026-10-03T11:12:39.2934650Z   PKG_CONFIG_PATH: /opt/hostedtoolcache/Python/3.13.15/x64/lib/pkgconfig
2026-10-03T11:12:39.2934995Z   Python_ROOT_DIR: /opt/hostedtoolcache/Python/3.13.15/x64
2026-10-03T11:12:39.2935318Z   Python2_ROOT_DIR: /opt/hostedtoolcache/Python/3.13.15/x64
2026-10-03T11:12:39.2935639Z   Python3_ROOT_DIR: /opt/hostedtoolcache/Python/3.13.15/x64
2026-10-03T11:12:39.2935950Z   LD_LIBRARY_PATH: /opt/hostedtoolcache/Python/3.13.15/x64/lib
2026-10-03T11:12:39.2936213Z ##[endgroup]
2026-10-03T11:12:39.4739675Z 
2026-10-03T11:12:39.4740343Z > airlock-review-console@0.1.0 test
2026-10-03T11:12:39.4740895Z > node --test tests-js/*.test.js
2026-10-03T11:12:39.4741370Z 
2026-10-03T11:12:39.4741481Z TAP version 13
2026-10-03T11:12:39.4741999Z # Subtest: visibility timing excludes background and unselected periods
2026-10-03T11:12:39.4742718Z ok 1 - visibility timing excludes background and unselected periods
2026-10-03T11:12:39.4743015Z   ---
2026-10-03T11:12:39.4743209Z   duration_ms: 0.605905
2026-10-03T11:12:39.4743413Z   type: 'test'
2026-10-03T11:12:39.4743893Z   ...
2026-10-03T11:12:39.4744305Z # Subtest: approval requires exact scope phrase and reason
2026-10-03T11:12:39.4744686Z ok 2 - approval requires exact scope phrase and reason
2026-10-03T11:12:39.4744944Z   ---
2026-10-03T11:12:39.4745128Z   duration_ms: 0.187676
2026-10-03T11:12:39.4745328Z   type: 'test'
2026-10-03T11:12:39.4745507Z   ...
2026-10-03T11:12:39.4745807Z # Subtest: SSE framing survives partial chunks, CRLF and heartbeats
2026-10-03T11:12:39.4746221Z ok 3 - SSE framing survives partial chunks, CRLF and heartbeats
2026-10-03T11:12:39.4746494Z   ---
2026-10-03T11:12:39.4746665Z   duration_ms: 0.750687
2026-10-03T11:12:39.4746857Z   type: 'test'
2026-10-03T11:12:39.4747032Z   ...
2026-10-03T11:12:39.4747241Z # Subtest: oversized event rejected
2026-10-03T11:12:39.4747510Z ok 4 - oversized event rejected
2026-10-03T11:12:39.4747708Z   ---
2026-10-03T11:12:39.4747881Z   duration_ms: 0.96003
2026-10-03T11:12:39.4748071Z   type: 'test'
2026-10-03T11:12:39.4748245Z   ...
2026-10-03T11:12:39.4748468Z # Subtest: countdown clamps expired actions
2026-10-03T11:12:39.4748759Z ok 5 - countdown clamps expired actions
2026-10-03T11:12:39.4748988Z   ---
2026-10-03T11:12:39.4749159Z   duration_ms: 0.196849
2026-10-03T11:12:39.4749350Z   type: 'test'
2026-10-03T11:12:39.4749523Z   ...
2026-10-03T11:12:39.4749831Z # Subtest: latency formatting keeps number and unit together on mobile
2026-10-03T11:12:39.4750240Z ok 6 - latency formatting keeps number and unit together on mobile
2026-10-03T11:12:39.4750518Z   ---
2026-10-03T11:12:39.4750686Z   duration_ms: 0.118063
2026-10-03T11:12:39.4750876Z   type: 'test'
2026-10-03T11:12:39.4751040Z   ...
2026-10-03T11:12:39.4751198Z 1..6
2026-10-03T11:12:39.4751358Z # tests 6
2026-10-03T11:12:39.4751526Z # suites 0
2026-10-03T11:12:39.4751693Z # pass 6
2026-10-03T11:12:39.4751858Z # fail 0
2026-10-03T11:12:39.4752028Z # cancelled 0
2026-10-03T11:12:39.4752201Z # skipped 0
2026-10-03T11:12:39.4752365Z # todo 0
2026-10-03T11:12:39.4752542Z # duration_ms 46.526323
2026-10-03T11:12:39.4853436Z ##[group]Run python -m benchmark.generate
2026-10-03T11:12:39.4854080Z [36;1mpython -m benchmark.generate[0m
2026-10-03T11:12:39.4886424Z shell: /usr/bin/bash --noprofile --norc -e -o pipefail {0}
2026-10-03T11:12:39.4886723Z env:
2026-10-03T11:12:39.4886913Z   NEXT_TELEMETRY_DISABLED: 1
2026-10-03T11:12:39.4887180Z   pythonLocation: /opt/hostedtoolcache/Python/3.13.15/x64
2026-10-03T11:12:39.4887526Z   PKG_CONFIG_PATH: /opt/hostedtoolcache/Python/3.13.15/x64/lib/pkgconfig
2026-10-03T11:12:39.4887874Z   Python_ROOT_DIR: /opt/hostedtoolcache/Python/3.13.15/x64
2026-10-03T11:12:39.4888203Z   Python2_ROOT_DIR: /opt/hostedtoolcache/Python/3.13.15/x64
2026-10-03T11:12:39.4888508Z   Python3_ROOT_DIR: /opt/hostedtoolcache/Python/3.13.15/x64
2026-10-03T11:12:39.4888819Z   LD_LIBRARY_PATH: /opt/hostedtoolcache/Python/3.13.15/x64/lib
2026-10-03T11:12:39.4889090Z ##[endgroup]
2026-10-03T11:12:39.5196151Z {"sha256": "243854b51e7039324de4c31fa7a67af1a98ddc48b9c9edfbbac581a2c2f73af7", "cases": 200, "families": 40, "dev_cases": 120, "test_cases": 80, "source": "synthetic only", "independent_annotators": 0, "human_experiment": "not_run"}
2026-10-03T11:12:39.5262703Z ##[group]Run cp benchmark/cases.jsonl evidence/synthetic-cases.jsonl
2026-10-03T11:12:39.5263317Z [36;1mcp benchmark/cases.jsonl evidence/synthetic-cases.jsonl[0m
2026-10-03T11:12:39.5303796Z shell: /usr/bin/bash --noprofile --norc -e -o pipefail {0}
2026-10-03T11:12:39.5304185Z env:
2026-10-03T11:12:39.5304435Z   NEXT_TELEMETRY_DISABLED: 1
2026-10-03T11:12:39.5304824Z   pythonLocation: /opt/hostedtoolcache/Python/3.13.15/x64
2026-10-03T11:12:39.5305544Z   PKG_CONFIG_PATH: /opt/hostedtoolcache/Python/3.13.15/x64/lib/pkgconfig
2026-10-03T11:12:39.5306045Z   Python_ROOT_DIR: /opt/hostedtoolcache/Python/3.13.15/x64
2026-10-03T11:12:39.5306483Z   Python2_ROOT_DIR: /opt/hostedtoolcache/Python/3.13.15/x64
2026-10-03T11:12:39.5306976Z   Python3_ROOT_DIR: /opt/hostedtoolcache/Python/3.13.15/x64
2026-10-03T11:12:39.5307446Z   LD_LIBRARY_PATH: /opt/hostedtoolcache/Python/3.13.15/x64/lib
2026-10-03T11:12:39.5307844Z ##[endgroup]
2026-10-03T11:12:39.5411006Z ##[group]Run python scripts/run_logged.py evidence/benchmark-dev.log -- python -m benchmark.evaluate --split dev --tuning --output evidence/benchmark-dev.json
2026-10-03T11:12:39.5412314Z [36;1mpython scripts/run_logged.py evidence/benchmark-dev.log -- python -m benchmark.evaluate --split dev --tuning --output evidence/benchmark-dev.json[0m
2026-10-03T11:12:39.5448579Z shell: /usr/bin/bash --noprofile --norc -e -o pipefail {0}
2026-10-03T11:12:39.5448879Z env:
2026-10-03T11:12:39.5449081Z   NEXT_TELEMETRY_DISABLED: 1
2026-10-03T11:12:39.5449356Z   pythonLocation: /opt/hostedtoolcache/Python/3.13.15/x64
2026-10-03T11:12:39.5449745Z   PKG_CONFIG_PATH: /opt/hostedtoolcache/Python/3.13.15/x64/lib/pkgconfig
2026-10-03T11:12:39.5450096Z   Python_ROOT_DIR: /opt/hostedtoolcache/Python/3.13.15/x64
2026-10-03T11:12:39.5450419Z   Python2_ROOT_DIR: /opt/hostedtoolcache/Python/3.13.15/x64
2026-10-03T11:12:39.5450726Z   Python3_ROOT_DIR: /opt/hostedtoolcache/Python/3.13.15/x64
2026-10-03T11:12:39.5451182Z   LD_LIBRARY_PATH: /opt/hostedtoolcache/Python/3.13.15/x64/lib
2026-10-03T11:12:39.5451544Z ##[endgroup]
2026-10-03T11:12:41.9022735Z {
2026-10-03T11:12:41.9023424Z   "recorded_at_utc": "2026-10-03T11:12:41.852150+00:00",
2026-10-03T11:12:41.9024184Z   "split": "dev",
2026-10-03T11:12:41.9024761Z   "corpus_sha256": "243854b51e7039324de4c31fa7a67af1a98ddc48b9c9edfbbac581a2c2f73af7",
2026-10-03T11:12:41.9025288Z   "python": "3.13.15",
2026-10-03T11:12:41.9025557Z   "sqlite": "3.53.1",
2026-10-03T11:12:41.9025953Z   "cases": 120,
2026-10-03T11:12:41.9026152Z   "families": 24,
2026-10-03T11:12:41.9026349Z   "keyword_baseline": {
2026-10-03T11:12:41.9026582Z     "exact_accuracy": 0.5833333333333334,
2026-10-03T11:12:41.9026855Z     "policy_gating_recall": 0.7222222222222222,
2026-10-03T11:12:41.9027281Z     "supported_read_fpr": 0.5,
2026-10-03T11:12:41.9027623Z     "supported_write_interception": 1.0,
2026-10-03T11:12:41.9028030Z     "denominators": {
2026-10-03T11:12:41.9028219Z       "all": 120,
2026-10-03T11:12:41.9028417Z       "requires_gate": 90,
2026-10-03T11:12:41.9028625Z       "supported_reads": 30,
2026-10-03T11:12:41.9028841Z       "supported_writes": 40
2026-10-03T11:12:41.9029043Z     },
2026-10-03T11:12:41.9029216Z     "confusion": {
2026-10-03T11:12:41.9029414Z       "pass -> block": 5,
2026-10-03T11:12:41.9029644Z       "pass -> need_approval": 10,
2026-10-03T11:12:41.9029869Z       "pass -> pass": 15,
2026-10-03T11:12:41.9030110Z       "need_approval -> need_approval": 40,
2026-10-03T11:12:41.9030352Z       "block -> block": 15,
2026-10-03T11:12:41.9030556Z       "block -> pass": 25,
2026-10-03T11:12:41.9030777Z       "block -> need_approval": 10
2026-10-03T11:12:41.9030982Z     }
2026-10-03T11:12:41.9031144Z   },
2026-10-03T11:12:41.9031315Z   "airlock": {
2026-10-03T11:12:41.9031498Z     "exact_accuracy": 1.0,
2026-10-03T11:12:41.9031720Z     "policy_gating_recall": 1.0,
2026-10-03T11:12:41.9031951Z     "supported_read_fpr": 0.0,
2026-10-03T11:12:41.9032196Z     "supported_write_interception": 1.0,
2026-10-03T11:12:41.9032426Z     "denominators": {
2026-10-03T11:12:41.9032621Z       "all": 120,
2026-10-03T11:12:41.9032807Z       "requires_gate": 90,
2026-10-03T11:12:41.9033009Z       "supported_reads": 30,
2026-10-03T11:12:41.9033214Z       "supported_writes": 40
2026-10-03T11:12:41.9033408Z     },
2026-10-03T11:12:41.9033745Z     "confusion": {
2026-10-03T11:12:41.9034088Z       "pass -> pass": 30,
2026-10-03T11:12:41.9034325Z       "need_approval -> need_approval": 40,
2026-10-03T11:12:41.9034829Z       "block -> block": 50
2026-10-03T11:12:41.9035017Z     }
2026-10-03T11:12:41.9035221Z   },
2026-10-03T11:12:41.9035584Z   "impact_exact_match_count": 40,
2026-10-03T11:12:41.9035827Z   "impact_denominator": 40,
2026-10-03T11:12:41.9036099Z   "evaluation_p95_ms": 9.332,
2026-10-03T11:12:41.9036400Z   "static_p95_ms": 0.071,
2026-10-03T11:12:41.9036674Z   "preview_p95_ms": 11.469,
2026-10-03T11:12:41.9036958Z   "pure_llm": "not_run",
2026-10-03T11:12:41.9037625Z   "hybrid_llm": "not_run_use_benchmark.ablation_with_authorization",
2026-10-03T11:12:41.9038099Z   "human_ab": "not_run",
2026-10-03T11:12:41.9038386Z   "cohens_kappa": null,
2026-10-03T11:12:41.9038755Z   "limitations": [
2026-10-03T11:12:41.9038978Z     "synthetic authored cases only",
2026-10-03T11:12:41.9039269Z     "correlated variants, only 40 families total",
2026-10-03T11:12:41.9039672Z     "author saw all templates; family split is not independent external validation",
2026-10-03T11:12:41.9040311Z     "gate recall includes unsupported/invalid statements, not a real-world danger recall",
2026-10-03T11:12:41.9041014Z     "latency excludes network and human review; this is a bounded 1206-row SQLite demo"
2026-10-03T11:12:41.9041354Z   ]
2026-10-03T11:12:41.9041808Z }
2026-10-03T11:12:41.9147935Z ##[group]Run python scripts/run_logged.py evidence/benchmark-test.log -- python -m benchmark.evaluate --split test --output evidence/benchmark-test.json
2026-10-03T11:12:41.9148836Z [36;1mpython scripts/run_logged.py evidence/benchmark-test.log -- python -m benchmark.evaluate --split test --output evidence/benchmark-test.json[0m
2026-10-03T11:12:41.9185297Z shell: /usr/bin/bash --noprofile --norc -e -o pipefail {0}
2026-10-03T11:12:41.9185657Z env:
2026-10-03T11:12:41.9185967Z   NEXT_TELEMETRY_DISABLED: 1
2026-10-03T11:12:41.9186293Z   pythonLocation: /opt/hostedtoolcache/Python/3.13.15/x64
2026-10-03T11:12:41.9186715Z   PKG_CONFIG_PATH: /opt/hostedtoolcache/Python/3.13.15/x64/lib/pkgconfig
2026-10-03T11:12:41.9187182Z   Python_ROOT_DIR: /opt/hostedtoolcache/Python/3.13.15/x64
2026-10-03T11:12:41.9187572Z   Python2_ROOT_DIR: /opt/hostedtoolcache/Python/3.13.15/x64
2026-10-03T11:12:41.9187964Z   Python3_ROOT_DIR: /opt/hostedtoolcache/Python/3.13.15/x64
2026-10-03T11:12:41.9188396Z   LD_LIBRARY_PATH: /opt/hostedtoolcache/Python/3.13.15/x64/lib
2026-10-03T11:12:41.9188766Z ##[endgroup]
2026-10-03T11:12:43.5094825Z {
2026-10-03T11:12:43.5095402Z   "recorded_at_utc": "2026-10-03T11:12:43.458128+00:00",
2026-10-03T11:12:43.5095777Z   "split": "test",
2026-10-03T11:12:43.5096268Z   "corpus_sha256": "243854b51e7039324de4c31fa7a67af1a98ddc48b9c9edfbbac581a2c2f73af7",
2026-10-03T11:12:43.5096742Z   "python": "3.13.15",
2026-10-03T11:12:43.5097018Z   "sqlite": "3.53.1",
2026-10-03T11:12:43.5097283Z   "cases": 80,
2026-10-03T11:12:43.5097550Z   "families": 16,
2026-10-03T11:12:43.5097848Z   "keyword_baseline": {
2026-10-03T11:12:43.5098149Z     "exact_accuracy": 0.75,
2026-10-03T11:12:43.5098458Z     "policy_gating_recall": 0.8,
2026-10-03T11:12:43.5098812Z     "supported_read_fpr": 0.0,
2026-10-03T11:12:43.5099145Z     "supported_write_interception": 1.0,
2026-10-03T11:12:43.5099484Z     "denominators": {
2026-10-03T11:12:43.5099993Z       "all": 80,
2026-10-03T11:12:43.5100258Z       "requires_gate": 50,
2026-10-03T11:12:43.5100535Z       "supported_reads": 30,
2026-10-03T11:12:43.5100821Z       "supported_writes": 20
2026-10-03T11:12:43.5101118Z     },
2026-10-03T11:12:43.5101398Z     "confusion": {
2026-10-03T11:12:43.5101659Z       "pass -> pass": 30,
2026-10-03T11:12:43.5101967Z       "need_approval -> need_approval": 20,
2026-10-03T11:12:43.5102286Z       "block -> block": 10,
2026-10-03T11:12:43.5102607Z       "block -> need_approval": 10,
2026-10-03T11:12:43.5102909Z       "block -> pass": 10
2026-10-03T11:12:43.5103186Z     }
2026-10-03T11:12:43.5103419Z   },
2026-10-03T11:12:43.5103971Z   "airlock": {
2026-10-03T11:12:43.5104228Z     "exact_accuracy": 1.0,
2026-10-03T11:12:43.5104536Z     "policy_gating_recall": 1.0,
2026-10-03T11:12:43.5105080Z     "supported_read_fpr": 0.0,
2026-10-03T11:12:43.5105438Z     "supported_write_interception": 1.0,
2026-10-03T11:12:43.5105772Z     "denominators": {
2026-10-03T11:12:43.5106057Z       "all": 80,
2026-10-03T11:12:43.5106325Z       "requires_gate": 50,
2026-10-03T11:12:43.5106597Z       "supported_reads": 30,
2026-10-03T11:12:43.5106899Z       "supported_writes": 20
2026-10-03T11:12:43.5107192Z     },
2026-10-03T11:12:43.5107427Z     "confusion": {
2026-10-03T11:12:43.5107691Z       "pass -> pass": 30,
2026-10-03T11:12:43.5107989Z       "need_approval -> need_approval": 20,
2026-10-03T11:12:43.5108326Z       "block -> block": 30
2026-10-03T11:12:43.5108615Z     }
2026-10-03T11:12:43.5108848Z   },
2026-10-03T11:12:43.5109122Z   "impact_exact_match_count": 20,
2026-10-03T11:12:43.5109410Z   "impact_denominator": 20,
2026-10-03T11:12:43.5109670Z   "evaluation_p95_ms": 9.037,
2026-10-03T11:12:43.5110012Z   "static_p95_ms": 0.082,
2026-10-03T11:12:43.5110282Z   "preview_p95_ms": 8.303,
2026-10-03T11:12:43.5110564Z   "pure_llm": "not_run",
2026-10-03T11:12:43.5110928Z   "hybrid_llm": "not_run_use_benchmark.ablation_with_authorization",
2026-10-03T11:12:43.5111272Z   "human_ab": "not_run",
2026-10-03T11:12:43.5111622Z   "cohens_kappa": null,
2026-10-03T11:12:43.5112419Z   "limitations": [
2026-10-03T11:12:43.5112710Z     "synthetic authored cases only",
2026-10-03T11:12:43.5113043Z     "correlated variants, only 40 families total",
2026-10-03T11:12:43.5113509Z     "author saw all templates; family split is not independent external validation",
2026-10-03T11:12:43.5114224Z     "gate recall includes unsupported/invalid statements, not a real-world danger recall",
2026-10-03T11:12:43.5114787Z     "latency excludes network and human review; this is a bounded 1206-row SQLite demo"
2026-10-03T11:12:43.5115198Z   ]
2026-10-03T11:12:43.5115423Z }
2026-10-03T11:12:43.5229040Z ##[group]Run python -m playwright install --with-deps chromium
2026-10-03T11:12:43.5229504Z [36;1mpython -m playwright install --with-deps chromium[0m
2026-10-03T11:12:43.5264804Z shell: /usr/bin/bash --noprofile --norc -e -o pipefail {0}
2026-10-03T11:12:43.5265260Z env:
2026-10-03T11:12:43.5265579Z   NEXT_TELEMETRY_DISABLED: 1
2026-10-03T11:12:43.5265933Z   pythonLocation: /opt/hostedtoolcache/Python/3.13.15/x64
2026-10-03T11:12:43.5266362Z   PKG_CONFIG_PATH: /opt/hostedtoolcache/Python/3.13.15/x64/lib/pkgconfig
2026-10-03T11:12:43.5266818Z   Python_ROOT_DIR: /opt/hostedtoolcache/Python/3.13.15/x64
2026-10-03T11:12:43.5267197Z   Python2_ROOT_DIR: /opt/hostedtoolcache/Python/3.13.15/x64
2026-10-03T11:12:43.5267586Z   Python3_ROOT_DIR: /opt/hostedtoolcache/Python/3.13.15/x64
2026-10-03T11:12:43.5268000Z   LD_LIBRARY_PATH: /opt/hostedtoolcache/Python/3.13.15/x64/lib
2026-10-03T11:12:43.5268335Z ##[endgroup]
2026-10-03T11:12:43.7652256Z Installing dependencies...
2026-10-03T11:12:43.7722211Z Switching to root user to install dependencies...
2026-10-03T11:12:43.8277198Z Get:1 file:/etc/apt/apt-mirrors.txt Mirrorlist [144 B]
2026-10-03T11:12:43.8645092Z Hit:2 http://azure.archive.ubuntu.com/ubuntu noble InRelease
2026-10-03T11:12:43.8669878Z Get:3 http://azure.archive.ubuntu.com/ubuntu noble-updates InRelease [126 kB]
2026-10-03T11:12:43.8696921Z Get:4 http://azure.archive.ubuntu.com/ubuntu noble-backports InRelease [126 kB]
2026-10-03T11:12:43.8717679Z Get:5 http://azure.archive.ubuntu.com/ubuntu noble-security InRelease [126 kB]
2026-10-03T11:12:43.8865116Z Get:6 https://packages.microsoft.com/ubuntu/24.04/prod noble InRelease [3600 B]
2026-10-03T11:12:43.9600761Z Get:7 http://azure.archive.ubuntu.com/ubuntu noble-updates/main amd64 Packages [1364 kB]
2026-10-03T11:12:43.9734328Z Get:8 http://azure.archive.ubuntu.com/ubuntu noble-updates/main Translation-en [304 kB]
2026-10-03T11:12:43.9746237Z Get:9 http://azure.archive.ubuntu.com/ubuntu noble-updates/main amd64 Components [181 kB]
2026-10-03T11:12:43.9751060Z Get:10 http://azure.archive.ubuntu.com/ubuntu noble-updates/universe amd64 Packages [1699 kB]
2026-10-03T11:12:43.9828716Z Get:11 http://azure.archive.ubuntu.com/ubuntu noble-updates/universe Translation-en [341 kB]
2026-10-03T11:12:43.9848938Z Get:12 http://azure.archive.ubuntu.com/ubuntu noble-updates/universe amd64 Components [388 kB]
2026-10-03T11:12:43.9871710Z Get:13 http://azure.archive.ubuntu.com/ubuntu noble-updates/restricted amd64 Packages [1720 kB]
2026-10-03T11:12:43.9948475Z Get:14 http://azure.archive.ubuntu.com/ubuntu noble-updates/restricted Translation-en [394 kB]
2026-10-03T11:12:43.9969581Z Get:15 http://azure.archive.ubuntu.com/ubuntu noble-updates/multiverse amd64 Components [940 B]
2026-10-03T11:12:43.9974035Z Get:16 http://azure.archive.ubuntu.com/ubuntu noble-backports/main amd64 Components [5736 B]
2026-10-03T11:12:44.0440533Z Get:17 http://azure.archive.ubuntu.com/ubuntu noble-backports/universe amd64 Components [12.6 kB]
2026-10-03T11:12:44.0453095Z Get:18 http://azure.archive.ubuntu.com/ubuntu noble-security/main amd64 Packages [1069 kB]
2026-10-03T11:12:44.0494808Z Get:19 http://azure.archive.ubuntu.com/ubuntu noble-security/main Translation-en [221 kB]
2026-10-03T11:12:44.0508390Z Get:20 http://azure.archive.ubuntu.com/ubuntu noble-security/main amd64 Components [46.5 kB]
2026-10-03T11:12:44.0517162Z Get:21 http://azure.archive.ubuntu.com/ubuntu noble-security/universe amd64 Packages [1216 kB]
2026-10-03T11:12:44.0565577Z Get:22 http://azure.archive.ubuntu.com/ubuntu noble-security/universe Translation-en [244 kB]
2026-10-03T11:12:44.0578881Z Get:23 http://azure.archive.ubuntu.com/ubuntu noble-security/universe amd64 Components [76.3 kB]
2026-10-03T11:12:44.0595464Z Get:24 http://azure.archive.ubuntu.com/ubuntu noble-security/restricted amd64 Packages [1566 kB]
2026-10-03T11:12:44.0664827Z Get:25 http://azure.archive.ubuntu.com/ubuntu noble-security/restricted Translation-en [361 kB]
2026-10-03T11:12:44.0724445Z Get:26 https://packages.microsoft.com/ubuntu/24.04/prod noble/main arm64 Packages [458 kB]
2026-10-03T11:12:44.0787263Z Get:27 https://packages.microsoft.com/ubuntu/24.04/prod noble/main armhf Packages [12.6 kB]
2026-10-03T11:12:44.0931055Z Get:28 https://packages.microsoft.com/ubuntu/24.04/prod noble/main amd64 Packages [511 kB]
2026-10-03T11:12:50.5776151Z Fetched 12.6 MB in 1s (10.5 MB/s)
2026-10-03T11:12:51.2409026Z Reading package lists...
2026-10-03T11:12:51.2608151Z Reading package lists...
2026-10-03T11:12:51.3709820Z Building dependency tree...
2026-10-03T11:12:51.3713358Z Reading state information...
2026-10-03T11:12:51.5008966Z libasound2t64 is already the newest version (1.2.11-1ubuntu0.3).
2026-10-03T11:12:51.5009673Z libasound2t64 set to manually installed.
2026-10-03T11:12:51.5010310Z libatk-bridge2.0-0t64 is already the newest version (2.52.0-1build1).
2026-10-03T11:12:51.5010870Z libatk-bridge2.0-0t64 set to manually installed.
2026-10-03T11:12:51.5011440Z libatk1.0-0t64 is already the newest version (2.52.0-1build1).
2026-10-03T11:12:51.5011994Z libatk1.0-0t64 set to manually installed.
2026-10-03T11:12:51.5012564Z libatspi2.0-0t64 is already the newest version (2.52.0-1build1).
2026-10-03T11:12:51.5013370Z libatspi2.0-0t64 set to manually installed.
2026-10-03T11:12:51.5014080Z libcairo2 is already the newest version (1.18.0-3build1).
2026-10-03T11:12:51.5014539Z libcairo2 set to manually installed.
2026-10-03T11:12:51.5014954Z libcups2t64 is already the newest version (2.4.7-1.2ubuntu7.14).
2026-10-03T11:12:51.5015359Z libcups2t64 set to manually installed.
2026-10-03T11:12:51.5015781Z libdbus-1-3 is already the newest version (1.14.10-4ubuntu4.1).
2026-10-03T11:12:51.5016172Z libdbus-1-3 set to manually installed.
2026-10-03T11:12:51.5016559Z libdrm2 is already the newest version (2.4.125-1ubuntu0.1~24.04.2).
2026-10-03T11:12:51.5017028Z libdrm2 set to manually installed.
2026-10-03T11:12:51.5017434Z libglib2.0-0t64 is already the newest version (2.80.0-6ubuntu3.9).
2026-10-03T11:12:51.5017858Z libglib2.0-0t64 set to manually installed.
2026-10-03T11:12:51.5018260Z libnspr4 is already the newest version (2:4.35-1.1build1).
2026-10-03T11:12:51.5019016Z libnspr4 set to manually installed.
2026-10-03T11:12:51.5021256Z libnss3 is already the newest version (2:3.98-1ubuntu0.2).
2026-10-03T11:12:51.5021639Z libnss3 set to manually installed.
2026-10-03T11:12:51.5022067Z libpango-1.0-0 is already the newest version (1.52.1+ds-1build1).
2026-10-03T11:12:51.5022474Z libpango-1.0-0 set to manually installed.
2026-10-03T11:12:51.5022878Z libx11-6 is already the newest version (2:1.8.7-1build1).
2026-10-03T11:12:51.5023311Z libx11-6 set to manually installed.
2026-10-03T11:12:51.5023769Z libxcb1 is already the newest version (1.15-1ubuntu2).
2026-10-03T11:12:51.5024238Z libxcb1 set to manually installed.
2026-10-03T11:12:51.5024640Z libxcomposite1 is already the newest version (1:0.4.5-1build3).
2026-10-03T11:12:51.5025058Z libxcomposite1 set to manually installed.
2026-10-03T11:12:51.5025508Z libxdamage1 is already the newest version (1:1.1.6-1build1).
2026-10-03T11:12:51.5025923Z libxdamage1 set to manually installed.
2026-10-03T11:12:51.5026312Z libxext6 is already the newest version (2:1.3.4-1build2).
2026-10-03T11:12:51.5026703Z libxext6 set to manually installed.
2026-10-03T11:12:51.5027066Z libxfixes3 is already the newest version (1:6.0.0-2build1).
2026-10-03T11:12:51.5027467Z libxfixes3 set to manually installed.
2026-10-03T11:12:51.5027889Z libxkbcommon0 is already the newest version (1.6.0-1build1).
2026-10-03T11:12:51.5028307Z libxkbcommon0 set to manually installed.
2026-10-03T11:12:51.5028718Z libxrandr2 is already the newest version (2:1.5.2-2build1).
2026-10-03T11:12:51.5029079Z libxrandr2 set to manually installed.
2026-10-03T11:12:51.5029494Z xvfb is already the newest version (2:21.1.12-1ubuntu1.8).
2026-10-03T11:12:51.5030016Z fonts-noto-color-emoji is already the newest version (2.047-0ubuntu0.24.04.1).
2026-10-03T11:12:51.5030539Z libfontconfig1 is already the newest version (2.15.0-1.1ubuntu2).
2026-10-03T11:12:51.5031079Z libfontconfig1 set to manually installed.
2026-10-03T11:12:51.5031491Z libfreetype6 is already the newest version (2.13.2+dfsg-1ubuntu0.1).
2026-10-03T11:12:51.5031931Z libfreetype6 set to manually installed.
2026-10-03T11:12:51.5032362Z fonts-liberation is already the newest version (1:2.1.5-3).
2026-10-03T11:12:51.5032771Z fonts-liberation set to manually installed.
2026-10-03T11:12:51.5033192Z The following additional packages will be installed:
2026-10-03T11:12:51.5033731Z   libgl1-mesa-dri libglx-mesa0 mesa-libgallium xfonts-encodings xfonts-utils
2026-10-03T11:12:51.5034176Z Recommended packages:
2026-10-03T11:12:51.5034514Z   fonts-ipafont-mincho fonts-tlwg-loma
2026-10-03T11:12:51.5156716Z The following NEW packages will be installed:
2026-10-03T11:12:51.5157457Z   fonts-freefont-ttf fonts-ipafont-gothic fonts-tlwg-loma-otf fonts-unifont
2026-10-03T11:12:51.5162427Z   fonts-wqy-zenhei xfonts-cyrillic xfonts-encodings xfonts-scalable
2026-10-03T11:12:51.5162799Z   xfonts-utils
2026-10-03T11:12:51.5166536Z The following packages will be upgraded:
2026-10-03T11:12:51.5171140Z   libgbm1 libgl1-mesa-dri libglx-mesa0 mesa-libgallium
2026-10-03T11:12:51.5302499Z 4 upgraded, 9 newly installed, 0 to remove and 21 not upgraded.
2026-10-03T11:12:51.5302986Z Need to get 32.1 MB of archives.
2026-10-03T11:12:51.5303451Z After this operation, 79.5 MB of additional disk space will be used.
2026-10-03T11:12:51.5304307Z Get:1 file:/etc/apt/apt-mirrors.txt Mirrorlist [144 B]
2026-10-03T11:12:51.7001522Z Get:2 http://azure.archive.ubuntu.com/ubuntu noble/universe amd64 fonts-ipafont-gothic all 00303-21ubuntu1 [3513 kB]
2026-10-03T11:12:51.7672317Z Get:3 http://azure.archive.ubuntu.com/ubuntu noble/main amd64 fonts-freefont-ttf all 20211204+svn4273-2 [5641 kB]
2026-10-03T11:12:51.8547282Z Get:4 http://azure.archive.ubuntu.com/ubuntu noble/universe amd64 fonts-tlwg-loma-otf all 1:0.7.3-1 [107 kB]
2026-10-03T11:12:51.8864730Z Get:5 http://azure.archive.ubuntu.com/ubuntu noble/universe amd64 fonts-unifont all 1:15.1.01-1build1 [2993 kB]
2026-10-03T11:12:51.9495052Z Get:6 http://azure.archive.ubuntu.com/ubuntu noble/universe amd64 fonts-wqy-zenhei all 0.9.45-8 [7472 kB]
2026-10-03T11:12:52.0564904Z Get:7 http://azure.archive.ubuntu.com/ubuntu noble-updates/main amd64 libgl1-mesa-dri amd64 25.2.8-0ubuntu0.24.04.4 [38.0 kB]
2026-10-03T11:12:52.0879616Z Get:8 http://azure.archive.ubuntu.com/ubuntu noble-updates/main amd64 libglx-mesa0 amd64 25.2.8-0ubuntu0.24.04.4 [110 kB]
2026-10-03T11:12:52.1197654Z Get:9 http://azure.archive.ubuntu.com/ubuntu noble-updates/main amd64 libgbm1 amd64 25.2.8-0ubuntu0.24.04.4 [34.2 kB]
2026-10-03T11:12:52.1512120Z Get:10 http://azure.archive.ubuntu.com/ubuntu noble-updates/main amd64 mesa-libgallium amd64 25.2.8-0ubuntu0.24.04.4 [10.8 MB]
2026-10-03T11:12:52.2887418Z Get:11 http://azure.archive.ubuntu.com/ubuntu noble/main amd64 xfonts-encodings all 1:1.0.5-0ubuntu2 [578 kB]
2026-10-03T11:12:52.3251301Z Get:12 http://azure.archive.ubuntu.com/ubuntu noble/main amd64 xfonts-utils amd64 1:7.7+6build3 [94.4 kB]
2026-10-03T11:12:52.3612625Z Get:13 http://azure.archive.ubuntu.com/ubuntu noble/universe amd64 xfonts-cyrillic all 1:1.0.5+nmu1 [384 kB]
2026-10-03T11:12:52.3972009Z Get:14 http://azure.archive.ubuntu.com/ubuntu noble/main amd64 xfonts-scalable all 1:1.0.3-1.3 [304 kB]
2026-10-03T11:12:52.6053104Z Fetched 32.1 MB in 1s (36.6 MB/s)
2026-10-03T11:12:52.6244145Z Selecting previously unselected package fonts-ipafont-gothic.
2026-10-03T11:12:52.6375441Z (Reading database ... 
2026-10-03T11:12:52.6375958Z (Reading database ... 5%
2026-10-03T11:12:52.6376509Z (Reading database ... 10%
2026-10-03T11:12:52.6376899Z (Reading database ... 15%
2026-10-03T11:12:52.6377223Z (Reading database ... 20%
2026-10-03T11:12:52.6377496Z (Reading database ... 25%
2026-10-03T11:12:52.6377756Z (Reading database ... 30%
2026-10-03T11:12:52.6378130Z (Reading database ... 35%
2026-10-03T11:12:52.6378600Z (Reading database ... 40%
2026-10-03T11:12:52.6378921Z (Reading database ... 45%
2026-10-03T11:12:52.6379202Z (Reading database ... 50%
2026-10-03T11:12:52.6407408Z (Reading database ... 55%
2026-10-03T11:12:52.7247452Z (Reading database ... 60%
2026-10-03T11:12:52.9583068Z (Reading database ... 65%
2026-10-03T11:12:53.1641201Z (Reading database ... 70%
2026-10-03T11:12:53.3122878Z (Reading database ... 75%
2026-10-03T11:12:53.4657231Z (Reading database ... 80%
2026-10-03T11:12:53.6089100Z (Reading database ... 85%
2026-10-03T11:12:53.7304936Z (Reading database ... 90%
2026-10-03T11:12:53.8671673Z (Reading database ... 95%
2026-10-03T11:12:53.8672257Z (Reading database ... 100%
2026-10-03T11:12:53.8672807Z (Reading database ... 202296 files and directories currently installed.)
2026-10-03T11:12:53.8710136Z Preparing to unpack .../00-fonts-ipafont-gothic_00303-21ubuntu1_all.deb ...
2026-10-03T11:12:53.8835368Z Unpacking fonts-ipafont-gothic (00303-21ubuntu1) ...
2026-10-03T11:12:54.1349342Z Selecting previously unselected package fonts-freefont-ttf.
2026-10-03T11:12:54.1452282Z Preparing to unpack .../01-fonts-freefont-ttf_20211204+svn4273-2_all.deb ...
2026-10-03T11:12:54.1460505Z Unpacking fonts-freefont-ttf (20211204+svn4273-2) ...
2026-10-03T11:12:54.2542644Z Selecting previously unselected package fonts-tlwg-loma-otf.
2026-10-03T11:12:54.2645512Z Preparing to unpack .../02-fonts-tlwg-loma-otf_1%3a0.7.3-1_all.deb ...
2026-10-03T11:12:54.2654580Z Unpacking fonts-tlwg-loma-otf (1:0.7.3-1) ...
2026-10-03T11:12:54.2808570Z Selecting previously unselected package fonts-unifont.
2026-10-03T11:12:54.2910239Z Preparing to unpack .../03-fonts-unifont_1%3a15.1.01-1build1_all.deb ...
2026-10-03T11:12:54.2919240Z Unpacking fonts-unifont (1:15.1.01-1build1) ...
2026-10-03T11:12:54.4984587Z Selecting previously unselected package fonts-wqy-zenhei.
2026-10-03T11:12:54.5082601Z Preparing to unpack .../04-fonts-wqy-zenhei_0.9.45-8_all.deb ...
2026-10-03T11:12:54.5155351Z Unpacking fonts-wqy-zenhei (0.9.45-8) ...
2026-10-03T11:12:55.0210916Z Preparing to unpack .../05-libgl1-mesa-dri_25.2.8-0ubuntu0.24.04.4_amd64.deb ...
2026-10-03T11:12:55.0315662Z Unpacking libgl1-mesa-dri:amd64 (25.2.8-0ubuntu0.24.04.4) over (25.2.8-0ubuntu0.24.04.2) ...
2026-10-03T11:12:55.0652431Z Preparing to unpack .../06-libglx-mesa0_25.2.8-0ubuntu0.24.04.4_amd64.deb ...
2026-10-03T11:12:55.0683177Z Unpacking libglx-mesa0:amd64 (25.2.8-0ubuntu0.24.04.4) over (25.2.8-0ubuntu0.24.04.2) ...
2026-10-03T11:12:55.0960412Z Preparing to unpack .../07-libgbm1_25.2.8-0ubuntu0.24.04.4_amd64.deb ...
2026-10-03T11:12:55.0982328Z Unpacking libgbm1:amd64 (25.2.8-0ubuntu0.24.04.4) over (25.2.8-0ubuntu0.24.04.2) ...
2026-10-03T11:12:55.1278897Z Preparing to unpack .../08-mesa-libgallium_25.2.8-0ubuntu0.24.04.4_amd64.deb ...
2026-10-03T11:12:55.1299943Z Unpacking mesa-libgallium:amd64 (25.2.8-0ubuntu0.24.04.4) over (25.2.8-0ubuntu0.24.04.2) ...
2026-10-03T11:12:55.4995478Z Selecting previously unselected package xfonts-encodings.
2026-10-03T11:12:55.5090432Z Preparing to unpack .../09-xfonts-encodings_1%3a1.0.5-0ubuntu2_all.deb ...
2026-10-03T11:12:55.5100111Z Unpacking xfonts-encodings (1:1.0.5-0ubuntu2) ...
2026-10-03T11:12:55.5285842Z Selecting previously unselected package xfonts-utils.
2026-10-03T11:12:55.5380033Z Preparing to unpack .../10-xfonts-utils_1%3a7.7+6build3_amd64.deb ...
2026-10-03T11:12:55.5388644Z Unpacking xfonts-utils (1:7.7+6build3) ...
2026-10-03T11:12:55.5655990Z Selecting previously unselected package xfonts-cyrillic.
2026-10-03T11:12:55.5749439Z Preparing to unpack .../11-xfonts-cyrillic_1%3a1.0.5+nmu1_all.deb ...
2026-10-03T11:12:55.5757703Z Unpacking xfonts-cyrillic (1:1.0.5+nmu1) ...
2026-10-03T11:12:55.5946960Z Selecting previously unselected package xfonts-scalable.
2026-10-03T11:12:55.6041210Z Preparing to unpack .../12-xfonts-scalable_1%3a1.0.3-1.3_all.deb ...
2026-10-03T11:12:55.6050207Z Unpacking xfonts-scalable (1:1.0.3-1.3) ...
2026-10-03T11:12:55.6455188Z Setting up mesa-libgallium:amd64 (25.2.8-0ubuntu0.24.04.4) ...
2026-10-03T11:12:55.6471975Z Setting up libgbm1:amd64 (25.2.8-0ubuntu0.24.04.4) ...
2026-10-03T11:12:55.6488372Z Setting up libgl1-mesa-dri:amd64 (25.2.8-0ubuntu0.24.04.4) ...
2026-10-03T11:12:55.6540704Z Setting up fonts-wqy-zenhei (0.9.45-8) ...
2026-10-03T11:12:55.6625507Z Setting up fonts-freefont-ttf (20211204+svn4273-2) ...
2026-10-03T11:12:55.6640001Z Setting up fonts-tlwg-loma-otf (1:0.7.3-1) ...
2026-10-03T11:12:55.6654167Z Setting up xfonts-encodings (1:1.0.5-0ubuntu2) ...
2026-10-03T11:12:55.6668201Z Setting up fonts-ipafont-gothic (00303-21ubuntu1) ...
2026-10-03T11:12:55.6714740Z update-alternatives: using /usr/share/fonts/opentype/ipafont-gothic/ipag.ttf to provide /usr/share/fonts/truetype/fonts-japanese-gothic.ttf (fonts-japanese-gothic.ttf) in auto mode
2026-10-03T11:12:55.6726199Z Setting up fonts-unifont (1:15.1.01-1build1) ...
2026-10-03T11:12:55.6739996Z Setting up libglx-mesa0:amd64 (25.2.8-0ubuntu0.24.04.4) ...
2026-10-03T11:12:55.6757062Z Setting up xfonts-utils (1:7.7+6build3) ...
2026-10-03T11:12:55.6787067Z Setting up xfonts-cyrillic (1:1.0.5+nmu1) ...
2026-10-03T11:12:55.7005411Z Setting up xfonts-scalable (1:1.0.3-1.3) ...
2026-10-03T11:12:55.7198117Z Processing triggers for libc-bin (2.39-0ubuntu8.9) ...
2026-10-03T11:12:55.7296446Z Processing triggers for man-db (2.12.0-4build2) ...
2026-10-03T11:12:55.7314561Z Not building database; man-db/auto-update is not 'true'.
2026-10-03T11:12:55.7325272Z Processing triggers for fontconfig (2.15.0-1.1ubuntu2) ...
2026-10-03T11:12:56.2223028Z 
2026-10-03T11:12:56.2223819Z Running kernel seems to be up-to-date.
2026-10-03T11:12:56.2224328Z 
2026-10-03T11:12:56.2224596Z No services need to be restarted.
2026-10-03T11:12:56.2224842Z 
2026-10-03T11:12:56.2225090Z No containers need to be restarted.
2026-10-03T11:12:56.2225362Z 
2026-10-03T11:12:56.2225701Z No user sessions are running outdated binaries.
2026-10-03T11:12:56.2226048Z 
2026-10-03T11:12:56.2226459Z No VM guests are running outdated hypervisor (qemu) binaries on this host.
2026-10-03T11:12:56.8769753Z Downloading Chromium 143.0.7499.4 (playwright build v1200) from https://cdn.playwright.dev/dbazure/download/playwright/builds/chromium/1200/chromium-linux.zip
2026-10-03T11:12:56.9539004Z (node:4034) [DEP0169] DeprecationWarning: `url.parse()` behavior is not standardized and prone to errors that have security implications. Use the WHATWG URL API instead. CVEs are not issued for `url.parse()` vulnerabilities.
2026-10-03T11:12:56.9540759Z (Use `node --trace-deprecation ...` to show where the warning was created)
2026-10-03T11:12:57.0878852Z |                                                                                |   0% of 164.7 MiB
2026-10-03T11:12:57.3582390Z |■■■■■■■■                                                                        |  10% of 164.7 MiB
2026-10-03T11:12:57.4082304Z |■■■■■■■■■■■■■■■■                                                                |  20% of 164.7 MiB
2026-10-03T11:12:57.4981687Z |■■■■■■■■■■■■■■■■■■■■■■■■                                                        |  30% of 164.7 MiB
2026-10-03T11:12:57.5632579Z |■■■■■■■■■■■■■■■■■■■■■■■■■■■■■■■■                                                |  40% of 164.7 MiB
2026-10-03T11:12:57.6292795Z |■■■■■■■■■■■■■■■■■■■■■■■■■■■■■■■■■■■■■■■■                                        |  50% of 164.7 MiB
2026-10-03T11:12:57.6863014Z |■■■■■■■■■■■■■■■■■■■■■■■■■■■■■■■■■■■■■■■■■■■■■■■■                                |  60% of 164.7 MiB
2026-10-03T11:12:57.7539988Z |■■■■■■■■■■■■■■■■■■■■■■■■■■■■■■■■■■■■■■■■■■■■■■■■■■■■■■■■                        |  70% of 164.7 MiB
2026-10-03T11:12:57.8074410Z |■■■■■■■■■■■■■■■■■■■■■■■■■■■■■■■■■■■■■■■■■■■■■■■■■■■■■■■■■■■■■■■■                |  80% of 164.7 MiB
2026-10-03T11:12:57.8598137Z |■■■■■■■■■■■■■■■■■■■■■■■■■■■■■■■■■■■■■■■■■■■■■■■■■■■■■■■■■■■■■■■■■■■■■■■■        |  90% of 164.7 MiB
2026-10-03T11:12:57.9045335Z |■■■■■■■■■■■■■■■■■■■■■■■■■■■■■■■■■■■■■■■■■■■■■■■■■■■■■■■■■■■■■■■■■■■■■■■■■■■■■■■■| 100% of 164.7 MiB
2026-10-03T11:13:00.4178313Z Chromium 143.0.7499.4 (playwright build v1200) downloaded to /home/runner/.cache/ms-playwright/chromium-1200
2026-10-03T11:13:00.4181437Z Downloading FFMPEG playwright build v1011 from https://cdn.playwright.dev/dbazure/download/playwright/builds/ffmpeg/1011/ffmpeg-linux.zip
2026-10-03T11:13:00.4984680Z (node:4045) [DEP0169] DeprecationWarning: `url.parse()` behavior is not standardized and prone to errors that have security implications. Use the WHATWG URL API instead. CVEs are not issued for `url.parse()` vulnerabilities.
2026-10-03T11:13:00.4986279Z (Use `node --trace-deprecation ...` to show where the warning was created)
2026-10-03T11:13:00.5672654Z |                                                                                |   0% of 2.3 MiB
2026-10-03T11:13:00.6063160Z |■■■■■■■■                                                                        |  10% of 2.3 MiB
2026-10-03T11:13:00.6205493Z |■■■■■■■■■■■■■■■■                                                                |  20% of 2.3 MiB
2026-10-03T11:13:00.6336645Z |■■■■■■■■■■■■■■■■■■■■■■■■                                                        |  30% of 2.3 MiB
2026-10-03T11:13:00.6466139Z |■■■■■■■■■■■■■■■■■■■■■■■■■■■■■■■■                                                |  40% of 2.3 MiB
2026-10-03T11:13:00.6483232Z |■■■■■■■■■■■■■■■■■■■■■■■■■■■■■■■■■■■■■■■■                                        |  50% of 2.3 MiB
2026-10-03T11:13:00.6602030Z |■■■■■■■■■■■■■■■■■■■■■■■■■■■■■■■■■■■■■■■■■■■■■■■■                                |  60% of 2.3 MiB
2026-10-03T11:13:00.6616660Z |■■■■■■■■■■■■■■■■■■■■■■■■■■■■■■■■■■■■■■■■■■■■■■■■■■■■■■■■                        |  70% of 2.3 MiB
2026-10-03T11:13:00.6636658Z |■■■■■■■■■■■■■■■■■■■■■■■■■■■■■■■■■■■■■■■■■■■■■■■■■■■■■■■■■■■■■■■■                |  80% of 2.3 MiB
2026-10-03T11:13:00.6738214Z |■■■■■■■■■■■■■■■■■■■■■■■■■■■■■■■■■■■■■■■■■■■■■■■■■■■■■■■■■■■■■■■■■■■■■■■■        |  90% of 2.3 MiB
2026-10-03T11:13:00.6752106Z |■■■■■■■■■■■■■■■■■■■■■■■■■■■■■■■■■■■■■■■■■■■■■■■■■■■■■■■■■■■■■■■■■■■■■■■■■■■■■■■■| 100% of 2.3 MiB
2026-10-03T11:13:00.7244576Z FFMPEG playwright build v1011 downloaded to /home/runner/.cache/ms-playwright/ffmpeg-1011
2026-10-03T11:13:00.7247564Z Downloading Chromium Headless Shell 143.0.7499.4 (playwright build v1200) from https://cdn.playwright.dev/dbazure/download/playwright/builds/chromium/1200/chromium-headless-shell-linux.zip
2026-10-03T11:13:00.8043016Z (node:4057) [DEP0169] DeprecationWarning: `url.parse()` behavior is not standardized and prone to errors that have security implications. Use the WHATWG URL API instead. CVEs are not issued for `url.parse()` vulnerabilities.
2026-10-03T11:13:00.8045166Z (Use `node --trace-deprecation ...` to show where the warning was created)
2026-10-03T11:13:00.9254556Z |                                                                                |   0% of 109.7 MiB
2026-10-03T11:13:01.2030113Z |■■■■■■■■                                                                        |  10% of 109.7 MiB
2026-10-03T11:13:01.2488758Z |■■■■■■■■■■■■■■■■                                                                |  20% of 109.7 MiB
2026-10-03T11:13:01.2843890Z |■■■■■■■■■■■■■■■■■■■■■■■■                                                        |  30% of 109.7 MiB
2026-10-03T11:13:01.3174406Z |■■■■■■■■■■■■■■■■■■■■■■■■■■■■■■■■                                                |  40% of 109.7 MiB
2026-10-03T11:13:01.3495248Z |■■■■■■■■■■■■■■■■■■■■■■■■■■■■■■■■■■■■■■■■                                        |  50% of 109.7 MiB
2026-10-03T11:13:01.3824458Z |■■■■■■■■■■■■■■■■■■■■■■■■■■■■■■■■■■■■■■■■■■■■■■■■                                |  60% of 109.7 MiB
2026-10-03T11:13:01.4098630Z |■■■■■■■■■■■■■■■■■■■■■■■■■■■■■■■■■■■■■■■■■■■■■■■■■■■■■■■■                        |  70% of 109.7 MiB
2026-10-03T11:13:01.4333876Z |■■■■■■■■■■■■■■■■■■■■■■■■■■■■■■■■■■■■■■■■■■■■■■■■■■■■■■■■■■■■■■■■                |  80% of 109.7 MiB
2026-10-03T11:13:01.4539157Z |■■■■■■■■■■■■■■■■■■■■■■■■■■■■■■■■■■■■■■■■■■■■■■■■■■■■■■■■■■■■■■■■■■■■■■■■        |  90% of 109.7 MiB
2026-10-03T11:13:01.4774238Z |■■■■■■■■■■■■■■■■■■■■■■■■■■■■■■■■■■■■■■■■■■■■■■■■■■■■■■■■■■■■■■■■■■■■■■■■■■■■■■■■| 100% of 109.7 MiB
2026-10-03T11:13:03.1503929Z Chromium Headless Shell 143.0.7499.4 (playwright build v1200) downloaded to /home/runner/.cache/ms-playwright/chromium_headless_shell-1200
2026-10-03T11:13:03.1676102Z ##[group]Run python scripts/run_logged.py evidence/browser-native.log -- python scripts/browser_smoke.py
2026-10-03T11:13:03.1677241Z [36;1mpython scripts/run_logged.py evidence/browser-native.log -- python scripts/browser_smoke.py[0m
2026-10-03T11:13:03.1716558Z shell: /usr/bin/bash --noprofile --norc -e -o pipefail {0}
2026-10-03T11:13:03.1716927Z env:
2026-10-03T11:13:03.1717287Z   NEXT_TELEMETRY_DISABLED: 1
2026-10-03T11:13:03.1717667Z   pythonLocation: /opt/hostedtoolcache/Python/3.13.15/x64
2026-10-03T11:13:03.1718136Z   PKG_CONFIG_PATH: /opt/hostedtoolcache/Python/3.13.15/x64/lib/pkgconfig
2026-10-03T11:13:03.1718557Z   Python_ROOT_DIR: /opt/hostedtoolcache/Python/3.13.15/x64
2026-10-03T11:13:03.1718941Z   Python2_ROOT_DIR: /opt/hostedtoolcache/Python/3.13.15/x64
2026-10-03T11:13:03.1719346Z   Python3_ROOT_DIR: /opt/hostedtoolcache/Python/3.13.15/x64
2026-10-03T11:13:03.1719724Z   LD_LIBRARY_PATH: /opt/hostedtoolcache/Python/3.13.15/x64/lib
2026-10-03T11:13:03.1720203Z ##[endgroup]
2026-10-03T11:13:33.7798115Z {
2026-10-03T11:13:33.7798539Z   "mode": "native_browser_e2e",
2026-10-03T11:13:33.7798905Z   "passed": [
2026-10-03T11:13:33.7799294Z     "agent_credential_rejected_by_reviewer_console",
2026-10-03T11:13:33.7799721Z     "pending_queue_survives_more_than_100_newer_reads",
2026-10-03T11:13:33.7800158Z     "approval_disabled_without_informed_confirmation",
2026-10-03T11:13:33.7800534Z     "browser_rejection_preserves_all_1206_rows",
2026-10-03T11:13:33.7800905Z     "browser_approval_executes_real_update_once",
2026-10-03T11:13:33.7801295Z     "critical_action_requires_exact_1206_scope_phrase",
2026-10-03T11:13:33.7801687Z     "390px_mobile_has_no_horizontal_overflow",
2026-10-03T11:13:33.7802094Z     "audit_replay_and_hmac_verification_render",
2026-10-03T11:13:33.7802459Z     "metrics_use_real_samples_and_unknown_model_cost",
2026-10-03T11:13:33.7802865Z     "batch_ui_lists_bound_members_and_enforces_confirmation",
2026-10-03T11:13:33.7803283Z     "recovery_is_a_separate_informed_approval",
2026-10-03T11:13:33.7803855Z     "study_import_counterbalance_visibility_and_export_automation_only",
2026-10-03T11:13:33.7804352Z     "logout_removes_authenticated_console",
2026-10-03T11:13:33.7804690Z     "no_browser_javascript_errors"
2026-10-03T11:13:33.7804993Z   ],
2026-10-03T11:13:33.7805247Z   "errors": [],
2026-10-03T11:13:33.7805529Z   "not_proven": []
2026-10-03T11:13:33.7805894Z }
2026-10-03T11:13:33.7927574Z ##[group]Run python scripts/run_logged.py evidence/browser-edges.log -- python scripts/browser_edges.py
2026-10-03T11:13:33.7928260Z [36;1mpython scripts/run_logged.py evidence/browser-edges.log -- python scripts/browser_edges.py[0m
2026-10-03T11:13:33.7963202Z shell: /usr/bin/bash --noprofile --norc -e -o pipefail {0}
2026-10-03T11:13:33.7963730Z env:
2026-10-03T11:13:33.7963988Z   NEXT_TELEMETRY_DISABLED: 1
2026-10-03T11:13:33.7964395Z   pythonLocation: /opt/hostedtoolcache/Python/3.13.15/x64
2026-10-03T11:13:33.7964818Z   PKG_CONFIG_PATH: /opt/hostedtoolcache/Python/3.13.15/x64/lib/pkgconfig
2026-10-03T11:13:33.7965231Z   Python_ROOT_DIR: /opt/hostedtoolcache/Python/3.13.15/x64
2026-10-03T11:13:33.7965736Z   Python2_ROOT_DIR: /opt/hostedtoolcache/Python/3.13.15/x64
2026-10-03T11:13:33.7966111Z   Python3_ROOT_DIR: /opt/hostedtoolcache/Python/3.13.15/x64
2026-10-03T11:13:33.7966544Z   LD_LIBRARY_PATH: /opt/hostedtoolcache/Python/3.13.15/x64/lib
2026-10-03T11:13:33.7966919Z ##[endgroup]
2026-10-03T11:13:38.7318800Z {
2026-10-03T11:13:38.7319482Z   "mode": "native_next_browser_real_http",
2026-10-03T11:13:38.7320026Z   "passed": [
2026-10-03T11:13:38.7320429Z     "stale_cas_never_overwrites_new_data",
2026-10-03T11:13:38.7320935Z     "execution_failure_rolls_back_and_renders",
2026-10-03T11:13:38.7321405Z     "unknown_requires_original_receipt_reconciliation",
2026-10-03T11:13:38.7321865Z     "untrusted_long_text_is_escaped_and_mobile_bounded",
2026-10-03T11:13:38.7322363Z     "expired_action_has_no_decision_controls",
2026-10-03T11:13:38.7322824Z     "hard_block_has_no_override_controls",
2026-10-03T11:13:38.7323290Z     "keyboard_login_and_logout_clear_memory_credentials",
2026-10-03T11:13:38.7324066Z     "study_comprehension_is_separate_required_and_exported_as_automation",
2026-10-03T11:13:38.7324551Z     "next_hydration_and_strict_csp_have_no_errors"
2026-10-03T11:13:38.7324927Z   ],
2026-10-03T11:13:38.7325225Z   "errors": [],
2026-10-03T11:13:38.7325551Z   "csp_violations": [],
2026-10-03T11:13:38.7325850Z   "human_participants": 0
2026-10-03T11:13:38.7326110Z }
2026-10-03T11:13:38.7448324Z ##[group]Run python scripts/run_logged.py evidence/pilot-browser.log -- python scripts/pilot_browser.py
2026-10-03T11:13:38.7448950Z [36;1mpython scripts/run_logged.py evidence/pilot-browser.log -- python scripts/pilot_browser.py[0m
2026-10-03T11:13:38.7484329Z shell: /usr/bin/bash --noprofile --norc -e -o pipefail {0}
2026-10-03T11:13:38.7484756Z env:
2026-10-03T11:13:38.7485012Z   NEXT_TELEMETRY_DISABLED: 1
2026-10-03T11:13:38.7485387Z   pythonLocation: /opt/hostedtoolcache/Python/3.13.15/x64
2026-10-03T11:13:38.7485811Z   PKG_CONFIG_PATH: /opt/hostedtoolcache/Python/3.13.15/x64/lib/pkgconfig
2026-10-03T11:13:38.7486253Z   Python_ROOT_DIR: /opt/hostedtoolcache/Python/3.13.15/x64
2026-10-03T11:13:38.7486649Z   Python2_ROOT_DIR: /opt/hostedtoolcache/Python/3.13.15/x64
2026-10-03T11:13:38.7487030Z   Python3_ROOT_DIR: /opt/hostedtoolcache/Python/3.13.15/x64
2026-10-03T11:13:38.7487402Z   LD_LIBRARY_PATH: /opt/hostedtoolcache/Python/3.13.15/x64/lib
2026-10-03T11:13:38.7487833Z ##[endgroup]
2026-10-03T11:13:40.9128244Z {
2026-10-03T11:13:40.9128786Z   "status": "PASS",
2026-10-03T11:13:40.9129202Z   "mode": "native_browser_e2e",
2026-10-03T11:13:40.9129683Z   "browser_plugin": "not available; project Playwright",
2026-10-03T11:13:40.9130125Z   "passed": [
2026-10-03T11:13:40.9130568Z     "pilot_public_assets_load_without_approval_service",
2026-10-03T11:13:40.9131104Z     "eight_practice_decisions_exported_and_excluded_from_human_metrics",
2026-10-03T11:13:40.9131589Z     "pilot_390px_no_horizontal_overflow",
2026-10-03T11:13:40.9132039Z     "sender_alert_dedup_and_recovery_render_as_two_events",
2026-10-03T11:13:40.9132519Z     "inbox_read_token_not_in_url_or_browser_storage",
2026-10-03T11:13:40.9132998Z     "inbox_390px_no_horizontal_overflow",
2026-10-03T11:13:40.9133418Z     "inbox_logout_clears_authenticated_content",
2026-10-03T11:13:40.9134133Z     "no_browser_javascript_or_csp_errors"
2026-10-03T11:13:40.9134518Z   ],
2026-10-03T11:13:40.9134826Z   "errors": [],
2026-10-03T11:13:40.9135097Z   "csp_violations": [],
2026-10-03T11:13:40.9135420Z   "human_participants": 0,
2026-10-03T11:13:40.9135721Z   "external_notifications": 0,
2026-10-03T11:13:40.9136021Z   "business_side_effects": 0
2026-10-03T11:13:40.9136311Z }
2026-10-03T11:13:40.9255575Z ##[group]Run python scripts/run_logged.py evidence/docker-smoke.log -- python scripts/docker_smoke.py
2026-10-03T11:13:40.9256220Z [36;1mpython scripts/run_logged.py evidence/docker-smoke.log -- python scripts/docker_smoke.py[0m
2026-10-03T11:13:40.9291659Z shell: /usr/bin/bash --noprofile --norc -e -o pipefail {0}
2026-10-03T11:13:40.9292061Z env:
2026-10-03T11:13:40.9292340Z   NEXT_TELEMETRY_DISABLED: 1
2026-10-03T11:13:40.9292807Z   pythonLocation: /opt/hostedtoolcache/Python/3.13.15/x64
2026-10-03T11:13:40.9293241Z   PKG_CONFIG_PATH: /opt/hostedtoolcache/Python/3.13.15/x64/lib/pkgconfig
2026-10-03T11:13:40.9293922Z   Python_ROOT_DIR: /opt/hostedtoolcache/Python/3.13.15/x64
2026-10-03T11:13:40.9294346Z   Python2_ROOT_DIR: /opt/hostedtoolcache/Python/3.13.15/x64
2026-10-03T11:13:40.9294744Z   Python3_ROOT_DIR: /opt/hostedtoolcache/Python/3.13.15/x64
2026-10-03T11:13:40.9295121Z   LD_LIBRARY_PATH: /opt/hostedtoolcache/Python/3.13.15/x64/lib
2026-10-03T11:13:40.9295581Z ##[endgroup]
2026-10-03T11:14:39.0036717Z {
2026-10-03T11:14:39.0037371Z   "mode": "real_docker_compose",
2026-10-03T11:14:39.0037905Z   "project": "airlock-check-021b983ff091",
2026-10-03T11:14:39.0038571Z   "probe": {
2026-10-03T11:14:39.0039100Z     "pending_id": "67b14d9d46aa43a59b0af907c8df8b55",
2026-10-03T11:14:39.0039578Z     "uid": 10001,
2026-10-03T11:14:39.0039986Z     "effective_capabilities": 0,
2026-10-03T11:14:39.0040434Z     "sqlite_runtime": {
2026-10-03T11:14:39.0040801Z       "version": "3.53.1",
2026-10-03T11:14:39.0041545Z       "source_id": "2026-05-05 10:34:17 c88b22011a54b4f6fbd149e9f8e4de77658ce58143a1af0e3785e4e6475127e9",
2026-10-03T11:14:39.0042278Z       "wal_reset_fix": "upstream_fixed_version",
2026-10-03T11:14:39.0042759Z       "compile_options": [
2026-10-03T11:14:39.0043197Z         "ATOMIC_INTRINSICS=1",
2026-10-03T11:14:39.0043813Z         "COMPILER=gcc-14.2.0",
2026-10-03T11:14:39.0044353Z         "DEFAULT_AUTOVACUUM",
2026-10-03T11:14:39.0044827Z         "DEFAULT_CACHE_SIZE=-2000",
2026-10-03T11:14:39.0045278Z         "DEFAULT_FILE_FORMAT=4",
2026-10-03T11:14:39.0045719Z         "DEFAULT_JOURNAL_SIZE_LIMIT=-1",
2026-10-03T11:14:39.0046145Z         "DEFAULT_MMAP_SIZE=0",
2026-10-03T11:14:39.0046677Z         "DEFAULT_PAGE_SIZE=4096",
2026-10-03T11:14:39.0047109Z         "DEFAULT_PCACHE_INITSZ=20",
2026-10-03T11:14:39.0047548Z         "DEFAULT_RECURSIVE_TRIGGERS",
2026-10-03T11:14:39.0047995Z         "DEFAULT_SECTOR_SIZE=4096",
2026-10-03T11:14:39.0048477Z         "DEFAULT_SYNCHRONOUS=2",
2026-10-03T11:14:39.0048919Z         "DEFAULT_WAL_AUTOCHECKPOINT=1000",
2026-10-03T11:14:39.0049395Z         "DEFAULT_WAL_SYNCHRONOUS=2",
2026-10-03T11:14:39.0049806Z         "DEFAULT_WORKER_THREADS=0",
2026-10-03T11:14:39.0050231Z         "DIRECT_OVERFLOW_READ",
2026-10-03T11:14:39.0050721Z         "ENABLE_COLUMN_METADATA",
2026-10-03T11:14:39.0051127Z         "ENABLE_DBSTAT_VTAB",
2026-10-03T11:14:39.0051519Z         "ENABLE_FTS3",
2026-10-03T11:14:39.0051785Z         "ENABLE_FTS5",
2026-10-03T11:14:39.0052096Z         "ENABLE_MATH_FUNCTIONS",
2026-10-03T11:14:39.0052411Z         "ENABLE_RTREE",
2026-10-03T11:14:39.0052738Z         "MALLOC_SOFT_LIMIT=1024",
2026-10-03T11:14:39.0053039Z         "MAX_ATTACHED=10",
2026-10-03T11:14:39.0053317Z         "MAX_COLUMN=2000",
2026-10-03T11:14:39.0053802Z         "MAX_COMPOUND_SELECT=500",
2026-10-03T11:14:39.0054286Z         "MAX_DEFAULT_PAGE_SIZE=8192",
2026-10-03T11:14:39.0054648Z         "MAX_EXPR_DEPTH=1000",
2026-10-03T11:14:39.0054961Z         "MAX_FUNCTION_ARG=1000",
2026-10-03T11:14:39.0055266Z         "MAX_LENGTH=1000000000",
2026-10-03T11:14:39.0055588Z         "MAX_LIKE_PATTERN_LENGTH=50000",
2026-10-03T11:14:39.0055930Z         "MAX_MMAP_SIZE=0x7fff0000",
2026-10-03T11:14:39.0056281Z         "MAX_PAGE_COUNT=0xfffffffe",
2026-10-03T11:14:39.0056602Z         "MAX_PAGE_SIZE=65536",
2026-10-03T11:14:39.0056901Z         "MAX_SQL_LENGTH=1000000000",
2026-10-03T11:14:39.0057226Z         "MAX_TRIGGER_DEPTH=1000",
2026-10-03T11:14:39.0057780Z         "MAX_VARIABLE_NUMBER=32766",
2026-10-03T11:14:39.0058080Z         "MAX_VDBE_OP=250000000",
2026-10-03T11:14:39.0058433Z         "MAX_WORKER_THREADS=8",
2026-10-03T11:14:39.0058721Z         "MUTEX_PTHREADS",
2026-10-03T11:14:39.0059030Z         "SYSTEM_MALLOC",
2026-10-03T11:14:39.0059302Z         "TEMP_STORE=1",
2026-10-03T11:14:39.0059558Z         "THREADSAFE=1",
2026-10-03T11:14:39.0059876Z         "USE_URI"
2026-10-03T11:14:39.0060243Z       ],
2026-10-03T11:14:39.0060535Z       "python": "3.13.16",
2026-10-03T11:14:39.0060838Z       "sqlite_threadsafety": 3,
2026-10-03T11:14:39.0061134Z       "loaded_shared_library_files": [
2026-10-03T11:14:39.0061448Z         {
2026-10-03T11:14:39.0061803Z           "path": "/opt/airlock-sqlite/lib/libsqlite3.so.0",
2026-10-03T11:14:39.0062197Z           "bytes": 1605768,
2026-10-03T11:14:39.0062611Z           "sha256": "8fac480a6336553316e0417dad6fc91f32b054396724b34b65f25546637dcd26"
2026-10-03T11:14:39.0062992Z         }
2026-10-03T11:14:39.0063253Z       ],
2026-10-03T11:14:39.0063815Z       "build_report_verified": true,
2026-10-03T11:14:39.0064315Z       "build_report_sha256": "7b06c542bba71858f7499dc24352ea1f0c39e7aa2f6e36dfdf1b17b64a6cdb2f"
2026-10-03T11:14:39.0064835Z     },
2026-10-03T11:14:39.0065148Z     "checks": [
2026-10-03T11:14:39.0065590Z       "agent_has_no_reviewer_or_audit_secret",
2026-10-03T11:14:39.0066133Z       "target_database_not_mounted_in_agent",
2026-10-03T11:14:39.0066644Z       "no_server_config_or_docker_socket",
2026-10-03T11:14:39.0066978Z       "non_root_read_only_no_capabilities",
2026-10-03T11:14:39.0067308Z       "agent_cannot_approve_or_read_audit",
2026-10-03T11:14:39.0067663Z       "SQL_cannot_read_control_tables",
2026-10-03T11:14:39.0068012Z       "write_waits_for_separate_reviewer",
2026-10-03T11:14:39.0068393Z       "container_loads_pinned_sqlite_runtime"
2026-10-03T11:14:39.0068694Z     ]
2026-10-03T11:14:39.0068922Z   },
2026-10-03T11:14:39.0069372Z   "runtime_image_id": "sha256:2d0726c9461c182601b52e2930e5338bcb90ab6ceaae1b14b3789c596ff15798",
2026-10-03T11:14:39.0069856Z   "rows_before_independent_approval": 1206,
2026-10-03T11:14:39.0070229Z   "rows_after_approval_and_restart": 0,
2026-10-03T11:14:39.0070535Z   "additional_checks": [
2026-10-03T11:14:39.0070868Z     "pending_survives_server_restart_without_execution",
2026-10-03T11:14:39.0071291Z     "approved_effect_and_audit_persist_without_reseeding",
2026-10-03T11:14:39.0071672Z     "compose_network_is_internal",
2026-10-03T11:14:39.0072050Z     "server_dual_network_agent_internal_only",
2026-10-03T11:14:39.0072398Z     "published_port_is_loopback_only"
2026-10-03T11:14:39.0072676Z   ],
2026-10-03T11:14:39.0072942Z   "limitations": [
2026-10-03T11:14:39.0073340Z     "controlled synthetic deployment, not a general container escape audit",
2026-10-03T11:14:39.0074175Z     "reviewer is automated test code, not a human A/B participant"
2026-10-03T11:14:39.0074529Z   ]
2026-10-03T11:14:39.0074759Z }
2026-10-03T11:14:39.0173988Z ##[group]Run python scripts/run_logged.py evidence/upstream-isolation.log -- python scripts/upstream_isolation.py
2026-10-03T11:14:39.0174967Z [36;1mpython scripts/run_logged.py evidence/upstream-isolation.log -- python scripts/upstream_isolation.py[0m
2026-10-03T11:14:39.0211066Z shell: /usr/bin/bash --noprofile --norc -e -o pipefail {0}
2026-10-03T11:14:39.0211513Z env:
2026-10-03T11:14:39.0211762Z   NEXT_TELEMETRY_DISABLED: 1
2026-10-03T11:14:39.0212097Z   pythonLocation: /opt/hostedtoolcache/Python/3.13.15/x64
2026-10-03T11:14:39.0212527Z   PKG_CONFIG_PATH: /opt/hostedtoolcache/Python/3.13.15/x64/lib/pkgconfig
2026-10-03T11:14:39.0212963Z   Python_ROOT_DIR: /opt/hostedtoolcache/Python/3.13.15/x64
2026-10-03T11:14:39.0213353Z   Python2_ROOT_DIR: /opt/hostedtoolcache/Python/3.13.15/x64
2026-10-03T11:14:39.0213977Z   Python3_ROOT_DIR: /opt/hostedtoolcache/Python/3.13.15/x64
2026-10-03T11:14:39.0214382Z   LD_LIBRARY_PATH: /opt/hostedtoolcache/Python/3.13.15/x64/lib
2026-10-03T11:14:39.0214785Z ##[endgroup]
2026-10-03T11:14:41.6587586Z {"status": "PASS", "mode": "real_docker_protected_upstream", "image": "sha256:2d0726c9461c182601b52e2930e5338bcb90ab6ceaae1b14b3789c596ff15798", "probe": {"action_id": "a9cb92f9c25b442f94351b63e19fd405", "checks": ["no_upstream_dns", "no_direct_ip_access", "no_upstream_or_review_secret", "no_server_volume_or_socket", "single_internal_agent_network", "write_waits_for_reviewer"]}, "checks": ["rejection_preserves_remote_value", "separate_approval_executes_once", "separate_compensation_restores_value", "audit_chain_valid"], "network_boundary": "Agent only on internal ingress; upstream only on distinct internal target network; gate on both; no upstream published port", "limitations": ["Synthetic remote CAS counter, scripted reviewer; not a human study", "Dedicated pinned private HTTP in isolated fixture; production untrusted networks require TLS", "Host administrator and container escape outside tested boundary"]}
2026-10-03T11:14:41.6736060Z ##[group]Run actions/setup-go@v6
2026-10-03T11:14:41.6736381Z with:
2026-10-03T11:14:41.6736660Z   go-version: 1.24.8
2026-10-03T11:14:41.6736935Z   cache: false
2026-10-03T11:14:41.6737194Z   check-latest: false
2026-10-03T11:14:41.6739426Z   token: ***
2026-10-03T11:14:41.6739677Z env:
2026-10-03T11:14:41.6739945Z   NEXT_TELEMETRY_DISABLED: 1
2026-10-03T11:14:41.6740292Z   pythonLocation: /opt/hostedtoolcache/Python/3.13.15/x64
2026-10-03T11:14:41.6740720Z   PKG_CONFIG_PATH: /opt/hostedtoolcache/Python/3.13.15/x64/lib/pkgconfig
2026-10-03T11:14:41.6741132Z   Python_ROOT_DIR: /opt/hostedtoolcache/Python/3.13.15/x64
2026-10-03T11:14:41.6741538Z   Python2_ROOT_DIR: /opt/hostedtoolcache/Python/3.13.15/x64
2026-10-03T11:14:41.6741964Z   Python3_ROOT_DIR: /opt/hostedtoolcache/Python/3.13.15/x64
2026-10-03T11:14:41.6742357Z   LD_LIBRARY_PATH: /opt/hostedtoolcache/Python/3.13.15/x64/lib
2026-10-03T11:14:41.6742701Z ##[endgroup]
2026-10-03T11:14:41.7900893Z Setup go version spec 1.24.8
2026-10-03T11:14:41.7910812Z Attempting to download 1.24.8...
2026-10-03T11:14:42.4537692Z matching 1.24.8...
2026-10-03T11:14:42.4581079Z Acquiring 1.24.8 from https://github.com/actions/go-versions/releases/download/1.24.8-18331018734/go-1.24.8-linux-x64.tar.gz
2026-10-03T11:14:43.0012266Z Extracting Go...
2026-10-03T11:14:43.0100531Z [command]/usr/bin/tar xz --warning=no-unknown-keyword --overwrite -C /home/runner/work/_temp/e2dfb07e-b7c7-4a67-9657-774881685eec -f /home/runner/work/_temp/4ad08dac-41a6-4d5c-bb3e-77155f74f564
2026-10-03T11:14:44.5676824Z Successfully extracted go to /home/runner/work/_temp/e2dfb07e-b7c7-4a67-9657-774881685eec
2026-10-03T11:14:44.5677255Z Adding to the cache ...
2026-10-03T11:14:48.4544845Z Successfully cached go to /opt/hostedtoolcache/go/1.24.8/x64
2026-10-03T11:14:48.4547192Z Added go to the path
2026-10-03T11:14:48.4549316Z Successfully set up Go version 1.24.8
2026-10-03T11:14:48.4701776Z go version go1.24.8 linux/amd64
2026-10-03T11:14:48.4702042Z 
2026-10-03T11:14:48.4702448Z ##[group]go env
2026-10-03T11:14:48.5381521Z AR='ar'
2026-10-03T11:14:48.5381875Z CC='gcc'
2026-10-03T11:14:48.5382154Z CGO_CFLAGS='-O2 -g'
2026-10-03T11:14:48.5382426Z CGO_CPPFLAGS=''
2026-10-03T11:14:48.5382705Z CGO_CXXFLAGS='-O2 -g'
2026-10-03T11:14:48.5382980Z CGO_ENABLED='1'
2026-10-03T11:14:48.5383251Z CGO_FFLAGS='-O2 -g'
2026-10-03T11:14:48.5383667Z CGO_LDFLAGS='-O2 -g'
2026-10-03T11:14:48.5383956Z CXX='g++'
2026-10-03T11:14:48.5384217Z GCCGO='gccgo'
2026-10-03T11:14:48.5384461Z GO111MODULE=''
2026-10-03T11:14:48.5384691Z GOAMD64='v1'
2026-10-03T11:14:48.5384968Z GOARCH='amd64'
2026-10-03T11:14:48.5385194Z GOAUTH='netrc'
2026-10-03T11:14:48.5385479Z GOBIN=''
2026-10-03T11:14:48.5385779Z GOCACHE='/home/runner/.cache/go-build'
2026-10-03T11:14:48.5386117Z GOCACHEPROG=''
2026-10-03T11:14:48.5386361Z GODEBUG=''
2026-10-03T11:14:48.5386675Z GOENV='/home/runner/.config/go/env'
2026-10-03T11:14:48.5386980Z GOEXE=''
2026-10-03T11:14:48.5387258Z GOEXPERIMENT=''
2026-10-03T11:14:48.5387518Z GOFIPS140='off'
2026-10-03T11:14:48.5387752Z GOFLAGS=''
2026-10-03T11:14:48.5388698Z GOGCCFLAGS='-fPIC -m64 -pthread -Wl,--no-gc-sections -fmessage-length=0 -ffile-prefix-map=/tmp/go-build2619128069=/tmp/go-build -gno-record-gcc-switches'
2026-10-03T11:14:48.5389479Z GOHOSTARCH='amd64'
2026-10-03T11:14:48.5389722Z GOHOSTOS='linux'
2026-10-03T11:14:48.5389965Z GOINSECURE=''
2026-10-03T11:14:48.5390215Z GOMOD='/dev/null'
2026-10-03T11:14:48.5390542Z GOMODCACHE='/home/runner/go/pkg/mod'
2026-10-03T11:14:48.5390853Z GONOPROXY=''
2026-10-03T11:14:48.5391082Z GONOSUMDB=''
2026-10-03T11:14:48.5391568Z GOOS='linux'
2026-10-03T11:14:48.5391838Z GOPATH='/home/runner/go'
2026-10-03T11:14:48.5392127Z GOPRIVATE=''
2026-10-03T11:14:48.5392502Z GOPROXY='https://proxy.golang.org,direct'
2026-10-03T11:14:48.5392939Z GOROOT='/opt/hostedtoolcache/go/1.24.8/x64'
2026-10-03T11:14:48.5393307Z GOSUMDB='sum.golang.org'
2026-10-03T11:14:48.5393731Z GOTELEMETRY='local'
2026-10-03T11:14:48.5394125Z GOTELEMETRYDIR='/home/runner/.config/go/telemetry'
2026-10-03T11:14:48.5394681Z GOTMPDIR=''
2026-10-03T11:14:48.5394962Z GOTOOLCHAIN='local'
2026-10-03T11:14:48.5395429Z GOTOOLDIR='/opt/hostedtoolcache/go/1.24.8/x64/pkg/tool/linux_amd64'
2026-10-03T11:14:48.5395855Z GOVCS=''
2026-10-03T11:14:48.5396101Z GOVERSION='go1.24.8'
2026-10-03T11:14:48.5396351Z GOWORK=''
2026-10-03T11:14:48.5396616Z PKG_CONFIG='pkg-config'
2026-10-03T11:14:48.5396795Z 
2026-10-03T11:14:48.5397133Z ##[endgroup]
2026-10-03T11:14:48.5505173Z ##[group]Run python scripts/run_logged.py evidence/archive-build.log -- python scripts/build_archive_fixture.py --output evidence/archive-image.json
2026-10-03T11:14:48.5505997Z [36;1mpython scripts/run_logged.py evidence/archive-build.log -- python scripts/build_archive_fixture.py --output evidence/archive-image.json[0m
2026-10-03T11:14:48.5541762Z shell: /usr/bin/bash --noprofile --norc -e -o pipefail {0}
2026-10-03T11:14:48.5542058Z env:
2026-10-03T11:14:48.5542249Z   NEXT_TELEMETRY_DISABLED: 1
2026-10-03T11:14:48.5542518Z   pythonLocation: /opt/hostedtoolcache/Python/3.13.15/x64
2026-10-03T11:14:48.5542875Z   PKG_CONFIG_PATH: /opt/hostedtoolcache/Python/3.13.15/x64/lib/pkgconfig
2026-10-03T11:14:48.5543216Z   Python_ROOT_DIR: /opt/hostedtoolcache/Python/3.13.15/x64
2026-10-03T11:14:48.5543631Z   Python2_ROOT_DIR: /opt/hostedtoolcache/Python/3.13.15/x64
2026-10-03T11:14:48.5543989Z   Python3_ROOT_DIR: /opt/hostedtoolcache/Python/3.13.15/x64
2026-10-03T11:14:48.5544338Z   LD_LIBRARY_PATH: /opt/hostedtoolcache/Python/3.13.15/x64/lib
2026-10-03T11:14:48.5544612Z   GOTOOLCHAIN: local
2026-10-03T11:14:48.5544815Z ##[endgroup]
2026-10-03T11:14:54.3026727Z From https://github.com/minio/minio
2026-10-03T11:14:54.3027555Z  * branch            7aac2a2c5b7c882e68c1ce017d8256be2feea27f -> FETCH_HEAD
2026-10-03T11:14:54.3028463Z HEAD is now at 7aac2a2 update README.md format and clarify state of the project
2026-10-03T11:14:54.3029229Z go: downloading cloud.google.com/go/storage v1.52.0
2026-10-03T11:14:54.3029968Z go: downloading github.com/Azure/azure-sdk-for-go/sdk/azcore v1.18.0
2026-10-03T11:14:54.3030750Z go: downloading github.com/Azure/azure-sdk-for-go/sdk/azidentity v1.9.0
2026-10-03T11:14:54.3031572Z go: downloading github.com/Azure/azure-sdk-for-go/sdk/storage/azblob v1.6.1
2026-10-03T11:14:54.3032262Z go: downloading github.com/cespare/xxhash/v2 v2.3.0
2026-10-03T11:14:54.3032787Z go: downloading cloud.google.com/go v0.120.1
2026-10-03T11:14:54.3033337Z go: downloading github.com/cheggaaa/pb v1.0.29
2026-10-03T11:14:54.3034009Z go: downloading github.com/coreos/go-oidc/v3 v3.14.1
2026-10-03T11:14:54.3034590Z go: downloading github.com/coreos/go-systemd/v22 v22.5.0
2026-10-03T11:14:54.3035148Z go: downloading github.com/cosnicolaou/pbzip2 v1.0.5
2026-10-03T11:14:54.3035680Z go: downloading github.com/dchest/siphash v1.2.3
2026-10-03T11:14:54.3036185Z go: downloading github.com/dustin/go-humanize v1.0.1
2026-10-03T11:14:54.3036704Z go: downloading github.com/fatih/color v1.18.0
2026-10-03T11:14:54.3037222Z go: downloading github.com/felixge/fgprof v0.9.5
2026-10-03T11:14:54.3037776Z go: downloading github.com/go-openapi/loads v0.22.0
2026-10-03T11:14:54.3038342Z go: downloading github.com/golang-jwt/jwt/v4 v4.5.2
2026-10-03T11:14:54.3038848Z go: downloading github.com/google/uuid v1.6.0
2026-10-03T11:14:54.3039429Z go: downloading github.com/inconshreveable/mousetrap v1.1.0
2026-10-03T11:14:54.3040033Z go: downloading github.com/json-iterator/go v1.1.12
2026-10-03T11:14:54.3040585Z go: downloading github.com/klauspost/compress v1.18.0
2026-10-03T11:14:54.3041137Z go: downloading github.com/klauspost/filepathx v1.1.1
2026-10-03T11:14:54.3041875Z go: downloading github.com/klauspost/pgzip v1.2.6
2026-10-03T11:14:54.3042435Z go: downloading github.com/klauspost/readahead v1.4.0
2026-10-03T11:14:54.3043012Z go: downloading github.com/klauspost/reedsolomon v1.12.4
2026-10-03T11:14:54.3043691Z go: downloading github.com/lithammer/shortuuid/v4 v4.2.0
2026-10-03T11:14:54.3044233Z go: downloading github.com/miekg/dns v1.1.65
2026-10-03T11:14:54.3044720Z go: downloading github.com/minio/cli v1.24.2
2026-10-03T11:14:54.3045367Z go: downloading github.com/minio/console v1.7.7-0.20250905210349-2017f33b26e1
2026-10-03T11:14:54.3045993Z go: downloading github.com/minio/dnscache v0.1.1
2026-10-03T11:14:54.3046519Z go: downloading github.com/minio/kms-go/kes v0.3.1
2026-10-03T11:14:54.3047048Z go: downloading github.com/minio/highwayhash v1.0.3
2026-10-03T11:14:54.3047658Z go: downloading github.com/minio/dperf v0.6.3
2026-10-03T11:14:54.3048167Z go: downloading github.com/minio/madmin-go/v3 v3.0.109
2026-10-03T11:14:54.3048706Z go: downloading github.com/minio/minio-go/v7 v7.0.91
2026-10-03T11:14:54.3049249Z go: downloading github.com/minio/mux v1.9.2
2026-10-03T11:14:54.3049714Z go: downloading github.com/minio/pkg/v3 v3.1.3
2026-10-03T11:14:54.3050231Z go: downloading github.com/minio/selfupdate v0.6.0
2026-10-03T11:14:54.3050709Z go: downloading github.com/minio/sio v0.4.1
2026-10-03T11:14:54.3051173Z go: downloading github.com/minio/xxml v0.0.3
2026-10-03T11:14:54.3051645Z go: downloading github.com/minio/zipindex v0.4.0
2026-10-03T11:14:54.3052170Z go: downloading github.com/mitchellh/go-homedir v1.1.0
2026-10-03T11:14:54.3052688Z go: downloading github.com/philhofer/fwd v1.2.0
2026-10-03T11:14:54.3053203Z go: downloading github.com/pierrec/lz4/v4 v4.1.22
2026-10-03T11:14:54.3053968Z go: downloading github.com/pkg/errors v0.9.1
2026-10-03T11:14:54.3054445Z go: downloading github.com/pkg/sftp v1.13.9
2026-10-03T11:14:54.3054905Z go: downloading github.com/pkg/xattr v0.4.10
2026-10-03T11:14:54.3055457Z go: downloading github.com/prometheus/client_golang v1.22.0
2026-10-03T11:14:54.3056069Z go: downloading github.com/prometheus/client_model v0.6.2
2026-10-03T11:14:54.3056617Z go: downloading github.com/prometheus/common v0.63.0
2026-10-03T11:14:54.3057157Z go: downloading github.com/prometheus/procfs v0.16.1
2026-10-03T11:14:54.3057691Z go: downloading github.com/puzpuzpuz/xsync/v3 v3.5.1
2026-10-03T11:14:54.3058362Z go: downloading github.com/rcrowley/go-metrics v0.0.0-20250401214520-65e299d6c5c9
2026-10-03T11:14:54.3058975Z go: downloading github.com/rs/cors v1.11.1
2026-10-03T11:14:54.3059453Z go: downloading github.com/secure-io/sio-go v0.3.1
2026-10-03T11:14:54.3059985Z go: downloading github.com/shirou/gopsutil/v3 v3.24.5
2026-10-03T11:14:54.3060492Z go: downloading github.com/tinylib/msgp v1.4.0
2026-10-03T11:14:54.3061019Z go: downloading github.com/valyala/bytebufferpool v1.0.0
2026-10-03T11:14:54.3061537Z go: downloading github.com/zeebo/xxh3 v1.0.2
2026-10-03T11:14:54.3062018Z go: downloading go.etcd.io/etcd/api/v3 v3.5.21
2026-10-03T11:14:54.3062520Z go: downloading go.etcd.io/etcd/client/v3 v3.5.21
2026-10-03T11:14:54.3062979Z go: downloading go.uber.org/atomic v1.11.0
2026-10-03T11:14:54.3063431Z go: downloading goftp.io/server/v2 v2.0.1
2026-10-03T11:14:54.3063993Z go: downloading golang.org/x/crypto v0.37.0
2026-10-03T11:14:54.3064457Z go: downloading golang.org/x/oauth2 v0.29.0
2026-10-03T11:14:54.3064901Z go: downloading golang.org/x/sync v0.13.0
2026-10-03T11:14:54.3065342Z go: downloading golang.org/x/sys v0.32.0
2026-10-03T11:14:54.3065785Z go: downloading golang.org/x/term v0.31.0
2026-10-03T11:14:54.3066260Z go: downloading google.golang.org/api v0.230.0
2026-10-03T11:14:54.3066716Z go: downloading gopkg.in/yaml.v2 v2.4.0
2026-10-03T11:14:54.3067151Z go: downloading gopkg.in/yaml.v3 v3.0.1
2026-10-03T11:14:54.3067730Z go: downloading github.com/Azure/azure-sdk-for-go/sdk/internal v1.11.1
2026-10-03T11:14:54.3068532Z go: downloading github.com/AzureAD/microsoft-authentication-library-for-go v1.4.2
2026-10-03T11:14:54.3069378Z go: downloading github.com/mattn/go-runewidth v0.0.16
2026-10-03T11:14:54.3069965Z go: downloading cloud.google.com/go/compute/metadata v0.6.0
2026-10-03T11:14:54.3070482Z go: downloading cloud.google.com/go/iam v1.5.2
2026-10-03T11:14:57.2815252Z go: downloading github.com/GoogleCloudPlatform/opentelemetry-operations-go/exporter/metric v0.51.0
2026-10-03T11:14:57.2816786Z go: downloading github.com/googleapis/gax-go/v2 v2.14.1
2026-10-03T11:14:57.2820928Z go: downloading go.opentelemetry.io/contrib/detectors/gcp v1.35.0
2026-10-03T11:14:57.2821506Z go: downloading go.opentelemetry.io/otel v1.35.0
2026-10-03T11:14:57.2822049Z go: downloading go.opentelemetry.io/otel/sdk/metric v1.35.0
2026-10-03T11:14:57.2822569Z go: downloading go.opentelemetry.io/otel/sdk v1.35.0
2026-10-03T11:14:57.2823074Z go: downloading go.opentelemetry.io/otel/trace v1.35.0
2026-10-03T11:14:57.2824085Z go: downloading google.golang.org/genproto v0.0.0-20250422160041-2d3770c4ea7f
2026-10-03T11:14:57.2824708Z go: downloading google.golang.org/grpc v1.72.0
2026-10-03T11:14:57.2825233Z go: downloading google.golang.org/protobuf v1.36.6
2026-10-03T11:14:57.2825743Z go: downloading github.com/go-jose/go-jose/v4 v4.1.0
2026-10-03T11:14:57.2826252Z go: downloading github.com/mattn/go-colorable v0.1.14
2026-10-03T11:14:57.2826585Z go: downloading github.com/mattn/go-isatty v0.0.20
2026-10-03T11:14:57.2826983Z go: downloading github.com/google/pprof v0.0.0-20250422154841-e1f9c1950416
2026-10-03T11:14:57.2827372Z go: downloading github.com/go-openapi/analysis v0.23.0
2026-10-03T11:14:57.2827706Z go: downloading github.com/go-openapi/spec v0.21.0
2026-10-03T11:14:57.2828025Z go: downloading github.com/go-openapi/swag v0.23.1
2026-10-03T11:14:57.2828433Z go: downloading github.com/modern-go/concurrent v0.0.0-20180306012644-bacd9c7ef1dd
2026-10-03T11:14:57.2828837Z go: downloading github.com/modern-go/reflect2 v1.0.2
2026-10-03T11:14:57.2829180Z go: downloading github.com/klauspost/cpuid/v2 v2.2.10
2026-10-03T11:14:57.2829491Z go: downloading golang.org/x/net v0.39.0
2026-10-03T11:14:57.2829816Z go: downloading github.com/go-openapi/errors v0.22.1
2026-10-03T11:14:57.2830146Z go: downloading github.com/go-openapi/runtime v0.28.0
2026-10-03T11:14:57.2830474Z go: downloading github.com/go-openapi/strfmt v0.23.0
2026-10-03T11:14:57.2830800Z go: downloading github.com/jessevdk/go-flags v1.6.1
2026-10-03T11:14:57.2831182Z go: downloading github.com/minio/mc v0.0.0-20250313080218-cf909e1063a9
2026-10-03T11:14:57.2831555Z go: downloading github.com/minio/websocket v1.6.0
2026-10-03T11:14:57.2831876Z go: downloading github.com/unrolled/secure v1.17.0
2026-10-03T11:14:57.2832168Z go: downloading aead.dev/mem v0.2.0
2026-10-03T11:14:57.2832454Z go: downloading github.com/ncw/directio v1.0.5
2026-10-03T11:14:57.2832779Z go: downloading github.com/prometheus/prom2json v1.4.2
2026-10-03T11:14:57.2833109Z go: downloading github.com/safchain/ethtool v0.5.10
2026-10-03T11:14:57.2833437Z go: downloading github.com/goccy/go-json v0.10.5
2026-10-03T11:14:57.2833850Z go: downloading github.com/minio/crc64nvme v1.0.1
2026-10-03T11:14:57.2834175Z go: downloading github.com/minio/md5-simd v1.1.2
2026-10-03T11:14:57.2834472Z go: downloading github.com/rs/xid v1.6.0
2026-10-03T11:14:57.2834765Z go: downloading github.com/go-ini/ini v1.67.0
2026-10-03T11:14:57.2835068Z go: downloading golang.org/x/time v0.11.0
2026-10-03T11:14:57.2835366Z go: downloading github.com/beevik/ntp v1.4.3
2026-10-03T11:14:57.2835659Z go: downloading go.uber.org/zap v1.27.0
2026-10-03T11:14:57.2835965Z go: downloading github.com/go-ldap/ldap/v3 v3.4.11
2026-10-03T11:14:57.2836303Z go: downloading github.com/rabbitmq/amqp091-go v1.10.0
2026-10-03T11:14:57.2836616Z go: downloading github.com/gobwas/ws v1.4.0
2026-10-03T11:14:57.2836934Z go: downloading github.com/buger/jsonparser v1.1.1
2026-10-03T11:14:57.2837245Z go: downloading github.com/IBM/sarama v1.45.1
2026-10-03T11:14:57.2837594Z go: downloading github.com/eclipse/paho.mqtt.golang v1.5.0
2026-10-03T11:14:57.2837986Z go: downloading github.com/elastic/go-elasticsearch/v7 v7.17.10
2026-10-03T11:14:57.2838489Z go: downloading github.com/go-sql-driver/mysql v1.9.2
2026-10-03T11:14:57.2838817Z go: downloading github.com/gomodule/redigo v1.9.2
2026-10-03T11:14:57.2839133Z go: downloading github.com/lib/pq v1.10.9
2026-10-03T11:14:57.2839442Z go: downloading github.com/nats-io/nats.go v1.41.2
2026-10-03T11:14:57.2839770Z go: downloading github.com/nats-io/stan.go v0.10.4
2026-10-03T11:14:57.2840088Z go: downloading github.com/nsqio/go-nsq v1.1.0
2026-10-03T11:14:57.2840389Z go: downloading github.com/xdg/scram v1.0.5
2026-10-03T11:14:57.2840688Z go: downloading aead.dev/mtls v0.2.1
2026-10-03T11:14:57.2841071Z go: downloading github.com/minio/kms-go/kms v0.5.1-0.20250225090116-4e64ce8d0f35
2026-10-03T11:14:57.2841468Z go: downloading github.com/minio/simdjson-go v0.4.5
2026-10-03T11:14:57.2841860Z go: downloading github.com/rjeczalik/notify v0.9.3
2026-10-03T11:14:57.2842179Z go: downloading github.com/fatih/structs v1.1.0
2026-10-03T11:14:57.2842506Z go: downloading github.com/lestrrat-go/jwx/v2 v2.1.4
2026-10-03T11:14:57.2842814Z go: downloading aead.dev/minisign v0.3.0
2026-10-03T11:14:57.2843091Z go: downloading github.com/kr/fs v0.1.0
2026-10-03T11:14:57.2843387Z go: downloading github.com/beorn7/perks v1.0.1
2026-10-03T11:14:57.2843871Z go: downloading github.com/munnerz/goautoneg v0.0.0-20191010083416-a7dc8b61c822
2026-10-03T11:14:57.2844273Z go: downloading github.com/tklauser/go-sysconf v0.3.15
2026-10-03T11:14:57.2844604Z go: downloading github.com/gogo/protobuf v1.3.2
2026-10-03T11:14:57.2844911Z go: downloading github.com/golang/protobuf v1.5.4
2026-10-03T11:14:57.2845242Z go: downloading go.etcd.io/etcd/client/pkg/v3 v3.5.21
2026-10-03T11:14:57.2845570Z go: downloading github.com/kylelemons/godebug v1.1.0
2026-10-03T11:14:57.2845957Z go: downloading github.com/pkg/browser v0.0.0-20240102092130-5ac0b6a4141c
2026-10-03T11:14:57.2846323Z go: downloading github.com/rivo/uniseg v0.4.7
2026-10-03T11:14:57.2846775Z go: downloading google.golang.org/genproto/googleapis/api v0.0.0-20250422160041-2d3770c4ea7f
2026-10-03T11:14:57.2847325Z go: downloading google.golang.org/genproto/googleapis/rpc v0.0.0-20250422160041-2d3770c4ea7f
2026-10-03T11:14:57.2847760Z go: downloading cloud.google.com/go/monitoring v1.24.2
2026-10-03T11:14:58.9925967Z go: downloading github.com/GoogleCloudPlatform/opentelemetry-operations-go/internal/resourcemapping v0.51.0
2026-10-03T11:14:58.9926878Z go: downloading github.com/GoogleCloudPlatform/opentelemetry-operations-go/detectors/gcp v1.27.0
2026-10-03T11:14:58.9927479Z go: downloading github.com/go-logr/logr v1.4.2
2026-10-03T11:14:58.9927958Z go: downloading go.opentelemetry.io/otel/metric v1.35.0
2026-10-03T11:14:58.9928392Z go: downloading cloud.google.com/go/auth v0.16.0
2026-10-03T11:14:58.9928823Z go: downloading cloud.google.com/go/auth/oauth2adapt v0.2.8
2026-10-03T11:14:58.9929402Z go: downloading go.opentelemetry.io/contrib/instrumentation/net/http/otelhttp v0.60.0
2026-10-03T11:14:58.9929926Z go: downloading github.com/go-openapi/jsonpointer v0.21.1
2026-10-03T11:14:58.9930363Z go: downloading github.com/mailru/easyjson v0.9.0
2026-10-03T11:14:58.9930791Z go: downloading github.com/go-openapi/jsonreference v0.21.0
2026-10-03T11:14:58.9931218Z go: downloading github.com/go-openapi/validate v0.24.0
2026-10-03T11:14:58.9931613Z go: downloading github.com/docker/go-units v0.5.0
2026-10-03T11:14:58.9932121Z go: downloading github.com/asaskevich/govalidator v0.0.0-20230301143203-a9d515a09cc2
2026-10-03T11:14:58.9932627Z go: downloading github.com/mitchellh/mapstructure v1.5.0
2026-10-03T11:14:58.9933020Z go: downloading github.com/oklog/ulid v1.3.1
2026-10-03T11:14:58.9933407Z go: downloading go.mongodb.org/mongo-driver v1.17.3
2026-10-03T11:14:58.9934080Z go: downloading github.com/charmbracelet/bubbles v0.20.0
2026-10-03T11:14:58.9934597Z go: downloading github.com/charmbracelet/bubbletea v1.3.4
2026-10-03T11:14:58.9935136Z go: downloading github.com/charmbracelet/lipgloss v1.0.0
2026-10-03T11:14:58.9935768Z go: downloading github.com/google/shlex v0.0.0-20191202100458-e7afc7fbc510
2026-10-03T11:14:58.9936576Z go: downloading github.com/jedib0t/go-pretty/v6 v6.6.7
2026-10-03T11:14:58.9937082Z go: downloading github.com/mattn/go-ieproxy v0.0.12
2026-10-03T11:14:58.9937552Z go: downloading github.com/minio/colorjson v1.0.8
2026-10-03T11:14:58.9937876Z go: downloading github.com/minio/filepath v1.0.0
2026-10-03T11:14:58.9938198Z go: downloading github.com/muesli/reflow v0.3.0
2026-10-03T11:14:58.9938516Z go: downloading github.com/muesli/termenv v0.16.0
2026-10-03T11:14:58.9938865Z go: downloading github.com/olekukonko/tablewriter v0.0.5
2026-10-03T11:14:58.9939199Z go: downloading github.com/posener/complete v1.2.3
2026-10-03T11:14:58.9939522Z go: downloading github.com/tidwall/gjson v1.18.0
2026-10-03T11:14:58.9939844Z go: downloading github.com/vbauerster/mpb/v8 v8.9.3
2026-10-03T11:14:58.9940238Z go: downloading golang.org/x/text v0.24.0
2026-10-03T11:14:58.9940628Z go: downloading github.com/matttproud/golang_protobuf_extensions v1.0.4
2026-10-03T11:14:58.9941098Z go: downloading github.com/Azure/go-ntlmssp v0.0.0-20221128193559-754e69321358
2026-10-03T11:14:58.9941577Z go: downloading github.com/go-asn1-ber/asn1-ber v1.5.8-0.20250403174932-29230038a667
2026-10-03T11:14:58.9941966Z go: downloading go.uber.org/multierr v1.11.0
2026-10-03T11:14:58.9942275Z go: downloading github.com/gobwas/httphead v0.1.0
2026-10-03T11:14:58.9942585Z go: downloading github.com/gobwas/pool v0.2.1
2026-10-03T11:14:58.9942911Z go: downloading github.com/gorilla/websocket v1.5.3
2026-10-03T11:14:58.9943320Z go: downloading github.com/davecgh/go-spew v1.1.2-0.20180830191138-d8f796af33cc
2026-10-03T11:14:58.9943944Z go: downloading github.com/eapache/go-resiliency v1.7.0
2026-10-03T11:14:58.9944385Z go: downloading github.com/eapache/go-xerial-snappy v0.0.0-20230731223053-c322873962e3
2026-10-03T11:14:58.9944807Z go: downloading github.com/eapache/queue v1.1.0
2026-10-03T11:14:58.9945179Z go: downloading github.com/hashicorp/go-multierror v1.1.1
2026-10-03T11:14:58.9945532Z go: downloading github.com/jcmturner/gofork v1.7.6
2026-10-03T11:14:58.9945871Z go: downloading github.com/jcmturner/gokrb5/v8 v8.4.4
2026-10-03T11:14:58.9946195Z go: downloading filippo.io/edwards25519 v1.1.0
2026-10-03T11:14:58.9946510Z go: downloading github.com/golang/snappy v1.0.0
2026-10-03T11:14:58.9946830Z go: downloading github.com/nats-io/nuid v1.0.1
2026-10-03T11:14:58.9947146Z go: downloading github.com/xdg/stringprep v1.0.3
2026-10-03T11:14:58.9947467Z go: downloading github.com/minio/csvparser v1.0.0
2026-10-03T11:14:58.9947805Z go: downloading github.com/fraugster/parquet-go v0.12.0
2026-10-03T11:14:58.9948153Z go: downloading github.com/alecthomas/participle v0.7.1
2026-10-03T11:14:58.9948476Z go: downloading github.com/nats-io/nkeys v0.4.11
2026-10-03T11:14:58.9948818Z go: downloading github.com/lestrrat-go/blackmagic v1.0.2
2026-10-03T11:14:58.9949159Z go: downloading github.com/lestrrat-go/option v1.0.1
2026-10-03T11:14:58.9949492Z go: downloading github.com/lestrrat-go/httprc v1.0.6
2026-10-03T11:14:58.9949817Z go: downloading github.com/lestrrat-go/iter v1.0.2
2026-10-03T11:14:58.9950137Z go: downloading github.com/coreos/go-semver v0.3.1
2026-10-03T11:14:58.9950463Z go: downloading github.com/tklauser/numcpus v0.10.0
2026-10-03T11:14:58.9950784Z go: downloading github.com/golang-jwt/jwt/v5 v5.2.2
2026-10-03T11:14:58.9951279Z go: downloading go.opentelemetry.io/contrib/instrumentation/google.golang.org/grpc/otelgrpc v0.60.0
2026-10-03T11:14:58.9951725Z go: downloading github.com/go-logr/stdr v1.2.2
2026-10-03T11:14:58.9952046Z go: downloading go.opentelemetry.io/auto/sdk v1.1.0
2026-10-03T11:14:58.9952363Z go: downloading github.com/google/s2a-go v0.1.9
2026-10-03T11:14:58.9952767Z go: downloading github.com/googleapis/enterprise-certificate-proxy v0.3.6
2026-10-03T11:14:58.9953217Z go: downloading github.com/envoyproxy/go-control-plane/envoy v1.32.4
2026-10-03T11:14:58.9953826Z go: downloading github.com/josharian/intern v1.0.0
2026-10-03T11:14:58.9954163Z go: downloading github.com/felixge/httpsnoop v1.0.4
2026-10-03T11:14:58.9954600Z go: downloading github.com/charmbracelet/x/ansi v0.8.0
2026-10-03T11:14:58.9954956Z go: downloading github.com/charmbracelet/x/term v0.2.1
2026-10-03T11:14:58.9955347Z go: downloading github.com/muesli/ansi v0.0.0-20230316100256-276c6243b2f6
2026-10-03T11:16:21.2362579Z go: downloading github.com/muesli/cancelreader v0.2.2
2026-10-03T11:16:21.2363215Z go: downloading github.com/juju/ratelimit v1.0.2
2026-10-03T11:16:21.2363942Z go: downloading github.com/aymanbagabas/go-osc52/v2 v2.0.1
2026-10-03T11:16:21.2364455Z go: downloading github.com/lucasb-eyer/go-colorful v1.2.0
2026-10-03T11:16:21.2364820Z go: downloading github.com/tidwall/match v1.1.1
2026-10-03T11:16:21.2365148Z go: downloading github.com/tidwall/pretty v1.2.1
2026-10-03T11:16:21.2365785Z go: downloading github.com/acarl005/stripansi v0.0.0-20180116102854-5a71ef0e047d
2026-10-03T11:16:21.2366223Z go: downloading github.com/prometheus/prometheus v0.303.0
2026-10-03T11:16:21.2366762Z go: downloading github.com/VividCortex/ewma v1.2.0
2026-10-03T11:16:21.2367239Z go: downloading github.com/hashicorp/errwrap v1.1.0
2026-10-03T11:16:21.2367579Z go: downloading github.com/hashicorp/go-uuid v1.0.3
2026-10-03T11:16:21.2367919Z go: downloading github.com/jcmturner/dnsutils/v2 v2.0.0
2026-10-03T11:16:21.2368253Z go: downloading github.com/apache/thrift v0.21.0
2026-10-03T11:16:21.2368584Z go: downloading github.com/lestrrat-go/httpcc v1.0.1
2026-10-03T11:16:21.2368954Z go: downloading github.com/spiffe/go-spiffe/v2 v2.5.0
2026-10-03T11:16:21.2369351Z go: downloading github.com/cncf/xds/go v0.0.0-20250326154945-ae57f3c0d45f
2026-10-03T11:16:21.2369775Z go: downloading github.com/envoyproxy/protoc-gen-validate v1.2.1
2026-10-03T11:16:21.2370141Z go: downloading github.com/jcmturner/rpc/v2 v2.0.3
2026-10-03T11:16:21.2370450Z go: downloading github.com/zeebo/errs v1.4.0
2026-10-03T11:16:21.2370752Z go: downloading cel.dev/expr v0.23.1
2026-10-03T11:16:21.2371055Z go: downloading github.com/jcmturner/aescts/v2 v2.0.0
2026-10-03T11:16:21.2371418Z #0 building with "default" instance using docker driver
2026-10-03T11:16:21.2371613Z 
2026-10-03T11:16:21.2371800Z #1 [internal] load build definition from Dockerfile.fixture
2026-10-03T11:16:21.2372123Z #1 transferring dockerfile: 235B done
2026-10-03T11:16:21.2372357Z #1 DONE 0.0s
2026-10-03T11:16:21.2372458Z 
2026-10-03T11:16:21.2372586Z #2 [internal] load build context
2026-10-03T11:16:21.2372843Z #2 transferring context: 33.47MB 0.1s
2026-10-03T11:16:21.2373116Z #2 transferring context: 151.09MB 0.4s done
2026-10-03T11:16:21.2373348Z #2 DONE 0.4s
2026-10-03T11:16:21.2373454Z 
2026-10-03T11:16:21.2373690Z #3 [1/2] COPY minio /minio
2026-10-03T11:16:21.2373916Z #3 DONE 0.0s
2026-10-03T11:16:21.2374011Z 
2026-10-03T11:16:21.2374138Z #4 [2/2] COPY LICENSE /LICENSE
2026-10-03T11:16:21.2374348Z #4 DONE 3.8s
2026-10-03T11:16:21.2374449Z 
2026-10-03T11:16:21.2374554Z #5 exporting to image
2026-10-03T11:16:21.2374868Z #5 exporting layers
2026-10-03T11:16:21.2375103Z #5 exporting layers 0.5s done
2026-10-03T11:16:21.2375710Z #5 writing image sha256:57557cf5c618a2f95928fa437ef57ba768a17a5cb6acc1379a6d0a245a0fc1b5 done
2026-10-03T11:16:21.2376474Z #5 naming to docker.io/library/airlock-archive-fixture:94891c1c2d7e done
2026-10-03T11:16:21.2376915Z #5 DONE 0.5s
2026-10-03T11:16:21.2379000Z {"source": "https://github.com/minio/minio.git", "source_commit": "7aac2a2c5b7c882e68c1ce017d8256be2feea27f", "binary_sha256": "e7425aad90f11c859f386485a63a5af888ee645a99fbfcdb64bd960d7d20f7a8", "runtime_image_id": "sha256:57557cf5c618a2f95928fa437ef57ba768a17a5cb6acc1379a6d0a245a0fc1b5", "local_tag": "airlock-archive-fixture:94891c1c2d7e", "scope": "archived upstream source built only for throwaway S3 contract tests, not a production distribution recommendation"}
2026-10-03T11:16:21.2503041Z ##[group]Run python scripts/run_logged.py evidence/archive-integration.log -- python scripts/archive_integration.py --output evidence/archive-integration.json
2026-10-03T11:16:21.2504209Z [36;1mpython scripts/run_logged.py evidence/archive-integration.log -- python scripts/archive_integration.py --output evidence/archive-integration.json[0m
2026-10-03T11:16:21.2539669Z shell: /usr/bin/bash --noprofile --norc -e -o pipefail {0}
2026-10-03T11:16:21.2539978Z env:
2026-10-03T11:16:21.2540169Z   NEXT_TELEMETRY_DISABLED: 1
2026-10-03T11:16:21.2540448Z   pythonLocation: /opt/hostedtoolcache/Python/3.13.15/x64
2026-10-03T11:16:21.2540846Z   PKG_CONFIG_PATH: /opt/hostedtoolcache/Python/3.13.15/x64/lib/pkgconfig
2026-10-03T11:16:21.2541190Z   Python_ROOT_DIR: /opt/hostedtoolcache/Python/3.13.15/x64
2026-10-03T11:16:21.2541507Z   Python2_ROOT_DIR: /opt/hostedtoolcache/Python/3.13.15/x64
2026-10-03T11:16:21.2541819Z   Python3_ROOT_DIR: /opt/hostedtoolcache/Python/3.13.15/x64
2026-10-03T11:16:21.2542175Z   LD_LIBRARY_PATH: /opt/hostedtoolcache/Python/3.13.15/x64/lib
2026-10-03T11:16:21.2542448Z   GOTOOLCHAIN: local
2026-10-03T11:16:21.2542641Z ##[endgroup]
2026-10-03T11:16:22.4817855Z {"mode": "real_docker_s3_object_lock", "image_digests": [], "runtime_image_id": "sha256:57557cf5c618a2f95928fa437ef57ba768a17a5cb6acc1379a6d0a245a0fc1b5", "receipt": {"bucket": "airlock-evidence", "key": "checkpoints/4cec7b342c4b4717ace3cf76a575aaf9/000000000001-fc2765ff848081202da8ee8e7c5c96e786bb0fc430c13a2480f7505c097194d2.json", "version_id": "7eba5560-715b-4ba8-9999-53fce7e8815f", "sha256": "fc2765ff848081202da8ee8e7c5c96e786bb0fc430c13a2480f7505c097194d2", "retain_until": "2026-10-04T11:16:22+00:00", "mode": "COMPLIANCE", "database_instance": "4cec7b342c4b4717ace3cf76a575aaf9", "seq": 1}, "checks": ["delete_exact_version", "shorten_compliance", "downgrade_to_governance", "version_pinned_after_new_version", "retrieved_anchor_detects_tail_deletion", "unapproved_target_unchanged", "receipt_sequence_substitution_rejected", "receipt_database_substitution_rejected", "expired_receipt_rejected"], "actual_denials": {"delete_exact_version": {"http_status": 400, "code": "InvalidRequest", "message": "Object is WORM protected and cannot be overwritten"}, "shorten_compliance": {"http_status": 400, "code": "InvalidRequest", "message": "Object is WORM protected and cannot be overwritten"}, "downgrade_to_governance": {"http_status": 400, "code": "InvalidRequest", "message": "Object is WORM protected and cannot be overwritten"}}, "credential_scope": "new synthetic fixture only; never read default AWS credentials", "retention_scope": "COMPLIANCE API semantics; temporary test container removed, not permanent production archive", "exit_code": 0}
2026-10-03T11:16:22.4934615Z ##[group]Run python scripts/run_logged.py evidence/research-pipeline.log -- python scripts/research_pipeline.py --output evidence/research-pipeline
2026-10-03T11:16:22.4935459Z [36;1mpython scripts/run_logged.py evidence/research-pipeline.log -- python scripts/research_pipeline.py --output evidence/research-pipeline[0m
2026-10-03T11:16:22.4971341Z shell: /usr/bin/bash --noprofile --norc -e -o pipefail {0}
2026-10-03T11:16:22.4971649Z env:
2026-10-03T11:16:22.4971837Z   NEXT_TELEMETRY_DISABLED: 1
2026-10-03T11:16:22.4972117Z   pythonLocation: /opt/hostedtoolcache/Python/3.13.15/x64
2026-10-03T11:16:22.4972477Z   PKG_CONFIG_PATH: /opt/hostedtoolcache/Python/3.13.15/x64/lib/pkgconfig
2026-10-03T11:16:22.4972829Z   Python_ROOT_DIR: /opt/hostedtoolcache/Python/3.13.15/x64
2026-10-03T11:16:22.4973144Z   Python2_ROOT_DIR: /opt/hostedtoolcache/Python/3.13.15/x64
2026-10-03T11:16:22.4973455Z   Python3_ROOT_DIR: /opt/hostedtoolcache/Python/3.13.15/x64
2026-10-03T11:16:22.4974044Z   LD_LIBRARY_PATH: /opt/hostedtoolcache/Python/3.13.15/x64/lib
2026-10-03T11:16:22.4974322Z   GOTOOLCHAIN: local
2026-10-03T11:16:22.4974513Z ##[endgroup]
2026-10-03T11:16:22.9443769Z {"status": "PASS", "meaning": "Pipeline contract passed; research acceptance remains blocked", "source_families": 3, "source_types": ["synthetic", "public_incident"], "public_incident_families": 1, "human_participants": 0, "paired_human_labels": 0, "authorized_log_records": 0, "checks": ["blank_annotation_templates_only", "exact_prediction_coverage", "authority_and_semantic_metrics_separate", "missing_humans_do_not_pass", "no_target_write", "empty_governance_denominators_remain_unknown"]}
2026-10-03T11:16:22.9561156Z ##[group]Run python scripts/run_logged.py evidence/container-integrations.log -- python scripts/container_integrations.py
2026-10-03T11:16:22.9561838Z [36;1mpython scripts/run_logged.py evidence/container-integrations.log -- python scripts/container_integrations.py[0m
2026-10-03T11:16:22.9597534Z shell: /usr/bin/bash --noprofile --norc -e -o pipefail {0}
2026-10-03T11:16:22.9597833Z env:
2026-10-03T11:16:22.9598025Z   NEXT_TELEMETRY_DISABLED: 1
2026-10-03T11:16:22.9598292Z   pythonLocation: /opt/hostedtoolcache/Python/3.13.15/x64
2026-10-03T11:16:22.9598655Z   PKG_CONFIG_PATH: /opt/hostedtoolcache/Python/3.13.15/x64/lib/pkgconfig
2026-10-03T11:16:22.9599056Z   Python_ROOT_DIR: /opt/hostedtoolcache/Python/3.13.15/x64
2026-10-03T11:16:22.9599403Z   Python2_ROOT_DIR: /opt/hostedtoolcache/Python/3.13.15/x64
2026-10-03T11:16:22.9599775Z   Python3_ROOT_DIR: /opt/hostedtoolcache/Python/3.13.15/x64
2026-10-03T11:16:22.9600135Z   LD_LIBRARY_PATH: /opt/hostedtoolcache/Python/3.13.15/x64/lib
2026-10-03T11:16:22.9600427Z   GOTOOLCHAIN: local
2026-10-03T11:16:22.9600631Z ##[endgroup]
2026-10-03T11:16:30.2394885Z {
2026-10-03T11:16:30.2395395Z   "envoy": {
2026-10-03T11:16:30.2395970Z     "image": "envoyproxy/envoy:v1.39.1",
2026-10-03T11:16:30.2397310Z     "repo_digests": "[\"envoyproxy/envoy@sha256:57e14a549d7bd43c8d3f6d03e8cfa653e037d4b38e133acd9b54f38c524401b4\"]",
2026-10-03T11:16:30.2398319Z     "rows": [
2026-10-03T11:16:30.2398685Z       {
2026-10-03T11:16:30.2399101Z         "case": "zero",
2026-10-03T11:16:30.2399608Z         "rule": "threshold",
2026-10-03T11:16:30.2400314Z         "airlock_expression": "changed_rows >= 100",
2026-10-03T11:16:30.2401293Z         "envoy_expression": "int(request.headers['x-rows']) >= 100",
2026-10-03T11:16:30.2402037Z         "airlock_hit": false,
2026-10-03T11:16:30.2402568Z         "expected": false,
2026-10-03T11:16:30.2403121Z         "envoy_hit": false
2026-10-03T11:16:30.2403722Z       },
2026-10-03T11:16:30.2404035Z       {
2026-10-03T11:16:30.2404464Z         "case": "zero",
2026-10-03T11:16:30.2404961Z         "rule": "write_only",
2026-10-03T11:16:30.2405919Z         "airlock_expression": "operation == \"delete\" && matched_rows != 0",
2026-10-03T11:16:30.2407504Z         "envoy_expression": "request.headers['x-operation'] == 'delete' && int(request.headers['x-rows']) != 0",
2026-10-03T11:16:30.2408505Z         "airlock_hit": false,
2026-10-03T11:16:30.2409022Z         "expected": false,
2026-10-03T11:16:30.2409518Z         "envoy_hit": false
2026-10-03T11:16:30.2409931Z       },
2026-10-03T11:16:30.2410280Z       {
2026-10-03T11:16:30.2410682Z         "case": "zero",
2026-10-03T11:16:30.2411162Z         "rule": "bounded",
2026-10-03T11:16:30.2412065Z         "airlock_expression": "!(changed_rows > 5) || operation == \"read\"",
2026-10-03T11:16:30.2413682Z         "envoy_expression": "!(int(request.headers['x-rows']) > 5) || request.headers['x-operation'] == 'read'",
2026-10-03T11:16:30.2414692Z         "airlock_hit": true,
2026-10-03T11:16:30.2415234Z         "expected": true,
2026-10-03T11:16:30.2415718Z         "envoy_hit": true
2026-10-03T11:16:30.2416128Z       },
2026-10-03T11:16:30.2416466Z       {
2026-10-03T11:16:30.2416873Z         "case": "small",
2026-10-03T11:16:30.2417365Z         "rule": "threshold",
2026-10-03T11:16:30.2418079Z         "airlock_expression": "changed_rows >= 100",
2026-10-03T11:16:30.2419039Z         "envoy_expression": "int(request.headers['x-rows']) >= 100",
2026-10-03T11:16:30.2419765Z         "airlock_hit": false,
2026-10-03T11:16:30.2420279Z         "expected": false,
2026-10-03T11:16:30.2420775Z         "envoy_hit": false
2026-10-03T11:16:30.2421195Z       },
2026-10-03T11:16:30.2421532Z       {
2026-10-03T11:16:30.2421944Z         "case": "small",
2026-10-03T11:16:30.2422441Z         "rule": "write_only",
2026-10-03T11:16:30.2423399Z         "airlock_expression": "operation == \"delete\" && matched_rows != 0",
2026-10-03T11:16:30.2426007Z         "envoy_expression": "request.headers['x-operation'] == 'delete' && int(request.headers['x-rows']) != 0",
2026-10-03T11:16:30.2427011Z         "airlock_hit": true,
2026-10-03T11:16:30.2427516Z         "expected": true,
2026-10-03T11:16:30.2428004Z         "envoy_hit": true
2026-10-03T11:16:30.2428405Z       },
2026-10-03T11:16:30.2428742Z       {
2026-10-03T11:16:30.2429175Z         "case": "small",
2026-10-03T11:16:30.2429655Z         "rule": "bounded",
2026-10-03T11:16:30.2430238Z         "airlock_expression": "!(changed_rows > 5) || operation == \"read\"",
2026-10-03T11:16:30.2431130Z         "envoy_expression": "!(int(request.headers['x-rows']) > 5) || request.headers['x-operation'] == 'read'",
2026-10-03T11:16:30.2431720Z         "airlock_hit": true,
2026-10-03T11:16:30.2432050Z         "expected": true,
2026-10-03T11:16:30.2432368Z         "envoy_hit": true
2026-10-03T11:16:30.2432615Z       },
2026-10-03T11:16:30.2432846Z       {
2026-10-03T11:16:30.2433100Z         "case": "high",
2026-10-03T11:16:30.2433405Z         "rule": "threshold",
2026-10-03T11:16:30.2434022Z         "airlock_expression": "changed_rows >= 100",
2026-10-03T11:16:30.2434618Z         "envoy_expression": "int(request.headers['x-rows']) >= 100",
2026-10-03T11:16:30.2435043Z         "airlock_hit": true,
2026-10-03T11:16:30.2435357Z         "expected": true,
2026-10-03T11:16:30.2435658Z         "envoy_hit": true
2026-10-03T11:16:30.2435907Z       },
2026-10-03T11:16:30.2436119Z       {
2026-10-03T11:16:30.2436380Z         "case": "high",
2026-10-03T11:16:30.2436677Z         "rule": "write_only",
2026-10-03T11:16:30.2437253Z         "airlock_expression": "operation == \"delete\" && matched_rows != 0",
2026-10-03T11:16:30.2438174Z         "envoy_expression": "request.headers['x-operation'] == 'delete' && int(request.headers['x-rows']) != 0",
2026-10-03T11:16:30.2438772Z         "airlock_hit": true,
2026-10-03T11:16:30.2439086Z         "expected": true,
2026-10-03T11:16:30.2439400Z         "envoy_hit": true
2026-10-03T11:16:30.2439651Z       },
2026-10-03T11:16:30.2439865Z       {
2026-10-03T11:16:30.2440128Z         "case": "high",
2026-10-03T11:16:30.2440474Z         "rule": "bounded",
2026-10-03T11:16:30.2441024Z         "airlock_expression": "!(changed_rows > 5) || operation == \"read\"",
2026-10-03T11:16:30.2441871Z         "envoy_expression": "!(int(request.headers['x-rows']) > 5) || request.headers['x-operation'] == 'read'",
2026-10-03T11:16:30.2442447Z         "airlock_hit": false,
2026-10-03T11:16:30.2442760Z         "expected": false,
2026-10-03T11:16:30.2443050Z         "envoy_hit": false
2026-10-03T11:16:30.2443303Z       },
2026-10-03T11:16:30.2443504Z       {
2026-10-03T11:16:30.2443963Z         "case": "read",
2026-10-03T11:16:30.2444265Z         "rule": "threshold",
2026-10-03T11:16:30.2444701Z         "airlock_expression": "changed_rows >= 100",
2026-10-03T11:16:30.2445257Z         "envoy_expression": "int(request.headers['x-rows']) >= 100",
2026-10-03T11:16:30.2445718Z         "airlock_hit": true,
2026-10-03T11:16:30.2446041Z         "expected": true,
2026-10-03T11:16:30.2446401Z         "envoy_hit": true
2026-10-03T11:16:30.2446655Z       },
2026-10-03T11:16:30.2446883Z       {
2026-10-03T11:16:30.2447172Z         "case": "read",
2026-10-03T11:16:30.2447514Z         "rule": "write_only",
2026-10-03T11:16:30.2448071Z         "airlock_expression": "operation == \"delete\" && matched_rows != 0",
2026-10-03T11:16:30.2449025Z         "envoy_expression": "request.headers['x-operation'] == 'delete' && int(request.headers['x-rows']) != 0",
2026-10-03T11:16:30.2449624Z         "airlock_hit": false,
2026-10-03T11:16:30.2449957Z         "expected": false,
2026-10-03T11:16:30.2450278Z         "envoy_hit": false
2026-10-03T11:16:30.2450542Z       },
2026-10-03T11:16:30.2450760Z       {
2026-10-03T11:16:30.2451007Z         "case": "read",
2026-10-03T11:16:30.2451298Z         "rule": "bounded",
2026-10-03T11:16:30.2451853Z         "airlock_expression": "!(changed_rows > 5) || operation == \"read\"",
2026-10-03T11:16:30.2453108Z         "envoy_expression": "!(int(request.headers['x-rows']) > 5) || request.headers['x-operation'] == 'read'",
2026-10-03T11:16:30.2454073Z         "airlock_hit": true,
2026-10-03T11:16:30.2454408Z         "expected": true,
2026-10-03T11:16:30.2454697Z         "envoy_hit": true
2026-10-03T11:16:30.2454960Z       }
2026-10-03T11:16:30.2455181Z     ],
2026-10-03T11:16:30.2455446Z     "status": "PASS",
2026-10-03T11:16:30.2940207Z     "scope": "Boolean/equality/ordering subset with explicit header-to-variable mapping; access-log filter, not Envoy authorization deployment.",
2026-10-03T11:16:30.2941387Z     "error_difference": "Missing/invalid Envoy attributes suppress its log. AIRLOCK rejects invalid typed activation and blocks authorization."
2026-10-03T11:16:30.2941932Z   },
2026-10-03T11:16:30.2942177Z   "otel": {
2026-10-03T11:16:30.2942424Z     "status": "PASS",
2026-10-03T11:16:30.2942783Z     "image": "otel/opentelemetry-collector:0.162.0",
2026-10-03T11:16:30.2943775Z     "repo_digests": "[\"otel/opentelemetry-collector@sha256:310a800ad69ee430e7c541796852a242c9c7db97aaad4daa5ccf843c525fbdb2\"]",
2026-10-03T11:16:30.2944428Z     "trace_id": "bc432f874a774c95a7a8205a2ad99696",
2026-10-03T11:16:30.2944757Z     "result": {
2026-10-03T11:16:30.2945019Z       "status": "ok",
2026-10-03T11:16:30.2945255Z       "exported": 1
2026-10-03T11:16:30.2945510Z     },
2026-10-03T11:16:30.2946170Z     "scope": "Official Collector accepts OTLP JSON and debug exporter records the actual trace; no production backend claim."
2026-10-03T11:16:30.2946628Z   }
2026-10-03T11:16:30.2946819Z }
2026-10-03T11:16:30.3060957Z ##[group]Run python scripts/run_logged.py evidence/dependency-audit.log -- python -m pip_audit -r requirements-archive.txt --format json --output evidence/dependency-audit.json
2026-10-03T11:16:30.3061914Z [36;1mpython scripts/run_logged.py evidence/dependency-audit.log -- python -m pip_audit -r requirements-archive.txt --format json --output evidence/dependency-audit.json[0m
2026-10-03T11:16:30.3097403Z shell: /usr/bin/bash --noprofile --norc -e -o pipefail {0}
2026-10-03T11:16:30.3097703Z env:
2026-10-03T11:16:30.3097893Z   NEXT_TELEMETRY_DISABLED: 1
2026-10-03T11:16:30.3098167Z   pythonLocation: /opt/hostedtoolcache/Python/3.13.15/x64
2026-10-03T11:16:30.3098516Z   PKG_CONFIG_PATH: /opt/hostedtoolcache/Python/3.13.15/x64/lib/pkgconfig
2026-10-03T11:16:30.3098885Z   Python_ROOT_DIR: /opt/hostedtoolcache/Python/3.13.15/x64
2026-10-03T11:16:30.3099202Z   Python2_ROOT_DIR: /opt/hostedtoolcache/Python/3.13.15/x64
2026-10-03T11:16:30.3099542Z   Python3_ROOT_DIR: /opt/hostedtoolcache/Python/3.13.15/x64
2026-10-03T11:16:30.3099850Z   LD_LIBRARY_PATH: /opt/hostedtoolcache/Python/3.13.15/x64/lib
2026-10-03T11:16:30.3100116Z   GOTOOLCHAIN: local
2026-10-03T11:16:30.3100304Z ##[endgroup]
2026-10-03T11:16:35.9368604Z No known vulnerabilities found
2026-10-03T11:16:35.9491313Z ##[group]Run python scripts/run_logged.py evidence/latency.log -- python scripts/measure_latency.py --samples 60 --output evidence/latency.json
2026-10-03T11:16:35.9492082Z [36;1mpython scripts/run_logged.py evidence/latency.log -- python scripts/measure_latency.py --samples 60 --output evidence/latency.json[0m
2026-10-03T11:16:35.9527984Z shell: /usr/bin/bash --noprofile --norc -e -o pipefail {0}
2026-10-03T11:16:35.9528279Z env:
2026-10-03T11:16:35.9528472Z   NEXT_TELEMETRY_DISABLED: 1
2026-10-03T11:16:35.9528748Z   pythonLocation: /opt/hostedtoolcache/Python/3.13.15/x64
2026-10-03T11:16:35.9529096Z   PKG_CONFIG_PATH: /opt/hostedtoolcache/Python/3.13.15/x64/lib/pkgconfig
2026-10-03T11:16:35.9529437Z   Python_ROOT_DIR: /opt/hostedtoolcache/Python/3.13.15/x64
2026-10-03T11:16:35.9529755Z   Python2_ROOT_DIR: /opt/hostedtoolcache/Python/3.13.15/x64
2026-10-03T11:16:35.9530065Z   Python3_ROOT_DIR: /opt/hostedtoolcache/Python/3.13.15/x64
2026-10-03T11:16:35.9530413Z   LD_LIBRARY_PATH: /opt/hostedtoolcache/Python/3.13.15/x64/lib
2026-10-03T11:16:35.9530684Z   GOTOOLCHAIN: local
2026-10-03T11:16:35.9530999Z ##[endgroup]
2026-10-03T11:16:38.4614131Z {
2026-10-03T11:16:38.4615074Z   "scope": "1206-row synthetic SQLite; concurrency 1; warm HTTP client; same host and target",
2026-10-03T11:16:38.4615657Z   "python": "3.13.15",
2026-10-03T11:16:38.4615906Z   "sqlite": "3.53.1",
2026-10-03T11:16:38.4616238Z   "platform": "Linux-6.17.0-1022-azure-x86_64-with-glibc2.39",
2026-10-03T11:16:38.4616543Z   "processor": "x86_64",
2026-10-03T11:16:38.4616759Z   "logical_cpus": 4,
2026-10-03T11:16:38.4616964Z   "samples": 60,
2026-10-03T11:16:38.4617156Z   "seed": 2073,
2026-10-03T11:16:38.4617353Z   "warmup_calls": 10,
2026-10-03T11:16:38.4617616Z   "first_native_call_ms": 30.464808000033372,
2026-10-03T11:16:38.4617850Z   "read": {
2026-10-03T11:16:38.4618042Z     "direct_ms": {
2026-10-03T11:16:38.4618243Z       "n": 60,
2026-10-03T11:16:38.4618481Z       "mean": 0.3191840499994214,
2026-10-03T11:16:38.4618787Z       "p50": 0.30861000004733796,
2026-10-03T11:16:38.4619053Z       "p95": 0.4166510000231938,
2026-10-03T11:16:38.4619314Z       "p99": 0.42222600006880384
2026-10-03T11:16:38.4619522Z     },
2026-10-03T11:16:38.4619792Z     "proxy_ms": {
2026-10-03T11:16:38.4620057Z       "n": 60,
2026-10-03T11:16:38.4620370Z       "mean": 4.32713195000171,
2026-10-03T11:16:38.4620689Z       "p50": 4.1617560000304366,
2026-10-03T11:16:38.4620944Z       "p95": 4.915380000056757,
2026-10-03T11:16:38.4621192Z       "p99": 6.039310000005571
2026-10-03T11:16:38.4621397Z     },
2026-10-03T11:16:38.4621577Z     "added_ms": {
2026-10-03T11:16:38.4621766Z       "n": 60,
2026-10-03T11:16:38.4621997Z       "mean": 4.007947900002288,
2026-10-03T11:16:38.4622244Z       "p50": 3.851942000096642,
2026-10-03T11:16:38.4622492Z       "p95": 4.697227000065141,
2026-10-03T11:16:38.4622733Z       "p99": 5.734171000085553
2026-10-03T11:16:38.4622925Z     }
2026-10-03T11:16:38.4623087Z   },
2026-10-03T11:16:38.4623266Z   "write": {
2026-10-03T11:16:38.4623485Z     "submit_receipt_ms": {
2026-10-03T11:16:38.4623904Z       "n": 30,
2026-10-03T11:16:38.4624146Z       "p50": 12.290812000060214,
2026-10-03T11:16:38.4624398Z       "p95": 14.266009000039048,
2026-10-03T11:16:38.4624644Z       "p99": 36.134809000031964
2026-10-03T11:16:38.4624854Z     },
2026-10-03T11:16:38.4625086Z     "approval_request_to_effect_ms": {
2026-10-03T11:16:38.4625322Z       "n": 30,
2026-10-03T11:16:38.4625546Z       "p50": 18.731954000031692,
2026-10-03T11:16:38.4625783Z       "p95": 21.844554999916,
2026-10-03T11:16:38.4626031Z       "p99": 22.458271999994395
2026-10-03T11:16:38.4626237Z     },
2026-10-03T11:16:38.4626419Z     "static_ms": {
2026-10-03T11:16:38.4626609Z       "n": 30,
2026-10-03T11:16:38.4626800Z       "p50": 0.068,
2026-10-03T11:16:38.4627003Z       "p95": 0.102,
2026-10-03T11:16:38.4627199Z       "p99": 0.103
2026-10-03T11:16:38.4627388Z     },
2026-10-03T11:16:38.4627568Z     "preview_ms": {
2026-10-03T11:16:38.4627760Z       "n": 30,
2026-10-03T11:16:38.4628422Z       "p50": 7.821,
2026-10-03T11:16:38.4628693Z       "p95": 9.158,
2026-10-03T11:16:38.4628972Z       "p99": 31.574
2026-10-03T11:16:38.4629222Z     },
2026-10-03T11:16:38.4629484Z     "evaluation_ms": {
2026-10-03T11:16:38.4629763Z       "n": 30,
2026-10-03T11:16:38.4630016Z       "p50": 9.195,
2026-10-03T11:16:38.4630304Z       "p95": 10.626,
2026-10-03T11:16:38.4630573Z       "p99": 32.937
2026-10-03T11:16:38.4630822Z     }
2026-10-03T11:16:38.4631043Z   },
2026-10-03T11:16:38.4631275Z   "not_measured": [
2026-10-03T11:16:38.4631574Z     "live LLM latency",
2026-10-03T11:16:38.4631828Z     "human review latency",
2026-10-03T11:16:38.4632101Z     "distributed upstream overhead",
2026-10-03T11:16:38.4632370Z     "cold OS filesystem cache",
2026-10-03T11:16:38.4632694Z     "production concurrency"
2026-10-03T11:16:38.4632998Z   ],
2026-10-03T11:16:38.4633938Z   "measurement_note": "direct includes SQLite connect/query; proxy includes HTTP, server admission, persistence and audit; negative deltas retained in raw rows",
2026-10-03T11:16:38.4635115Z   "phase_note": "server evaluation ends before final audit/commit/close; HTTP minus evaluation also includes transport, scheduling and serialization, not a pure fsync measurement. Phase data read after all timed requests."
2026-10-03T11:16:38.4635940Z }
2026-10-03T11:16:38.4737895Z ##[group]Run python scripts/run_logged.py evidence/ablation.log -- python -m benchmark.ablation --split test --output evidence/ablation.json
2026-10-03T11:16:38.4738666Z [36;1mpython scripts/run_logged.py evidence/ablation.log -- python -m benchmark.ablation --split test --output evidence/ablation.json[0m
2026-10-03T11:16:38.4774359Z shell: /usr/bin/bash --noprofile --norc -e -o pipefail {0}
2026-10-03T11:16:38.4774656Z env:
2026-10-03T11:16:38.4774846Z   NEXT_TELEMETRY_DISABLED: 1
2026-10-03T11:16:38.4775119Z   pythonLocation: /opt/hostedtoolcache/Python/3.13.15/x64
2026-10-03T11:16:38.4775468Z   PKG_CONFIG_PATH: /opt/hostedtoolcache/Python/3.13.15/x64/lib/pkgconfig
2026-10-03T11:16:38.4775814Z   Python_ROOT_DIR: /opt/hostedtoolcache/Python/3.13.15/x64
2026-10-03T11:16:38.4776146Z   Python2_ROOT_DIR: /opt/hostedtoolcache/Python/3.13.15/x64
2026-10-03T11:16:38.4776458Z   Python3_ROOT_DIR: /opt/hostedtoolcache/Python/3.13.15/x64
2026-10-03T11:16:38.4776811Z   LD_LIBRARY_PATH: /opt/hostedtoolcache/Python/3.13.15/x64/lib
2026-10-03T11:16:38.4777083Z   GOTOOLCHAIN: local
2026-10-03T11:16:38.4777274Z ##[endgroup]
2026-10-03T11:16:38.7899630Z {
2026-10-03T11:16:38.7900044Z   "split": "test",
2026-10-03T11:16:38.7900561Z   "corpus_sha256": "243854b51e7039324de4c31fa7a67af1a98ddc48b9c9edfbbac581a2c2f73af7",
2026-10-03T11:16:38.7901020Z   "live_model_requested": false,
2026-10-03T11:16:38.7901297Z   "limitations": [
2026-10-03T11:16:38.7901754Z     "Original synthetic corpus is unchanged and has no independent human danger gold.",
2026-10-03T11:16:38.7902441Z     "The pure model arm measures advice only; it cannot execute or bypass the production gate.",
2026-10-03T11:16:38.7903156Z     "Live model arms require AIRLOCK-only configuration, key and explicit budget authorization."
2026-10-03T11:16:38.7903799Z   ],
2026-10-03T11:16:38.7904022Z   "arms": {
2026-10-03T11:16:38.7904261Z     "keyword": {
2026-10-03T11:16:38.7904566Z       "status": "MEASURED",
2026-10-03T11:16:38.7904840Z       "n": 80
2026-10-03T11:16:38.7905063Z     },
2026-10-03T11:16:38.7905297Z     "pure_llm": {
2026-10-03T11:16:38.7905623Z       "status": "BLOCKED_EXTERNAL",
2026-10-03T11:16:38.7905903Z       "n": 0
2026-10-03T11:16:38.7906121Z     },
2026-10-03T11:16:38.7906367Z     "hybrid_no_preview": {
2026-10-03T11:16:38.7906659Z       "status": "BLOCKED_EXTERNAL",
2026-10-03T11:16:38.7906880Z       "n": 0
2026-10-03T11:16:38.7907053Z     },
2026-10-03T11:16:38.7907253Z     "hybrid_with_preview": {
2026-10-03T11:16:38.7907526Z       "status": "BLOCKED_EXTERNAL",
2026-10-03T11:16:38.7907747Z       "n": 0
2026-10-03T11:16:38.7907911Z     }
2026-10-03T11:16:38.7908078Z   }
2026-10-03T11:16:38.7908238Z }
2026-10-03T11:16:38.8021988Z ##[group]Run python scripts/run_logged.py evidence/study-analysis.log -- python -m benchmark.research --output evidence/study-analysis.json study evidence/study-automation.json
2026-10-03T11:16:38.8022937Z [36;1mpython scripts/run_logged.py evidence/study-analysis.log -- python -m benchmark.research --output evidence/study-analysis.json study evidence/study-automation.json[0m
2026-10-03T11:16:38.8064613Z shell: /usr/bin/bash --noprofile --norc -e -o pipefail {0}
2026-10-03T11:16:38.8064905Z env:
2026-10-03T11:16:38.8065092Z   NEXT_TELEMETRY_DISABLED: 1
2026-10-03T11:16:38.8065358Z   pythonLocation: /opt/hostedtoolcache/Python/3.13.15/x64
2026-10-03T11:16:38.8065710Z   PKG_CONFIG_PATH: /opt/hostedtoolcache/Python/3.13.15/x64/lib/pkgconfig
2026-10-03T11:16:38.8066050Z   Python_ROOT_DIR: /opt/hostedtoolcache/Python/3.13.15/x64
2026-10-03T11:16:38.8066357Z   Python2_ROOT_DIR: /opt/hostedtoolcache/Python/3.13.15/x64
2026-10-03T11:16:38.8066703Z   Python3_ROOT_DIR: /opt/hostedtoolcache/Python/3.13.15/x64
2026-10-03T11:16:38.8067012Z   LD_LIBRARY_PATH: /opt/hostedtoolcache/Python/3.13.15/x64/lib
2026-10-03T11:16:38.8067412Z   GOTOOLCHAIN: local
2026-10-03T11:16:38.8067609Z ##[endgroup]
2026-10-03T11:16:38.9681025Z {
2026-10-03T11:16:38.9681447Z   "status": "BLOCKED_EXTERNAL",
2026-10-03T11:16:38.9681788Z   "human_participants": 0,
2026-10-03T11:16:38.9682071Z   "excluded": [
2026-10-03T11:16:38.9682295Z     {
2026-10-03T11:16:38.9682676Z       "participant_id": "automation-browser",
2026-10-03T11:16:38.9683345Z       "reason": "nonhuman, no consent, duplicate or invalid metadata"
2026-10-03T11:16:38.9683956Z     }
2026-10-03T11:16:38.9684150Z   ],
2026-10-03T11:16:38.9684351Z   "participants": [],
2026-10-03T11:16:38.9684586Z   "acceptance_metrics": null,
2026-10-03T11:16:38.9684830Z   "paired_time_delta": {
2026-10-03T11:16:38.9685048Z     "n": 0,
2026-10-03T11:16:38.9685261Z     "mean": null,
2026-10-03T11:16:38.9685468Z     "ci95": null
2026-10-03T11:16:38.9685647Z   },
2026-10-03T11:16:38.9685866Z   "paired_accuracy_delta": {
2026-10-03T11:16:38.9686085Z     "n": 0,
2026-10-03T11:16:38.9686274Z     "mean": null,
2026-10-03T11:16:38.9686498Z     "ci95": null
2026-10-03T11:16:38.9686670Z   },
2026-10-03T11:16:38.9686875Z   "all_decisions_visible_ms": {
2026-10-03T11:16:38.9687091Z     "n": 0,
2026-10-03T11:16:38.9687275Z     "mean": null,
2026-10-03T11:16:38.9687473Z     "median": null,
2026-10-03T11:16:38.9687675Z     "p95": null
2026-10-03T11:16:38.9687850Z   },
2026-10-03T11:16:38.9688037Z   "correct_decisions": {
2026-10-03T11:16:38.9688253Z     "numerator": 0,
2026-10-03T11:16:38.9688461Z     "denominator": 0,
2026-10-03T11:16:38.9688665Z     "value": null
2026-10-03T11:16:38.9688843Z   },
2026-10-03T11:16:38.9689136Z   "gold_verification": "unverified_browser_supplied_correctness",
2026-10-03T11:16:38.9689582Z   "comprehension_verification": "unverified_browser_supplied_correctness",
2026-10-03T11:16:38.9689923Z   "comprehension_correct": {
2026-10-03T11:16:38.9690161Z     "numerator": 0,
2026-10-03T11:16:38.9690366Z     "denominator": 0,
2026-10-03T11:16:38.9690575Z     "value": null
2026-10-03T11:16:38.9690753Z   },
2026-10-03T11:16:38.9690930Z   "limitations": [
2026-10-03T11:16:38.9691436Z     "No causal efficiency claim without recruitment, business gold, counterbalancing and adequate sample size.",
2026-10-03T11:16:38.9692290Z     "A single participant is a descriptive pilot: repeated decisions do not create independent participants or a population confidence interval.",
2026-10-03T11:16:38.9693031Z     "Exported browser timing and human identity are untrusted telemetry, never authorization.",
2026-10-03T11:16:38.9693798Z     "Visibility duration excludes hidden tabs; correctness is supplied task gold, not a policy guess."
2026-10-03T11:16:38.9694172Z   ]
2026-10-03T11:16:38.9694335Z }
2026-10-03T11:16:38.9804142Z ##[group]Run python scripts/run_logged.py evidence/comparison.log -- python scripts/demo_comparison.py --output evidence/comparison.json
2026-10-03T11:16:38.9804886Z [36;1mpython scripts/run_logged.py evidence/comparison.log -- python scripts/demo_comparison.py --output evidence/comparison.json[0m
2026-10-03T11:16:38.9840534Z shell: /usr/bin/bash --noprofile --norc -e -o pipefail {0}
2026-10-03T11:16:38.9840825Z env:
2026-10-03T11:16:38.9841014Z   NEXT_TELEMETRY_DISABLED: 1
2026-10-03T11:16:38.9841292Z   pythonLocation: /opt/hostedtoolcache/Python/3.13.15/x64
2026-10-03T11:16:38.9841642Z   PKG_CONFIG_PATH: /opt/hostedtoolcache/Python/3.13.15/x64/lib/pkgconfig
2026-10-03T11:16:38.9841988Z   Python_ROOT_DIR: /opt/hostedtoolcache/Python/3.13.15/x64
2026-10-03T11:16:38.9842299Z   Python2_ROOT_DIR: /opt/hostedtoolcache/Python/3.13.15/x64
2026-10-03T11:16:38.9842607Z   Python3_ROOT_DIR: /opt/hostedtoolcache/Python/3.13.15/x64
2026-10-03T11:16:38.9842978Z   LD_LIBRARY_PATH: /opt/hostedtoolcache/Python/3.13.15/x64/lib
2026-10-03T11:16:38.9843255Z   GOTOOLCHAIN: local
2026-10-03T11:16:38.9843442Z ##[endgroup]
2026-10-03T11:16:39.4636274Z {
2026-10-03T11:16:39.4637227Z   "scope": "disposable synthetic data; automated independent reviewer fixture; no live model/human",
2026-10-03T11:16:39.4637902Z   "without_gate": {
2026-10-03T11:16:39.4638649Z     "before": 1206,
2026-10-03T11:16:39.4638915Z     "after": 0
2026-10-03T11:16:39.4639148Z   },
2026-10-03T11:16:39.4639380Z   "with_gate": {
2026-10-03T11:16:39.4639652Z     "pending_rows": 1206,
2026-10-03T11:16:39.4639935Z     "rejected_rows": 1206,
2026-10-03T11:16:39.4640172Z     "denial": {
2026-10-03T11:16:39.4640533Z       "id": "81e6f4e888ba4f3a854d06bffba0679c",
2026-10-03T11:16:39.4640822Z       "state": "rejected",
2026-10-03T11:16:39.4641109Z       "decision": "need_approval",
2026-10-03T11:16:39.4641401Z       "reason_code": "human_rejected",
2026-10-03T11:16:39.4641652Z       "result": null,
2026-10-03T11:16:39.4641925Z       "expires_at": 1791026499.3794951,
2026-10-03T11:16:39.4642265Z       "action_id": "81e6f4e888ba4f3a854d06bffba0679c",
2026-10-03T11:16:39.4642642Z       "trace_id": "5b2e24acc1a843f89125d553feaae67d",
2026-10-03T11:16:39.4642925Z       "retryable": false,
2026-10-03T11:16:39.4643190Z       "allowed_alternatives": [
2026-10-03T11:16:39.4643477Z         "query_original_action",
2026-10-03T11:16:39.4644008Z         "bounded_read"
2026-10-03T11:16:39.4644216Z       ],
2026-10-03T11:16:39.4644462Z       "execution_occurred": false,
2026-10-03T11:16:39.4645018Z       "next_step": "Use a bounded SELECT or submit a narrower NEW action; do not retry rejected writes blindly."
2026-10-03T11:16:39.4645401Z     },
2026-10-03T11:16:39.4645600Z     "safe_alternative": {
2026-10-03T11:16:39.4645897Z       "id": "b2696c0384b14f9abba7c6ad399b1aae",
2026-10-03T11:16:39.4646177Z       "state": "executed",
2026-10-03T11:16:39.4646408Z       "decision": "pass",
2026-10-03T11:16:39.4646674Z       "reason_code": "bounded_read",
2026-10-03T11:16:39.4646918Z       "result": {
2026-10-03T11:16:39.4647141Z         "matched_rows": 0,
2026-10-03T11:16:39.4647357Z         "rows": [
2026-10-03T11:16:39.4647558Z           {
2026-10-03T11:16:39.4647793Z             "remaining": 1206
2026-10-03T11:16:39.4648007Z           }
2026-10-03T11:16:39.4648184Z         ],
2026-10-03T11:16:39.4648398Z         "truncated": false
2026-10-03T11:16:39.4648592Z       },
2026-10-03T11:16:39.4648836Z       "expires_at": 1791026499.391743,
2026-10-03T11:16:39.4649168Z       "action_id": "b2696c0384b14f9abba7c6ad399b1aae",
2026-10-03T11:16:39.4649528Z       "trace_id": "3f0b7e5f5eaf499db1b8398f2e5c0021",
2026-10-03T11:16:39.4649804Z       "retryable": false,
2026-10-03T11:16:39.4650058Z       "allowed_alternatives": [
2026-10-03T11:16:39.4650332Z         "query_original_action"
2026-10-03T11:16:39.4650549Z       ],
2026-10-03T11:16:39.4650779Z       "execution_occurred": true,
2026-10-03T11:16:39.4651060Z       "next_step": "Read the result."
2026-10-03T11:16:39.4651431Z     },
2026-10-03T11:16:39.4651636Z     "approved_rows": 0,
2026-10-03T11:16:39.4651867Z     "approved_receipt": {
2026-10-03T11:16:39.4652171Z       "id": "5d88340713bb453da1b7be27071ebce9",
2026-10-03T11:16:39.4652442Z       "state": "executed",
2026-10-03T11:16:39.4652707Z       "decision": "need_approval",
2026-10-03T11:16:39.4652999Z       "reason_code": "human_approved",
2026-10-03T11:16:39.4653239Z       "result": {
2026-10-03T11:16:39.4653475Z         "matched_rows": 1206,
2026-10-03T11:16:39.4653806Z         "rows": [],
2026-10-03T11:16:39.4654034Z         "truncated": false
2026-10-03T11:16:39.4654234Z       },
2026-10-03T11:16:39.4654469Z       "expires_at": 1791026499.3940058,
2026-10-03T11:16:39.4654799Z       "action_id": "5d88340713bb453da1b7be27071ebce9",
2026-10-03T11:16:39.4655162Z       "trace_id": "9627239ddbc94b8697ccf884c5dda23f",
2026-10-03T11:16:39.4655437Z       "retryable": false,
2026-10-03T11:16:39.4655691Z       "allowed_alternatives": [
2026-10-03T11:16:39.4655973Z         "query_original_action"
2026-10-03T11:16:39.4656180Z       ],
2026-10-03T11:16:39.4656410Z       "execution_occurred": true,
2026-10-03T11:16:39.4656700Z       "next_step": "Read the result."
2026-10-03T11:16:39.4656913Z     }
2026-10-03T11:16:39.4657074Z   },
2026-10-03T11:16:39.4657245Z   "audit": {
2026-10-03T11:16:39.4657522Z     "valid": true,
2026-10-03T11:16:39.4657717Z     "events": 5,
2026-10-03T11:16:39.4658101Z     "head": "af4d8e8406bfa0ca143128931ff823d1147fe7de2aeec6c7e551b434ba863826",
2026-10-03T11:16:39.4658487Z     "anchor_status": "not_configured",
2026-10-03T11:16:39.4659340Z     "limitation": "Tail truncation after the last independently retained checkpoint remains undetectable. A server with all keys can forge new history; keep checkpoints outside its write authority."
2026-10-03T11:16:39.4659939Z   }
2026-10-03T11:16:39.4660112Z }
2026-10-03T11:16:39.4758424Z ##[group]Run python scripts/verify_evidence.py
2026-10-03T11:16:39.4758731Z [36;1mpython scripts/verify_evidence.py[0m
2026-10-03T11:16:39.4794189Z shell: /usr/bin/bash --noprofile --norc -e -o pipefail {0}
2026-10-03T11:16:39.4794476Z env:
2026-10-03T11:16:39.4794664Z   NEXT_TELEMETRY_DISABLED: 1
2026-10-03T11:16:39.4794928Z   pythonLocation: /opt/hostedtoolcache/Python/3.13.15/x64
2026-10-03T11:16:39.4795274Z   PKG_CONFIG_PATH: /opt/hostedtoolcache/Python/3.13.15/x64/lib/pkgconfig
2026-10-03T11:16:39.4795632Z   Python_ROOT_DIR: /opt/hostedtoolcache/Python/3.13.15/x64
2026-10-03T11:16:39.4795938Z   Python2_ROOT_DIR: /opt/hostedtoolcache/Python/3.13.15/x64
2026-10-03T11:16:39.4796251Z   Python3_ROOT_DIR: /opt/hostedtoolcache/Python/3.13.15/x64
2026-10-03T11:16:39.4796559Z   LD_LIBRARY_PATH: /opt/hostedtoolcache/Python/3.13.15/x64/lib
2026-10-03T11:16:39.4796866Z   GOTOOLCHAIN: local
2026-10-03T11:16:39.4797055Z ##[endgroup]
2026-10-03T11:16:39.5175526Z Verified all 687 JUnit cases, exit receipts, screenshots, Docker and raw benchmark rows.
2026-10-03T11:16:39.5239703Z ##[group]Run python scripts/evidence_manifest.py
2026-10-03T11:16:39.5240009Z [36;1mpython scripts/evidence_manifest.py[0m
2026-10-03T11:16:39.5269777Z shell: /usr/bin/bash --noprofile --norc -e -o pipefail {0}
2026-10-03T11:16:39.5270066Z env:
2026-10-03T11:16:39.5270255Z   NEXT_TELEMETRY_DISABLED: 1
2026-10-03T11:16:39.5270519Z   pythonLocation: /opt/hostedtoolcache/Python/3.13.15/x64
2026-10-03T11:16:39.5270881Z   PKG_CONFIG_PATH: /opt/hostedtoolcache/Python/3.13.15/x64/lib/pkgconfig
2026-10-03T11:16:39.5271234Z   Python_ROOT_DIR: /opt/hostedtoolcache/Python/3.13.15/x64
2026-10-03T11:16:39.5271545Z   Python2_ROOT_DIR: /opt/hostedtoolcache/Python/3.13.15/x64
2026-10-03T11:16:39.5271851Z   Python3_ROOT_DIR: /opt/hostedtoolcache/Python/3.13.15/x64
2026-10-03T11:16:39.5272164Z   LD_LIBRARY_PATH: /opt/hostedtoolcache/Python/3.13.15/x64/lib
2026-10-03T11:16:39.5272432Z   GOTOOLCHAIN: local
2026-10-03T11:16:39.5272618Z ##[endgroup]
2026-10-03T11:16:39.5966863Z {"commit": "699adbd7c421f0c80fd0339ff69f892929cb28bd", "artifact_files": 94}
2026-10-03T11:16:39.6090419Z ##[group]Run actions/upload-artifact@v4
2026-10-03T11:16:39.6090669Z with:
2026-10-03T11:16:39.6090864Z   name: acceptance-evidence
2026-10-03T11:16:39.6091126Z   path: evidence/*.*
evidence/research-pipeline/

2026-10-03T11:16:39.6091394Z   retention-days: 90
2026-10-03T11:16:39.6091599Z   if-no-files-found: warn
2026-10-03T11:16:39.6091825Z   compression-level: 6
2026-10-03T11:16:39.6092023Z   overwrite: false
2026-10-03T11:16:39.6092220Z   include-hidden-files: false
2026-10-03T11:16:39.6092428Z env:
2026-10-03T11:16:39.6092609Z   NEXT_TELEMETRY_DISABLED: 1
2026-10-03T11:16:39.6092866Z   pythonLocation: /opt/hostedtoolcache/Python/3.13.15/x64
2026-10-03T11:16:39.6093222Z   PKG_CONFIG_PATH: /opt/hostedtoolcache/Python/3.13.15/x64/lib/pkgconfig
2026-10-03T11:16:39.6093728Z   Python_ROOT_DIR: /opt/hostedtoolcache/Python/3.13.15/x64
2026-10-03T11:16:39.6094061Z   Python2_ROOT_DIR: /opt/hostedtoolcache/Python/3.13.15/x64
2026-10-03T11:16:39.6094410Z   Python3_ROOT_DIR: /opt/hostedtoolcache/Python/3.13.15/x64
2026-10-03T11:16:39.6094722Z   LD_LIBRARY_PATH: /opt/hostedtoolcache/Python/3.13.15/x64/lib
2026-10-03T11:16:39.6094995Z   GOTOOLCHAIN: local
2026-10-03T11:16:39.6095184Z ##[endgroup]
2026-10-03T11:16:39.7489612Z (node:16071) [DEP0040] DeprecationWarning: The `punycode` module is deprecated. Please use a userland alternative instead.
2026-10-03T11:16:39.7490482Z (Use `node --trace-deprecation ...` to show where the warning was created)
2026-10-03T11:16:39.7665146Z With the provided path, there will be 97 files uploaded
2026-10-03T11:16:39.7669515Z Artifact name is valid!
2026-10-03T11:16:39.7670217Z Root directory input is valid!
2026-10-03T11:16:40.0297754Z Beginning upload of artifact content to blob storage
2026-10-03T11:16:40.1646451Z (node:16071) [DEP0169] DeprecationWarning: `url.parse()` behavior is not standardized and prone to errors that have security implications. Use the WHATWG URL API instead. CVEs are not issued for `url.parse()` vulnerabilities.
2026-10-03T11:16:40.5761605Z Uploaded bytes 1937591
2026-10-03T11:16:40.6178658Z Finished uploading artifact content to blob storage!
2026-10-03T11:16:40.6179543Z SHA256 digest of uploaded artifact zip is ebd5d43d6530f00262cd3efbb082193a8509bdff729192c80edf37ff3ab2aedc
2026-10-03T11:16:40.6181151Z Finalizing artifact upload
2026-10-03T11:16:40.8382124Z Artifact acceptance-evidence.zip successfully finalized. Artifact ID 11272980709
2026-10-03T11:16:40.8383337Z Artifact acceptance-evidence has been successfully uploaded! Final size is 1937591 bytes. Artifact ID is 11272980709
2026-10-03T11:16:40.8387923Z Artifact download URL: https://github.com/Changxin-YR/AIRLOCK/actions/runs/37118762214/artifacts/11272980709
2026-10-03T11:16:40.8522145Z Post job cleanup.
2026-10-03T11:16:40.9572646Z Post job cleanup.
2026-10-03T11:16:41.0702667Z (node:16091) [DEP0040] DeprecationWarning: The `punycode` module is deprecated. Please use a userland alternative instead.
2026-10-03T11:16:41.0703717Z (Use `node --trace-deprecation ...` to show where the warning was created)
2026-10-03T11:16:41.0798002Z Post job cleanup.
2026-10-03T11:16:41.1779501Z (node:16099) [DEP0040] DeprecationWarning: The `punycode` module is deprecated. Please use a userland alternative instead.
2026-10-03T11:16:41.1780459Z (Use `node --trace-deprecation ...` to show where the warning was created)
2026-10-03T11:16:41.1934676Z Post job cleanup.
2026-10-03T11:16:41.2688504Z [command]/usr/bin/git version
2026-10-03T11:16:41.2725544Z git version 2.55.0
2026-10-03T11:16:41.2760231Z Temporarily overriding HOME='/home/runner/work/_temp/b9b95fd8-b0a2-4089-9b15-d2abc4a03508' before making global git config changes
2026-10-03T11:16:41.2761046Z Adding repository directory to the temporary git global config as a safe directory
2026-10-03T11:16:41.2765840Z [command]/usr/bin/git config --global --add safe.directory /home/runner/work/AIRLOCK/AIRLOCK
2026-10-03T11:16:41.2797066Z [command]/usr/bin/git config --local --name-only --get-regexp core\.sshCommand
2026-10-03T11:16:41.2825294Z [command]/usr/bin/git submodule foreach --recursive sh -c "git config --local --name-only --get-regexp 'core\.sshCommand' && git config --local --unset-all 'core.sshCommand' || :"
2026-10-03T11:16:41.3007946Z [command]/usr/bin/git config --local --name-only --get-regexp http\.https\:\/\/github\.com\/\.extraheader
2026-10-03T11:16:41.3023490Z http.https://github.com/.extraheader
2026-10-03T11:16:41.3031587Z [command]/usr/bin/git config --local --unset-all http.https://github.com/.extraheader
2026-10-03T11:16:41.3059617Z [command]/usr/bin/git submodule foreach --recursive sh -c "git config --local --name-only --get-regexp 'http\.https\:\/\/github\.com\/\.extraheader' && git config --local --unset-all 'http.https://github.com/.extraheader' || :"
2026-10-03T11:16:41.3264638Z [command]/usr/bin/git config --local --name-only --get-regexp ^includeIf\.gitdir:
2026-10-03T11:16:41.3275383Z [command]/usr/bin/git submodule foreach --recursive git config --local --show-origin --name-only --get-regexp remote.origin.url
2026-10-03T11:16:41.3554964Z Cleaning up orphan processes
2026-10-03T11:16:41.3763915Z ##[warning]Node.js 20 is deprecated. The following actions target Node.js 20 but are being forced to run on Node.js 24: actions/checkout@v4, actions/setup-node@v4, actions/setup-python@v5, actions/upload-artifact@v4. For more information see: https://github.blog/changelog/2025-09-19-deprecation-of-node-20-on-github-actions-runners/
