2026-10-03T00:22:15.8686051Z Current runner version: '2.337.0'
2026-10-03T00:22:15.8711503Z ##[group]Runner Image Provisioner
2026-10-03T00:22:15.8712818Z Hosted Compute Agent
2026-10-03T00:22:15.8713438Z Version: 20260901.588
2026-10-03T00:22:15.8714114Z Commit: f88ec8081b781fac6c440065ac7ff9e710ce3d0b
2026-10-03T00:22:15.8714943Z Build Date: 2026-09-01T19:56:44Z
2026-10-03T00:22:15.8715850Z Worker ID: {3f1739cc-8fc0-4062-bf59-0d139cdd29d7}
2026-10-03T00:22:15.8717210Z Azure Region: eastus2
2026-10-03T00:22:15.8718234Z ##[endgroup]
2026-10-03T00:22:15.8720468Z ##[group]Operating System
2026-10-03T00:22:15.8721583Z Ubuntu
2026-10-03T00:22:15.8722252Z 24.04.5
2026-10-03T00:22:15.8722838Z LTS
2026-10-03T00:22:15.8723395Z ##[endgroup]
2026-10-03T00:22:15.8723997Z ##[group]Runner Image
2026-10-03T00:22:15.8724676Z Image: ubuntu-24.04
2026-10-03T00:22:15.8725311Z Version: 20260927.320.1
2026-10-03T00:22:15.8726852Z Included Software: https://github.com/actions/runner-images/blob/ubuntu24/20260927.320/images/ubuntu/Ubuntu2404-Readme.md
2026-10-03T00:22:15.8728480Z Image Release: https://github.com/actions/runner-images/releases/tag/ubuntu24%2F20260927.320
2026-10-03T00:22:15.8729519Z ##[endgroup]
2026-10-03T00:22:15.8730673Z ##[group]GITHUB_TOKEN Permissions
2026-10-03T00:22:15.8732885Z Contents: read
2026-10-03T00:22:15.8733520Z Metadata: read
2026-10-03T00:22:15.8734220Z ##[endgroup]
2026-10-03T00:22:15.8736737Z Secret source: Actions
2026-10-03T00:22:15.8737953Z Cache mode: write
2026-10-03T00:22:15.8738992Z Prepare workflow directory
2026-10-03T00:22:15.9144185Z Prepare all required actions
2026-10-03T00:22:15.9192295Z Getting action download info
2026-10-03T00:22:16.1807941Z Download action repository 'actions/checkout@v4' (SHA:11d5960a326750d5838078e36cf38b85af677262)
2026-10-03T00:22:16.2925722Z Download action repository 'actions/setup-python@v5' (SHA:a26af69be951a213d495a4c3e4e4022e16d87065)
2026-10-03T00:22:16.3840108Z Download action repository 'actions/setup-node@v4' (SHA:49933ea5288caeca8642d1e84afbd3f7d6820020)
2026-10-03T00:22:16.4658921Z Download action repository 'actions/setup-go@v6' (SHA:924ae3a1cded613372ab5595356fb5720e22ba16)
2026-10-03T00:22:16.6688384Z Download action repository 'actions/upload-artifact@v4' (SHA:ea165f8d65b6e75b540449e92b4886f43607fa02)
2026-10-03T00:22:16.8808172Z Complete job name: verify
2026-10-03T00:22:16.9792176Z ##[group]Run actions/checkout@v4
2026-10-03T00:22:16.9793064Z with:
2026-10-03T00:22:16.9793558Z   ref: 5ca6fcf4acb5e4483a5bf2d6c995a62c0068184c
2026-10-03T00:22:16.9794186Z   repository: Changxin-YR/AIRLOCK
2026-10-03T00:22:16.9798117Z   token: ***
2026-10-03T00:22:16.9798566Z   ssh-strict: true
2026-10-03T00:22:16.9799004Z   ssh-user: git
2026-10-03T00:22:16.9799457Z   persist-credentials: true
2026-10-03T00:22:16.9799961Z   clean: true
2026-10-03T00:22:16.9800418Z   sparse-checkout-cone-mode: true
2026-10-03T00:22:16.9800943Z   fetch-depth: 1
2026-10-03T00:22:16.9801376Z   fetch-tags: false
2026-10-03T00:22:16.9801831Z   show-progress: true
2026-10-03T00:22:16.9802276Z   lfs: false
2026-10-03T00:22:16.9802709Z   submodules: false
2026-10-03T00:22:16.9803162Z   set-safe-directory: true
2026-10-03T00:22:16.9803673Z   allow-unsafe-pr-checkout: false
2026-10-03T00:22:16.9804499Z env:
2026-10-03T00:22:16.9804931Z   NEXT_TELEMETRY_DISABLED: 1
2026-10-03T00:22:16.9805639Z ##[endgroup]
2026-10-03T00:22:17.0825252Z Syncing repository: Changxin-YR/AIRLOCK
2026-10-03T00:22:17.0827418Z ##[group]Getting Git version info
2026-10-03T00:22:17.0828470Z Working directory is '/home/runner/work/AIRLOCK/AIRLOCK'
2026-10-03T00:22:17.0830036Z [command]/usr/bin/git version
2026-10-03T00:22:17.0948393Z git version 2.55.0
2026-10-03T00:22:17.0971272Z ##[endgroup]
2026-10-03T00:22:17.0984992Z Temporarily overriding HOME='/home/runner/work/_temp/1d387ab9-293b-4e9e-9d63-b6f06845a17c' before making global git config changes
2026-10-03T00:22:17.0987686Z Adding repository directory to the temporary git global config as a safe directory
2026-10-03T00:22:17.0991478Z [command]/usr/bin/git config --global --add safe.directory /home/runner/work/AIRLOCK/AIRLOCK
2026-10-03T00:22:17.1051501Z Deleting the contents of '/home/runner/work/AIRLOCK/AIRLOCK'
2026-10-03T00:22:17.1056900Z ##[group]Initializing the repository
2026-10-03T00:22:17.1060620Z [command]/usr/bin/git init /home/runner/work/AIRLOCK/AIRLOCK
2026-10-03T00:22:17.1192225Z hint: Using 'master' as the name for the initial branch. This default branch name
2026-10-03T00:22:17.1194336Z hint: will change to "main" in Git 3.0. To configure the initial branch name
2026-10-03T00:22:17.1196645Z hint: to use in all of your new repositories, which will suppress this warning,
2026-10-03T00:22:17.1198261Z hint: call:
2026-10-03T00:22:17.1199477Z hint:
2026-10-03T00:22:17.1200512Z hint: 	git config --global init.defaultBranch <name>
2026-10-03T00:22:17.1201568Z hint:
2026-10-03T00:22:17.1202578Z hint: Names commonly chosen instead of 'master' are 'main', 'trunk' and
2026-10-03T00:22:17.1204187Z hint: 'development'. The just-created branch can be renamed via this command:
2026-10-03T00:22:17.1205678Z hint:
2026-10-03T00:22:17.1206410Z hint: 	git branch -m <name>
2026-10-03T00:22:17.1207228Z hint:
2026-10-03T00:22:17.1208299Z hint: Disable this message with "git config set advice.defaultBranchName false"
2026-10-03T00:22:17.1210006Z Initialized empty Git repository in /home/runner/work/AIRLOCK/AIRLOCK/.git/
2026-10-03T00:22:17.1214882Z [command]/usr/bin/git remote add origin https://github.com/Changxin-YR/AIRLOCK
2026-10-03T00:22:17.1270614Z ##[endgroup]
2026-10-03T00:22:17.1271823Z ##[group]Disabling automatic garbage collection
2026-10-03T00:22:17.1275527Z [command]/usr/bin/git config --local gc.auto 0
2026-10-03T00:22:17.1309519Z ##[endgroup]
2026-10-03T00:22:17.1310831Z ##[group]Setting up auth
2026-10-03T00:22:17.1319206Z [command]/usr/bin/git config --local --name-only --get-regexp core\.sshCommand
2026-10-03T00:22:17.1354138Z [command]/usr/bin/git submodule foreach --recursive sh -c "git config --local --name-only --get-regexp 'core\.sshCommand' && git config --local --unset-all 'core.sshCommand' || :"
2026-10-03T00:22:17.1774633Z [command]/usr/bin/git config --local --name-only --get-regexp http\.https\:\/\/github\.com\/\.extraheader
2026-10-03T00:22:17.1812718Z [command]/usr/bin/git submodule foreach --recursive sh -c "git config --local --name-only --get-regexp 'http\.https\:\/\/github\.com\/\.extraheader' && git config --local --unset-all 'http.https://github.com/.extraheader' || :"
2026-10-03T00:22:17.2038592Z [command]/usr/bin/git config --local --name-only --get-regexp ^includeIf\.gitdir:
2026-10-03T00:22:17.2076905Z [command]/usr/bin/git submodule foreach --recursive git config --local --show-origin --name-only --get-regexp remote.origin.url
2026-10-03T00:22:17.2302701Z [command]/usr/bin/git config --local http.https://github.com/.extraheader AUTHORIZATION: basic ***
2026-10-03T00:22:17.2345323Z ##[endgroup]
2026-10-03T00:22:17.2346510Z ##[group]Fetching the repository
2026-10-03T00:22:17.2355359Z [command]/usr/bin/git -c protocol.version=2 fetch --no-tags --prune --no-recurse-submodules --depth=1 origin 5ca6fcf4acb5e4483a5bf2d6c995a62c0068184c
2026-10-03T00:22:17.9208525Z From https://github.com/Changxin-YR/AIRLOCK
2026-10-03T00:22:17.9209615Z  * branch            5ca6fcf4acb5e4483a5bf2d6c995a62c0068184c -> FETCH_HEAD
2026-10-03T00:22:17.9214581Z ##[endgroup]
2026-10-03T00:22:17.9215925Z ##[group]Determining the checkout info
2026-10-03T00:22:17.9218784Z ##[endgroup]
2026-10-03T00:22:17.9227849Z [command]/usr/bin/git sparse-checkout disable
2026-10-03T00:22:17.9292641Z [command]/usr/bin/git config --local --unset-all extensions.worktreeConfig
2026-10-03T00:22:17.9342154Z ##[group]Checking out the ref
2026-10-03T00:22:17.9348942Z [command]/usr/bin/git checkout --progress --force 5ca6fcf4acb5e4483a5bf2d6c995a62c0068184c
2026-10-03T00:22:18.0213506Z Note: switching to '5ca6fcf4acb5e4483a5bf2d6c995a62c0068184c'.
2026-10-03T00:22:18.0214167Z 
2026-10-03T00:22:18.0214507Z You are in 'detached HEAD' state. You can look around, make experimental
2026-10-03T00:22:18.0215212Z changes and commit them, and you can discard any commits you make in this
2026-10-03T00:22:18.0216597Z state without impacting any branches by switching back to a branch.
2026-10-03T00:22:18.0217015Z 
2026-10-03T00:22:18.0217397Z If you want to create a new branch to retain commits you create, you may
2026-10-03T00:22:18.0218248Z do so (now or later) by using -c with the switch command. Example:
2026-10-03T00:22:18.0218717Z 
2026-10-03T00:22:18.0218978Z   git switch -c <new-branch-name>
2026-10-03T00:22:18.0219338Z 
2026-10-03T00:22:18.0219594Z Or undo this operation with:
2026-10-03T00:22:18.0219942Z 
2026-10-03T00:22:18.0220238Z   git switch -
2026-10-03T00:22:18.0220530Z 
2026-10-03T00:22:18.0220923Z Turn off this advice by setting config variable advice.detachedHead to false
2026-10-03T00:22:18.0221437Z 
2026-10-03T00:22:18.0221914Z HEAD is now at 5ca6fcf Document external validation steps and record authorized GitHub task handoff
2026-10-03T00:22:18.0232056Z ##[endgroup]
2026-10-03T00:22:18.0280525Z [command]/usr/bin/git log -1 --format=%H
2026-10-03T00:22:18.0307263Z 5ca6fcf4acb5e4483a5bf2d6c995a62c0068184c
2026-10-03T00:22:18.0528538Z ##[group]Run mkdir -p evidence
2026-10-03T00:22:18.0529176Z [36;1mmkdir -p evidence[0m
2026-10-03T00:22:18.0529738Z [36;1mpython3 scripts/archive_source.py[0m
2026-10-03T00:22:18.0530368Z [36;1mgit rev-parse HEAD > evidence/commit.txt[0m
2026-10-03T00:22:18.0830027Z shell: /usr/bin/bash --noprofile --norc -e -o pipefail {0}
2026-10-03T00:22:18.0830717Z env:
2026-10-03T00:22:18.0831177Z   NEXT_TELEMETRY_DISABLED: 1
2026-10-03T00:22:18.0831702Z ##[endgroup]
2026-10-03T00:22:18.1754914Z Archived tracked source and documentation; historical evidence remains separately versioned in Git.
2026-10-03T00:22:18.1939810Z ##[group]Run actions/setup-python@v5
2026-10-03T00:22:18.1940367Z with:
2026-10-03T00:22:18.1940781Z   python-version: 3.13
2026-10-03T00:22:18.1941228Z   check-latest: false
2026-10-03T00:22:18.1944035Z   token: ***
2026-10-03T00:22:18.1944478Z   update-environment: true
2026-10-03T00:22:18.1944983Z   allow-prereleases: false
2026-10-03T00:22:18.1945707Z   freethreaded: false
2026-10-03T00:22:18.1946188Z env:
2026-10-03T00:22:18.1946588Z   NEXT_TELEMETRY_DISABLED: 1
2026-10-03T00:22:18.1947028Z ##[endgroup]
2026-10-03T00:22:18.3260106Z ##[group]Installed versions
2026-10-03T00:22:18.3343739Z (node:2285) [DEP0040] DeprecationWarning: The `punycode` module is deprecated. Please use a userland alternative instead.
2026-10-03T00:22:18.3345432Z (Use `node --trace-deprecation ...` to show where the warning was created)
2026-10-03T00:22:18.3414549Z Successfully set up CPython (3.13.15)
2026-10-03T00:22:18.3415922Z ##[endgroup]
2026-10-03T00:22:18.3595429Z ##[group]Run actions/setup-node@v4
2026-10-03T00:22:18.3596182Z with:
2026-10-03T00:22:18.3596613Z   node-version: 22
2026-10-03T00:22:18.3597044Z   always-auth: false
2026-10-03T00:22:18.3597478Z   check-latest: false
2026-10-03T00:22:18.3600236Z   token: ***
2026-10-03T00:22:18.3600649Z env:
2026-10-03T00:22:18.3601062Z   NEXT_TELEMETRY_DISABLED: 1
2026-10-03T00:22:18.3601640Z   pythonLocation: /opt/hostedtoolcache/Python/3.13.15/x64
2026-10-03T00:22:18.3602383Z   PKG_CONFIG_PATH: /opt/hostedtoolcache/Python/3.13.15/x64/lib/pkgconfig
2026-10-03T00:22:18.3603066Z   Python_ROOT_DIR: /opt/hostedtoolcache/Python/3.13.15/x64
2026-10-03T00:22:18.3603687Z   Python2_ROOT_DIR: /opt/hostedtoolcache/Python/3.13.15/x64
2026-10-03T00:22:18.3604376Z   Python3_ROOT_DIR: /opt/hostedtoolcache/Python/3.13.15/x64
2026-10-03T00:22:18.3605614Z   LD_LIBRARY_PATH: /opt/hostedtoolcache/Python/3.13.15/x64/lib
2026-10-03T00:22:18.3606545Z ##[endgroup]
2026-10-03T00:22:18.5123697Z Found in cache @ /opt/hostedtoolcache/node/22.23.3/x64
2026-10-03T00:22:18.5127238Z (node:2293) [DEP0040] DeprecationWarning: The `punycode` module is deprecated. Please use a userland alternative instead.
2026-10-03T00:22:18.5128266Z (Use `node --trace-deprecation ...` to show where the warning was created)
2026-10-03T00:22:18.5130987Z ##[group]Environment details
2026-10-03T00:22:18.9412522Z node: v22.23.3
2026-10-03T00:22:18.9413544Z npm: 10.9.9
2026-10-03T00:22:18.9413927Z yarn: 1.22.22
2026-10-03T00:22:18.9415241Z ##[endgroup]
2026-10-03T00:22:18.9549533Z ##[group]Run python -m pip install -r requirements-dev.txt
2026-10-03T00:22:18.9550350Z [36;1mpython -m pip install -r requirements-dev.txt[0m
2026-10-03T00:22:18.9632976Z shell: /usr/bin/bash --noprofile --norc -e -o pipefail {0}
2026-10-03T00:22:18.9633382Z env:
2026-10-03T00:22:18.9633650Z   NEXT_TELEMETRY_DISABLED: 1
2026-10-03T00:22:18.9634022Z   pythonLocation: /opt/hostedtoolcache/Python/3.13.15/x64
2026-10-03T00:22:18.9634513Z   PKG_CONFIG_PATH: /opt/hostedtoolcache/Python/3.13.15/x64/lib/pkgconfig
2026-10-03T00:22:18.9635009Z   Python_ROOT_DIR: /opt/hostedtoolcache/Python/3.13.15/x64
2026-10-03T00:22:18.9635608Z   Python2_ROOT_DIR: /opt/hostedtoolcache/Python/3.13.15/x64
2026-10-03T00:22:18.9636093Z   Python3_ROOT_DIR: /opt/hostedtoolcache/Python/3.13.15/x64
2026-10-03T00:22:18.9636544Z   LD_LIBRARY_PATH: /opt/hostedtoolcache/Python/3.13.15/x64/lib
2026-10-03T00:22:18.9636952Z ##[endgroup]
2026-10-03T00:22:25.9843862Z Collecting fastapi==0.142.2 (from -r /home/runner/work/AIRLOCK/AIRLOCK/requirements.txt (line 1))
2026-10-03T00:22:26.0493950Z   Downloading fastapi-0.142.2-py3-none-any.whl.metadata (27 kB)
2026-10-03T00:22:26.0910099Z Collecting starlette==1.7.0 (from -r /home/runner/work/AIRLOCK/AIRLOCK/requirements.txt (line 2))
2026-10-03T00:22:26.0982714Z   Downloading starlette-1.7.0-py3-none-any.whl.metadata (6.6 kB)
2026-10-03T00:22:26.2149714Z Collecting pydantic==2.13.5 (from -r /home/runner/work/AIRLOCK/AIRLOCK/requirements.txt (line 3))
2026-10-03T00:22:26.2352205Z   Downloading pydantic-2.13.5-py3-none-any.whl.metadata (110 kB)
2026-10-03T00:22:26.2821947Z Collecting uvicorn==0.48.0 (from -r /home/runner/work/AIRLOCK/AIRLOCK/requirements.txt (line 4))
2026-10-03T00:22:26.2902332Z   Downloading uvicorn-0.48.0-py3-none-any.whl.metadata (6.7 kB)
2026-10-03T00:22:26.3126115Z Collecting httpx==0.28.1 (from -r /home/runner/work/AIRLOCK/AIRLOCK/requirements.txt (line 5))
2026-10-03T00:22:26.3211720Z   Downloading httpx-0.28.1-py3-none-any.whl.metadata (7.1 kB)
2026-10-03T00:22:26.3369201Z Collecting cel-python==0.4.0 (from -r /home/runner/work/AIRLOCK/AIRLOCK/requirements.txt (line 6))
2026-10-03T00:22:26.3459501Z   Downloading cel_python-0.4.0-py3-none-any.whl.metadata (8.5 kB)
2026-10-03T00:22:26.3866585Z Collecting PyYAML==6.0.3 (from -r /home/runner/work/AIRLOCK/AIRLOCK/requirements.txt (line 7))
2026-10-03T00:22:26.3951533Z   Downloading pyyaml-6.0.3-cp313-cp313-manylinux2014_x86_64.manylinux_2_17_x86_64.manylinux_2_28_x86_64.whl.metadata (2.4 kB)
2026-10-03T00:22:26.4387409Z Collecting PyJWT==2.15.1 (from -r /home/runner/work/AIRLOCK/AIRLOCK/requirements.txt (line 8))
2026-10-03T00:22:26.4458922Z   Downloading pyjwt-2.15.1-py3-none-any.whl.metadata (3.5 kB)
2026-10-03T00:22:26.6482611Z Collecting cryptography==50.0.2 (from -r /home/runner/work/AIRLOCK/AIRLOCK/requirements.txt (line 9))
2026-10-03T00:22:26.6560122Z   Downloading cryptography-50.0.2-cp311-abi3-manylinux_2_34_x86_64.whl.metadata (4.4 kB)
2026-10-03T00:22:26.8562673Z Collecting boto3==1.43.107 (from -r /home/runner/work/AIRLOCK/AIRLOCK/requirements-archive.txt (line 2))
2026-10-03T00:22:26.8639419Z   Downloading boto3-1.43.107-py3-none-any.whl.metadata (6.6 kB)
2026-10-03T00:22:27.0876878Z Collecting botocore==1.43.107 (from -r /home/runner/work/AIRLOCK/AIRLOCK/requirements-archive.txt (line 3))
2026-10-03T00:22:27.1136434Z   Downloading botocore-1.43.107-py3-none-any.whl.metadata (5.6 kB)
2026-10-03T00:22:27.1337401Z Collecting s3transfer==0.19.2 (from -r /home/runner/work/AIRLOCK/AIRLOCK/requirements-archive.txt (line 4))
2026-10-03T00:22:27.1433321Z   Downloading s3transfer-0.19.2-py3-none-any.whl.metadata (1.7 kB)
2026-10-03T00:22:27.1742201Z Collecting pytest==9.0.2 (from -r requirements-dev.txt (line 3))
2026-10-03T00:22:27.1817917Z   Downloading pytest-9.0.2-py3-none-any.whl.metadata (7.6 kB)
2026-10-03T00:22:27.2206518Z Collecting playwright==1.57.0 (from -r requirements-dev.txt (line 4))
2026-10-03T00:22:27.2475908Z   Downloading playwright-1.57.0-py3-none-manylinux1_x86_64.whl.metadata (3.5 kB)
2026-10-03T00:22:27.2676410Z Collecting mcp==1.26.0 (from -r requirements-dev.txt (line 5))
2026-10-03T00:22:27.2752203Z   Downloading mcp-1.26.0-py3-none-any.whl.metadata (89 kB)
2026-10-03T00:22:27.3072120Z Collecting pip-audit==2.10.1 (from -r requirements-dev.txt (line 6))
2026-10-03T00:22:27.3150596Z   Downloading pip_audit-2.10.1-py3-none-any.whl.metadata (28 kB)
2026-10-03T00:22:27.3407865Z Collecting typing-extensions>=4.8.0 (from fastapi==0.142.2->-r /home/runner/work/AIRLOCK/AIRLOCK/requirements.txt (line 1))
2026-10-03T00:22:27.3491194Z   Downloading typing_extensions-4.16.0-py3-none-any.whl.metadata (3.3 kB)
2026-10-03T00:22:27.3657063Z Collecting typing-inspection>=0.4.2 (from fastapi==0.142.2->-r /home/runner/work/AIRLOCK/AIRLOCK/requirements.txt (line 1))
2026-10-03T00:22:27.3730683Z   Downloading typing_inspection-0.4.4-py3-none-any.whl.metadata (2.6 kB)
2026-10-03T00:22:27.3874844Z Collecting annotated-doc>=0.0.2 (from fastapi==0.142.2->-r /home/runner/work/AIRLOCK/AIRLOCK/requirements.txt (line 1))
2026-10-03T00:22:27.3966212Z   Downloading annotated_doc-0.0.5-py3-none-any.whl.metadata (6.5 kB)
2026-10-03T00:22:27.4219887Z Collecting opentelemetry-api>=1.44.0 (from fastapi==0.142.2->-r /home/runner/work/AIRLOCK/AIRLOCK/requirements.txt (line 1))
2026-10-03T00:22:27.4296061Z   Downloading opentelemetry_api-1.45.0-py3-none-any.whl.metadata (1.4 kB)
2026-10-03T00:22:27.4537912Z Collecting anyio<5,>=4.0.0 (from starlette==1.7.0->-r /home/runner/work/AIRLOCK/AIRLOCK/requirements.txt (line 2))
2026-10-03T00:22:27.4624136Z   Downloading anyio-4.15.1-py3-none-any.whl.metadata (4.7 kB)
2026-10-03T00:22:27.4811797Z Collecting annotated-types>=0.6.0 (from pydantic==2.13.5->-r /home/runner/work/AIRLOCK/AIRLOCK/requirements.txt (line 3))
2026-10-03T00:22:27.4891881Z   Downloading annotated_types-0.8.0-py3-none-any.whl.metadata (15 kB)
2026-10-03T00:22:28.1553126Z Collecting pydantic-core==2.46.5 (from pydantic==2.13.5->-r /home/runner/work/AIRLOCK/AIRLOCK/requirements.txt (line 3))
2026-10-03T00:22:28.1633572Z   Downloading pydantic_core-2.46.5-cp313-cp313-manylinux_2_17_x86_64.manylinux2014_x86_64.whl.metadata (6.6 kB)
2026-10-03T00:22:28.1858487Z Collecting click>=7.0 (from uvicorn==0.48.0->-r /home/runner/work/AIRLOCK/AIRLOCK/requirements.txt (line 4))
2026-10-03T00:22:28.1931167Z   Downloading click-8.5.0-py3-none-any.whl.metadata (2.6 kB)
2026-10-03T00:22:28.2086875Z Collecting h11>=0.8 (from uvicorn==0.48.0->-r /home/runner/work/AIRLOCK/AIRLOCK/requirements.txt (line 4))
2026-10-03T00:22:28.2178472Z   Downloading h11-0.16.0-py3-none-any.whl.metadata (8.3 kB)
2026-10-03T00:22:28.2408475Z Collecting certifi (from httpx==0.28.1->-r /home/runner/work/AIRLOCK/AIRLOCK/requirements.txt (line 5))
2026-10-03T00:22:28.2489435Z   Downloading certifi-2026.7.22-py3-none-any.whl.metadata (2.5 kB)
2026-10-03T00:22:28.2740269Z Collecting httpcore==1.* (from httpx==0.28.1->-r /home/runner/work/AIRLOCK/AIRLOCK/requirements.txt (line 5))
2026-10-03T00:22:28.2817837Z   Downloading httpcore-1.0.9-py3-none-any.whl.metadata (21 kB)
2026-10-03T00:22:28.3577364Z Collecting idna (from httpx==0.28.1->-r /home/runner/work/AIRLOCK/AIRLOCK/requirements.txt (line 5))
2026-10-03T00:22:28.3652408Z   Downloading idna-3.20-py3-none-any.whl.metadata (7.2 kB)
2026-10-03T00:22:28.4226968Z Collecting google-re2>=1.1.20240702 (from cel-python==0.4.0->-r /home/runner/work/AIRLOCK/AIRLOCK/requirements.txt (line 6))
2026-10-03T00:22:28.4318095Z   Downloading google_re2-1.1.20251105-1-cp313-cp313-manylinux_2_27_x86_64.manylinux_2_28_x86_64.whl.metadata (2.4 kB)
2026-10-03T00:22:28.4476634Z Collecting jmespath>=1.0.1 (from cel-python==0.4.0->-r /home/runner/work/AIRLOCK/AIRLOCK/requirements.txt (line 6))
2026-10-03T00:22:28.4583934Z   Downloading jmespath-1.1.0-py3-none-any.whl.metadata (7.6 kB)
2026-10-03T00:22:28.4745595Z Collecting lark>=1.2.2 (from cel-python==0.4.0->-r /home/runner/work/AIRLOCK/AIRLOCK/requirements.txt (line 6))
2026-10-03T00:22:28.4826947Z   Downloading lark-1.3.1-py3-none-any.whl.metadata (1.8 kB)
2026-10-03T00:22:28.5278243Z Collecting pendulum>=3.1.0 (from cel-python==0.4.0->-r /home/runner/work/AIRLOCK/AIRLOCK/requirements.txt (line 6))
2026-10-03T00:22:28.5359120Z   Downloading pendulum-3.2.0-cp313-cp313-manylinux_2_17_x86_64.manylinux2014_x86_64.whl.metadata (6.8 kB)
2026-10-03T00:22:28.6375383Z Collecting cffi>=2.0.0 (from cryptography==50.0.2->-r /home/runner/work/AIRLOCK/AIRLOCK/requirements.txt (line 9))
2026-10-03T00:22:28.6454163Z   Downloading cffi-2.1.1-cp313-cp313-manylinux2014_x86_64.manylinux_2_17_x86_64.whl.metadata (2.5 kB)
2026-10-03T00:22:28.6733311Z Collecting python-dateutil<3.0.0,>=2.1 (from botocore==1.43.107->-r /home/runner/work/AIRLOCK/AIRLOCK/requirements-archive.txt (line 3))
2026-10-03T00:22:28.6807461Z   Downloading python_dateutil-2.9.0.post0-py2.py3-none-any.whl.metadata (8.4 kB)
2026-10-03T00:22:28.7064721Z Collecting urllib3!=2.2.0,<3,>=1.25.4 (from botocore==1.43.107->-r /home/runner/work/AIRLOCK/AIRLOCK/requirements-archive.txt (line 3))
2026-10-03T00:22:28.7143295Z   Downloading urllib3-2.8.0-py3-none-any.whl.metadata (7.4 kB)
2026-10-03T00:22:28.7394196Z Collecting iniconfig>=1.0.1 (from pytest==9.0.2->-r requirements-dev.txt (line 3))
2026-10-03T00:22:28.7484627Z   Downloading iniconfig-2.3.0-py3-none-any.whl.metadata (2.5 kB)
2026-10-03T00:22:28.7667082Z Collecting packaging>=22 (from pytest==9.0.2->-r requirements-dev.txt (line 3))
2026-10-03T00:22:28.7740010Z   Downloading packaging-26.3-py3-none-any.whl.metadata (3.5 kB)
2026-10-03T00:22:28.7894079Z Collecting pluggy<2,>=1.5 (from pytest==9.0.2->-r requirements-dev.txt (line 3))
2026-10-03T00:22:28.7974149Z   Downloading pluggy-1.6.0-py3-none-any.whl.metadata (4.8 kB)
2026-10-03T00:22:28.8204615Z Collecting pygments>=2.7.2 (from pytest==9.0.2->-r requirements-dev.txt (line 3))
2026-10-03T00:22:28.8281753Z   Downloading pygments-2.21.0-py3-none-any.whl.metadata (2.5 kB)
2026-10-03T00:22:28.8471342Z Collecting pyee<14,>=13 (from playwright==1.57.0->-r requirements-dev.txt (line 4))
2026-10-03T00:22:28.8545890Z   Downloading pyee-13.0.1-py3-none-any.whl.metadata (3.0 kB)
2026-10-03T00:22:28.9963442Z Collecting greenlet<4.0.0,>=3.1.1 (from playwright==1.57.0->-r requirements-dev.txt (line 4))
2026-10-03T00:22:29.0041624Z   Downloading greenlet-3.5.6-cp313-cp313-manylinux_2_24_x86_64.manylinux_2_28_x86_64.whl.metadata (3.8 kB)
2026-10-03T00:22:29.0220580Z Collecting httpx-sse>=0.4 (from mcp==1.26.0->-r requirements-dev.txt (line 5))
2026-10-03T00:22:29.0290720Z   Downloading httpx_sse-0.4.3-py3-none-any.whl.metadata (9.7 kB)
2026-10-03T00:22:29.0548877Z Collecting jsonschema>=4.20.0 (from mcp==1.26.0->-r requirements-dev.txt (line 5))
2026-10-03T00:22:29.0636286Z   Downloading jsonschema-4.26.0-py3-none-any.whl.metadata (7.6 kB)
2026-10-03T00:22:29.0839304Z Collecting pydantic-settings>=2.5.2 (from mcp==1.26.0->-r requirements-dev.txt (line 5))
2026-10-03T00:22:29.0909774Z   Downloading pydantic_settings-2.15.0-py3-none-any.whl.metadata (3.9 kB)
2026-10-03T00:22:29.1166731Z Collecting python-multipart>=0.0.9 (from mcp==1.26.0->-r requirements-dev.txt (line 5))
2026-10-03T00:22:29.1253824Z   Downloading python_multipart-0.0.32-py3-none-any.whl.metadata (2.1 kB)
2026-10-03T00:22:29.1476857Z Collecting sse-starlette>=1.6.1 (from mcp==1.26.0->-r requirements-dev.txt (line 5))
2026-10-03T00:22:29.1549479Z   Downloading sse_starlette-3.5.0-py3-none-any.whl.metadata (15 kB)
2026-10-03T00:22:29.1779281Z Collecting CacheControl>=0.13.0 (from CacheControl[filecache]>=0.13.0->pip-audit==2.10.1->-r requirements-dev.txt (line 6))
2026-10-03T00:22:29.1860336Z   Downloading cachecontrol-0.14.4-py3-none-any.whl.metadata (3.1 kB)
2026-10-03T00:22:29.2188127Z Collecting cyclonedx-python-lib<12,>=5 (from pip-audit==2.10.1->-r requirements-dev.txt (line 6))
2026-10-03T00:22:29.2265729Z   Downloading cyclonedx_python_lib-11.12.0-py3-none-any.whl.metadata (6.9 kB)
2026-10-03T00:22:29.2462672Z Collecting pip-api>=0.0.28 (from pip-audit==2.10.1->-r requirements-dev.txt (line 6))
2026-10-03T00:22:29.2535918Z   Downloading pip_api-0.0.35-py3-none-any.whl.metadata (17 kB)
2026-10-03T00:22:29.2746152Z Collecting pip-requirements-parser>=32.0.0 (from pip-audit==2.10.1->-r requirements-dev.txt (line 6))
2026-10-03T00:22:29.2831771Z   Downloading pip_requirements_parser-32.0.1-py3-none-any.whl.metadata (9.3 kB)
2026-10-03T00:22:29.3249327Z Collecting requests>=2.31.0 (from pip-audit==2.10.1->-r requirements-dev.txt (line 6))
2026-10-03T00:22:29.3331501Z   Downloading requests-2.34.2-py3-none-any.whl.metadata (4.8 kB)
2026-10-03T00:22:29.3758070Z Collecting rich>=12.4 (from pip-audit==2.10.1->-r requirements-dev.txt (line 6))
2026-10-03T00:22:29.3838143Z   Downloading rich-15.0.0-py3-none-any.whl.metadata (18 kB)
2026-10-03T00:22:29.4116988Z Collecting tomli>=2.2.1 (from pip-audit==2.10.1->-r requirements-dev.txt (line 6))
2026-10-03T00:22:29.4193488Z   Downloading tomli-2.4.1-cp313-cp313-manylinux2014_x86_64.manylinux_2_17_x86_64.manylinux_2_28_x86_64.whl.metadata (10 kB)
2026-10-03T00:22:29.4353879Z Collecting tomli-w>=1.2.0 (from pip-audit==2.10.1->-r requirements-dev.txt (line 6))
2026-10-03T00:22:29.4424726Z   Downloading tomli_w-1.2.0-py3-none-any.whl.metadata (5.7 kB)
2026-10-03T00:22:29.4646167Z Collecting platformdirs>=4.2.0 (from pip-audit==2.10.1->-r requirements-dev.txt (line 6))
2026-10-03T00:22:29.4720810Z   Downloading platformdirs-4.12.2-py3-none-any.whl.metadata (5.5 kB)
2026-10-03T00:22:29.4945326Z Collecting license-expression<31,>=30 (from cyclonedx-python-lib<12,>=5->pip-audit==2.10.1->-r requirements-dev.txt (line 6))
2026-10-03T00:22:29.5020005Z   Downloading license_expression-30.4.4-py3-none-any.whl.metadata (11 kB)
2026-10-03T00:22:29.5248486Z Collecting packageurl-python<2,>=0.11 (from cyclonedx-python-lib<12,>=5->pip-audit==2.10.1->-r requirements-dev.txt (line 6))
2026-10-03T00:22:29.5321356Z   Downloading packageurl_python-0.17.6-py3-none-any.whl.metadata (5.1 kB)
2026-10-03T00:22:29.5523093Z Collecting py-serializable<3.0.0,>=2.1.0 (from cyclonedx-python-lib<12,>=5->pip-audit==2.10.1->-r requirements-dev.txt (line 6))
2026-10-03T00:22:29.5602186Z   Downloading py_serializable-2.1.0-py3-none-any.whl.metadata (4.3 kB)
2026-10-03T00:22:29.5817995Z Collecting sortedcontainers<3.0.0,>=2.4.0 (from cyclonedx-python-lib<12,>=5->pip-audit==2.10.1->-r requirements-dev.txt (line 6))
2026-10-03T00:22:29.5890833Z   Downloading sortedcontainers-2.4.0-py2.py3-none-any.whl.metadata (10 kB)
2026-10-03T00:22:29.6091053Z Collecting boolean.py>=4.0 (from license-expression<31,>=30->cyclonedx-python-lib<12,>=5->pip-audit==2.10.1->-r requirements-dev.txt (line 6))
2026-10-03T00:22:29.6167492Z   Downloading boolean_py-5.0-py3-none-any.whl.metadata (2.3 kB)
2026-10-03T00:22:29.6366530Z Collecting defusedxml<0.8.0,>=0.7.1 (from py-serializable<3.0.0,>=2.1.0->cyclonedx-python-lib<12,>=5->pip-audit==2.10.1->-r requirements-dev.txt (line 6))
2026-10-03T00:22:29.6474136Z   Downloading defusedxml-0.7.1-py2.py3-none-any.whl.metadata (32 kB)
2026-10-03T00:22:29.6721682Z Collecting six>=1.5 (from python-dateutil<3.0.0,>=2.1->botocore==1.43.107->-r /home/runner/work/AIRLOCK/AIRLOCK/requirements-archive.txt (line 3))
2026-10-03T00:22:29.6800053Z   Downloading six-1.17.0-py2.py3-none-any.whl.metadata (1.7 kB)
2026-10-03T00:22:29.7751575Z Collecting msgpack<2.0.0,>=0.5.2 (from CacheControl>=0.13.0->CacheControl[filecache]>=0.13.0->pip-audit==2.10.1->-r requirements-dev.txt (line 6))
2026-10-03T00:22:29.7834139Z   Downloading msgpack-1.2.3-cp313-cp313-manylinux2014_x86_64.manylinux_2_17_x86_64.manylinux_2_28_x86_64.whl.metadata (8.3 kB)
2026-10-03T00:22:29.8124087Z Collecting filelock>=3.8.0 (from CacheControl[filecache]>=0.13.0->pip-audit==2.10.1->-r requirements-dev.txt (line 6))
2026-10-03T00:22:29.8200049Z   Downloading filelock-4.0.9-py3-none-any.whl.metadata (2.0 kB)
2026-10-03T00:22:29.8371695Z Collecting pycparser (from cffi>=2.0.0->cryptography==50.0.2->-r /home/runner/work/AIRLOCK/AIRLOCK/requirements.txt (line 9))
2026-10-03T00:22:29.8447756Z   Downloading pycparser-3.0-py3-none-any.whl.metadata (8.2 kB)
2026-10-03T00:22:29.8695865Z Collecting attrs>=22.2.0 (from jsonschema>=4.20.0->mcp==1.26.0->-r requirements-dev.txt (line 5))
2026-10-03T00:22:29.8846048Z   Downloading attrs-26.1.0-py3-none-any.whl.metadata (8.8 kB)
2026-10-03T00:22:29.9016872Z Collecting jsonschema-specifications>=2023.03.6 (from jsonschema>=4.20.0->mcp==1.26.0->-r requirements-dev.txt (line 5))
2026-10-03T00:22:29.9092786Z   Downloading jsonschema_specifications-2025.9.1-py3-none-any.whl.metadata (2.9 kB)
2026-10-03T00:22:29.9330389Z Collecting referencing>=0.28.4 (from jsonschema>=4.20.0->mcp==1.26.0->-r requirements-dev.txt (line 5))
2026-10-03T00:22:29.9403587Z   Downloading referencing-0.37.0-py3-none-any.whl.metadata (2.8 kB)
2026-10-03T00:22:30.1787675Z Collecting rpds-py>=0.25.0 (from jsonschema>=4.20.0->mcp==1.26.0->-r requirements-dev.txt (line 5))
2026-10-03T00:22:30.1950957Z   Downloading rpds_py-2026.6.3-cp313-cp313-manylinux_2_17_x86_64.manylinux2014_x86_64.whl.metadata (4.1 kB)
2026-10-03T00:22:30.2222234Z Collecting tzdata>=2020.1 (from pendulum>=3.1.0->cel-python==0.4.0->-r /home/runner/work/AIRLOCK/AIRLOCK/requirements.txt (line 6))
2026-10-03T00:22:30.2304947Z   Downloading tzdata-2026.4-py2.py3-none-any.whl.metadata (1.4 kB)
2026-10-03T00:22:30.2346861Z Requirement already satisfied: pip in /opt/hostedtoolcache/Python/3.13.15/x64/lib/python3.13/site-packages (from pip-api>=0.0.28->pip-audit==2.10.1->-r requirements-dev.txt (line 6)) (26.2.1)
2026-10-03T00:22:30.2586770Z Collecting pyparsing (from pip-requirements-parser>=32.0.0->pip-audit==2.10.1->-r requirements-dev.txt (line 6))
2026-10-03T00:22:30.2664440Z   Downloading pyparsing-3.3.3-py3-none-any.whl.metadata (5.9 kB)
2026-10-03T00:22:30.2874721Z Collecting python-dotenv>=0.21.0 (from pydantic-settings>=2.5.2->mcp==1.26.0->-r requirements-dev.txt (line 5))
2026-10-03T00:22:30.2952486Z   Downloading python_dotenv-1.2.4-py3-none-any.whl.metadata (29 kB)
2026-10-03T00:22:30.4268322Z Collecting charset_normalizer<4,>=2 (from requests>=2.31.0->pip-audit==2.10.1->-r requirements-dev.txt (line 6))
2026-10-03T00:22:30.4347490Z   Downloading charset_normalizer-3.5.2-cp313-cp313-manylinux2014_x86_64.manylinux_2_17_x86_64.manylinux_2_28_x86_64.whl.metadata (46 kB)
2026-10-03T00:22:30.4640624Z Collecting markdown-it-py>=2.2.0 (from rich>=12.4->pip-audit==2.10.1->-r requirements-dev.txt (line 6))
2026-10-03T00:22:30.4721636Z   Downloading markdown_it_py-4.2.0-py3-none-any.whl.metadata (7.4 kB)
2026-10-03T00:22:30.4918958Z Collecting mdurl~=0.1 (from markdown-it-py>=2.2.0->rich>=12.4->pip-audit==2.10.1->-r requirements-dev.txt (line 6))
2026-10-03T00:22:30.4997630Z   Downloading mdurl-0.1.2-py3-none-any.whl.metadata (1.6 kB)
2026-10-03T00:22:30.5294782Z Downloading fastapi-0.142.2-py3-none-any.whl (144 kB)
2026-10-03T00:22:30.5504637Z Downloading starlette-1.7.0-py3-none-any.whl (78 kB)
2026-10-03T00:22:30.5650802Z Downloading pydantic-2.13.5-py3-none-any.whl (472 kB)
2026-10-03T00:22:30.6061230Z Downloading uvicorn-0.48.0-py3-none-any.whl (71 kB)
2026-10-03T00:22:30.6174872Z Downloading httpx-0.28.1-py3-none-any.whl (73 kB)
2026-10-03T00:22:30.6333942Z Downloading cel_python-0.4.0-py3-none-any.whl (85 kB)
2026-10-03T00:22:30.6454749Z Downloading pyyaml-6.0.3-cp313-cp313-manylinux2014_x86_64.manylinux_2_17_x86_64.manylinux_2_28_x86_64.whl (801 kB)
2026-10-03T00:22:30.6861023Z    ━━━━━━━━━━━━━━━━━━━━━━━━━━━━━━━━━━━━━━━━ 801.6/801.6 kB 21.4 MB/s  0:00:00
2026-10-03T00:22:30.6934406Z Downloading pyjwt-2.15.1-py3-none-any.whl (33 kB)
2026-10-03T00:22:30.7027013Z Downloading cryptography-50.0.2-cp311-abi3-manylinux_2_34_x86_64.whl (4.8 MB)
2026-10-03T00:22:30.8235038Z    ━━━━━━━━━━━━━━━━━━━━━━━━━━━━━━━━━━━━━━━━ 4.8/4.8 MB 40.9 MB/s  0:00:00
2026-10-03T00:22:30.8311246Z Downloading boto3-1.43.107-py3-none-any.whl (140 kB)
2026-10-03T00:22:30.8417190Z Downloading botocore-1.43.107-py3-none-any.whl (16.0 MB)
2026-10-03T00:22:31.0003059Z    ━━━━━━━━━━━━━━━━━━━━━━━━━━━━━━━━━━━━━━━━ 16.0/16.0 MB 102.4 MB/s  0:00:00
2026-10-03T00:22:31.0085330Z Downloading s3transfer-0.19.2-py3-none-any.whl (90 kB)
2026-10-03T00:22:31.0194315Z Downloading pytest-9.0.2-py3-none-any.whl (374 kB)
2026-10-03T00:22:31.0312289Z Downloading playwright-1.57.0-py3-none-manylinux1_x86_64.whl (46.0 MB)
2026-10-03T00:22:31.2289952Z    ━━━━━━━━━━━━━━━━━━━━━━━━━━━━━━━━━━━━━━━━ 46.0/46.0 MB 234.0 MB/s  0:00:00
2026-10-03T00:22:31.2366838Z Downloading mcp-1.26.0-py3-none-any.whl (233 kB)
2026-10-03T00:22:31.2472521Z Downloading pip_audit-2.10.1-py3-none-any.whl (62 kB)
2026-10-03T00:22:31.2569574Z Downloading pydantic_core-2.46.5-cp313-cp313-manylinux_2_17_x86_64.manylinux2014_x86_64.whl (2.1 MB)
2026-10-03T00:22:31.2662067Z    ━━━━━━━━━━━━━━━━━━━━━━━━━━━━━━━━━━━━━━━━ 2.1/2.1 MB 254.1 MB/s  0:00:00
2026-10-03T00:22:31.2735485Z Downloading anyio-4.15.1-py3-none-any.whl (132 kB)
2026-10-03T00:22:31.2833048Z Downloading cyclonedx_python_lib-11.12.0-py3-none-any.whl (529 kB)
2026-10-03T00:22:31.2883901Z    ━━━━━━━━━━━━━━━━━━━━━━━━━━━━━━━━━━━━━━━━ 529.5/529.5 kB 95.2 MB/s  0:00:00
2026-10-03T00:22:31.2962384Z Downloading greenlet-3.5.6-cp313-cp313-manylinux_2_24_x86_64.manylinux_2_28_x86_64.whl (623 kB)
2026-10-03T00:22:31.3014284Z    ━━━━━━━━━━━━━━━━━━━━━━━━━━━━━━━━━━━━━━━━ 623.8/623.8 kB 116.6 MB/s  0:00:00
2026-10-03T00:22:31.3100486Z Downloading httpcore-1.0.9-py3-none-any.whl (78 kB)
2026-10-03T00:22:31.3200741Z Downloading jmespath-1.1.0-py3-none-any.whl (20 kB)
2026-10-03T00:22:31.3318219Z Downloading license_expression-30.4.4-py3-none-any.whl (120 kB)
2026-10-03T00:22:31.3414896Z Downloading packageurl_python-0.17.6-py3-none-any.whl (36 kB)
2026-10-03T00:22:31.3508738Z Downloading pluggy-1.6.0-py3-none-any.whl (20 kB)
2026-10-03T00:22:31.3599856Z Downloading py_serializable-2.1.0-py3-none-any.whl (23 kB)
2026-10-03T00:22:31.3691949Z Downloading defusedxml-0.7.1-py2.py3-none-any.whl (25 kB)
2026-10-03T00:22:31.3808836Z Downloading pyee-13.0.1-py3-none-any.whl (15 kB)
2026-10-03T00:22:31.3914224Z Downloading python_dateutil-2.9.0.post0-py2.py3-none-any.whl (229 kB)
2026-10-03T00:22:31.4010730Z Downloading sortedcontainers-2.4.0-py2.py3-none-any.whl (29 kB)
2026-10-03T00:22:31.4122421Z Downloading urllib3-2.8.0-py3-none-any.whl (135 kB)
2026-10-03T00:22:31.4213495Z Downloading annotated_doc-0.0.5-py3-none-any.whl (5.3 kB)
2026-10-03T00:22:31.4306454Z Downloading annotated_types-0.8.0-py3-none-any.whl (13 kB)
2026-10-03T00:22:31.4407888Z Downloading boolean_py-5.0-py3-none-any.whl (26 kB)
2026-10-03T00:22:31.4505703Z Downloading cachecontrol-0.14.4-py3-none-any.whl (22 kB)
2026-10-03T00:22:31.4600910Z Downloading msgpack-1.2.3-cp313-cp313-manylinux2014_x86_64.manylinux_2_17_x86_64.manylinux_2_28_x86_64.whl (466 kB)
2026-10-03T00:22:31.4705802Z Downloading cffi-2.1.1-cp313-cp313-manylinux2014_x86_64.manylinux_2_17_x86_64.whl (221 kB)
2026-10-03T00:22:31.4802171Z Downloading click-8.5.0-py3-none-any.whl (125 kB)
2026-10-03T00:22:31.4896672Z Downloading filelock-4.0.9-py3-none-any.whl (110 kB)
2026-10-03T00:22:31.5044182Z Downloading google_re2-1.1.20251105-1-cp313-cp313-manylinux_2_27_x86_64.manylinux_2_28_x86_64.whl (591 kB)
2026-10-03T00:22:31.5093913Z    ━━━━━━━━━━━━━━━━━━━━━━━━━━━━━━━━━━━━━━━━ 591.4/591.4 kB 124.0 MB/s  0:00:00
2026-10-03T00:22:31.5183294Z Downloading h11-0.16.0-py3-none-any.whl (37 kB)
2026-10-03T00:22:31.5275193Z Downloading httpx_sse-0.4.3-py3-none-any.whl (9.0 kB)
2026-10-03T00:22:31.5372969Z Downloading idna-3.20-py3-none-any.whl (69 kB)
2026-10-03T00:22:31.5470788Z Downloading iniconfig-2.3.0-py3-none-any.whl (7.5 kB)
2026-10-03T00:22:31.5574426Z Downloading jsonschema-4.26.0-py3-none-any.whl (90 kB)
2026-10-03T00:22:31.5668076Z Downloading attrs-26.1.0-py3-none-any.whl (67 kB)
2026-10-03T00:22:31.5762970Z Downloading jsonschema_specifications-2025.9.1-py3-none-any.whl (18 kB)
2026-10-03T00:22:31.5863390Z Downloading lark-1.3.1-py3-none-any.whl (113 kB)
2026-10-03T00:22:31.5981499Z Downloading opentelemetry_api-1.45.0-py3-none-any.whl (60 kB)
2026-10-03T00:22:31.6075056Z Downloading packaging-26.3-py3-none-any.whl (129 kB)
2026-10-03T00:22:31.6181993Z Downloading pendulum-3.2.0-cp313-cp313-manylinux_2_17_x86_64.manylinux2014_x86_64.whl (348 kB)
2026-10-03T00:22:31.6281693Z Downloading pip_api-0.0.35-py3-none-any.whl (123 kB)
2026-10-03T00:22:31.6382165Z Downloading pip_requirements_parser-32.0.1-py3-none-any.whl (35 kB)
2026-10-03T00:22:31.6481758Z Downloading platformdirs-4.12.2-py3-none-any.whl (32 kB)
2026-10-03T00:22:31.6609060Z Downloading pydantic_settings-2.15.0-py3-none-any.whl (69 kB)
2026-10-03T00:22:31.6710276Z Downloading pygments-2.21.0-py3-none-any.whl (1.3 MB)
2026-10-03T00:22:31.6778068Z    ━━━━━━━━━━━━━━━━━━━━━━━━━━━━━━━━━━━━━━━━ 1.3/1.3 MB 217.0 MB/s  0:00:00
2026-10-03T00:22:31.6850688Z Downloading python_dotenv-1.2.4-py3-none-any.whl (23 kB)
2026-10-03T00:22:31.6944381Z Downloading python_multipart-0.0.32-py3-none-any.whl (30 kB)
2026-10-03T00:22:31.7039905Z Downloading referencing-0.37.0-py3-none-any.whl (26 kB)
2026-10-03T00:22:31.7132364Z Downloading requests-2.34.2-py3-none-any.whl (73 kB)
2026-10-03T00:22:31.7227810Z Downloading charset_normalizer-3.5.2-cp313-cp313-manylinux2014_x86_64.manylinux_2_17_x86_64.manylinux_2_28_x86_64.whl (254 kB)
2026-10-03T00:22:31.7322154Z Downloading certifi-2026.7.22-py3-none-any.whl (136 kB)
2026-10-03T00:22:31.7413557Z Downloading rich-15.0.0-py3-none-any.whl (310 kB)
2026-10-03T00:22:31.7511308Z Downloading markdown_it_py-4.2.0-py3-none-any.whl (91 kB)
2026-10-03T00:22:31.7609029Z Downloading mdurl-0.1.2-py3-none-any.whl (10.0 kB)
2026-10-03T00:22:31.7699649Z Downloading rpds_py-2026.6.3-cp313-cp313-manylinux_2_17_x86_64.manylinux2014_x86_64.whl (365 kB)
2026-10-03T00:22:31.7805928Z Downloading six-1.17.0-py2.py3-none-any.whl (11 kB)
2026-10-03T00:22:31.7898087Z Downloading sse_starlette-3.5.0-py3-none-any.whl (17 kB)
2026-10-03T00:22:31.7989551Z Downloading tomli-2.4.1-cp313-cp313-manylinux2014_x86_64.manylinux_2_17_x86_64.manylinux_2_28_x86_64.whl (251 kB)
2026-10-03T00:22:31.8094002Z Downloading tomli_w-1.2.0-py3-none-any.whl (6.7 kB)
2026-10-03T00:22:31.8197301Z Downloading typing_extensions-4.16.0-py3-none-any.whl (45 kB)
2026-10-03T00:22:31.8289997Z Downloading typing_inspection-0.4.4-py3-none-any.whl (14 kB)
2026-10-03T00:22:31.8382606Z Downloading tzdata-2026.4-py2.py3-none-any.whl (347 kB)
2026-10-03T00:22:31.8489926Z Downloading pycparser-3.0-py3-none-any.whl (48 kB)
2026-10-03T00:22:31.8585343Z Downloading pyparsing-3.3.3-py3-none-any.whl (126 kB)
2026-10-03T00:22:32.3653687Z Installing collected packages: sortedcontainers, boolean.py, urllib3, tzdata, typing-extensions, tomli-w, tomli, six, rpds-py, PyYAML, python-multipart, python-dotenv, pyparsing, PyJWT, pygments, pycparser, pluggy, platformdirs, pip-api, packaging, packageurl-python, msgpack, mdurl, license-expression, lark, jmespath, iniconfig, idna, httpx-sse, h11, greenlet, google-re2, filelock, defusedxml, click, charset_normalizer, certifi, attrs, annotated-types, annotated-doc, uvicorn, typing-inspection, requests, referencing, python-dateutil, pytest, pyee, pydantic-core, py-serializable, pip-requirements-parser, opentelemetry-api, markdown-it-py, httpcore, cffi, anyio, starlette, rich, pydantic, playwright, pendulum, jsonschema-specifications, httpx, cyclonedx-python-lib, cryptography, CacheControl, botocore, sse-starlette, s3transfer, pydantic-settings, jsonschema, fastapi, cel-python, pip-audit, mcp, boto3
2026-10-03T00:22:39.2772557Z 
2026-10-03T00:22:39.2852371Z Successfully installed CacheControl-0.14.4 PyJWT-2.15.1 PyYAML-6.0.3 annotated-doc-0.0.5 annotated-types-0.8.0 anyio-4.15.1 attrs-26.1.0 boolean.py-5.0 boto3-1.43.107 botocore-1.43.107 cel-python-0.4.0 certifi-2026.7.22 cffi-2.1.1 charset_normalizer-3.5.2 click-8.5.0 cryptography-50.0.2 cyclonedx-python-lib-11.12.0 defusedxml-0.7.1 fastapi-0.142.2 filelock-4.0.9 google-re2-1.1.20251105 greenlet-3.5.6 h11-0.16.0 httpcore-1.0.9 httpx-0.28.1 httpx-sse-0.4.3 idna-3.20 iniconfig-2.3.0 jmespath-1.1.0 jsonschema-4.26.0 jsonschema-specifications-2025.9.1 lark-1.3.1 license-expression-30.4.4 markdown-it-py-4.2.0 mcp-1.26.0 mdurl-0.1.2 msgpack-1.2.3 opentelemetry-api-1.45.0 packageurl-python-0.17.6 packaging-26.3 pendulum-3.2.0 pip-api-0.0.35 pip-audit-2.10.1 pip-requirements-parser-32.0.1 platformdirs-4.12.2 playwright-1.57.0 pluggy-1.6.0 py-serializable-2.1.0 pycparser-3.0 pydantic-2.13.5 pydantic-core-2.46.5 pydantic-settings-2.15.0 pyee-13.0.1 pygments-2.21.0 pyparsing-3.3.3 pytest-9.0.2 python-dateutil-2.9.0.post0 python-dotenv-1.2.4 python-multipart-0.0.32 referencing-0.37.0 requests-2.34.2 rich-15.0.0 rpds-py-2026.6.3 s3transfer-0.19.2 six-1.17.0 sortedcontainers-2.4.0 sse-starlette-3.5.0 starlette-1.7.0 tomli-2.4.1 tomli-w-1.2.0 typing-extensions-4.16.0 typing-inspection-0.4.4 tzdata-2026.4 urllib3-2.8.0 uvicorn-0.48.0
2026-10-03T00:22:39.5683946Z ##[group]Run npm ci
2026-10-03T00:22:39.5684217Z [36;1mnpm ci[0m
2026-10-03T00:22:39.5750882Z shell: /usr/bin/bash --noprofile --norc -e -o pipefail {0}
2026-10-03T00:22:39.5751235Z env:
2026-10-03T00:22:39.5751446Z   NEXT_TELEMETRY_DISABLED: 1
2026-10-03T00:22:39.5751756Z   pythonLocation: /opt/hostedtoolcache/Python/3.13.15/x64
2026-10-03T00:22:39.5752188Z   PKG_CONFIG_PATH: /opt/hostedtoolcache/Python/3.13.15/x64/lib/pkgconfig
2026-10-03T00:22:39.5752645Z   Python_ROOT_DIR: /opt/hostedtoolcache/Python/3.13.15/x64
2026-10-03T00:22:39.5753058Z   Python2_ROOT_DIR: /opt/hostedtoolcache/Python/3.13.15/x64
2026-10-03T00:22:39.5753459Z   Python3_ROOT_DIR: /opt/hostedtoolcache/Python/3.13.15/x64
2026-10-03T00:22:39.5753843Z   LD_LIBRARY_PATH: /opt/hostedtoolcache/Python/3.13.15/x64/lib
2026-10-03T00:22:39.5754170Z ##[endgroup]
2026-10-03T00:22:47.0279612Z 
2026-10-03T00:22:47.0280327Z added 24 packages, and audited 25 packages in 7s
2026-10-03T00:22:47.0280852Z 
2026-10-03T00:22:47.0281428Z 6 packages are looking for funding
2026-10-03T00:22:47.0281921Z   run `npm fund` for details
2026-10-03T00:22:47.0289313Z 
2026-10-03T00:22:47.0289727Z found 0 vulnerabilities
2026-10-03T00:22:47.0899300Z ##[group]Run python scripts/run_logged.py evidence/next-build.log -- npm run build
2026-10-03T00:22:47.0900315Z [36;1mpython scripts/run_logged.py evidence/next-build.log -- npm run build[0m
2026-10-03T00:22:47.0989692Z shell: /usr/bin/bash --noprofile --norc -e -o pipefail {0}
2026-10-03T00:22:47.0990265Z env:
2026-10-03T00:22:47.0990589Z   NEXT_TELEMETRY_DISABLED: 1
2026-10-03T00:22:47.0991105Z   pythonLocation: /opt/hostedtoolcache/Python/3.13.15/x64
2026-10-03T00:22:47.0991909Z   PKG_CONFIG_PATH: /opt/hostedtoolcache/Python/3.13.15/x64/lib/pkgconfig
2026-10-03T00:22:47.0992651Z   Python_ROOT_DIR: /opt/hostedtoolcache/Python/3.13.15/x64
2026-10-03T00:22:47.0993314Z   Python2_ROOT_DIR: /opt/hostedtoolcache/Python/3.13.15/x64
2026-10-03T00:22:47.0993977Z   Python3_ROOT_DIR: /opt/hostedtoolcache/Python/3.13.15/x64
2026-10-03T00:22:47.0994643Z   LD_LIBRARY_PATH: /opt/hostedtoolcache/Python/3.13.15/x64/lib
2026-10-03T00:22:47.0995212Z ##[endgroup]
2026-10-03T00:23:03.3291429Z 
2026-10-03T00:23:03.3292427Z > airlock-review-console@0.1.0 build
2026-10-03T00:23:03.3292979Z > next build frontend --webpack && node scripts/package_console.mjs
2026-10-03T00:23:03.3293279Z 
2026-10-03T00:23:03.3293652Z ▲ Next.js 16.3.8 (webpack)
2026-10-03T00:23:03.3294038Z ✓ Running next.config.mjs took 12ms
2026-10-03T00:23:03.3294868Z ⚠ No build cache found. Please configure build caching for faster rebuilds. Read more: https://nextjs.org/docs/messages/no-cache
2026-10-03T00:23:03.3295369Z 
2026-10-03T00:23:03.3295841Z   Creating an optimized production build ...
2026-10-03T00:23:03.3296277Z ✓ Compiled successfully in 4.7s
2026-10-03T00:23:03.3296555Z   Running TypeScript ...
2026-10-03T00:23:03.3296839Z   Finished TypeScript in 1ms ...
2026-10-03T00:23:03.3297148Z   Collecting page data using 3 workers ...
2026-10-03T00:23:03.3297508Z   Generating static pages using 3 workers (0/3) ...
2026-10-03T00:23:03.3297998Z ✓ Generating static pages using 3 workers (3/3) in 487ms
2026-10-03T00:23:03.3298382Z   Finalizing page optimization ...
2026-10-03T00:23:03.3298670Z   Collecting build traces ...
2026-10-03T00:23:03.3298845Z 
2026-10-03T00:23:03.3298942Z Route (app)
2026-10-03T00:23:03.3299169Z ┌ ○ /
2026-10-03T00:23:03.3299389Z └ ○ /_not-found
2026-10-03T00:23:03.3299786Z 
2026-10-03T00:23:03.3299793Z 
2026-10-03T00:23:03.3300000Z ○  (Static)  prerendered as static content
2026-10-03T00:23:03.3300206Z 
2026-10-03T00:23:03.3300739Z {"framework":"Next.js static export","inline_script_hashes":2,"destination":"/home/runner/work/AIRLOCK/AIRLOCK/airlock/console"}
2026-10-03T00:23:03.3578827Z ##[group]Run python scripts/run_logged.py evidence/npm-audit.log -- npm audit --omit=dev
2026-10-03T00:23:03.3579490Z [36;1mpython scripts/run_logged.py evidence/npm-audit.log -- npm audit --omit=dev[0m
2026-10-03T00:23:03.3641075Z shell: /usr/bin/bash --noprofile --norc -e -o pipefail {0}
2026-10-03T00:23:03.3641418Z env:
2026-10-03T00:23:03.3641622Z   NEXT_TELEMETRY_DISABLED: 1
2026-10-03T00:23:03.3641933Z   pythonLocation: /opt/hostedtoolcache/Python/3.13.15/x64
2026-10-03T00:23:03.3642377Z   PKG_CONFIG_PATH: /opt/hostedtoolcache/Python/3.13.15/x64/lib/pkgconfig
2026-10-03T00:23:03.3642814Z   Python_ROOT_DIR: /opt/hostedtoolcache/Python/3.13.15/x64
2026-10-03T00:23:03.3643218Z   Python2_ROOT_DIR: /opt/hostedtoolcache/Python/3.13.15/x64
2026-10-03T00:23:03.3643602Z   Python3_ROOT_DIR: /opt/hostedtoolcache/Python/3.13.15/x64
2026-10-03T00:23:03.3643989Z   LD_LIBRARY_PATH: /opt/hostedtoolcache/Python/3.13.15/x64/lib
2026-10-03T00:23:03.3644313Z ##[endgroup]
2026-10-03T00:23:03.8423666Z found 0 vulnerabilities
2026-10-03T00:23:03.8567653Z ##[group]Run python scripts/run_logged.py evidence/pytest.log -- python -m pytest -q --junitxml=evidence/pytest.xml
2026-10-03T00:23:03.8568545Z [36;1mpython scripts/run_logged.py evidence/pytest.log -- python -m pytest -q --junitxml=evidence/pytest.xml[0m
2026-10-03T00:23:03.8631036Z shell: /usr/bin/bash --noprofile --norc -e -o pipefail {0}
2026-10-03T00:23:03.8631384Z env:
2026-10-03T00:23:03.8631590Z   NEXT_TELEMETRY_DISABLED: 1
2026-10-03T00:23:03.8631911Z   pythonLocation: /opt/hostedtoolcache/Python/3.13.15/x64
2026-10-03T00:23:03.8632354Z   PKG_CONFIG_PATH: /opt/hostedtoolcache/Python/3.13.15/x64/lib/pkgconfig
2026-10-03T00:23:03.8632818Z   Python_ROOT_DIR: /opt/hostedtoolcache/Python/3.13.15/x64
2026-10-03T00:23:03.8633212Z   Python2_ROOT_DIR: /opt/hostedtoolcache/Python/3.13.15/x64
2026-10-03T00:23:03.8633600Z   Python3_ROOT_DIR: /opt/hostedtoolcache/Python/3.13.15/x64
2026-10-03T00:23:03.8633992Z   LD_LIBRARY_PATH: /opt/hostedtoolcache/Python/3.13.15/x64/lib
2026-10-03T00:23:03.8634353Z ##[endgroup]
2026-10-03T00:23:29.5425044Z ........................................................................ [ 33%]
2026-10-03T00:23:29.5426059Z ........................................................................ [ 66%]
2026-10-03T00:23:29.5426853Z ........................................................................ [ 99%]
2026-10-03T00:23:29.5427751Z .                                                                        [100%]
2026-10-03T00:23:29.5428585Z =============================== warnings summary ===============================
2026-10-03T00:23:29.5443504Z ../../../../../opt/hostedtoolcache/Python/3.13.15/x64/lib/python3.13/site-packages/fastapi/testclient.py:1
2026-10-03T00:23:29.5445680Z   /opt/hostedtoolcache/Python/3.13.15/x64/lib/python3.13/site-packages/fastapi/testclient.py:1: StarletteDeprecationWarning: Using `httpx` with `starlette.testclient` is deprecated; install `httpx2` instead.
2026-10-03T00:23:29.5447428Z     from starlette.testclient import TestClient as TestClient  # noqa
2026-10-03T00:23:29.5447912Z 
2026-10-03T00:23:29.5448457Z -- Docs: https://docs.pytest.org/en/stable/how-to/capture-warnings.html
2026-10-03T00:23:29.5449161Z 217 passed, 1 warning in 23.51s
2026-10-03T00:23:29.5565654Z ##[group]Run python scripts/run_logged.py evidence/frontend-check.log -- npm run check
2026-10-03T00:23:29.5566373Z [36;1mpython scripts/run_logged.py evidence/frontend-check.log -- npm run check[0m
2026-10-03T00:23:29.5629060Z shell: /usr/bin/bash --noprofile --norc -e -o pipefail {0}
2026-10-03T00:23:29.5629607Z env:
2026-10-03T00:23:29.5629961Z   NEXT_TELEMETRY_DISABLED: 1
2026-10-03T00:23:29.5630381Z   pythonLocation: /opt/hostedtoolcache/Python/3.13.15/x64
2026-10-03T00:23:29.5631156Z   PKG_CONFIG_PATH: /opt/hostedtoolcache/Python/3.13.15/x64/lib/pkgconfig
2026-10-03T00:23:29.5631687Z   Python_ROOT_DIR: /opt/hostedtoolcache/Python/3.13.15/x64
2026-10-03T00:23:29.5632311Z   Python2_ROOT_DIR: /opt/hostedtoolcache/Python/3.13.15/x64
2026-10-03T00:23:29.5632840Z   Python3_ROOT_DIR: /opt/hostedtoolcache/Python/3.13.15/x64
2026-10-03T00:23:29.5644058Z   LD_LIBRARY_PATH: /opt/hostedtoolcache/Python/3.13.15/x64/lib
2026-10-03T00:23:29.5644457Z ##[endgroup]
2026-10-03T00:23:29.8482381Z 
2026-10-03T00:23:29.8483007Z > airlock-review-console@0.1.0 check
2026-10-03T00:23:29.8485088Z > node --check airlock/static/app.js && node --check airlock/static/review.js && node --check airlock/static/api.js && node --check airlock/static/lib.js && node --check airlock/static/governance.js && node --check airlock/static/study.js
2026-10-03T00:23:29.8486388Z 
2026-10-03T00:23:29.8622583Z ##[group]Run python scripts/run_logged.py evidence/frontend-tests.log -- npm test
2026-10-03T00:23:29.8623199Z [36;1mpython scripts/run_logged.py evidence/frontend-tests.log -- npm test[0m
2026-10-03T00:23:29.8703698Z shell: /usr/bin/bash --noprofile --norc -e -o pipefail {0}
2026-10-03T00:23:29.8704302Z env:
2026-10-03T00:23:29.8704650Z   NEXT_TELEMETRY_DISABLED: 1
2026-10-03T00:23:29.8705216Z   pythonLocation: /opt/hostedtoolcache/Python/3.13.15/x64
2026-10-03T00:23:29.8706291Z   PKG_CONFIG_PATH: /opt/hostedtoolcache/Python/3.13.15/x64/lib/pkgconfig
2026-10-03T00:23:29.8707116Z   Python_ROOT_DIR: /opt/hostedtoolcache/Python/3.13.15/x64
2026-10-03T00:23:29.8707832Z   Python2_ROOT_DIR: /opt/hostedtoolcache/Python/3.13.15/x64
2026-10-03T00:23:29.8708547Z   Python3_ROOT_DIR: /opt/hostedtoolcache/Python/3.13.15/x64
2026-10-03T00:23:29.8709290Z   LD_LIBRARY_PATH: /opt/hostedtoolcache/Python/3.13.15/x64/lib
2026-10-03T00:23:29.8709895Z ##[endgroup]
2026-10-03T00:23:30.1177624Z 
2026-10-03T00:23:30.1178332Z > airlock-review-console@0.1.0 test
2026-10-03T00:23:30.1178947Z > node --test tests-js/*.test.js
2026-10-03T00:23:30.1179140Z 
2026-10-03T00:23:30.1179236Z TAP version 13
2026-10-03T00:23:30.1179691Z # Subtest: visibility timing excludes background and unselected periods
2026-10-03T00:23:30.1180269Z ok 1 - visibility timing excludes background and unselected periods
2026-10-03T00:23:30.1180635Z   ---
2026-10-03T00:23:30.1180843Z   duration_ms: 0.90652
2026-10-03T00:23:30.1181073Z   type: 'test'
2026-10-03T00:23:30.1181271Z   ...
2026-10-03T00:23:30.1181602Z # Subtest: approval requires exact scope phrase and reason
2026-10-03T00:23:30.1182050Z ok 2 - approval requires exact scope phrase and reason
2026-10-03T00:23:30.1182358Z   ---
2026-10-03T00:23:30.1182561Z   duration_ms: 0.298103
2026-10-03T00:23:30.1182787Z   type: 'test'
2026-10-03T00:23:30.1182979Z   ...
2026-10-03T00:23:30.1183338Z # Subtest: SSE framing survives partial chunks, CRLF and heartbeats
2026-10-03T00:23:30.1183840Z ok 3 - SSE framing survives partial chunks, CRLF and heartbeats
2026-10-03T00:23:30.1184174Z   ---
2026-10-03T00:23:30.1184367Z   duration_ms: 0.952407
2026-10-03T00:23:30.1184585Z   type: 'test'
2026-10-03T00:23:30.1184782Z   ...
2026-10-03T00:23:30.1185038Z # Subtest: oversized event rejected
2026-10-03T00:23:30.1185351Z ok 4 - oversized event rejected
2026-10-03T00:23:30.1185843Z   ---
2026-10-03T00:23:30.1186049Z   duration_ms: 1.006109
2026-10-03T00:23:30.1186278Z   type: 'test'
2026-10-03T00:23:30.1186493Z   ...
2026-10-03T00:23:30.1186758Z # Subtest: countdown clamps expired actions
2026-10-03T00:23:30.1187112Z ok 5 - countdown clamps expired actions
2026-10-03T00:23:30.1187381Z   ---
2026-10-03T00:23:30.1187596Z   duration_ms: 0.25431
2026-10-03T00:23:30.1187846Z   type: 'test'
2026-10-03T00:23:30.1188042Z   ...
2026-10-03T00:23:30.1188413Z # Subtest: latency formatting keeps number and unit together on mobile
2026-10-03T00:23:30.1188943Z ok 6 - latency formatting keeps number and unit together on mobile
2026-10-03T00:23:30.1189286Z   ---
2026-10-03T00:23:30.1189488Z   duration_ms: 0.181442
2026-10-03T00:23:30.1190264Z   type: 'test'
2026-10-03T00:23:30.1190565Z   ...
2026-10-03T00:23:30.1190835Z 1..6
2026-10-03T00:23:30.1191106Z # tests 6
2026-10-03T00:23:30.1191391Z # suites 0
2026-10-03T00:23:30.1191696Z # pass 6
2026-10-03T00:23:30.1191990Z # fail 0
2026-10-03T00:23:30.1192272Z # cancelled 0
2026-10-03T00:23:30.1192575Z # skipped 0
2026-10-03T00:23:30.1192868Z # todo 0
2026-10-03T00:23:30.1193159Z # duration_ms 63.151418
2026-10-03T00:23:30.1317739Z ##[group]Run python -m benchmark.generate
2026-10-03T00:23:30.1318106Z [36;1mpython -m benchmark.generate[0m
2026-10-03T00:23:30.1380187Z shell: /usr/bin/bash --noprofile --norc -e -o pipefail {0}
2026-10-03T00:23:30.1380534Z env:
2026-10-03T00:23:30.1380740Z   NEXT_TELEMETRY_DISABLED: 1
2026-10-03T00:23:30.1381061Z   pythonLocation: /opt/hostedtoolcache/Python/3.13.15/x64
2026-10-03T00:23:30.1381498Z   PKG_CONFIG_PATH: /opt/hostedtoolcache/Python/3.13.15/x64/lib/pkgconfig
2026-10-03T00:23:30.1381924Z   Python_ROOT_DIR: /opt/hostedtoolcache/Python/3.13.15/x64
2026-10-03T00:23:30.1382342Z   Python2_ROOT_DIR: /opt/hostedtoolcache/Python/3.13.15/x64
2026-10-03T00:23:30.1382733Z   Python3_ROOT_DIR: /opt/hostedtoolcache/Python/3.13.15/x64
2026-10-03T00:23:30.1383128Z   LD_LIBRARY_PATH: /opt/hostedtoolcache/Python/3.13.15/x64/lib
2026-10-03T00:23:30.1383455Z ##[endgroup]
2026-10-03T00:23:30.1790978Z {"sha256": "243854b51e7039324de4c31fa7a67af1a98ddc48b9c9edfbbac581a2c2f73af7", "cases": 200, "families": 40, "dev_cases": 120, "test_cases": 80, "source": "synthetic only", "independent_annotators": 0, "human_experiment": "not_run"}
2026-10-03T00:23:30.1866503Z ##[group]Run cp benchmark/cases.jsonl evidence/synthetic-cases.jsonl
2026-10-03T00:23:30.1867037Z [36;1mcp benchmark/cases.jsonl evidence/synthetic-cases.jsonl[0m
2026-10-03T00:23:30.1929159Z shell: /usr/bin/bash --noprofile --norc -e -o pipefail {0}
2026-10-03T00:23:30.1929511Z env:
2026-10-03T00:23:30.1929831Z   NEXT_TELEMETRY_DISABLED: 1
2026-10-03T00:23:30.1930179Z   pythonLocation: /opt/hostedtoolcache/Python/3.13.15/x64
2026-10-03T00:23:30.1930651Z   PKG_CONFIG_PATH: /opt/hostedtoolcache/Python/3.13.15/x64/lib/pkgconfig
2026-10-03T00:23:30.1931093Z   Python_ROOT_DIR: /opt/hostedtoolcache/Python/3.13.15/x64
2026-10-03T00:23:30.1931489Z   Python2_ROOT_DIR: /opt/hostedtoolcache/Python/3.13.15/x64
2026-10-03T00:23:30.1931893Z   Python3_ROOT_DIR: /opt/hostedtoolcache/Python/3.13.15/x64
2026-10-03T00:23:30.1932289Z   LD_LIBRARY_PATH: /opt/hostedtoolcache/Python/3.13.15/x64/lib
2026-10-03T00:23:30.1932647Z ##[endgroup]
2026-10-03T00:23:30.2059635Z ##[group]Run python scripts/run_logged.py evidence/benchmark-dev.log -- python -m benchmark.evaluate --split dev --tuning --output evidence/benchmark-dev.json
2026-10-03T00:23:30.2060782Z [36;1mpython scripts/run_logged.py evidence/benchmark-dev.log -- python -m benchmark.evaluate --split dev --tuning --output evidence/benchmark-dev.json[0m
2026-10-03T00:23:30.2120915Z shell: /usr/bin/bash --noprofile --norc -e -o pipefail {0}
2026-10-03T00:23:30.2121270Z env:
2026-10-03T00:23:30.2121480Z   NEXT_TELEMETRY_DISABLED: 1
2026-10-03T00:23:30.2121792Z   pythonLocation: /opt/hostedtoolcache/Python/3.13.15/x64
2026-10-03T00:23:30.2122227Z   PKG_CONFIG_PATH: /opt/hostedtoolcache/Python/3.13.15/x64/lib/pkgconfig
2026-10-03T00:23:30.2122685Z   Python_ROOT_DIR: /opt/hostedtoolcache/Python/3.13.15/x64
2026-10-03T00:23:30.2123065Z   Python2_ROOT_DIR: /opt/hostedtoolcache/Python/3.13.15/x64
2026-10-03T00:23:30.2123444Z   Python3_ROOT_DIR: /opt/hostedtoolcache/Python/3.13.15/x64
2026-10-03T00:23:30.2123866Z   LD_LIBRARY_PATH: /opt/hostedtoolcache/Python/3.13.15/x64/lib
2026-10-03T00:23:30.2124191Z ##[endgroup]
2026-10-03T00:23:33.3591627Z {
2026-10-03T00:23:33.3592254Z   "recorded_at_utc": "2026-10-03T00:23:33.309094+00:00",
2026-10-03T00:23:33.3592756Z   "split": "dev",
2026-10-03T00:23:33.3593199Z   "corpus_sha256": "243854b51e7039324de4c31fa7a67af1a98ddc48b9c9edfbbac581a2c2f73af7",
2026-10-03T00:23:33.3593660Z   "python": "3.13.15",
2026-10-03T00:23:33.3594364Z   "sqlite": "3.45.1",
2026-10-03T00:23:33.3594594Z   "cases": 120,
2026-10-03T00:23:33.3594804Z   "families": 24,
2026-10-03T00:23:33.3595024Z   "keyword_baseline": {
2026-10-03T00:23:33.3595292Z     "exact_accuracy": 0.5833333333333334,
2026-10-03T00:23:33.3596007Z     "policy_gating_recall": 0.7222222222222222,
2026-10-03T00:23:33.3596367Z     "supported_read_fpr": 0.5,
2026-10-03T00:23:33.3596677Z     "supported_write_interception": 1.0,
2026-10-03T00:23:33.3596966Z     "denominators": {
2026-10-03T00:23:33.3597186Z       "all": 120,
2026-10-03T00:23:33.3597436Z       "requires_gate": 90,
2026-10-03T00:23:33.3597690Z       "supported_reads": 30,
2026-10-03T00:23:33.3597944Z       "supported_writes": 40
2026-10-03T00:23:33.3598182Z     },
2026-10-03T00:23:33.3598381Z     "confusion": {
2026-10-03T00:23:33.3598604Z       "pass -> block": 5,
2026-10-03T00:23:33.3598903Z       "pass -> need_approval": 10,
2026-10-03T00:23:33.3599179Z       "pass -> pass": 15,
2026-10-03T00:23:33.3599469Z       "need_approval -> need_approval": 40,
2026-10-03T00:23:33.3599772Z       "block -> block": 15,
2026-10-03T00:23:33.3600014Z       "block -> pass": 25,
2026-10-03T00:23:33.3600289Z       "block -> need_approval": 10
2026-10-03T00:23:33.3600539Z     }
2026-10-03T00:23:33.3600720Z   },
2026-10-03T00:23:33.3600908Z   "airlock": {
2026-10-03T00:23:33.3601124Z     "exact_accuracy": 1.0,
2026-10-03T00:23:33.3601387Z     "policy_gating_recall": 1.0,
2026-10-03T00:23:33.3601668Z     "supported_read_fpr": 0.0,
2026-10-03T00:23:33.3601969Z     "supported_write_interception": 1.0,
2026-10-03T00:23:33.3602249Z     "denominators": {
2026-10-03T00:23:33.3602466Z       "all": 120,
2026-10-03T00:23:33.3602681Z       "requires_gate": 90,
2026-10-03T00:23:33.3602917Z       "supported_reads": 30,
2026-10-03T00:23:33.3603160Z       "supported_writes": 40
2026-10-03T00:23:33.3603392Z     },
2026-10-03T00:23:33.3603582Z     "confusion": {
2026-10-03T00:23:33.3603798Z       "pass -> pass": 30,
2026-10-03T00:23:33.3604076Z       "need_approval -> need_approval": 40,
2026-10-03T00:23:33.3604366Z       "block -> block": 50
2026-10-03T00:23:33.3604588Z     }
2026-10-03T00:23:33.3604776Z   },
2026-10-03T00:23:33.3604996Z   "impact_exact_match_count": 40,
2026-10-03T00:23:33.3605266Z   "impact_denominator": 40,
2026-10-03T00:23:33.3605761Z   "evaluation_p95_ms": 12.906,
2026-10-03T00:23:33.3606019Z   "static_p95_ms": 0.104,
2026-10-03T00:23:33.3606259Z   "preview_p95_ms": 10.038,
2026-10-03T00:23:33.3606505Z   "pure_llm": "not_run",
2026-10-03T00:23:33.3607085Z   "hybrid_llm": "not_run_use_benchmark.ablation_with_authorization",
2026-10-03T00:23:33.3607477Z   "human_ab": "not_run",
2026-10-03T00:23:33.3607718Z   "cohens_kappa": null,
2026-10-03T00:23:33.3607946Z   "limitations": [
2026-10-03T00:23:33.3608197Z     "synthetic authored cases only",
2026-10-03T00:23:33.3608536Z     "correlated variants, only 40 families total",
2026-10-03T00:23:33.3609028Z     "author saw all templates; family split is not independent external validation",
2026-10-03T00:23:33.3609668Z     "gate recall includes unsupported/invalid statements, not a real-world danger recall",
2026-10-03T00:23:33.3610299Z     "latency excludes network and human review; this is a bounded 1206-row SQLite demo"
2026-10-03T00:23:33.3610718Z   ]
2026-10-03T00:23:33.3610899Z }
2026-10-03T00:23:33.3730302Z ##[group]Run python scripts/run_logged.py evidence/benchmark-test.log -- python -m benchmark.evaluate --split test --output evidence/benchmark-test.json
2026-10-03T00:23:33.3731383Z [36;1mpython scripts/run_logged.py evidence/benchmark-test.log -- python -m benchmark.evaluate --split test --output evidence/benchmark-test.json[0m
2026-10-03T00:23:33.3794064Z shell: /usr/bin/bash --noprofile --norc -e -o pipefail {0}
2026-10-03T00:23:33.3794408Z env:
2026-10-03T00:23:33.3794611Z   NEXT_TELEMETRY_DISABLED: 1
2026-10-03T00:23:33.3794919Z   pythonLocation: /opt/hostedtoolcache/Python/3.13.15/x64
2026-10-03T00:23:33.3795354Z   PKG_CONFIG_PATH: /opt/hostedtoolcache/Python/3.13.15/x64/lib/pkgconfig
2026-10-03T00:23:33.3796196Z   Python_ROOT_DIR: /opt/hostedtoolcache/Python/3.13.15/x64
2026-10-03T00:23:33.3796591Z   Python2_ROOT_DIR: /opt/hostedtoolcache/Python/3.13.15/x64
2026-10-03T00:23:33.3796975Z   Python3_ROOT_DIR: /opt/hostedtoolcache/Python/3.13.15/x64
2026-10-03T00:23:33.3797395Z   LD_LIBRARY_PATH: /opt/hostedtoolcache/Python/3.13.15/x64/lib
2026-10-03T00:23:33.3797724Z ##[endgroup]
2026-10-03T00:23:35.5181156Z {
2026-10-03T00:23:35.5181574Z   "recorded_at_utc": "2026-10-03T00:23:35.467977+00:00",
2026-10-03T00:23:35.5181925Z   "split": "test",
2026-10-03T00:23:35.5182369Z   "corpus_sha256": "243854b51e7039324de4c31fa7a67af1a98ddc48b9c9edfbbac581a2c2f73af7",
2026-10-03T00:23:35.5182828Z   "python": "3.13.15",
2026-10-03T00:23:35.5183059Z   "sqlite": "3.45.1",
2026-10-03T00:23:35.5183275Z   "cases": 80,
2026-10-03T00:23:35.5183482Z   "families": 16,
2026-10-03T00:23:35.5183704Z   "keyword_baseline": {
2026-10-03T00:23:35.5183935Z     "exact_accuracy": 0.75,
2026-10-03T00:23:35.5184241Z     "policy_gating_recall": 0.8,
2026-10-03T00:23:35.5184556Z     "supported_read_fpr": 0.0,
2026-10-03T00:23:35.5184849Z     "supported_write_interception": 1.0,
2026-10-03T00:23:35.5185142Z     "denominators": {
2026-10-03T00:23:35.5185358Z       "all": 80,
2026-10-03T00:23:35.5185764Z       "requires_gate": 50,
2026-10-03T00:23:35.5186195Z       "supported_reads": 30,
2026-10-03T00:23:35.5186654Z       "supported_writes": 20
2026-10-03T00:23:35.5187059Z     },
2026-10-03T00:23:35.5187272Z     "confusion": {
2026-10-03T00:23:35.5187507Z       "pass -> pass": 30,
2026-10-03T00:23:35.5187807Z       "need_approval -> need_approval": 20,
2026-10-03T00:23:35.5188113Z       "block -> block": 10,
2026-10-03T00:23:35.5188395Z       "block -> need_approval": 10,
2026-10-03T00:23:35.5188664Z       "block -> pass": 10
2026-10-03T00:23:35.5200000Z     }
2026-10-03T00:23:35.5200404Z   },
2026-10-03T00:23:35.5200750Z   "airlock": {
2026-10-03T00:23:35.5201161Z     "exact_accuracy": 1.0,
2026-10-03T00:23:35.5201661Z     "policy_gating_recall": 1.0,
2026-10-03T00:23:35.5201990Z     "supported_read_fpr": 0.0,
2026-10-03T00:23:35.5202310Z     "supported_write_interception": 1.0,
2026-10-03T00:23:35.5202609Z     "denominators": {
2026-10-03T00:23:35.5202838Z       "all": 80,
2026-10-03T00:23:35.5203060Z       "requires_gate": 50,
2026-10-03T00:23:35.5203309Z       "supported_reads": 30,
2026-10-03T00:23:35.5203556Z       "supported_writes": 20
2026-10-03T00:23:35.5203842Z     },
2026-10-03T00:23:35.5204188Z     "confusion": {
2026-10-03T00:23:35.5204589Z       "pass -> pass": 30,
2026-10-03T00:23:35.5204907Z       "need_approval -> need_approval": 20,
2026-10-03T00:23:35.5205211Z       "block -> block": 30
2026-10-03T00:23:35.5205444Z     }
2026-10-03T00:23:35.5205916Z   },
2026-10-03T00:23:35.5206153Z   "impact_exact_match_count": 20,
2026-10-03T00:23:35.5206437Z   "impact_denominator": 20,
2026-10-03T00:23:35.5206715Z   "evaluation_p95_ms": 12.781,
2026-10-03T00:23:35.5206962Z   "static_p95_ms": 0.097,
2026-10-03T00:23:35.5207198Z   "preview_p95_ms": 10.156,
2026-10-03T00:23:35.5207454Z   "pure_llm": "not_run",
2026-10-03T00:23:35.5207827Z   "hybrid_llm": "not_run_use_benchmark.ablation_with_authorization",
2026-10-03T00:23:35.5208201Z   "human_ab": "not_run",
2026-10-03T00:23:35.5208440Z   "cohens_kappa": null,
2026-10-03T00:23:35.5208969Z   "limitations": [
2026-10-03T00:23:35.5209245Z     "synthetic authored cases only",
2026-10-03T00:23:35.5209591Z     "correlated variants, only 40 families total",
2026-10-03T00:23:35.5210082Z     "author saw all templates; family split is not independent external validation",
2026-10-03T00:23:35.5210715Z     "gate recall includes unsupported/invalid statements, not a real-world danger recall",
2026-10-03T00:23:35.5211348Z     "latency excludes network and human review; this is a bounded 1206-row SQLite demo"
2026-10-03T00:23:35.5211764Z   ]
2026-10-03T00:23:35.5211956Z }
2026-10-03T00:23:35.5327220Z ##[group]Run python -m playwright install --with-deps chromium
2026-10-03T00:23:35.5327703Z [36;1mpython -m playwright install --with-deps chromium[0m
2026-10-03T00:23:35.5390520Z shell: /usr/bin/bash --noprofile --norc -e -o pipefail {0}
2026-10-03T00:23:35.5390875Z env:
2026-10-03T00:23:35.5391083Z   NEXT_TELEMETRY_DISABLED: 1
2026-10-03T00:23:35.5391414Z   pythonLocation: /opt/hostedtoolcache/Python/3.13.15/x64
2026-10-03T00:23:35.5391853Z   PKG_CONFIG_PATH: /opt/hostedtoolcache/Python/3.13.15/x64/lib/pkgconfig
2026-10-03T00:23:35.5392281Z   Python_ROOT_DIR: /opt/hostedtoolcache/Python/3.13.15/x64
2026-10-03T00:23:35.5392660Z   Python2_ROOT_DIR: /opt/hostedtoolcache/Python/3.13.15/x64
2026-10-03T00:23:35.5393042Z   Python3_ROOT_DIR: /opt/hostedtoolcache/Python/3.13.15/x64
2026-10-03T00:23:35.5393428Z   LD_LIBRARY_PATH: /opt/hostedtoolcache/Python/3.13.15/x64/lib
2026-10-03T00:23:35.5393755Z ##[endgroup]
2026-10-03T00:23:35.8570240Z Installing dependencies...
2026-10-03T00:23:35.8643419Z Switching to root user to install dependencies...
2026-10-03T00:23:35.9486751Z Get:1 file:/etc/apt/apt-mirrors.txt Mirrorlist [144 B]
2026-10-03T00:23:35.9822567Z Hit:2 http://azure.archive.ubuntu.com/ubuntu noble InRelease
2026-10-03T00:23:35.9829473Z Get:6 https://packages.microsoft.com/ubuntu/24.04/prod noble InRelease [3600 B]
2026-10-03T00:23:35.9849723Z Get:3 http://azure.archive.ubuntu.com/ubuntu noble-updates InRelease [126 kB]
2026-10-03T00:23:35.9874196Z Get:4 http://azure.archive.ubuntu.com/ubuntu noble-backports InRelease [126 kB]
2026-10-03T00:23:35.9898556Z Get:5 http://azure.archive.ubuntu.com/ubuntu noble-security InRelease [126 kB]
2026-10-03T00:23:36.1138607Z Get:7 https://packages.microsoft.com/ubuntu/24.04/prod noble/main armhf Packages [12.6 kB]
2026-10-03T00:23:36.1461595Z Get:8 https://packages.microsoft.com/ubuntu/24.04/prod noble/main amd64 Packages [511 kB]
2026-10-03T00:23:36.1610033Z Get:9 http://azure.archive.ubuntu.com/ubuntu noble-updates/main amd64 Packages [1364 kB]
2026-10-03T00:23:36.1647167Z Get:18 https://packages.microsoft.com/ubuntu/24.04/prod noble/main arm64 Packages [458 kB]
2026-10-03T00:23:36.1696957Z Get:10 http://azure.archive.ubuntu.com/ubuntu noble-updates/main Translation-en [304 kB]
2026-10-03T00:23:36.1714932Z Get:11 http://azure.archive.ubuntu.com/ubuntu noble-updates/main amd64 Components [180 kB]
2026-10-03T00:23:36.1729717Z Get:12 http://azure.archive.ubuntu.com/ubuntu noble-updates/universe amd64 Packages [1699 kB]
2026-10-03T00:23:36.1813234Z Get:13 http://azure.archive.ubuntu.com/ubuntu noble-updates/universe Translation-en [341 kB]
2026-10-03T00:23:36.1836289Z Get:14 http://azure.archive.ubuntu.com/ubuntu noble-updates/universe amd64 Components [388 kB]
2026-10-03T00:23:36.1864761Z Get:15 http://azure.archive.ubuntu.com/ubuntu noble-updates/restricted amd64 Packages [1720 kB]
2026-10-03T00:23:36.1945727Z Get:16 http://azure.archive.ubuntu.com/ubuntu noble-updates/restricted Translation-en [394 kB]
2026-10-03T00:23:36.1969479Z Get:17 http://azure.archive.ubuntu.com/ubuntu noble-updates/multiverse amd64 Components [940 B]
2026-10-03T00:23:36.2259348Z Get:19 http://azure.archive.ubuntu.com/ubuntu noble-backports/main amd64 Components [5764 B]
2026-10-03T00:23:36.2760600Z Get:20 http://azure.archive.ubuntu.com/ubuntu noble-backports/universe amd64 Components [12.6 kB]
2026-10-03T00:23:36.2799511Z Get:21 http://azure.archive.ubuntu.com/ubuntu noble-security/main amd64 Packages [1069 kB]
2026-10-03T00:23:36.2877009Z Get:22 http://azure.archive.ubuntu.com/ubuntu noble-security/main Translation-en [221 kB]
2026-10-03T00:23:36.2906965Z Get:23 http://azure.archive.ubuntu.com/ubuntu noble-security/main amd64 Components [46.3 kB]
2026-10-03T00:23:36.2927581Z Get:24 http://azure.archive.ubuntu.com/ubuntu noble-security/universe amd64 Packages [1216 kB]
2026-10-03T00:23:36.2954470Z Get:25 http://azure.archive.ubuntu.com/ubuntu noble-security/universe Translation-en [244 kB]
2026-10-03T00:23:36.2960109Z Get:26 http://azure.archive.ubuntu.com/ubuntu noble-security/universe amd64 Components [76.3 kB]
2026-10-03T00:23:36.2969990Z Get:27 http://azure.archive.ubuntu.com/ubuntu noble-security/restricted amd64 Packages [1566 kB]
2026-10-03T00:23:36.3044813Z Get:28 http://azure.archive.ubuntu.com/ubuntu noble-security/restricted Translation-en [361 kB]
2026-10-03T00:23:40.9015942Z Fetched 12.6 MB in 1s (9102 kB/s)
2026-10-03T00:23:41.7517119Z Reading package lists...
2026-10-03T00:23:41.7754244Z Reading package lists...
2026-10-03T00:23:41.9703357Z Building dependency tree...
2026-10-03T00:23:41.9710939Z Reading state information...
2026-10-03T00:23:42.1165126Z libasound2t64 is already the newest version (1.2.11-1ubuntu0.3).
2026-10-03T00:23:42.1166251Z libasound2t64 set to manually installed.
2026-10-03T00:23:42.1166867Z libatk-bridge2.0-0t64 is already the newest version (2.52.0-1build1).
2026-10-03T00:23:42.1167467Z libatk-bridge2.0-0t64 set to manually installed.
2026-10-03T00:23:42.1168258Z libatk1.0-0t64 is already the newest version (2.52.0-1build1).
2026-10-03T00:23:42.1168825Z libatk1.0-0t64 set to manually installed.
2026-10-03T00:23:42.1169363Z libatspi2.0-0t64 is already the newest version (2.52.0-1build1).
2026-10-03T00:23:42.1169901Z libatspi2.0-0t64 set to manually installed.
2026-10-03T00:23:42.1170404Z libcairo2 is already the newest version (1.18.0-3build1).
2026-10-03T00:23:42.1170876Z libcairo2 set to manually installed.
2026-10-03T00:23:42.1171409Z libcups2t64 is already the newest version (2.4.7-1.2ubuntu7.14).
2026-10-03T00:23:42.1171925Z libcups2t64 set to manually installed.
2026-10-03T00:23:42.1172434Z libdbus-1-3 is already the newest version (1.14.10-4ubuntu4.1).
2026-10-03T00:23:42.1172932Z libdbus-1-3 set to manually installed.
2026-10-03T00:23:42.1173449Z libdrm2 is already the newest version (2.4.125-1ubuntu0.1~24.04.2).
2026-10-03T00:23:42.1174256Z libdrm2 set to manually installed.
2026-10-03T00:23:42.1174898Z libglib2.0-0t64 is already the newest version (2.80.0-6ubuntu3.9).
2026-10-03T00:23:42.1175437Z libglib2.0-0t64 set to manually installed.
2026-10-03T00:23:42.1176136Z libnspr4 is already the newest version (2:4.35-1.1build1).
2026-10-03T00:23:42.1176534Z libnspr4 set to manually installed.
2026-10-03T00:23:42.1176936Z libnss3 is already the newest version (2:3.98-1ubuntu0.2).
2026-10-03T00:23:42.1177315Z libnss3 set to manually installed.
2026-10-03T00:23:42.1177731Z libpango-1.0-0 is already the newest version (1.52.1+ds-1build1).
2026-10-03T00:23:42.1178150Z libpango-1.0-0 set to manually installed.
2026-10-03T00:23:42.1178561Z libx11-6 is already the newest version (2:1.8.7-1build1).
2026-10-03T00:23:42.1179122Z libx11-6 set to manually installed.
2026-10-03T00:23:42.1179499Z libxcb1 is already the newest version (1.15-1ubuntu2).
2026-10-03T00:23:42.1179871Z libxcb1 set to manually installed.
2026-10-03T00:23:42.1180293Z libxcomposite1 is already the newest version (1:0.4.5-1build3).
2026-10-03T00:23:42.1180715Z libxcomposite1 set to manually installed.
2026-10-03T00:23:42.1181146Z libxdamage1 is already the newest version (1:1.1.6-1build1).
2026-10-03T00:23:42.1181542Z libxdamage1 set to manually installed.
2026-10-03T00:23:42.1181937Z libxext6 is already the newest version (2:1.3.4-1build2).
2026-10-03T00:23:42.1182315Z libxext6 set to manually installed.
2026-10-03T00:23:42.1182708Z libxfixes3 is already the newest version (1:6.0.0-2build1).
2026-10-03T00:23:42.1183215Z libxfixes3 set to manually installed.
2026-10-03T00:23:42.1183622Z libxkbcommon0 is already the newest version (1.6.0-1build1).
2026-10-03T00:23:42.1184024Z libxkbcommon0 set to manually installed.
2026-10-03T00:23:42.1184437Z libxrandr2 is already the newest version (2:1.5.2-2build1).
2026-10-03T00:23:42.1184821Z libxrandr2 set to manually installed.
2026-10-03T00:23:42.1185223Z xvfb is already the newest version (2:21.1.12-1ubuntu1.8).
2026-10-03T00:23:42.1185918Z fonts-noto-color-emoji is already the newest version (2.047-0ubuntu0.24.04.1).
2026-10-03T00:23:42.1186492Z libfontconfig1 is already the newest version (2.15.0-1.1ubuntu2).
2026-10-03T00:23:42.1187279Z libfontconfig1 set to manually installed.
2026-10-03T00:23:42.1187736Z libfreetype6 is already the newest version (2.13.2+dfsg-1ubuntu0.1).
2026-10-03T00:23:42.1188428Z libfreetype6 set to manually installed.
2026-10-03T00:23:42.1188849Z fonts-liberation is already the newest version (1:2.1.5-3).
2026-10-03T00:23:42.1189271Z fonts-liberation set to manually installed.
2026-10-03T00:23:42.1189668Z The following additional packages will be installed:
2026-10-03T00:23:42.1190169Z   libgl1-mesa-dri libglx-mesa0 mesa-libgallium xfonts-encodings xfonts-utils
2026-10-03T00:23:42.1190589Z Recommended packages:
2026-10-03T00:23:42.1190867Z   fonts-ipafont-mincho fonts-tlwg-loma
2026-10-03T00:23:42.1368320Z The following NEW packages will be installed:
2026-10-03T00:23:42.1368890Z   fonts-freefont-ttf fonts-ipafont-gothic fonts-tlwg-loma-otf fonts-unifont
2026-10-03T00:23:42.1373905Z   fonts-wqy-zenhei xfonts-cyrillic xfonts-encodings xfonts-scalable
2026-10-03T00:23:42.1374346Z   xfonts-utils
2026-10-03T00:23:42.1378206Z The following packages will be upgraded:
2026-10-03T00:23:42.1382798Z   libgbm1 libgl1-mesa-dri libglx-mesa0 mesa-libgallium
2026-10-03T00:23:42.1553777Z 4 upgraded, 9 newly installed, 0 to remove and 21 not upgraded.
2026-10-03T00:23:42.1554263Z Need to get 32.1 MB of archives.
2026-10-03T00:23:42.1554703Z After this operation, 79.5 MB of additional disk space will be used.
2026-10-03T00:23:42.1555222Z Get:1 file:/etc/apt/apt-mirrors.txt Mirrorlist [144 B]
2026-10-03T00:23:42.2828283Z Get:2 http://azure.archive.ubuntu.com/ubuntu noble/universe amd64 fonts-ipafont-gothic all 00303-21ubuntu1 [3513 kB]
2026-10-03T00:23:42.5069262Z Get:3 http://azure.archive.ubuntu.com/ubuntu noble/main amd64 fonts-freefont-ttf all 20211204+svn4273-2 [5641 kB]
2026-10-03T00:23:42.8345936Z Get:4 http://azure.archive.ubuntu.com/ubuntu noble/universe amd64 fonts-tlwg-loma-otf all 1:0.7.3-1 [107 kB]
2026-10-03T00:23:42.9490754Z Get:5 http://azure.archive.ubuntu.com/ubuntu noble/universe amd64 fonts-unifont all 1:15.1.01-1build1 [2993 kB]
2026-10-03T00:23:43.0923801Z Get:6 http://azure.archive.ubuntu.com/ubuntu noble/universe amd64 fonts-wqy-zenhei all 0.9.45-8 [7472 kB]
2026-10-03T00:23:43.4458999Z Get:7 http://azure.archive.ubuntu.com/ubuntu noble-updates/main amd64 libgl1-mesa-dri amd64 25.2.8-0ubuntu0.24.04.4 [38.0 kB]
2026-10-03T00:23:43.5520027Z Get:8 http://azure.archive.ubuntu.com/ubuntu noble-updates/main amd64 libglx-mesa0 amd64 25.2.8-0ubuntu0.24.04.4 [110 kB]
2026-10-03T00:23:43.6593929Z Get:9 http://azure.archive.ubuntu.com/ubuntu noble-updates/main amd64 libgbm1 amd64 25.2.8-0ubuntu0.24.04.4 [34.2 kB]
2026-10-03T00:23:43.7646412Z Get:10 http://azure.archive.ubuntu.com/ubuntu noble-updates/main amd64 mesa-libgallium amd64 25.2.8-0ubuntu0.24.04.4 [10.8 MB]
2026-10-03T00:23:44.2295050Z Get:11 http://azure.archive.ubuntu.com/ubuntu noble/main amd64 xfonts-encodings all 1:1.0.5-0ubuntu2 [578 kB]
2026-10-03T00:23:44.3548325Z Get:12 http://azure.archive.ubuntu.com/ubuntu noble/main amd64 xfonts-utils amd64 1:7.7+6build3 [94.4 kB]
2026-10-03T00:23:44.4651936Z Get:13 http://azure.archive.ubuntu.com/ubuntu noble/universe amd64 xfonts-cyrillic all 1:1.0.5+nmu1 [384 kB]
2026-10-03T00:23:44.5822417Z Get:14 http://azure.archive.ubuntu.com/ubuntu noble/main amd64 xfonts-scalable all 1:1.0.3-1.3 [304 kB]
2026-10-03T00:23:44.8374946Z Fetched 32.1 MB in 2s (13.1 MB/s)
2026-10-03T00:23:44.8622522Z Selecting previously unselected package fonts-ipafont-gothic.
2026-10-03T00:23:44.8957351Z (Reading database ... 
2026-10-03T00:23:44.8957726Z (Reading database ... 5%
2026-10-03T00:23:44.8957998Z (Reading database ... 10%
2026-10-03T00:23:44.8958259Z (Reading database ... 15%
2026-10-03T00:23:44.8958506Z (Reading database ... 20%
2026-10-03T00:23:44.8958748Z (Reading database ... 25%
2026-10-03T00:23:44.8958987Z (Reading database ... 30%
2026-10-03T00:23:44.8959247Z (Reading database ... 35%
2026-10-03T00:23:44.8959496Z (Reading database ... 40%
2026-10-03T00:23:44.8959742Z (Reading database ... 45%
2026-10-03T00:23:44.8959987Z (Reading database ... 50%
2026-10-03T00:23:44.9017290Z (Reading database ... 55%
2026-10-03T00:23:45.0107737Z (Reading database ... 60%
2026-10-03T00:23:45.2129974Z (Reading database ... 65%
2026-10-03T00:23:45.4203413Z (Reading database ... 70%
2026-10-03T00:23:45.6100562Z (Reading database ... 75%
2026-10-03T00:23:45.7641612Z (Reading database ... 80%
2026-10-03T00:23:45.9103208Z (Reading database ... 85%
2026-10-03T00:23:46.0506043Z (Reading database ... 90%
2026-10-03T00:23:46.1794125Z (Reading database ... 95%
2026-10-03T00:23:46.1794568Z (Reading database ... 100%
2026-10-03T00:23:46.1795134Z (Reading database ... 202296 files and directories currently installed.)
2026-10-03T00:23:46.1837283Z Preparing to unpack .../00-fonts-ipafont-gothic_00303-21ubuntu1_all.deb ...
2026-10-03T00:23:46.1926583Z Unpacking fonts-ipafont-gothic (00303-21ubuntu1) ...
2026-10-03T00:23:46.4171208Z Selecting previously unselected package fonts-freefont-ttf.
2026-10-03T00:23:46.4295229Z Preparing to unpack .../01-fonts-freefont-ttf_20211204+svn4273-2_all.deb ...
2026-10-03T00:23:46.4302058Z Unpacking fonts-freefont-ttf (20211204+svn4273-2) ...
2026-10-03T00:23:46.5099491Z Selecting previously unselected package fonts-tlwg-loma-otf.
2026-10-03T00:23:46.5223342Z Preparing to unpack .../02-fonts-tlwg-loma-otf_1%3a0.7.3-1_all.deb ...
2026-10-03T00:23:46.5230027Z Unpacking fonts-tlwg-loma-otf (1:0.7.3-1) ...
2026-10-03T00:23:46.5441837Z Selecting previously unselected package fonts-unifont.
2026-10-03T00:23:46.5566645Z Preparing to unpack .../03-fonts-unifont_1%3a15.1.01-1build1_all.deb ...
2026-10-03T00:23:46.5575536Z Unpacking fonts-unifont (1:15.1.01-1build1) ...
2026-10-03T00:23:46.6599593Z Selecting previously unselected package fonts-wqy-zenhei.
2026-10-03T00:23:46.6724092Z Preparing to unpack .../04-fonts-wqy-zenhei_0.9.45-8_all.deb ...
2026-10-03T00:23:46.6828287Z Unpacking fonts-wqy-zenhei (0.9.45-8) ...
2026-10-03T00:23:47.1596176Z Preparing to unpack .../05-libgl1-mesa-dri_25.2.8-0ubuntu0.24.04.4_amd64.deb ...
2026-10-03T00:23:47.1739858Z Unpacking libgl1-mesa-dri:amd64 (25.2.8-0ubuntu0.24.04.4) over (25.2.8-0ubuntu0.24.04.2) ...
2026-10-03T00:23:47.2251774Z Preparing to unpack .../06-libglx-mesa0_25.2.8-0ubuntu0.24.04.4_amd64.deb ...
2026-10-03T00:23:47.2289575Z Unpacking libglx-mesa0:amd64 (25.2.8-0ubuntu0.24.04.4) over (25.2.8-0ubuntu0.24.04.2) ...
2026-10-03T00:23:47.2656309Z Preparing to unpack .../07-libgbm1_25.2.8-0ubuntu0.24.04.4_amd64.deb ...
2026-10-03T00:23:47.2676862Z Unpacking libgbm1:amd64 (25.2.8-0ubuntu0.24.04.4) over (25.2.8-0ubuntu0.24.04.2) ...
2026-10-03T00:23:47.3063927Z Preparing to unpack .../08-mesa-libgallium_25.2.8-0ubuntu0.24.04.4_amd64.deb ...
2026-10-03T00:23:47.3085268Z Unpacking mesa-libgallium:amd64 (25.2.8-0ubuntu0.24.04.4) over (25.2.8-0ubuntu0.24.04.2) ...
2026-10-03T00:23:47.4760515Z Selecting previously unselected package xfonts-encodings.
2026-10-03T00:23:47.4889288Z Preparing to unpack .../09-xfonts-encodings_1%3a1.0.5-0ubuntu2_all.deb ...
2026-10-03T00:23:47.4895275Z Unpacking xfonts-encodings (1:1.0.5-0ubuntu2) ...
2026-10-03T00:23:47.5176122Z Selecting previously unselected package xfonts-utils.
2026-10-03T00:23:47.5303538Z Preparing to unpack .../10-xfonts-utils_1%3a7.7+6build3_amd64.deb ...
2026-10-03T00:23:47.5309968Z Unpacking xfonts-utils (1:7.7+6build3) ...
2026-10-03T00:23:47.5677326Z Selecting previously unselected package xfonts-cyrillic.
2026-10-03T00:23:47.5802232Z Preparing to unpack .../11-xfonts-cyrillic_1%3a1.0.5+nmu1_all.deb ...
2026-10-03T00:23:47.5808596Z Unpacking xfonts-cyrillic (1:1.0.5+nmu1) ...
2026-10-03T00:23:47.6153009Z Selecting previously unselected package xfonts-scalable.
2026-10-03T00:23:47.6278758Z Preparing to unpack .../12-xfonts-scalable_1%3a1.0.3-1.3_all.deb ...
2026-10-03T00:23:47.6287836Z Unpacking xfonts-scalable (1:1.0.3-1.3) ...
2026-10-03T00:23:47.6754863Z Setting up mesa-libgallium:amd64 (25.2.8-0ubuntu0.24.04.4) ...
2026-10-03T00:23:47.6787786Z Setting up libgbm1:amd64 (25.2.8-0ubuntu0.24.04.4) ...
2026-10-03T00:23:47.6808483Z Setting up libgl1-mesa-dri:amd64 (25.2.8-0ubuntu0.24.04.4) ...
2026-10-03T00:23:47.6883652Z Setting up fonts-wqy-zenhei (0.9.45-8) ...
2026-10-03T00:23:47.7003224Z Setting up fonts-freefont-ttf (20211204+svn4273-2) ...
2026-10-03T00:23:47.7023487Z Setting up fonts-tlwg-loma-otf (1:0.7.3-1) ...
2026-10-03T00:23:47.7046898Z Setting up xfonts-encodings (1:1.0.5-0ubuntu2) ...
2026-10-03T00:23:47.7079084Z Setting up fonts-ipafont-gothic (00303-21ubuntu1) ...
2026-10-03T00:23:47.7146569Z update-alternatives: using /usr/share/fonts/opentype/ipafont-gothic/ipag.ttf to provide /usr/share/fonts/truetype/fonts-japanese-gothic.ttf (fonts-japanese-gothic.ttf) in auto mode
2026-10-03T00:23:47.7164814Z Setting up fonts-unifont (1:15.1.01-1build1) ...
2026-10-03T00:23:47.7184079Z Setting up libglx-mesa0:amd64 (25.2.8-0ubuntu0.24.04.4) ...
2026-10-03T00:23:47.7204737Z Setting up xfonts-utils (1:7.7+6build3) ...
2026-10-03T00:23:47.7250701Z Setting up xfonts-cyrillic (1:1.0.5+nmu1) ...
2026-10-03T00:23:47.7558625Z Setting up xfonts-scalable (1:1.0.3-1.3) ...
2026-10-03T00:23:47.7832399Z Processing triggers for libc-bin (2.39-0ubuntu8.9) ...
2026-10-03T00:23:47.8196832Z Processing triggers for man-db (2.12.0-4build2) ...
2026-10-03T00:23:47.8218335Z Not building database; man-db/auto-update is not 'true'.
2026-10-03T00:23:47.8237644Z Processing triggers for fontconfig (2.15.0-1.1ubuntu2) ...
2026-10-03T00:23:48.5629515Z 
2026-10-03T00:23:48.5630423Z Running kernel seems to be up-to-date.
2026-10-03T00:23:48.5630704Z 
2026-10-03T00:23:48.5630881Z No services need to be restarted.
2026-10-03T00:23:48.5631080Z 
2026-10-03T00:23:48.5631239Z No containers need to be restarted.
2026-10-03T00:23:48.5631441Z 
2026-10-03T00:23:48.5631642Z No user sessions are running outdated binaries.
2026-10-03T00:23:48.5631882Z 
2026-10-03T00:23:48.5632195Z No VM guests are running outdated hypervisor (qemu) binaries on this host.
2026-10-03T00:23:49.4414438Z Downloading Chromium 143.0.7499.4 (playwright build v1200) from https://cdn.playwright.dev/dbazure/download/playwright/builds/chromium/1200/chromium-linux.zip
2026-10-03T00:23:49.5366859Z (node:3567) [DEP0169] DeprecationWarning: `url.parse()` behavior is not standardized and prone to errors that have security implications. Use the WHATWG URL API instead. CVEs are not issued for `url.parse()` vulnerabilities.
2026-10-03T00:23:49.5368250Z (Use `node --trace-deprecation ...` to show where the warning was created)
2026-10-03T00:23:49.6153195Z |                                                                                |   0% of 164.7 MiB
2026-10-03T00:23:49.7592548Z |■■■■■■■■                                                                        |  10% of 164.7 MiB
2026-10-03T00:23:49.8351087Z |■■■■■■■■■■■■■■■■                                                                |  20% of 164.7 MiB
2026-10-03T00:23:49.9089621Z |■■■■■■■■■■■■■■■■■■■■■■■■                                                        |  30% of 164.7 MiB
2026-10-03T00:23:49.9752852Z |■■■■■■■■■■■■■■■■■■■■■■■■■■■■■■■■                                                |  40% of 164.7 MiB
2026-10-03T00:23:50.0388886Z |■■■■■■■■■■■■■■■■■■■■■■■■■■■■■■■■■■■■■■■■                                        |  50% of 164.7 MiB
2026-10-03T00:23:50.0944770Z |■■■■■■■■■■■■■■■■■■■■■■■■■■■■■■■■■■■■■■■■■■■■■■■■                                |  60% of 164.7 MiB
2026-10-03T00:23:50.1492593Z |■■■■■■■■■■■■■■■■■■■■■■■■■■■■■■■■■■■■■■■■■■■■■■■■■■■■■■■■                        |  70% of 164.7 MiB
2026-10-03T00:23:50.2046099Z |■■■■■■■■■■■■■■■■■■■■■■■■■■■■■■■■■■■■■■■■■■■■■■■■■■■■■■■■■■■■■■■■                |  80% of 164.7 MiB
2026-10-03T00:23:50.2592693Z |■■■■■■■■■■■■■■■■■■■■■■■■■■■■■■■■■■■■■■■■■■■■■■■■■■■■■■■■■■■■■■■■■■■■■■■■        |  90% of 164.7 MiB
2026-10-03T00:23:50.3175227Z |■■■■■■■■■■■■■■■■■■■■■■■■■■■■■■■■■■■■■■■■■■■■■■■■■■■■■■■■■■■■■■■■■■■■■■■■■■■■■■■■| 100% of 164.7 MiB
2026-10-03T00:23:52.8013499Z Chromium 143.0.7499.4 (playwright build v1200) downloaded to /home/runner/.cache/ms-playwright/chromium-1200
2026-10-03T00:23:52.8018127Z Downloading FFMPEG playwright build v1011 from https://cdn.playwright.dev/dbazure/download/playwright/builds/ffmpeg/1011/ffmpeg-linux.zip
2026-10-03T00:23:52.8993816Z (node:3578) [DEP0169] DeprecationWarning: `url.parse()` behavior is not standardized and prone to errors that have security implications. Use the WHATWG URL API instead. CVEs are not issued for `url.parse()` vulnerabilities.
2026-10-03T00:23:52.8998477Z (Use `node --trace-deprecation ...` to show where the warning was created)
2026-10-03T00:23:52.9491174Z |                                                                                |   0% of 2.3 MiB
2026-10-03T00:23:52.9625212Z |■■■■■■■■                                                                        |  10% of 2.3 MiB
2026-10-03T00:23:52.9709012Z |■■■■■■■■■■■■■■■■                                                                |  20% of 2.3 MiB
2026-10-03T00:23:52.9753701Z |■■■■■■■■■■■■■■■■■■■■■■■■                                                        |  30% of 2.3 MiB
2026-10-03T00:23:52.9792752Z |■■■■■■■■■■■■■■■■■■■■■■■■■■■■■■■■                                                |  40% of 2.3 MiB
2026-10-03T00:23:52.9818745Z |■■■■■■■■■■■■■■■■■■■■■■■■■■■■■■■■■■■■■■■■                                        |  50% of 2.3 MiB
2026-10-03T00:23:52.9854579Z |■■■■■■■■■■■■■■■■■■■■■■■■■■■■■■■■■■■■■■■■■■■■■■■■                                |  60% of 2.3 MiB
2026-10-03T00:23:52.9863057Z |■■■■■■■■■■■■■■■■■■■■■■■■■■■■■■■■■■■■■■■■■■■■■■■■■■■■■■■■                        |  70% of 2.3 MiB
2026-10-03T00:23:52.9899496Z |■■■■■■■■■■■■■■■■■■■■■■■■■■■■■■■■■■■■■■■■■■■■■■■■■■■■■■■■■■■■■■■■                |  80% of 2.3 MiB
2026-10-03T00:23:52.9919962Z |■■■■■■■■■■■■■■■■■■■■■■■■■■■■■■■■■■■■■■■■■■■■■■■■■■■■■■■■■■■■■■■■■■■■■■■■        |  90% of 2.3 MiB
2026-10-03T00:23:52.9931465Z |■■■■■■■■■■■■■■■■■■■■■■■■■■■■■■■■■■■■■■■■■■■■■■■■■■■■■■■■■■■■■■■■■■■■■■■■■■■■■■■■| 100% of 2.3 MiB
2026-10-03T00:23:53.0485674Z FFMPEG playwright build v1011 downloaded to /home/runner/.cache/ms-playwright/ffmpeg-1011
2026-10-03T00:23:53.0489181Z Downloading Chromium Headless Shell 143.0.7499.4 (playwright build v1200) from https://cdn.playwright.dev/dbazure/download/playwright/builds/chromium/1200/chromium-headless-shell-linux.zip
2026-10-03T00:23:53.1447422Z (node:3590) [DEP0169] DeprecationWarning: `url.parse()` behavior is not standardized and prone to errors that have security implications. Use the WHATWG URL API instead. CVEs are not issued for `url.parse()` vulnerabilities.
2026-10-03T00:23:53.1449602Z (Use `node --trace-deprecation ...` to show where the warning was created)
2026-10-03T00:23:53.2231864Z |                                                                                |   0% of 109.7 MiB
2026-10-03T00:23:53.3378007Z |■■■■■■■■                                                                        |  10% of 109.7 MiB
2026-10-03T00:23:53.4017351Z |■■■■■■■■■■■■■■■■                                                                |  20% of 109.7 MiB
2026-10-03T00:23:53.4568127Z |■■■■■■■■■■■■■■■■■■■■■■■■                                                        |  30% of 109.7 MiB
2026-10-03T00:23:53.5086058Z |■■■■■■■■■■■■■■■■■■■■■■■■■■■■■■■■                                                |  40% of 109.7 MiB
2026-10-03T00:23:53.5564568Z |■■■■■■■■■■■■■■■■■■■■■■■■■■■■■■■■■■■■■■■■                                        |  50% of 109.7 MiB
2026-10-03T00:23:53.6036295Z |■■■■■■■■■■■■■■■■■■■■■■■■■■■■■■■■■■■■■■■■■■■■■■■■                                |  60% of 109.7 MiB
2026-10-03T00:23:53.6487386Z |■■■■■■■■■■■■■■■■■■■■■■■■■■■■■■■■■■■■■■■■■■■■■■■■■■■■■■■■                        |  70% of 109.7 MiB
2026-10-03T00:23:53.6880125Z |■■■■■■■■■■■■■■■■■■■■■■■■■■■■■■■■■■■■■■■■■■■■■■■■■■■■■■■■■■■■■■■■                |  80% of 109.7 MiB
2026-10-03T00:23:53.7267544Z |■■■■■■■■■■■■■■■■■■■■■■■■■■■■■■■■■■■■■■■■■■■■■■■■■■■■■■■■■■■■■■■■■■■■■■■■        |  90% of 109.7 MiB
2026-10-03T00:23:53.7646839Z |■■■■■■■■■■■■■■■■■■■■■■■■■■■■■■■■■■■■■■■■■■■■■■■■■■■■■■■■■■■■■■■■■■■■■■■■■■■■■■■■| 100% of 109.7 MiB
2026-10-03T00:23:55.5925000Z Chromium Headless Shell 143.0.7499.4 (playwright build v1200) downloaded to /home/runner/.cache/ms-playwright/chromium_headless_shell-1200
2026-10-03T00:23:55.6139345Z ##[group]Run python scripts/run_logged.py evidence/browser-native.log -- python scripts/browser_smoke.py
2026-10-03T00:23:55.6140768Z [36;1mpython scripts/run_logged.py evidence/browser-native.log -- python scripts/browser_smoke.py[0m
2026-10-03T00:23:55.6210784Z shell: /usr/bin/bash --noprofile --norc -e -o pipefail {0}
2026-10-03T00:23:55.6211145Z env:
2026-10-03T00:23:55.6211352Z   NEXT_TELEMETRY_DISABLED: 1
2026-10-03T00:23:55.6211681Z   pythonLocation: /opt/hostedtoolcache/Python/3.13.15/x64
2026-10-03T00:23:55.6212132Z   PKG_CONFIG_PATH: /opt/hostedtoolcache/Python/3.13.15/x64/lib/pkgconfig
2026-10-03T00:23:55.6212569Z   Python_ROOT_DIR: /opt/hostedtoolcache/Python/3.13.15/x64
2026-10-03T00:23:55.6212964Z   Python2_ROOT_DIR: /opt/hostedtoolcache/Python/3.13.15/x64
2026-10-03T00:23:55.6213369Z   Python3_ROOT_DIR: /opt/hostedtoolcache/Python/3.13.15/x64
2026-10-03T00:23:55.6213776Z   LD_LIBRARY_PATH: /opt/hostedtoolcache/Python/3.13.15/x64/lib
2026-10-03T00:23:55.6214137Z ##[endgroup]
2026-10-03T00:24:19.3877231Z {
2026-10-03T00:24:19.3877727Z   "mode": "native_browser_e2e",
2026-10-03T00:24:19.3878573Z   "passed": [
2026-10-03T00:24:19.3879083Z     "agent_credential_rejected_by_reviewer_console",
2026-10-03T00:24:19.3879785Z     "pending_queue_survives_more_than_100_newer_reads",
2026-10-03T00:24:19.3880452Z     "approval_disabled_without_informed_confirmation",
2026-10-03T00:24:19.3881094Z     "browser_rejection_preserves_all_1206_rows",
2026-10-03T00:24:19.3881626Z     "browser_approval_executes_real_update_once",
2026-10-03T00:24:19.3882205Z     "critical_action_requires_exact_1206_scope_phrase",
2026-10-03T00:24:19.3882885Z     "390px_mobile_has_no_horizontal_overflow",
2026-10-03T00:24:19.3883524Z     "audit_replay_and_hmac_verification_render",
2026-10-03T00:24:19.3884231Z     "metrics_use_real_samples_and_unknown_model_cost",
2026-10-03T00:24:19.3885047Z     "batch_ui_lists_bound_members_and_enforces_confirmation",
2026-10-03T00:24:19.3886037Z     "recovery_is_a_separate_informed_approval",
2026-10-03T00:24:19.3886871Z     "study_import_counterbalance_visibility_and_export_automation_only",
2026-10-03T00:24:19.3887680Z     "logout_removes_authenticated_console",
2026-10-03T00:24:19.3888203Z     "no_browser_javascript_errors"
2026-10-03T00:24:19.3888643Z   ],
2026-10-03T00:24:19.3888966Z   "errors": [],
2026-10-03T00:24:19.3889314Z   "not_proven": []
2026-10-03T00:24:19.3889631Z }
2026-10-03T00:24:19.4018967Z ##[group]Run python scripts/run_logged.py evidence/browser-edges.log -- python scripts/browser_edges.py
2026-10-03T00:24:19.4019724Z [36;1mpython scripts/run_logged.py evidence/browser-edges.log -- python scripts/browser_edges.py[0m
2026-10-03T00:24:19.4084857Z shell: /usr/bin/bash --noprofile --norc -e -o pipefail {0}
2026-10-03T00:24:19.4085206Z env:
2026-10-03T00:24:19.4085408Z   NEXT_TELEMETRY_DISABLED: 1
2026-10-03T00:24:19.4086028Z   pythonLocation: /opt/hostedtoolcache/Python/3.13.15/x64
2026-10-03T00:24:19.4086465Z   PKG_CONFIG_PATH: /opt/hostedtoolcache/Python/3.13.15/x64/lib/pkgconfig
2026-10-03T00:24:19.4086917Z   Python_ROOT_DIR: /opt/hostedtoolcache/Python/3.13.15/x64
2026-10-03T00:24:19.4087328Z   Python2_ROOT_DIR: /opt/hostedtoolcache/Python/3.13.15/x64
2026-10-03T00:24:19.4087709Z   Python3_ROOT_DIR: /opt/hostedtoolcache/Python/3.13.15/x64
2026-10-03T00:24:19.4088097Z   LD_LIBRARY_PATH: /opt/hostedtoolcache/Python/3.13.15/x64/lib
2026-10-03T00:24:19.4088449Z ##[endgroup]
2026-10-03T00:24:23.8196293Z {
2026-10-03T00:24:23.8196856Z   "mode": "native_next_browser_real_http",
2026-10-03T00:24:23.8197328Z   "passed": [
2026-10-03T00:24:23.8197610Z     "stale_cas_never_overwrites_new_data",
2026-10-03T00:24:23.8197965Z     "execution_failure_rolls_back_and_renders",
2026-10-03T00:24:23.8198360Z     "unknown_requires_original_receipt_reconciliation",
2026-10-03T00:24:23.8198784Z     "untrusted_long_text_is_escaped_and_mobile_bounded",
2026-10-03T00:24:23.8199170Z     "expired_action_has_no_decision_controls",
2026-10-03T00:24:23.8199517Z     "hard_block_has_no_override_controls",
2026-10-03T00:24:23.8199899Z     "keyboard_login_and_logout_clear_memory_credentials",
2026-10-03T00:24:23.8200418Z     "study_comprehension_is_separate_required_and_exported_as_automation",
2026-10-03T00:24:23.8200919Z     "next_hydration_and_strict_csp_have_no_errors"
2026-10-03T00:24:23.8201216Z   ],
2026-10-03T00:24:23.8201417Z   "errors": [],
2026-10-03T00:24:23.8201654Z   "csp_violations": [],
2026-10-03T00:24:23.8201903Z   "human_participants": 0
2026-10-03T00:24:23.8202132Z }
2026-10-03T00:24:23.8351852Z ##[group]Run python scripts/run_logged.py evidence/docker-smoke.log -- python scripts/docker_smoke.py
2026-10-03T00:24:23.8352563Z [36;1mpython scripts/run_logged.py evidence/docker-smoke.log -- python scripts/docker_smoke.py[0m
2026-10-03T00:24:23.8415388Z shell: /usr/bin/bash --noprofile --norc -e -o pipefail {0}
2026-10-03T00:24:23.8415958Z env:
2026-10-03T00:24:23.8416166Z   NEXT_TELEMETRY_DISABLED: 1
2026-10-03T00:24:23.8416477Z   pythonLocation: /opt/hostedtoolcache/Python/3.13.15/x64
2026-10-03T00:24:23.8416927Z   PKG_CONFIG_PATH: /opt/hostedtoolcache/Python/3.13.15/x64/lib/pkgconfig
2026-10-03T00:24:23.8417559Z   Python_ROOT_DIR: /opt/hostedtoolcache/Python/3.13.15/x64
2026-10-03T00:24:23.8417967Z   Python2_ROOT_DIR: /opt/hostedtoolcache/Python/3.13.15/x64
2026-10-03T00:24:23.8418367Z   Python3_ROOT_DIR: /opt/hostedtoolcache/Python/3.13.15/x64
2026-10-03T00:24:23.8418759Z   LD_LIBRARY_PATH: /opt/hostedtoolcache/Python/3.13.15/x64/lib
2026-10-03T00:24:23.8419116Z ##[endgroup]
2026-10-03T00:25:02.2319950Z {
2026-10-03T00:25:02.2321955Z   "mode": "real_docker_compose",
2026-10-03T00:25:02.2322691Z   "project": "airlock-check-a08aa82e9e85",
2026-10-03T00:25:02.2323285Z   "probe": {
2026-10-03T00:25:02.2323866Z     "pending_id": "930b1340164e437a904e0902af410e65",
2026-10-03T00:25:02.2324491Z     "uid": 10001,
2026-10-03T00:25:02.2324949Z     "effective_capabilities": 0,
2026-10-03T00:25:02.2325379Z     "checks": [
2026-10-03T00:25:02.2326159Z       "agent_has_no_reviewer_or_audit_secret",
2026-10-03T00:25:02.2326747Z       "target_database_not_mounted_in_agent",
2026-10-03T00:25:02.2327279Z       "no_server_config_or_docker_socket",
2026-10-03T00:25:02.2327873Z       "non_root_read_only_no_capabilities",
2026-10-03T00:25:02.2328435Z       "agent_cannot_approve_or_read_audit",
2026-10-03T00:25:02.2328887Z       "SQL_cannot_read_control_tables",
2026-10-03T00:25:02.2329237Z       "write_waits_for_separate_reviewer"
2026-10-03T00:25:02.2329522Z     ]
2026-10-03T00:25:02.2329725Z   },
2026-10-03T00:25:02.2330187Z   "runtime_image_id": "sha256:5f0f2aa2c2183841c817ca4fb925171339eb03a7471af15f950dc125b50428a0",
2026-10-03T00:25:02.2330728Z   "rows_before_independent_approval": 1206,
2026-10-03T00:25:02.2331075Z   "rows_after_approval_and_restart": 0,
2026-10-03T00:25:02.2331378Z   "additional_checks": [
2026-10-03T00:25:02.2331716Z     "pending_survives_server_restart_without_execution",
2026-10-03T00:25:02.2332149Z     "approved_effect_and_audit_persist_without_reseeding",
2026-10-03T00:25:02.2332525Z     "compose_network_is_internal",
2026-10-03T00:25:02.2332856Z     "server_dual_network_agent_internal_only",
2026-10-03T00:25:02.2333216Z     "published_port_is_loopback_only"
2026-10-03T00:25:02.2333487Z   ],
2026-10-03T00:25:02.2333688Z   "limitations": [
2026-10-03T00:25:02.2334087Z     "controlled synthetic deployment, not a general container escape audit",
2026-10-03T00:25:02.2334641Z     "reviewer is automated test code, not a human A/B participant"
2026-10-03T00:25:02.2335019Z   ]
2026-10-03T00:25:02.2335212Z }
2026-10-03T00:25:02.2478424Z ##[group]Run python scripts/run_logged.py evidence/upstream-isolation.log -- python scripts/upstream_isolation.py
2026-10-03T00:25:02.2479937Z [36;1mpython scripts/run_logged.py evidence/upstream-isolation.log -- python scripts/upstream_isolation.py[0m
2026-10-03T00:25:02.2561792Z shell: /usr/bin/bash --noprofile --norc -e -o pipefail {0}
2026-10-03T00:25:02.2562147Z env:
2026-10-03T00:25:02.2562361Z   NEXT_TELEMETRY_DISABLED: 1
2026-10-03T00:25:02.2562695Z   pythonLocation: /opt/hostedtoolcache/Python/3.13.15/x64
2026-10-03T00:25:02.2563162Z   PKG_CONFIG_PATH: /opt/hostedtoolcache/Python/3.13.15/x64/lib/pkgconfig
2026-10-03T00:25:02.2563624Z   Python_ROOT_DIR: /opt/hostedtoolcache/Python/3.13.15/x64
2026-10-03T00:25:02.2564005Z   Python2_ROOT_DIR: /opt/hostedtoolcache/Python/3.13.15/x64
2026-10-03T00:25:02.2564384Z   Python3_ROOT_DIR: /opt/hostedtoolcache/Python/3.13.15/x64
2026-10-03T00:25:02.2564768Z   LD_LIBRARY_PATH: /opt/hostedtoolcache/Python/3.13.15/x64/lib
2026-10-03T00:25:02.2565122Z ##[endgroup]
2026-10-03T00:25:05.4163564Z {"status": "PASS", "mode": "real_docker_protected_upstream", "image": "sha256:5f0f2aa2c2183841c817ca4fb925171339eb03a7471af15f950dc125b50428a0", "probe": {"action_id": "46c98d324520486eb80d4ee7b5240d09", "checks": ["no_upstream_dns", "no_direct_ip_access", "no_upstream_or_review_secret", "no_server_volume_or_socket", "single_internal_agent_network", "write_waits_for_reviewer"]}, "checks": ["rejection_preserves_remote_value", "separate_approval_executes_once", "separate_compensation_restores_value", "audit_chain_valid"], "network_boundary": "Agent only on internal ingress; upstream only on distinct internal target network; gate on both; no upstream published port", "limitations": ["Synthetic remote CAS counter, scripted reviewer; not a human study", "Dedicated pinned private HTTP in isolated fixture; production untrusted networks require TLS", "Host administrator and container escape outside tested boundary"]}
2026-10-03T00:25:05.4355009Z ##[group]Run actions/setup-go@v6
2026-10-03T00:25:05.4355307Z with:
2026-10-03T00:25:05.4355868Z   go-version: 1.24.8
2026-10-03T00:25:05.4356107Z   cache: false
2026-10-03T00:25:05.4356316Z   check-latest: false
2026-10-03T00:25:05.4358684Z   token: ***
2026-10-03T00:25:05.4358892Z env:
2026-10-03T00:25:05.4359095Z   NEXT_TELEMETRY_DISABLED: 1
2026-10-03T00:25:05.4359417Z   pythonLocation: /opt/hostedtoolcache/Python/3.13.15/x64
2026-10-03T00:25:05.4359864Z   PKG_CONFIG_PATH: /opt/hostedtoolcache/Python/3.13.15/x64/lib/pkgconfig
2026-10-03T00:25:05.4360293Z   Python_ROOT_DIR: /opt/hostedtoolcache/Python/3.13.15/x64
2026-10-03T00:25:05.4360692Z   Python2_ROOT_DIR: /opt/hostedtoolcache/Python/3.13.15/x64
2026-10-03T00:25:05.4361069Z   Python3_ROOT_DIR: /opt/hostedtoolcache/Python/3.13.15/x64
2026-10-03T00:25:05.4361449Z   LD_LIBRARY_PATH: /opt/hostedtoolcache/Python/3.13.15/x64/lib
2026-10-03T00:25:05.4361773Z ##[endgroup]
2026-10-03T00:25:05.5641582Z Setup go version spec 1.24.8
2026-10-03T00:25:05.5654362Z Attempting to download 1.24.8...
2026-10-03T00:25:06.2969887Z matching 1.24.8...
2026-10-03T00:25:06.3031442Z Acquiring 1.24.8 from https://github.com/actions/go-versions/releases/download/1.24.8-18331018734/go-1.24.8-linux-x64.tar.gz
2026-10-03T00:25:06.9626130Z Extracting Go...
2026-10-03T00:25:06.9752953Z [command]/usr/bin/tar xz --warning=no-unknown-keyword --overwrite -C /home/runner/work/_temp/1af9517e-5a70-4442-9f85-272ef4b33673 -f /home/runner/work/_temp/73cbe365-e825-4f29-aef9-13a539660ef4
2026-10-03T00:25:08.7421114Z Successfully extracted go to /home/runner/work/_temp/1af9517e-5a70-4442-9f85-272ef4b33673
2026-10-03T00:25:08.7422055Z Adding to the cache ...
2026-10-03T00:25:13.7774680Z Successfully cached go to /opt/hostedtoolcache/go/1.24.8/x64
2026-10-03T00:25:13.7775989Z Added go to the path
2026-10-03T00:25:13.7778504Z Successfully set up Go version 1.24.8
2026-10-03T00:25:13.7974718Z go version go1.24.8 linux/amd64
2026-10-03T00:25:13.7975048Z 
2026-10-03T00:25:13.7975775Z ##[group]go env
2026-10-03T00:25:13.9421682Z AR='ar'
2026-10-03T00:25:13.9421970Z CC='gcc'
2026-10-03T00:25:13.9422310Z CGO_CFLAGS='-O2 -g'
2026-10-03T00:25:13.9422719Z CGO_CPPFLAGS=''
2026-10-03T00:25:13.9423150Z CGO_CXXFLAGS='-O2 -g'
2026-10-03T00:25:13.9423579Z CGO_ENABLED='1'
2026-10-03T00:25:13.9423995Z CGO_FFLAGS='-O2 -g'
2026-10-03T00:25:13.9424436Z CGO_LDFLAGS='-O2 -g'
2026-10-03T00:25:13.9424850Z CXX='g++'
2026-10-03T00:25:13.9425201Z GCCGO='gccgo'
2026-10-03T00:25:13.9425857Z GO111MODULE=''
2026-10-03T00:25:13.9426231Z GOAMD64='v1'
2026-10-03T00:25:13.9426599Z GOARCH='amd64'
2026-10-03T00:25:13.9426966Z GOAUTH='netrc'
2026-10-03T00:25:13.9427349Z GOBIN=''
2026-10-03T00:25:13.9427910Z GOCACHE='/home/runner/.cache/go-build'
2026-10-03T00:25:13.9428411Z GOCACHEPROG=''
2026-10-03T00:25:13.9428754Z GODEBUG=''
2026-10-03T00:25:13.9429195Z GOENV='/home/runner/.config/go/env'
2026-10-03T00:25:13.9429634Z GOEXE=''
2026-10-03T00:25:13.9430008Z GOEXPERIMENT=''
2026-10-03T00:25:13.9430388Z GOFIPS140='off'
2026-10-03T00:25:13.9430726Z GOFLAGS=''
2026-10-03T00:25:13.9432215Z GOGCCFLAGS='-fPIC -m64 -pthread -Wl,--no-gc-sections -fmessage-length=0 -ffile-prefix-map=/tmp/go-build1861536553=/tmp/go-build -gno-record-gcc-switches'
2026-10-03T00:25:13.9433440Z GOHOSTARCH='amd64'
2026-10-03T00:25:13.9433806Z GOHOSTOS='linux'
2026-10-03T00:25:13.9434156Z GOINSECURE=''
2026-10-03T00:25:13.9434530Z GOMOD='/dev/null'
2026-10-03T00:25:13.9435011Z GOMODCACHE='/home/runner/go/pkg/mod'
2026-10-03T00:25:13.9435392Z GONOPROXY=''
2026-10-03T00:25:13.9436266Z GONOSUMDB=''
2026-10-03T00:25:13.9436603Z GOOS='linux'
2026-10-03T00:25:13.9437007Z GOPATH='/home/runner/go'
2026-10-03T00:25:13.9437508Z GOPRIVATE=''
2026-10-03T00:25:13.9437833Z GOPROXY='https://proxy.golang.org,direct'
2026-10-03T00:25:13.9438243Z GOROOT='/opt/hostedtoolcache/go/1.24.8/x64'
2026-10-03T00:25:13.9438590Z GOSUMDB='sum.golang.org'
2026-10-03T00:25:13.9438854Z GOTELEMETRY='local'
2026-10-03T00:25:13.9439192Z GOTELEMETRYDIR='/home/runner/.config/go/telemetry'
2026-10-03T00:25:13.9439697Z GOTMPDIR=''
2026-10-03T00:25:13.9439934Z GOTOOLCHAIN='local'
2026-10-03T00:25:13.9440349Z GOTOOLDIR='/opt/hostedtoolcache/go/1.24.8/x64/pkg/tool/linux_amd64'
2026-10-03T00:25:13.9440714Z GOVCS=''
2026-10-03T00:25:13.9440929Z GOVERSION='go1.24.8'
2026-10-03T00:25:13.9441148Z GOWORK=''
2026-10-03T00:25:13.9441383Z PKG_CONFIG='pkg-config'
2026-10-03T00:25:13.9441551Z 
2026-10-03T00:25:13.9441915Z ##[endgroup]
2026-10-03T00:25:13.9629188Z ##[group]Run python scripts/run_logged.py evidence/archive-build.log -- python scripts/build_archive_fixture.py --output evidence/archive-image.json
2026-10-03T00:25:13.9630244Z [36;1mpython scripts/run_logged.py evidence/archive-build.log -- python scripts/build_archive_fixture.py --output evidence/archive-image.json[0m
2026-10-03T00:25:13.9693586Z shell: /usr/bin/bash --noprofile --norc -e -o pipefail {0}
2026-10-03T00:25:13.9693933Z env:
2026-10-03T00:25:13.9694142Z   NEXT_TELEMETRY_DISABLED: 1
2026-10-03T00:25:13.9694459Z   pythonLocation: /opt/hostedtoolcache/Python/3.13.15/x64
2026-10-03T00:25:13.9694910Z   PKG_CONFIG_PATH: /opt/hostedtoolcache/Python/3.13.15/x64/lib/pkgconfig
2026-10-03T00:25:13.9695356Z   Python_ROOT_DIR: /opt/hostedtoolcache/Python/3.13.15/x64
2026-10-03T00:25:13.9696004Z   Python2_ROOT_DIR: /opt/hostedtoolcache/Python/3.13.15/x64
2026-10-03T00:25:13.9696399Z   Python3_ROOT_DIR: /opt/hostedtoolcache/Python/3.13.15/x64
2026-10-03T00:25:13.9696817Z   LD_LIBRARY_PATH: /opt/hostedtoolcache/Python/3.13.15/x64/lib
2026-10-03T00:25:13.9697156Z   GOTOOLCHAIN: local
2026-10-03T00:25:13.9697369Z ##[endgroup]
2026-10-03T00:25:18.4930031Z From https://github.com/minio/minio
2026-10-03T00:25:18.4930965Z  * branch            7aac2a2c5b7c882e68c1ce017d8256be2feea27f -> FETCH_HEAD
2026-10-03T00:25:18.4932061Z HEAD is now at 7aac2a2 update README.md format and clarify state of the project
2026-10-03T00:25:18.4932986Z go: downloading cloud.google.com/go/storage v1.52.0
2026-10-03T00:25:18.4933872Z go: downloading github.com/Azure/azure-sdk-for-go/sdk/azcore v1.18.0
2026-10-03T00:25:18.4934898Z go: downloading github.com/Azure/azure-sdk-for-go/sdk/azidentity v1.9.0
2026-10-03T00:25:18.4936175Z go: downloading github.com/Azure/azure-sdk-for-go/sdk/storage/azblob v1.6.1
2026-10-03T00:25:18.4937049Z go: downloading github.com/cespare/xxhash/v2 v2.3.0
2026-10-03T00:25:18.4937759Z go: downloading github.com/cheggaaa/pb v1.0.29
2026-10-03T00:25:18.4938469Z go: downloading github.com/coreos/go-oidc/v3 v3.14.1
2026-10-03T00:25:18.4939258Z go: downloading github.com/coreos/go-systemd/v22 v22.5.0
2026-10-03T00:25:18.4940003Z go: downloading cloud.google.com/go v0.120.1
2026-10-03T00:25:18.4940728Z go: downloading github.com/cosnicolaou/pbzip2 v1.0.5
2026-10-03T00:25:18.4941439Z go: downloading github.com/dchest/siphash v1.2.3
2026-10-03T00:25:18.4942172Z go: downloading github.com/dustin/go-humanize v1.0.1
2026-10-03T00:25:18.4942876Z go: downloading github.com/fatih/color v1.18.0
2026-10-03T00:25:18.4943553Z go: downloading github.com/felixge/fgprof v0.9.5
2026-10-03T00:25:18.4944271Z go: downloading github.com/go-openapi/loads v0.22.0
2026-10-03T00:25:18.4944982Z go: downloading github.com/golang-jwt/jwt/v4 v4.5.2
2026-10-03T00:25:18.4945844Z go: downloading github.com/google/uuid v1.6.0
2026-10-03T00:25:18.4946602Z go: downloading github.com/inconshreveable/mousetrap v1.1.0
2026-10-03T00:25:18.4947379Z go: downloading github.com/json-iterator/go v1.1.12
2026-10-03T00:25:18.4948137Z go: downloading github.com/klauspost/compress v1.18.0
2026-10-03T00:25:18.4948865Z go: downloading github.com/klauspost/filepathx v1.1.1
2026-10-03T00:25:18.4949600Z go: downloading github.com/klauspost/pgzip v1.2.6
2026-10-03T00:25:18.4950608Z go: downloading github.com/klauspost/readahead v1.4.0
2026-10-03T00:25:18.4951363Z go: downloading github.com/klauspost/reedsolomon v1.12.4
2026-10-03T00:25:18.4952161Z go: downloading github.com/lithammer/shortuuid/v4 v4.2.0
2026-10-03T00:25:18.4952845Z go: downloading github.com/miekg/dns v1.1.65
2026-10-03T00:25:18.4953490Z go: downloading github.com/minio/cli v1.24.2
2026-10-03T00:25:18.4954341Z go: downloading github.com/minio/console v1.7.7-0.20250905210349-2017f33b26e1
2026-10-03T00:25:18.4955201Z go: downloading github.com/minio/dnscache v0.1.1
2026-10-03T00:25:18.4956125Z go: downloading github.com/minio/dperf v0.6.3
2026-10-03T00:25:18.4956818Z go: downloading github.com/minio/highwayhash v1.0.3
2026-10-03T00:25:18.4957759Z go: downloading github.com/minio/kms-go/kes v0.3.1
2026-10-03T00:25:18.4958511Z go: downloading github.com/minio/madmin-go/v3 v3.0.109
2026-10-03T00:25:18.4959231Z go: downloading github.com/minio/minio-go/v7 v7.0.91
2026-10-03T00:25:18.4959910Z go: downloading github.com/minio/mux v1.9.2
2026-10-03T00:25:18.4960579Z go: downloading github.com/minio/pkg/v3 v3.1.3
2026-10-03T00:25:18.4961253Z go: downloading github.com/minio/selfupdate v0.6.0
2026-10-03T00:25:18.4961925Z go: downloading github.com/minio/sio v0.4.1
2026-10-03T00:25:18.4962538Z go: downloading github.com/minio/xxml v0.0.3
2026-10-03T00:25:18.4963218Z go: downloading github.com/minio/zipindex v0.4.0
2026-10-03T00:25:18.4963941Z go: downloading github.com/mitchellh/go-homedir v1.1.0
2026-10-03T00:25:18.4964674Z go: downloading github.com/philhofer/fwd v1.2.0
2026-10-03T00:25:18.4965341Z go: downloading github.com/pierrec/lz4/v4 v4.1.22
2026-10-03T00:25:18.4966269Z go: downloading github.com/pkg/errors v0.9.1
2026-10-03T00:25:18.4966912Z go: downloading github.com/pkg/sftp v1.13.9
2026-10-03T00:25:18.4967534Z go: downloading github.com/pkg/xattr v0.4.10
2026-10-03T00:25:18.4968291Z go: downloading github.com/prometheus/client_golang v1.22.0
2026-10-03T00:25:18.4969096Z go: downloading github.com/prometheus/client_model v0.6.2
2026-10-03T00:25:18.4969850Z go: downloading github.com/prometheus/common v0.63.0
2026-10-03T00:25:18.4970568Z go: downloading github.com/prometheus/procfs v0.16.1
2026-10-03T00:25:18.4971307Z go: downloading github.com/puzpuzpuz/xsync/v3 v3.5.1
2026-10-03T00:25:18.4972249Z go: downloading github.com/rcrowley/go-metrics v0.0.0-20250401214520-65e299d6c5c9
2026-10-03T00:25:18.4973074Z go: downloading github.com/rs/cors v1.11.1
2026-10-03T00:25:18.4973768Z go: downloading github.com/secure-io/sio-go v0.3.1
2026-10-03T00:25:18.4974484Z go: downloading github.com/shirou/gopsutil/v3 v3.24.5
2026-10-03T00:25:18.4975167Z go: downloading github.com/tinylib/msgp v1.4.0
2026-10-03T00:25:18.4976005Z go: downloading github.com/zeebo/xxh3 v1.0.2
2026-10-03T00:25:18.4976739Z go: downloading github.com/valyala/bytebufferpool v1.0.0
2026-10-03T00:25:18.4977485Z go: downloading go.etcd.io/etcd/api/v3 v3.5.21
2026-10-03T00:25:18.4978181Z go: downloading go.etcd.io/etcd/client/v3 v3.5.21
2026-10-03T00:25:18.4978847Z go: downloading go.uber.org/atomic v1.11.0
2026-10-03T00:25:18.4979472Z go: downloading goftp.io/server/v2 v2.0.1
2026-10-03T00:25:18.4980079Z go: downloading golang.org/x/crypto v0.37.0
2026-10-03T00:25:18.4980725Z go: downloading golang.org/x/oauth2 v0.29.0
2026-10-03T00:25:18.4981319Z go: downloading golang.org/x/sync v0.13.0
2026-10-03T00:25:18.4997196Z go: downloading golang.org/x/sys v0.32.0
2026-10-03T00:25:18.4997927Z go: downloading golang.org/x/term v0.31.0
2026-10-03T00:25:18.4998614Z go: downloading google.golang.org/api v0.230.0
2026-10-03T00:25:18.4999256Z go: downloading gopkg.in/yaml.v2 v2.4.0
2026-10-03T00:25:18.4999875Z go: downloading gopkg.in/yaml.v3 v3.0.1
2026-10-03T00:25:18.5000724Z go: downloading github.com/Azure/azure-sdk-for-go/sdk/internal v1.11.1
2026-10-03T00:25:18.5001842Z go: downloading github.com/AzureAD/microsoft-authentication-library-for-go v1.4.2
2026-10-03T00:25:18.5002815Z go: downloading github.com/mattn/go-runewidth v0.0.16
2026-10-03T00:25:18.5003798Z go: downloading github.com/go-jose/go-jose/v4 v4.1.0
2026-10-03T00:25:18.5004599Z go: downloading cloud.google.com/go/compute/metadata v0.6.0
2026-10-03T00:25:21.3531754Z go: downloading cloud.google.com/go/iam v1.5.2
2026-10-03T00:25:21.3533056Z go: downloading github.com/GoogleCloudPlatform/opentelemetry-operations-go/exporter/metric v0.51.0
2026-10-03T00:25:21.3534057Z go: downloading github.com/googleapis/gax-go/v2 v2.14.1
2026-10-03T00:25:21.3534862Z go: downloading go.opentelemetry.io/contrib/detectors/gcp v1.35.0
2026-10-03T00:25:21.3535641Z go: downloading go.opentelemetry.io/otel v1.35.0
2026-10-03T00:25:21.3536256Z go: downloading go.opentelemetry.io/otel/sdk/metric v1.35.0
2026-10-03T00:25:21.3536827Z go: downloading go.opentelemetry.io/otel/sdk v1.35.0
2026-10-03T00:25:21.3537626Z go: downloading go.opentelemetry.io/otel/trace v1.35.0
2026-10-03T00:25:21.3538328Z go: downloading google.golang.org/genproto v0.0.0-20250422160041-2d3770c4ea7f
2026-10-03T00:25:21.3538949Z go: downloading google.golang.org/grpc v1.72.0
2026-10-03T00:25:21.3539482Z go: downloading google.golang.org/protobuf v1.36.6
2026-10-03T00:25:21.3540018Z go: downloading github.com/mattn/go-colorable v0.1.14
2026-10-03T00:25:21.3540550Z go: downloading github.com/mattn/go-isatty v0.0.20
2026-10-03T00:25:21.3541161Z go: downloading github.com/google/pprof v0.0.0-20250422154841-e1f9c1950416
2026-10-03T00:25:21.3541770Z go: downloading github.com/go-openapi/analysis v0.23.0
2026-10-03T00:25:21.3542290Z go: downloading github.com/go-openapi/spec v0.21.0
2026-10-03T00:25:21.3542802Z go: downloading github.com/go-openapi/swag v0.23.1
2026-10-03T00:25:21.3543439Z go: downloading github.com/modern-go/concurrent v0.0.0-20180306012644-bacd9c7ef1dd
2026-10-03T00:25:21.3544069Z go: downloading github.com/modern-go/reflect2 v1.0.2
2026-10-03T00:25:21.3544570Z go: downloading golang.org/x/net v0.39.0
2026-10-03T00:25:21.3545078Z go: downloading github.com/klauspost/cpuid/v2 v2.2.10
2026-10-03T00:25:21.3545902Z go: downloading github.com/go-openapi/errors v0.22.1
2026-10-03T00:25:21.3546893Z go: downloading github.com/go-openapi/runtime v0.28.0
2026-10-03T00:25:21.3547659Z go: downloading github.com/jessevdk/go-flags v1.6.1
2026-10-03T00:25:21.3548160Z go: downloading github.com/minio/mc v0.0.0-20250313080218-cf909e1063a9
2026-10-03T00:25:21.3548635Z go: downloading github.com/minio/websocket v1.6.0
2026-10-03T00:25:21.3549045Z go: downloading github.com/unrolled/secure v1.17.0
2026-10-03T00:25:21.3549460Z go: downloading github.com/go-openapi/strfmt v0.23.0
2026-10-03T00:25:21.3549877Z go: downloading github.com/ncw/directio v1.0.5
2026-10-03T00:25:21.3550236Z go: downloading aead.dev/mem v0.2.0
2026-10-03T00:25:21.3550633Z go: downloading github.com/prometheus/prom2json v1.4.2
2026-10-03T00:25:21.3551067Z go: downloading github.com/safchain/ethtool v0.5.10
2026-10-03T00:25:21.3551471Z go: downloading github.com/goccy/go-json v0.10.5
2026-10-03T00:25:21.3551869Z go: downloading github.com/minio/crc64nvme v1.0.1
2026-10-03T00:25:21.3552261Z go: downloading github.com/minio/md5-simd v1.1.2
2026-10-03T00:25:21.3552649Z go: downloading github.com/go-ini/ini v1.67.0
2026-10-03T00:25:21.3553019Z go: downloading github.com/rs/xid v1.6.0
2026-10-03T00:25:21.3553366Z go: downloading golang.org/x/time v0.11.0
2026-10-03T00:25:21.3553728Z go: downloading github.com/beevik/ntp v1.4.3
2026-10-03T00:25:21.3554082Z go: downloading go.uber.org/zap v1.27.0
2026-10-03T00:25:21.3554458Z go: downloading github.com/go-ldap/ldap/v3 v3.4.11
2026-10-03T00:25:21.3554881Z go: downloading github.com/rabbitmq/amqp091-go v1.10.0
2026-10-03T00:25:21.3555301Z go: downloading github.com/IBM/sarama v1.45.1
2026-10-03T00:25:21.3556044Z go: downloading github.com/eclipse/paho.mqtt.golang v1.5.0
2026-10-03T00:25:21.3556569Z go: downloading github.com/elastic/go-elasticsearch/v7 v7.17.10
2026-10-03T00:25:21.3557046Z go: downloading github.com/go-sql-driver/mysql v1.9.2
2026-10-03T00:25:21.3557464Z go: downloading github.com/gomodule/redigo v1.9.2
2026-10-03T00:25:21.3557848Z go: downloading github.com/lib/pq v1.10.9
2026-10-03T00:25:21.3558479Z go: downloading github.com/nats-io/nats.go v1.41.2
2026-10-03T00:25:21.3558899Z go: downloading github.com/nats-io/stan.go v0.10.4
2026-10-03T00:25:21.3559292Z go: downloading github.com/nsqio/go-nsq v1.1.0
2026-10-03T00:25:21.3559665Z go: downloading github.com/xdg/scram v1.0.5
2026-10-03T00:25:21.3560059Z go: downloading github.com/buger/jsonparser v1.1.1
2026-10-03T00:25:21.3560441Z go: downloading github.com/gobwas/ws v1.4.0
2026-10-03T00:25:21.3560785Z go: downloading aead.dev/mtls v0.2.1
2026-10-03T00:25:21.3561277Z go: downloading github.com/minio/kms-go/kms v0.5.1-0.20250225090116-4e64ce8d0f35
2026-10-03T00:25:21.3561783Z go: downloading github.com/minio/simdjson-go v0.4.5
2026-10-03T00:25:21.3562315Z go: downloading github.com/rjeczalik/notify v0.9.3
2026-10-03T00:25:21.3562724Z go: downloading github.com/fatih/structs v1.1.0
2026-10-03T00:25:21.3563133Z go: downloading github.com/lestrrat-go/jwx/v2 v2.1.4
2026-10-03T00:25:21.3563511Z go: downloading aead.dev/minisign v0.3.0
2026-10-03T00:25:21.3563862Z go: downloading github.com/kr/fs v0.1.0
2026-10-03T00:25:21.3564225Z go: downloading github.com/beorn7/perks v1.0.1
2026-10-03T00:25:21.3564741Z go: downloading github.com/munnerz/goautoneg v0.0.0-20191010083416-a7dc8b61c822
2026-10-03T00:25:21.3565254Z go: downloading github.com/tklauser/go-sysconf v0.3.15
2026-10-03T00:25:21.3565899Z go: downloading github.com/gogo/protobuf v1.3.2
2026-10-03T00:25:21.3566305Z go: downloading github.com/golang/protobuf v1.5.4
2026-10-03T00:25:21.3566720Z go: downloading go.etcd.io/etcd/client/pkg/v3 v3.5.21
2026-10-03T00:25:21.3567149Z go: downloading github.com/kylelemons/godebug v1.1.0
2026-10-03T00:25:21.3567653Z go: downloading github.com/pkg/browser v0.0.0-20240102092130-5ac0b6a4141c
2026-10-03T00:25:21.3568115Z go: downloading github.com/rivo/uniseg v0.4.7
2026-10-03T00:25:21.3568686Z go: downloading google.golang.org/genproto/googleapis/api v0.0.0-20250422160041-2d3770c4ea7f
2026-10-03T00:25:21.3569406Z go: downloading google.golang.org/genproto/googleapis/rpc v0.0.0-20250422160041-2d3770c4ea7f
2026-10-03T00:25:21.3569965Z go: downloading cloud.google.com/go/monitoring v1.24.2
2026-10-03T00:25:22.6611812Z go: downloading github.com/GoogleCloudPlatform/opentelemetry-operations-go/internal/resourcemapping v0.51.0
2026-10-03T00:25:22.6613474Z go: downloading github.com/GoogleCloudPlatform/opentelemetry-operations-go/detectors/gcp v1.27.0
2026-10-03T00:25:22.6614523Z go: downloading github.com/go-logr/logr v1.4.2
2026-10-03T00:25:22.6615220Z go: downloading go.opentelemetry.io/otel/metric v1.35.0
2026-10-03T00:25:22.6616191Z go: downloading cloud.google.com/go/auth v0.16.0
2026-10-03T00:25:22.6616855Z go: downloading cloud.google.com/go/auth/oauth2adapt v0.2.8
2026-10-03T00:25:22.6617512Z go: downloading go.opentelemetry.io/contrib/instrumentation/net/http/otelhttp v0.60.0
2026-10-03T00:25:22.6618101Z go: downloading github.com/go-openapi/jsonpointer v0.21.1
2026-10-03T00:25:22.6618534Z go: downloading github.com/mailru/easyjson v0.9.0
2026-10-03T00:25:22.6618995Z go: downloading github.com/go-openapi/jsonreference v0.21.0
2026-10-03T00:25:22.6619450Z go: downloading github.com/go-openapi/validate v0.24.0
2026-10-03T00:25:22.6619859Z go: downloading github.com/docker/go-units v0.5.0
2026-10-03T00:25:22.6620286Z go: downloading github.com/charmbracelet/bubbles v0.20.0
2026-10-03T00:25:22.6620738Z go: downloading github.com/charmbracelet/bubbletea v1.3.4
2026-10-03T00:25:22.6621184Z go: downloading github.com/charmbracelet/lipgloss v1.0.0
2026-10-03T00:25:22.6621706Z go: downloading github.com/google/shlex v0.0.0-20191202100458-e7afc7fbc510
2026-10-03T00:25:22.6622208Z go: downloading github.com/jedib0t/go-pretty/v6 v6.6.7
2026-10-03T00:25:22.6622626Z go: downloading github.com/mattn/go-ieproxy v0.0.12
2026-10-03T00:25:22.6623039Z go: downloading github.com/minio/colorjson v1.0.8
2026-10-03T00:25:22.6623431Z go: downloading github.com/minio/filepath v1.0.0
2026-10-03T00:25:22.6623822Z go: downloading github.com/muesli/reflow v0.3.0
2026-10-03T00:25:22.6624459Z go: downloading github.com/muesli/termenv v0.16.0
2026-10-03T00:25:22.6624881Z go: downloading github.com/olekukonko/tablewriter v0.0.5
2026-10-03T00:25:22.6625299Z go: downloading github.com/posener/complete v1.2.3
2026-10-03T00:25:22.6625953Z go: downloading github.com/tidwall/gjson v1.18.0
2026-10-03T00:25:22.6626351Z go: downloading github.com/vbauerster/mpb/v8 v8.9.3
2026-10-03T00:25:22.6626733Z go: downloading golang.org/x/text v0.24.0
2026-10-03T00:25:22.6627253Z go: downloading github.com/asaskevich/govalidator v0.0.0-20230301143203-a9d515a09cc2
2026-10-03T00:25:22.6627792Z go: downloading github.com/mitchellh/mapstructure v1.5.0
2026-10-03T00:25:22.6628189Z go: downloading github.com/oklog/ulid v1.3.1
2026-10-03T00:25:22.6628726Z go: downloading go.mongodb.org/mongo-driver v1.17.3
2026-10-03T00:25:22.6629240Z go: downloading github.com/matttproud/golang_protobuf_extensions v1.0.4
2026-10-03T00:25:22.6629832Z go: downloading github.com/Azure/go-ntlmssp v0.0.0-20221128193559-754e69321358
2026-10-03T00:25:22.6630453Z go: downloading github.com/go-asn1-ber/asn1-ber v1.5.8-0.20250403174932-29230038a667
2026-10-03T00:25:22.6630939Z go: downloading go.uber.org/multierr v1.11.0
2026-10-03T00:25:22.6631330Z go: downloading github.com/gorilla/websocket v1.5.3
2026-10-03T00:25:22.6631997Z go: downloading github.com/davecgh/go-spew v1.1.2-0.20180830191138-d8f796af33cc
2026-10-03T00:25:22.6632527Z go: downloading github.com/eapache/go-resiliency v1.7.0
2026-10-03T00:25:22.6633097Z go: downloading github.com/eapache/go-xerial-snappy v0.0.0-20230731223053-c322873962e3
2026-10-03T00:25:22.6633611Z go: downloading github.com/eapache/queue v1.1.0
2026-10-03T00:25:22.6634044Z go: downloading github.com/hashicorp/go-multierror v1.1.1
2026-10-03T00:25:22.6634479Z go: downloading github.com/jcmturner/gofork v1.7.6
2026-10-03T00:25:22.6634900Z go: downloading github.com/jcmturner/gokrb5/v8 v8.4.4
2026-10-03T00:25:22.6635299Z go: downloading filippo.io/edwards25519 v1.1.0
2026-10-03T00:25:22.6635938Z go: downloading github.com/nats-io/nuid v1.0.1
2026-10-03T00:25:22.6636338Z go: downloading github.com/golang/snappy v1.0.0
2026-10-03T00:25:22.6636735Z go: downloading github.com/xdg/stringprep v1.0.3
2026-10-03T00:25:22.6637138Z go: downloading github.com/nats-io/nkeys v0.4.11
2026-10-03T00:25:22.6637533Z go: downloading github.com/gobwas/httphead v0.1.0
2026-10-03T00:25:22.6637921Z go: downloading github.com/gobwas/pool v0.2.1
2026-10-03T00:25:22.6638308Z go: downloading github.com/minio/csvparser v1.0.0
2026-10-03T00:25:22.6638734Z go: downloading github.com/fraugster/parquet-go v0.12.0
2026-10-03T00:25:22.6639170Z go: downloading github.com/alecthomas/participle v0.7.1
2026-10-03T00:25:22.6639596Z go: downloading github.com/lestrrat-go/option v1.0.1
2026-10-03T00:25:22.6640029Z go: downloading github.com/lestrrat-go/blackmagic v1.0.2
2026-10-03T00:25:22.6640453Z go: downloading github.com/lestrrat-go/httprc v1.0.6
2026-10-03T00:25:22.6640855Z go: downloading github.com/lestrrat-go/iter v1.0.2
2026-10-03T00:25:22.6641255Z go: downloading github.com/coreos/go-semver v0.3.1
2026-10-03T00:25:22.6641659Z go: downloading github.com/tklauser/numcpus v0.10.0
2026-10-03T00:25:22.6642061Z go: downloading github.com/golang-jwt/jwt/v5 v5.2.2
2026-10-03T00:25:22.6642701Z go: downloading go.opentelemetry.io/contrib/instrumentation/google.golang.org/grpc/otelgrpc v0.60.0
2026-10-03T00:25:22.6643291Z go: downloading github.com/go-logr/stdr v1.2.2
2026-10-03T00:25:22.6643684Z go: downloading go.opentelemetry.io/auto/sdk v1.1.0
2026-10-03T00:25:22.6644084Z go: downloading github.com/google/s2a-go v0.1.9
2026-10-03T00:25:22.6644589Z go: downloading github.com/googleapis/enterprise-certificate-proxy v0.3.6
2026-10-03T00:25:22.6645161Z go: downloading github.com/envoyproxy/go-control-plane/envoy v1.32.4
2026-10-03T00:25:22.6645846Z go: downloading github.com/felixge/httpsnoop v1.0.4
2026-10-03T00:25:22.6646250Z go: downloading github.com/josharian/intern v1.0.0
2026-10-03T00:25:22.6646665Z go: downloading github.com/charmbracelet/x/ansi v0.8.0
2026-10-03T00:25:22.6647243Z go: downloading github.com/charmbracelet/x/term v0.2.1
2026-10-03T00:25:22.6647735Z go: downloading github.com/muesli/ansi v0.0.0-20230316100256-276c6243b2f6
2026-10-03T00:27:01.3279310Z go: downloading github.com/muesli/cancelreader v0.2.2
2026-10-03T00:27:01.3279974Z go: downloading github.com/juju/ratelimit v1.0.2
2026-10-03T00:27:01.3280580Z go: downloading github.com/aymanbagabas/go-osc52/v2 v2.0.1
2026-10-03T00:27:01.3281183Z go: downloading github.com/lucasb-eyer/go-colorful v1.2.0
2026-10-03T00:27:01.3281720Z go: downloading github.com/tidwall/match v1.1.1
2026-10-03T00:27:01.3282225Z go: downloading github.com/tidwall/pretty v1.2.1
2026-10-03T00:27:01.3283189Z go: downloading github.com/acarl005/stripansi v0.0.0-20180116102854-5a71ef0e047d
2026-10-03T00:27:01.3283892Z go: downloading github.com/VividCortex/ewma v1.2.0
2026-10-03T00:27:01.3284371Z go: downloading github.com/prometheus/prometheus v0.303.0
2026-10-03T00:27:01.3284841Z go: downloading github.com/hashicorp/errwrap v1.1.0
2026-10-03T00:27:01.3285315Z go: downloading github.com/jcmturner/dnsutils/v2 v2.0.0
2026-10-03T00:27:01.3285984Z go: downloading github.com/hashicorp/go-uuid v1.0.3
2026-10-03T00:27:01.3286424Z go: downloading github.com/apache/thrift v0.21.0
2026-10-03T00:27:01.3286871Z go: downloading github.com/lestrrat-go/httpcc v1.0.1
2026-10-03T00:27:01.3287330Z go: downloading github.com/spiffe/go-spiffe/v2 v2.5.0
2026-10-03T00:27:01.3287874Z go: downloading github.com/cncf/xds/go v0.0.0-20250326154945-ae57f3c0d45f
2026-10-03T00:27:01.3288462Z go: downloading github.com/envoyproxy/protoc-gen-validate v1.2.1
2026-10-03T00:27:01.3288954Z go: downloading github.com/jcmturner/rpc/v2 v2.0.3
2026-10-03T00:27:01.3289349Z go: downloading cel.dev/expr v0.23.1
2026-10-03T00:27:01.3289725Z go: downloading github.com/zeebo/errs v1.4.0
2026-10-03T00:27:01.3290155Z go: downloading github.com/jcmturner/aescts/v2 v2.0.0
2026-10-03T00:27:01.3290625Z #0 building with "default" instance using docker driver
2026-10-03T00:27:01.3290885Z 
2026-10-03T00:27:01.3291135Z #1 [internal] load build definition from Dockerfile.fixture
2026-10-03T00:27:01.3291563Z #1 transferring dockerfile: 235B done
2026-10-03T00:27:01.3291841Z #1 DONE 0.0s
2026-10-03T00:27:01.3291959Z 
2026-10-03T00:27:01.3292113Z #2 [internal] load build context
2026-10-03T00:27:01.3292441Z #2 transferring context: 33.37MB 0.1s
2026-10-03T00:27:01.3292797Z #2 transferring context: 151.09MB 0.4s done
2026-10-03T00:27:01.3293086Z #2 DONE 0.4s
2026-10-03T00:27:01.3293203Z 
2026-10-03T00:27:01.3293328Z #3 [1/2] COPY minio /minio
2026-10-03T00:27:01.3293578Z #3 DONE 0.0s
2026-10-03T00:27:01.3293687Z 
2026-10-03T00:27:01.3293834Z #4 [2/2] COPY LICENSE /LICENSE
2026-10-03T00:27:01.3294078Z #4 DONE 1.6s
2026-10-03T00:27:01.3294191Z 
2026-10-03T00:27:01.3294306Z #5 exporting to image
2026-10-03T00:27:01.3294549Z #5 exporting layers
2026-10-03T00:27:01.3294798Z #5 exporting layers 0.6s done
2026-10-03T00:27:01.3295339Z #5 writing image sha256:46b803b220c62fd538c9d6dd23d66aacad40244cbf7c4735989537e3cd52f7d9
2026-10-03T00:27:01.3296219Z #5 writing image sha256:46b803b220c62fd538c9d6dd23d66aacad40244cbf7c4735989537e3cd52f7d9 done
2026-10-03T00:27:01.3296877Z #5 naming to docker.io/library/airlock-archive-fixture:511904fba9a2 done
2026-10-03T00:27:01.3297249Z #5 DONE 0.6s
2026-10-03T00:27:01.3299512Z {"source": "https://github.com/minio/minio.git", "source_commit": "7aac2a2c5b7c882e68c1ce017d8256be2feea27f", "binary_sha256": "e7425aad90f11c859f386485a63a5af888ee645a99fbfcdb64bd960d7d20f7a8", "runtime_image_id": "sha256:46b803b220c62fd538c9d6dd23d66aacad40244cbf7c4735989537e3cd52f7d9", "local_tag": "airlock-archive-fixture:511904fba9a2", "scope": "archived upstream source built only for throwaway S3 contract tests, not a production distribution recommendation"}
2026-10-03T00:27:01.3419374Z ##[group]Run python scripts/run_logged.py evidence/archive-integration.log -- python scripts/archive_integration.py --output evidence/archive-integration.json
2026-10-03T00:27:01.3420664Z [36;1mpython scripts/run_logged.py evidence/archive-integration.log -- python scripts/archive_integration.py --output evidence/archive-integration.json[0m
2026-10-03T00:27:01.3483553Z shell: /usr/bin/bash --noprofile --norc -e -o pipefail {0}
2026-10-03T00:27:01.3483891Z env:
2026-10-03T00:27:01.3484093Z   NEXT_TELEMETRY_DISABLED: 1
2026-10-03T00:27:01.3484400Z   pythonLocation: /opt/hostedtoolcache/Python/3.13.15/x64
2026-10-03T00:27:01.3484829Z   PKG_CONFIG_PATH: /opt/hostedtoolcache/Python/3.13.15/x64/lib/pkgconfig
2026-10-03T00:27:01.3485254Z   Python_ROOT_DIR: /opt/hostedtoolcache/Python/3.13.15/x64
2026-10-03T00:27:01.3486006Z   Python2_ROOT_DIR: /opt/hostedtoolcache/Python/3.13.15/x64
2026-10-03T00:27:01.3486480Z   Python3_ROOT_DIR: /opt/hostedtoolcache/Python/3.13.15/x64
2026-10-03T00:27:01.3486896Z   LD_LIBRARY_PATH: /opt/hostedtoolcache/Python/3.13.15/x64/lib
2026-10-03T00:27:01.3487224Z   GOTOOLCHAIN: local
2026-10-03T00:27:01.3487438Z ##[endgroup]
2026-10-03T00:27:02.8296912Z {"mode": "real_docker_s3_object_lock", "image_digests": [], "runtime_image_id": "sha256:46b803b220c62fd538c9d6dd23d66aacad40244cbf7c4735989537e3cd52f7d9", "receipt": {"bucket": "airlock-evidence", "key": "checkpoints/84390cbedcee47f3b0efe08c9e3a2c51/000000000001-76dc9b7b37445aae4a5ddb8f08732f85e99e2a57a4cb83b733d23d0280b64426.json", "version_id": "3ba963df-8d47-4cbd-9af2-ffefee9cf2c2", "sha256": "76dc9b7b37445aae4a5ddb8f08732f85e99e2a57a4cb83b733d23d0280b64426", "retain_until": "2026-10-04T00:27:02+00:00", "mode": "COMPLIANCE", "database_instance": "84390cbedcee47f3b0efe08c9e3a2c51", "seq": 1}, "checks": ["delete_exact_version", "shorten_compliance", "downgrade_to_governance", "version_pinned_after_new_version", "retrieved_anchor_detects_tail_deletion", "unapproved_target_unchanged"], "actual_denials": {"delete_exact_version": {"http_status": 400, "code": "InvalidRequest", "message": "Object is WORM protected and cannot be overwritten"}, "shorten_compliance": {"http_status": 400, "code": "InvalidRequest", "message": "Object is WORM protected and cannot be overwritten"}, "downgrade_to_governance": {"http_status": 400, "code": "InvalidRequest", "message": "Object is WORM protected and cannot be overwritten"}}, "credential_scope": "new synthetic fixture only; never read default AWS credentials", "retention_scope": "COMPLIANCE API semantics; temporary test container removed, not permanent production archive", "exit_code": 0}
2026-10-03T00:27:02.8427143Z ##[group]Run python scripts/run_logged.py evidence/research-pipeline.log -- python scripts/research_pipeline.py --output evidence/research-pipeline
2026-10-03T00:27:02.8428233Z [36;1mpython scripts/run_logged.py evidence/research-pipeline.log -- python scripts/research_pipeline.py --output evidence/research-pipeline[0m
2026-10-03T00:27:02.8491168Z shell: /usr/bin/bash --noprofile --norc -e -o pipefail {0}
2026-10-03T00:27:02.8491511Z env:
2026-10-03T00:27:02.8491717Z   NEXT_TELEMETRY_DISABLED: 1
2026-10-03T00:27:02.8492035Z   pythonLocation: /opt/hostedtoolcache/Python/3.13.15/x64
2026-10-03T00:27:02.8492485Z   PKG_CONFIG_PATH: /opt/hostedtoolcache/Python/3.13.15/x64/lib/pkgconfig
2026-10-03T00:27:02.8492913Z   Python_ROOT_DIR: /opt/hostedtoolcache/Python/3.13.15/x64
2026-10-03T00:27:02.8493289Z   Python2_ROOT_DIR: /opt/hostedtoolcache/Python/3.13.15/x64
2026-10-03T00:27:02.8493661Z   Python3_ROOT_DIR: /opt/hostedtoolcache/Python/3.13.15/x64
2026-10-03T00:27:02.8494074Z   LD_LIBRARY_PATH: /opt/hostedtoolcache/Python/3.13.15/x64/lib
2026-10-03T00:27:02.8494403Z   GOTOOLCHAIN: local
2026-10-03T00:27:02.8494619Z ##[endgroup]
2026-10-03T00:27:03.4250282Z {"status": "PASS", "meaning": "Pipeline contract passed; research acceptance remains blocked", "source_families": 3, "source_types": ["synthetic", "public_incident"], "public_incident_families": 1, "human_participants": 0, "paired_human_labels": 0, "authorized_log_records": 0, "checks": ["blank_annotation_templates_only", "exact_prediction_coverage", "authority_and_semantic_metrics_separate", "missing_humans_do_not_pass", "no_target_write", "empty_governance_denominators_remain_unknown"]}
2026-10-03T00:27:03.4385135Z ##[group]Run python scripts/run_logged.py evidence/container-integrations.log -- python scripts/container_integrations.py
2026-10-03T00:27:03.4386365Z [36;1mpython scripts/run_logged.py evidence/container-integrations.log -- python scripts/container_integrations.py[0m
2026-10-03T00:27:03.4449572Z shell: /usr/bin/bash --noprofile --norc -e -o pipefail {0}
2026-10-03T00:27:03.4449917Z env:
2026-10-03T00:27:03.4450119Z   NEXT_TELEMETRY_DISABLED: 1
2026-10-03T00:27:03.4450429Z   pythonLocation: /opt/hostedtoolcache/Python/3.13.15/x64
2026-10-03T00:27:03.4450869Z   PKG_CONFIG_PATH: /opt/hostedtoolcache/Python/3.13.15/x64/lib/pkgconfig
2026-10-03T00:27:03.4451298Z   Python_ROOT_DIR: /opt/hostedtoolcache/Python/3.13.15/x64
2026-10-03T00:27:03.4451677Z   Python2_ROOT_DIR: /opt/hostedtoolcache/Python/3.13.15/x64
2026-10-03T00:27:03.4452055Z   Python3_ROOT_DIR: /opt/hostedtoolcache/Python/3.13.15/x64
2026-10-03T00:27:03.4452483Z   LD_LIBRARY_PATH: /opt/hostedtoolcache/Python/3.13.15/x64/lib
2026-10-03T00:27:03.4452813Z   GOTOOLCHAIN: local
2026-10-03T00:27:03.4453024Z ##[endgroup]
2026-10-03T00:27:09.0162430Z {
2026-10-03T00:27:09.0162766Z   "envoy": {
2026-10-03T00:27:09.0163200Z     "image": "envoyproxy/envoy:v1.39.1",
2026-10-03T00:27:09.0164627Z     "repo_digests": "[\"envoyproxy/envoy@sha256:57e14a549d7bd43c8d3f6d03e8cfa653e037d4b38e133acd9b54f38c524401b4\"]",
2026-10-03T00:27:09.0166488Z     "rows": [
2026-10-03T00:27:09.0166833Z       {
2026-10-03T00:27:09.0167226Z         "case": "zero",
2026-10-03T00:27:09.0167698Z         "rule": "threshold",
2026-10-03T00:27:09.0168403Z         "airlock_expression": "changed_rows >= 100",
2026-10-03T00:27:09.0169333Z         "envoy_expression": "int(request.headers['x-rows']) >= 100",
2026-10-03T00:27:09.0170084Z         "airlock_hit": false,
2026-10-03T00:27:09.0170600Z         "expected": false,
2026-10-03T00:27:09.0171087Z         "envoy_hit": false
2026-10-03T00:27:09.0171491Z       },
2026-10-03T00:27:09.0171846Z       {
2026-10-03T00:27:09.0172256Z         "case": "zero",
2026-10-03T00:27:09.0172740Z         "rule": "write_only",
2026-10-03T00:27:09.0173375Z         "airlock_expression": "operation == \"delete\" && matched_rows != 0",
2026-10-03T00:27:09.0174262Z         "envoy_expression": "request.headers['x-operation'] == 'delete' && int(request.headers['x-rows']) != 0",
2026-10-03T00:27:09.0174836Z         "airlock_hit": false,
2026-10-03T00:27:09.0175141Z         "expected": false,
2026-10-03T00:27:09.0175431Z         "envoy_hit": false
2026-10-03T00:27:09.0176015Z       },
2026-10-03T00:27:09.0176221Z       {
2026-10-03T00:27:09.0176463Z         "case": "zero",
2026-10-03T00:27:09.0176737Z         "rule": "bounded",
2026-10-03T00:27:09.0177272Z         "airlock_expression": "!(changed_rows > 5) || operation == \"read\"",
2026-10-03T00:27:09.0178135Z         "envoy_expression": "!(int(request.headers['x-rows']) > 5) || request.headers['x-operation'] == 'read'",
2026-10-03T00:27:09.0178692Z         "airlock_hit": true,
2026-10-03T00:27:09.0179002Z         "expected": true,
2026-10-03T00:27:09.0179282Z         "envoy_hit": true
2026-10-03T00:27:09.0179519Z       },
2026-10-03T00:27:09.0179753Z       {
2026-10-03T00:27:09.0179989Z         "case": "small",
2026-10-03T00:27:09.0180280Z         "rule": "threshold",
2026-10-03T00:27:09.0180689Z         "airlock_expression": "changed_rows >= 100",
2026-10-03T00:27:09.0181240Z         "envoy_expression": "int(request.headers['x-rows']) >= 100",
2026-10-03T00:27:09.0181646Z         "airlock_hit": false,
2026-10-03T00:27:09.0181941Z         "expected": false,
2026-10-03T00:27:09.0182233Z         "envoy_hit": false
2026-10-03T00:27:09.0182468Z       },
2026-10-03T00:27:09.0182665Z       {
2026-10-03T00:27:09.0182901Z         "case": "small",
2026-10-03T00:27:09.0183186Z         "rule": "write_only",
2026-10-03T00:27:09.0183735Z         "airlock_expression": "operation == \"delete\" && matched_rows != 0",
2026-10-03T00:27:09.0184868Z         "envoy_expression": "request.headers['x-operation'] == 'delete' && int(request.headers['x-rows']) != 0",
2026-10-03T00:27:09.0186093Z         "airlock_hit": true,
2026-10-03T00:27:09.0186404Z         "expected": true,
2026-10-03T00:27:09.0186690Z         "envoy_hit": true
2026-10-03T00:27:09.0186924Z       },
2026-10-03T00:27:09.0187122Z       {
2026-10-03T00:27:09.0187362Z         "case": "small",
2026-10-03T00:27:09.0187641Z         "rule": "bounded",
2026-10-03T00:27:09.0188172Z         "airlock_expression": "!(changed_rows > 5) || operation == \"read\"",
2026-10-03T00:27:09.0189025Z         "envoy_expression": "!(int(request.headers['x-rows']) > 5) || request.headers['x-operation'] == 'read'",
2026-10-03T00:27:09.0189552Z         "airlock_hit": true,
2026-10-03T00:27:09.0189847Z         "expected": true,
2026-10-03T00:27:09.0190124Z         "envoy_hit": true
2026-10-03T00:27:09.0190353Z       },
2026-10-03T00:27:09.0190545Z       {
2026-10-03T00:27:09.0190781Z         "case": "high",
2026-10-03T00:27:09.0191072Z         "rule": "threshold",
2026-10-03T00:27:09.0191487Z         "airlock_expression": "changed_rows >= 100",
2026-10-03T00:27:09.0192034Z         "envoy_expression": "int(request.headers['x-rows']) >= 100",
2026-10-03T00:27:09.0192437Z         "airlock_hit": true,
2026-10-03T00:27:09.0192720Z         "expected": true,
2026-10-03T00:27:09.0192995Z         "envoy_hit": true
2026-10-03T00:27:09.0193224Z       },
2026-10-03T00:27:09.0193412Z       {
2026-10-03T00:27:09.0193639Z         "case": "high",
2026-10-03T00:27:09.0193919Z         "rule": "write_only",
2026-10-03T00:27:09.0194457Z         "airlock_expression": "operation == \"delete\" && matched_rows != 0",
2026-10-03T00:27:09.0195328Z         "envoy_expression": "request.headers['x-operation'] == 'delete' && int(request.headers['x-rows']) != 0",
2026-10-03T00:27:09.0196127Z         "airlock_hit": true,
2026-10-03T00:27:09.0196419Z         "expected": true,
2026-10-03T00:27:09.0196696Z         "envoy_hit": true
2026-10-03T00:27:09.0196918Z       },
2026-10-03T00:27:09.0197112Z       {
2026-10-03T00:27:09.0197341Z         "case": "high",
2026-10-03T00:27:09.0197620Z         "rule": "bounded",
2026-10-03T00:27:09.0198147Z         "airlock_expression": "!(changed_rows > 5) || operation == \"read\"",
2026-10-03T00:27:09.0198991Z         "envoy_expression": "!(int(request.headers['x-rows']) > 5) || request.headers['x-operation'] == 'read'",
2026-10-03T00:27:09.0199533Z         "airlock_hit": false,
2026-10-03T00:27:09.0199824Z         "expected": false,
2026-10-03T00:27:09.0200107Z         "envoy_hit": false
2026-10-03T00:27:09.0200360Z       },
2026-10-03T00:27:09.0200552Z       {
2026-10-03T00:27:09.0200782Z         "case": "read",
2026-10-03T00:27:09.0201056Z         "rule": "threshold",
2026-10-03T00:27:09.0201470Z         "airlock_expression": "changed_rows >= 100",
2026-10-03T00:27:09.0202025Z         "envoy_expression": "int(request.headers['x-rows']) >= 100",
2026-10-03T00:27:09.0202431Z         "airlock_hit": true,
2026-10-03T00:27:09.0202719Z         "expected": true,
2026-10-03T00:27:09.0203007Z         "envoy_hit": true
2026-10-03T00:27:09.0203238Z       },
2026-10-03T00:27:09.0203433Z       {
2026-10-03T00:27:09.0203660Z         "case": "read",
2026-10-03T00:27:09.0203995Z         "rule": "write_only",
2026-10-03T00:27:09.0204637Z         "airlock_expression": "operation == \"delete\" && matched_rows != 0",
2026-10-03T00:27:09.0205905Z         "envoy_expression": "request.headers['x-operation'] == 'delete' && int(request.headers['x-rows']) != 0",
2026-10-03T00:27:09.0206729Z         "airlock_hit": false,
2026-10-03T00:27:09.0207161Z         "expected": false,
2026-10-03T00:27:09.0207705Z         "envoy_hit": false
2026-10-03T00:27:09.0208202Z       },
2026-10-03T00:27:09.0208514Z       {
2026-10-03T00:27:09.0208912Z         "case": "read",
2026-10-03T00:27:09.0221265Z         "rule": "bounded",
2026-10-03T00:27:09.0222179Z         "airlock_expression": "!(changed_rows > 5) || operation == \"read\"",
2026-10-03T00:27:09.0224006Z         "envoy_expression": "!(int(request.headers['x-rows']) > 5) || request.headers['x-operation'] == 'read'",
2026-10-03T00:27:09.0224947Z         "airlock_hit": true,
2026-10-03T00:27:09.0225273Z         "expected": true,
2026-10-03T00:27:09.0225847Z         "envoy_hit": true
2026-10-03T00:27:09.0226207Z       }
2026-10-03T00:27:09.0226412Z     ],
2026-10-03T00:27:09.0226647Z     "status": "PASS",
2026-10-03T00:27:09.0742047Z     "scope": "Boolean/equality/ordering subset with explicit header-to-variable mapping; access-log filter, not Envoy authorization deployment.",
2026-10-03T00:27:09.0743348Z     "error_difference": "Missing/invalid Envoy attributes suppress its log. AIRLOCK rejects invalid typed activation and blocks authorization."
2026-10-03T00:27:09.0743960Z   },
2026-10-03T00:27:09.0744159Z   "otel": {
2026-10-03T00:27:09.0744400Z     "status": "PASS",
2026-10-03T00:27:09.0744789Z     "image": "otel/opentelemetry-collector:0.162.0",
2026-10-03T00:27:09.0746033Z     "repo_digests": "[\"otel/opentelemetry-collector@sha256:310a800ad69ee430e7c541796852a242c9c7db97aaad4daa5ccf843c525fbdb2\"]",
2026-10-03T00:27:09.0746807Z     "trace_id": "b0f9f49ad4c04ab88d31c0f37721555e",
2026-10-03T00:27:09.0747141Z     "result": {
2026-10-03T00:27:09.0747393Z       "status": "ok",
2026-10-03T00:27:09.0747647Z       "exported": 1
2026-10-03T00:27:09.0747862Z     },
2026-10-03T00:27:09.0748548Z     "scope": "Official Collector accepts OTLP JSON and debug exporter records the actual trace; no production backend claim."
2026-10-03T00:27:09.0749081Z   }
2026-10-03T00:27:09.0749299Z }
2026-10-03T00:27:09.0882001Z ##[group]Run python scripts/run_logged.py evidence/dependency-audit.log -- python -m pip_audit -r requirements-archive.txt --format json --output evidence/dependency-audit.json
2026-10-03T00:27:09.0883240Z [36;1mpython scripts/run_logged.py evidence/dependency-audit.log -- python -m pip_audit -r requirements-archive.txt --format json --output evidence/dependency-audit.json[0m
2026-10-03T00:27:09.0946132Z shell: /usr/bin/bash --noprofile --norc -e -o pipefail {0}
2026-10-03T00:27:09.0946496Z env:
2026-10-03T00:27:09.0946701Z   NEXT_TELEMETRY_DISABLED: 1
2026-10-03T00:27:09.0947012Z   pythonLocation: /opt/hostedtoolcache/Python/3.13.15/x64
2026-10-03T00:27:09.0947442Z   PKG_CONFIG_PATH: /opt/hostedtoolcache/Python/3.13.15/x64/lib/pkgconfig
2026-10-03T00:27:09.0947863Z   Python_ROOT_DIR: /opt/hostedtoolcache/Python/3.13.15/x64
2026-10-03T00:27:09.0948240Z   Python2_ROOT_DIR: /opt/hostedtoolcache/Python/3.13.15/x64
2026-10-03T00:27:09.0948651Z   Python3_ROOT_DIR: /opt/hostedtoolcache/Python/3.13.15/x64
2026-10-03T00:27:09.0949033Z   LD_LIBRARY_PATH: /opt/hostedtoolcache/Python/3.13.15/x64/lib
2026-10-03T00:27:09.0949365Z   GOTOOLCHAIN: local
2026-10-03T00:27:09.0949576Z ##[endgroup]
2026-10-03T00:27:19.3469381Z No known vulnerabilities found
2026-10-03T00:27:19.3609899Z ##[group]Run python scripts/run_logged.py evidence/latency.log -- python scripts/measure_latency.py --samples 60 --output evidence/latency.json
2026-10-03T00:27:19.3610910Z [36;1mpython scripts/run_logged.py evidence/latency.log -- python scripts/measure_latency.py --samples 60 --output evidence/latency.json[0m
2026-10-03T00:27:19.3673710Z shell: /usr/bin/bash --noprofile --norc -e -o pipefail {0}
2026-10-03T00:27:19.3674052Z env:
2026-10-03T00:27:19.3674248Z   NEXT_TELEMETRY_DISABLED: 1
2026-10-03T00:27:19.3674562Z   pythonLocation: /opt/hostedtoolcache/Python/3.13.15/x64
2026-10-03T00:27:19.3674999Z   PKG_CONFIG_PATH: /opt/hostedtoolcache/Python/3.13.15/x64/lib/pkgconfig
2026-10-03T00:27:19.3675655Z   Python_ROOT_DIR: /opt/hostedtoolcache/Python/3.13.15/x64
2026-10-03T00:27:19.3676108Z   Python2_ROOT_DIR: /opt/hostedtoolcache/Python/3.13.15/x64
2026-10-03T00:27:19.3676496Z   Python3_ROOT_DIR: /opt/hostedtoolcache/Python/3.13.15/x64
2026-10-03T00:27:19.3676910Z   LD_LIBRARY_PATH: /opt/hostedtoolcache/Python/3.13.15/x64/lib
2026-10-03T00:27:19.3677241Z   GOTOOLCHAIN: local
2026-10-03T00:27:19.3677454Z ##[endgroup]
2026-10-03T00:27:22.4905083Z {
2026-10-03T00:27:22.4906412Z   "scope": "1206-row synthetic SQLite; concurrency 1; warm HTTP client; same host and target",
2026-10-03T00:27:22.4907575Z   "python": "3.13.15",
2026-10-03T00:27:22.4907857Z   "sqlite": "3.45.1",
2026-10-03T00:27:22.4908274Z   "platform": "Linux-6.17.0-1022-azure-x86_64-with-glibc2.39",
2026-10-03T00:27:22.4908693Z   "processor": "x86_64",
2026-10-03T00:27:22.4908975Z   "logical_cpus": 4,
2026-10-03T00:27:22.4909222Z   "samples": 60,
2026-10-03T00:27:22.4909450Z   "seed": 2073,
2026-10-03T00:27:22.4909733Z   "warmup_calls": 10,
2026-10-03T00:27:22.4910275Z   "first_native_call_ms": 43.45653000001448,
2026-10-03T00:27:22.4910767Z   "read": {
2026-10-03T00:27:22.4911045Z     "direct_ms": {
2026-10-03T00:27:22.4911296Z       "n": 60,
2026-10-03T00:27:22.4911597Z       "mean": 0.4126963666654622,
2026-10-03T00:27:22.4911959Z       "p50": 0.40338100001235944,
2026-10-03T00:27:22.4912294Z       "p95": 0.4473640000242085,
2026-10-03T00:27:22.4912623Z       "p99": 0.5854440000234717
2026-10-03T00:27:22.4912887Z     },
2026-10-03T00:27:22.4913122Z     "proxy_ms": {
2026-10-03T00:27:22.4913360Z       "n": 60,
2026-10-03T00:27:22.4913646Z       "mean": 7.130176883339345,
2026-10-03T00:27:22.4913976Z       "p50": 6.978534999973363,
2026-10-03T00:27:22.4914295Z       "p95": 8.664826000028825,
2026-10-03T00:27:22.4914619Z       "p99": 9.900359000027947
2026-10-03T00:27:22.4914871Z     },
2026-10-03T00:27:22.4915095Z     "added_ms": {
2026-10-03T00:27:22.4915332Z       "n": 60,
2026-10-03T00:27:22.4915995Z       "mean": 6.717480516673883,
2026-10-03T00:27:22.4916321Z       "p50": 6.575153999961003,
2026-10-03T00:27:22.4916630Z       "p95": 8.266465000019707,
2026-10-03T00:27:22.4916921Z       "p99": 9.526193000056082
2026-10-03T00:27:22.4917141Z     }
2026-10-03T00:27:22.4917319Z   },
2026-10-03T00:27:22.4917513Z   "write": {
2026-10-03T00:27:22.4917768Z     "submit_receipt_ms": {
2026-10-03T00:27:22.4918031Z       "n": 30,
2026-10-03T00:27:22.4918342Z       "p50": 16.93656300000157,
2026-10-03T00:27:22.4918659Z       "p95": 20.737981999957356,
2026-10-03T00:27:22.4918968Z       "p99": 43.45009899998331
2026-10-03T00:27:22.4919202Z     },
2026-10-03T00:27:22.4919481Z     "approval_request_to_effect_ms": {
2026-10-03T00:27:22.4919770Z       "n": 30,
2026-10-03T00:27:22.4920036Z       "p50": 23.272031999965748,
2026-10-03T00:27:22.4920344Z       "p95": 32.880233000014414,
2026-10-03T00:27:22.4920821Z       "p99": 39.919720000000325
2026-10-03T00:27:22.4921087Z     },
2026-10-03T00:27:22.4921325Z     "static_ms": {
2026-10-03T00:27:22.4921551Z       "n": 30,
2026-10-03T00:27:22.4921771Z       "p50": 0.078,
2026-10-03T00:27:22.4922004Z       "p95": 0.104,
2026-10-03T00:27:22.4922343Z       "p99": 0.105
2026-10-03T00:27:22.4922706Z     },
2026-10-03T00:27:22.4923074Z     "preview_ms": {
2026-10-03T00:27:22.4923499Z       "n": 30,
2026-10-03T00:27:22.4924232Z       "p50": 9.999,
2026-10-03T00:27:22.4924714Z       "p95": 10.637,
2026-10-03T00:27:22.4925147Z       "p99": 35.836
2026-10-03T00:27:22.4925440Z     },
2026-10-03T00:27:22.4925980Z     "evaluation_ms": {
2026-10-03T00:27:22.4926234Z       "n": 30,
2026-10-03T00:27:22.4926460Z       "p50": 12.38,
2026-10-03T00:27:22.4926686Z       "p95": 15.87,
2026-10-03T00:27:22.4926937Z       "p99": 38.426
2026-10-03T00:27:22.4927279Z     }
2026-10-03T00:27:22.4927596Z   },
2026-10-03T00:27:22.4927884Z   "not_measured": [
2026-10-03T00:27:22.4928138Z     "live LLM latency",
2026-10-03T00:27:22.4928405Z     "human review latency",
2026-10-03T00:27:22.4928735Z     "distributed upstream overhead",
2026-10-03T00:27:22.4929093Z     "cold OS filesystem cache",
2026-10-03T00:27:22.4929388Z     "production concurrency"
2026-10-03T00:27:22.4929624Z   ],
2026-10-03T00:27:22.4930422Z   "measurement_note": "direct includes SQLite connect/query; proxy includes HTTP, server admission, persistence and audit; negative deltas retained in raw rows"
2026-10-03T00:27:22.4931092Z }
2026-10-03T00:27:22.5065119Z ##[group]Run python scripts/run_logged.py evidence/ablation.log -- python -m benchmark.ablation --split test --output evidence/ablation.json
2026-10-03T00:27:22.5067541Z [36;1mpython scripts/run_logged.py evidence/ablation.log -- python -m benchmark.ablation --split test --output evidence/ablation.json[0m
2026-10-03T00:27:22.5160948Z shell: /usr/bin/bash --noprofile --norc -e -o pipefail {0}
2026-10-03T00:27:22.5161544Z env:
2026-10-03T00:27:22.5161880Z   NEXT_TELEMETRY_DISABLED: 1
2026-10-03T00:27:22.5162446Z   pythonLocation: /opt/hostedtoolcache/Python/3.13.15/x64
2026-10-03T00:27:22.5163233Z   PKG_CONFIG_PATH: /opt/hostedtoolcache/Python/3.13.15/x64/lib/pkgconfig
2026-10-03T00:27:22.5164088Z   Python_ROOT_DIR: /opt/hostedtoolcache/Python/3.13.15/x64
2026-10-03T00:27:22.5164814Z   Python2_ROOT_DIR: /opt/hostedtoolcache/Python/3.13.15/x64
2026-10-03T00:27:22.5165774Z   Python3_ROOT_DIR: /opt/hostedtoolcache/Python/3.13.15/x64
2026-10-03T00:27:22.5166581Z   LD_LIBRARY_PATH: /opt/hostedtoolcache/Python/3.13.15/x64/lib
2026-10-03T00:27:22.5167202Z   GOTOOLCHAIN: local
2026-10-03T00:27:22.5167568Z ##[endgroup]
2026-10-03T00:27:22.9006038Z {
2026-10-03T00:27:22.9006536Z   "split": "test",
2026-10-03T00:27:22.9007247Z   "corpus_sha256": "243854b51e7039324de4c31fa7a67af1a98ddc48b9c9edfbbac581a2c2f73af7",
2026-10-03T00:27:22.9007778Z   "live_model_requested": false,
2026-10-03T00:27:22.9008060Z   "limitations": [
2026-10-03T00:27:22.9008582Z     "Original synthetic corpus is unchanged and has no independent human danger gold.",
2026-10-03T00:27:22.9009365Z     "The pure model arm measures advice only; it cannot execute or bypass the production gate.",
2026-10-03T00:27:22.9010156Z     "Live model arms require AIRLOCK-only configuration, key and explicit budget authorization."
2026-10-03T00:27:22.9010600Z   ],
2026-10-03T00:27:22.9010798Z   "arms": {
2026-10-03T00:27:22.9011011Z     "keyword": {
2026-10-03T00:27:22.9011272Z       "status": "MEASURED",
2026-10-03T00:27:22.9011548Z       "n": 80
2026-10-03T00:27:22.9011751Z     },
2026-10-03T00:27:22.9011959Z     "pure_llm": {
2026-10-03T00:27:22.9012254Z       "status": "BLOCKED_EXTERNAL",
2026-10-03T00:27:22.9012538Z       "n": 0
2026-10-03T00:27:22.9012741Z     },
2026-10-03T00:27:22.9012975Z     "hybrid_no_preview": {
2026-10-03T00:27:22.9013294Z       "status": "BLOCKED_EXTERNAL",
2026-10-03T00:27:22.9013567Z       "n": 0
2026-10-03T00:27:22.9013761Z     },
2026-10-03T00:27:22.9013989Z     "hybrid_with_preview": {
2026-10-03T00:27:22.9014316Z       "status": "BLOCKED_EXTERNAL",
2026-10-03T00:27:22.9014580Z       "n": 0
2026-10-03T00:27:22.9014761Z     }
2026-10-03T00:27:22.9014938Z   }
2026-10-03T00:27:22.9015111Z }
2026-10-03T00:27:22.9175113Z ##[group]Run python scripts/run_logged.py evidence/study-analysis.log -- python -m benchmark.research --output evidence/study-analysis.json study evidence/study-automation.json
2026-10-03T00:27:22.9176667Z [36;1mpython scripts/run_logged.py evidence/study-analysis.log -- python -m benchmark.research --output evidence/study-analysis.json study evidence/study-automation.json[0m
2026-10-03T00:27:22.9239439Z shell: /usr/bin/bash --noprofile --norc -e -o pipefail {0}
2026-10-03T00:27:22.9239801Z env:
2026-10-03T00:27:22.9240006Z   NEXT_TELEMETRY_DISABLED: 1
2026-10-03T00:27:22.9240319Z   pythonLocation: /opt/hostedtoolcache/Python/3.13.15/x64
2026-10-03T00:27:22.9240752Z   PKG_CONFIG_PATH: /opt/hostedtoolcache/Python/3.13.15/x64/lib/pkgconfig
2026-10-03T00:27:22.9241176Z   Python_ROOT_DIR: /opt/hostedtoolcache/Python/3.13.15/x64
2026-10-03T00:27:22.9241553Z   Python2_ROOT_DIR: /opt/hostedtoolcache/Python/3.13.15/x64
2026-10-03T00:27:22.9241960Z   Python3_ROOT_DIR: /opt/hostedtoolcache/Python/3.13.15/x64
2026-10-03T00:27:22.9242341Z   LD_LIBRARY_PATH: /opt/hostedtoolcache/Python/3.13.15/x64/lib
2026-10-03T00:27:22.9242664Z   GOTOOLCHAIN: local
2026-10-03T00:27:22.9242874Z ##[endgroup]
2026-10-03T00:27:23.1299317Z {
2026-10-03T00:27:23.1300015Z   "status": "BLOCKED_EXTERNAL",
2026-10-03T00:27:23.1300701Z   "human_participants": 0,
2026-10-03T00:27:23.1301245Z   "excluded": [
2026-10-03T00:27:23.1301666Z     {
2026-10-03T00:27:23.1302157Z       "participant_id": "automation-browser",
2026-10-03T00:27:23.1303152Z       "reason": "nonhuman, no consent, duplicate or invalid metadata"
2026-10-03T00:27:23.1303606Z     }
2026-10-03T00:27:23.1303834Z   ],
2026-10-03T00:27:23.1304128Z   "participants": [],
2026-10-03T00:27:23.1304705Z   "paired_time_delta": {
2026-10-03T00:27:23.1305228Z     "n": 0,
2026-10-03T00:27:23.1306101Z     "mean": null,
2026-10-03T00:27:23.1306457Z     "ci95": null
2026-10-03T00:27:23.1306713Z   },
2026-10-03T00:27:23.1307003Z   "paired_accuracy_delta": {
2026-10-03T00:27:23.1307337Z     "n": 0,
2026-10-03T00:27:23.1307555Z     "mean": null,
2026-10-03T00:27:23.1307775Z     "ci95": null
2026-10-03T00:27:23.1307975Z   },
2026-10-03T00:27:23.1308224Z   "all_decisions_visible_ms": {
2026-10-03T00:27:23.1308484Z     "n": 0,
2026-10-03T00:27:23.1308700Z     "mean": null,
2026-10-03T00:27:23.1308930Z     "median": null,
2026-10-03T00:27:23.1309156Z     "p95": null
2026-10-03T00:27:23.1309367Z   },
2026-10-03T00:27:23.1309584Z   "correct_decisions": {
2026-10-03T00:27:23.1309856Z     "numerator": 0,
2026-10-03T00:27:23.1310100Z     "denominator": 0,
2026-10-03T00:27:23.1310337Z     "value": null
2026-10-03T00:27:23.1310534Z   },
2026-10-03T00:27:23.1310907Z   "gold_verification": "unverified_browser_supplied_correctness",
2026-10-03T00:27:23.1311310Z   "comprehension_correct": {
2026-10-03T00:27:23.1311580Z     "numerator": 0,
2026-10-03T00:27:23.1311818Z     "denominator": 0,
2026-10-03T00:27:23.1312054Z     "value": null
2026-10-03T00:27:23.1312248Z   },
2026-10-03T00:27:23.1312461Z   "limitations": [
2026-10-03T00:27:23.1313134Z     "No causal efficiency claim without recruitment, business gold, counterbalancing and adequate sample size.",
2026-10-03T00:27:23.1314014Z     "Exported browser timing and human identity are untrusted telemetry, never authorization.",
2026-10-03T00:27:23.1314862Z     "Visibility duration excludes hidden tabs; correctness is supplied task gold, not a policy guess."
2026-10-03T00:27:23.1315686Z   ]
2026-10-03T00:27:23.1315958Z }
2026-10-03T00:27:23.1440787Z ##[group]Run python scripts/run_logged.py evidence/comparison.log -- python scripts/demo_comparison.py --output evidence/comparison.json
2026-10-03T00:27:23.1441748Z [36;1mpython scripts/run_logged.py evidence/comparison.log -- python scripts/demo_comparison.py --output evidence/comparison.json[0m
2026-10-03T00:27:23.1505092Z shell: /usr/bin/bash --noprofile --norc -e -o pipefail {0}
2026-10-03T00:27:23.1505696Z env:
2026-10-03T00:27:23.1505915Z   NEXT_TELEMETRY_DISABLED: 1
2026-10-03T00:27:23.1506237Z   pythonLocation: /opt/hostedtoolcache/Python/3.13.15/x64
2026-10-03T00:27:23.1506669Z   PKG_CONFIG_PATH: /opt/hostedtoolcache/Python/3.13.15/x64/lib/pkgconfig
2026-10-03T00:27:23.1507109Z   Python_ROOT_DIR: /opt/hostedtoolcache/Python/3.13.15/x64
2026-10-03T00:27:23.1507510Z   Python2_ROOT_DIR: /opt/hostedtoolcache/Python/3.13.15/x64
2026-10-03T00:27:23.1507890Z   Python3_ROOT_DIR: /opt/hostedtoolcache/Python/3.13.15/x64
2026-10-03T00:27:23.1508307Z   LD_LIBRARY_PATH: /opt/hostedtoolcache/Python/3.13.15/x64/lib
2026-10-03T00:27:23.1508641Z   GOTOOLCHAIN: local
2026-10-03T00:27:23.1508850Z ##[endgroup]
2026-10-03T00:27:23.7507519Z {
2026-10-03T00:27:23.7508530Z   "scope": "disposable synthetic data; automated independent reviewer fixture; no live model/human",
2026-10-03T00:27:23.7509563Z   "without_gate": {
2026-10-03T00:27:23.7510082Z     "before": 1206,
2026-10-03T00:27:23.7510538Z     "after": 0
2026-10-03T00:27:23.7510791Z   },
2026-10-03T00:27:23.7511036Z   "with_gate": {
2026-10-03T00:27:23.7511351Z     "pending_rows": 1206,
2026-10-03T00:27:23.7511693Z     "rejected_rows": 1206,
2026-10-03T00:27:23.7511995Z     "denial": {
2026-10-03T00:27:23.7512415Z       "id": "b7c3c2509b2242788f1bb54c153a9859",
2026-10-03T00:27:23.7513029Z       "state": "rejected",
2026-10-03T00:27:23.7513733Z       "decision": "need_approval",
2026-10-03T00:27:23.7514271Z       "reason_code": "human_rejected",
2026-10-03T00:27:23.7514642Z       "result": null,
2026-10-03T00:27:23.7515050Z       "expires_at": 1790987543.6543384,
2026-10-03T00:27:23.7516511Z       "action_id": "b7c3c2509b2242788f1bb54c153a9859",
2026-10-03T00:27:23.7517093Z       "trace_id": "c89053e80aa940248d4fd9f1fde5cd74",
2026-10-03T00:27:23.7517536Z       "retryable": false,
2026-10-03T00:27:23.7517926Z       "allowed_alternatives": [
2026-10-03T00:27:23.7518356Z         "query_original_action",
2026-10-03T00:27:23.7518707Z         "bounded_read"
2026-10-03T00:27:23.7518940Z       ],
2026-10-03T00:27:23.7519223Z       "execution_occurred": false,
2026-10-03T00:27:23.7519974Z       "next_step": "Use a bounded SELECT or submit a narrower NEW action; do not retry rejected writes blindly."
2026-10-03T00:27:23.7520488Z     },
2026-10-03T00:27:23.7520720Z     "safe_alternative": {
2026-10-03T00:27:23.7521089Z       "id": "fdedd091393c42f0be21e4b69dc880ce",
2026-10-03T00:27:23.7521432Z       "state": "executed",
2026-10-03T00:27:23.7521719Z       "decision": "pass",
2026-10-03T00:27:23.7522045Z       "reason_code": "bounded_read",
2026-10-03T00:27:23.7522349Z       "result": {
2026-10-03T00:27:23.7522647Z         "matched_rows": 0,
2026-10-03T00:27:23.7522905Z         "rows": [
2026-10-03T00:27:23.7523133Z           {
2026-10-03T00:27:23.7523587Z             "remaining": 1206
2026-10-03T00:27:23.7523853Z           }
2026-10-03T00:27:23.7524053Z         ],
2026-10-03T00:27:23.7524298Z         "truncated": false
2026-10-03T00:27:23.7524533Z       },
2026-10-03T00:27:23.7524913Z       "expires_at": 1790987543.6718378,
2026-10-03T00:27:23.7525976Z       "action_id": "fdedd091393c42f0be21e4b69dc880ce",
2026-10-03T00:27:23.7526893Z       "trace_id": "b41bfdba6e0b44bd9c0ba0ee9466a3b1",
2026-10-03T00:27:23.7527540Z       "retryable": false,
2026-10-03T00:27:23.7527938Z       "allowed_alternatives": [
2026-10-03T00:27:23.7528283Z         "query_original_action"
2026-10-03T00:27:23.7528542Z       ],
2026-10-03T00:27:23.7528821Z       "execution_occurred": true,
2026-10-03T00:27:23.7529333Z       "next_step": "Read the result."
2026-10-03T00:27:23.7530053Z     },
2026-10-03T00:27:23.7530311Z     "approved_rows": 0,
2026-10-03T00:27:23.7530585Z     "approved_receipt": {
2026-10-03T00:27:23.7530947Z       "id": "60954a6a94bd43b8bdc006771469957e",
2026-10-03T00:27:23.7531287Z       "state": "executed",
2026-10-03T00:27:23.7531615Z       "decision": "need_approval",
2026-10-03T00:27:23.7531969Z       "reason_code": "human_approved",
2026-10-03T00:27:23.7532260Z       "result": {
2026-10-03T00:27:23.7532530Z         "matched_rows": 1206,
2026-10-03T00:27:23.7532807Z         "rows": [],
2026-10-03T00:27:23.7533066Z         "truncated": false
2026-10-03T00:27:23.7533299Z       },
2026-10-03T00:27:23.7533576Z       "expires_at": 1790987543.6798346,
2026-10-03T00:27:23.7533986Z       "action_id": "60954a6a94bd43b8bdc006771469957e",
2026-10-03T00:27:23.7534423Z       "trace_id": "5428207206244f99a84e2bc3f5574bce",
2026-10-03T00:27:23.7534750Z       "retryable": false,
2026-10-03T00:27:23.7535048Z       "allowed_alternatives": [
2026-10-03T00:27:23.7535382Z         "query_original_action"
2026-10-03T00:27:23.7535910Z       ],
2026-10-03T00:27:23.7536194Z       "execution_occurred": true,
2026-10-03T00:27:23.7536546Z       "next_step": "Read the result."
2026-10-03T00:27:23.7536797Z     }
2026-10-03T00:27:23.7536970Z   },
2026-10-03T00:27:23.7537160Z   "audit": {
2026-10-03T00:27:23.7537380Z     "valid": true,
2026-10-03T00:27:23.7537610Z     "events": 5,
2026-10-03T00:27:23.7538083Z     "head": "ea9fd0fefa0401999bcc1653305fff5de3c9930488c17178ed9b7064c8acc9a0",
2026-10-03T00:27:23.7538567Z     "anchor_status": "not_configured",
2026-10-03T00:27:23.7539684Z     "limitation": "Tail truncation after the last independently retained checkpoint remains undetectable. A server with all keys can forge new history; keep checkpoints outside its write authority."
2026-10-03T00:27:23.7540460Z   }
2026-10-03T00:27:23.7540636Z }
2026-10-03T00:27:23.7645384Z ##[group]Run python scripts/verify_evidence.py
2026-10-03T00:27:23.7646055Z [36;1mpython scripts/verify_evidence.py[0m
2026-10-03T00:27:23.7709181Z shell: /usr/bin/bash --noprofile --norc -e -o pipefail {0}
2026-10-03T00:27:23.7709541Z env:
2026-10-03T00:27:23.7709743Z   NEXT_TELEMETRY_DISABLED: 1
2026-10-03T00:27:23.7710067Z   pythonLocation: /opt/hostedtoolcache/Python/3.13.15/x64
2026-10-03T00:27:23.7710500Z   PKG_CONFIG_PATH: /opt/hostedtoolcache/Python/3.13.15/x64/lib/pkgconfig
2026-10-03T00:27:23.7710934Z   Python_ROOT_DIR: /opt/hostedtoolcache/Python/3.13.15/x64
2026-10-03T00:27:23.7711308Z   Python2_ROOT_DIR: /opt/hostedtoolcache/Python/3.13.15/x64
2026-10-03T00:27:23.7711685Z   Python3_ROOT_DIR: /opt/hostedtoolcache/Python/3.13.15/x64
2026-10-03T00:27:23.7712061Z   LD_LIBRARY_PATH: /opt/hostedtoolcache/Python/3.13.15/x64/lib
2026-10-03T00:27:23.7712385Z   GOTOOLCHAIN: local
2026-10-03T00:27:23.7712678Z ##[endgroup]
2026-10-03T00:27:23.8206339Z Verified all 217 JUnit cases, exit receipts, screenshots, Docker and raw benchmark rows.
2026-10-03T00:27:23.8296389Z ##[group]Run python scripts/evidence_manifest.py
2026-10-03T00:27:23.8297009Z [36;1mpython scripts/evidence_manifest.py[0m
2026-10-03T00:27:23.8359952Z shell: /usr/bin/bash --noprofile --norc -e -o pipefail {0}
2026-10-03T00:27:23.8360488Z env:
2026-10-03T00:27:23.8360781Z   NEXT_TELEMETRY_DISABLED: 1
2026-10-03T00:27:23.8361256Z   pythonLocation: /opt/hostedtoolcache/Python/3.13.15/x64
2026-10-03T00:27:23.8361830Z   PKG_CONFIG_PATH: /opt/hostedtoolcache/Python/3.13.15/x64/lib/pkgconfig
2026-10-03T00:27:23.8362371Z   Python_ROOT_DIR: /opt/hostedtoolcache/Python/3.13.15/x64
2026-10-03T00:27:23.8362914Z   Python2_ROOT_DIR: /opt/hostedtoolcache/Python/3.13.15/x64
2026-10-03T00:27:23.8363389Z   Python3_ROOT_DIR: /opt/hostedtoolcache/Python/3.13.15/x64
2026-10-03T00:27:23.8363892Z   LD_LIBRARY_PATH: /opt/hostedtoolcache/Python/3.13.15/x64/lib
2026-10-03T00:27:23.8364322Z   GOTOOLCHAIN: local
2026-10-03T00:27:23.8364650Z ##[endgroup]
2026-10-03T00:27:23.9303366Z {"commit": "5ca6fcf4acb5e4483a5bf2d6c995a62c0068184c", "artifact_files": 78}
2026-10-03T00:27:23.9475350Z ##[group]Run actions/upload-artifact@v4
2026-10-03T00:27:23.9475981Z with:
2026-10-03T00:27:23.9476189Z   name: acceptance-evidence
2026-10-03T00:27:23.9476476Z   path: evidence/*.*
evidence/research-pipeline/

2026-10-03T00:27:23.9476777Z   retention-days: 90
2026-10-03T00:27:23.9476994Z   if-no-files-found: warn
2026-10-03T00:27:23.9477219Z   compression-level: 6
2026-10-03T00:27:23.9477431Z   overwrite: false
2026-10-03T00:27:23.9477644Z   include-hidden-files: false
2026-10-03T00:27:23.9477871Z env:
2026-10-03T00:27:23.9478059Z   NEXT_TELEMETRY_DISABLED: 1
2026-10-03T00:27:23.9478359Z   pythonLocation: /opt/hostedtoolcache/Python/3.13.15/x64
2026-10-03T00:27:23.9478788Z   PKG_CONFIG_PATH: /opt/hostedtoolcache/Python/3.13.15/x64/lib/pkgconfig
2026-10-03T00:27:23.9479214Z   Python_ROOT_DIR: /opt/hostedtoolcache/Python/3.13.15/x64
2026-10-03T00:27:23.9479592Z   Python2_ROOT_DIR: /opt/hostedtoolcache/Python/3.13.15/x64
2026-10-03T00:27:23.9480005Z   Python3_ROOT_DIR: /opt/hostedtoolcache/Python/3.13.15/x64
2026-10-03T00:27:23.9480390Z   LD_LIBRARY_PATH: /opt/hostedtoolcache/Python/3.13.15/x64/lib
2026-10-03T00:27:23.9480715Z   GOTOOLCHAIN: local
2026-10-03T00:27:23.9480923Z ##[endgroup]
2026-10-03T00:27:24.1125357Z (node:14559) [DEP0040] DeprecationWarning: The `punycode` module is deprecated. Please use a userland alternative instead.
2026-10-03T00:27:24.1126489Z (Use `node --trace-deprecation ...` to show where the warning was created)
2026-10-03T00:27:24.1410533Z With the provided path, there will be 81 files uploaded
2026-10-03T00:27:24.1411485Z Artifact name is valid!
2026-10-03T00:27:24.1412013Z Root directory input is valid!
2026-10-03T00:27:24.3689656Z Beginning upload of artifact content to blob storage
2026-10-03T00:27:24.5266150Z (node:14559) [DEP0169] DeprecationWarning: `url.parse()` behavior is not standardized and prone to errors that have security implications. Use the WHATWG URL API instead. CVEs are not issued for `url.parse()` vulnerabilities.
2026-10-03T00:27:24.6194488Z Uploaded bytes 1420906
2026-10-03T00:27:24.6384829Z Finished uploading artifact content to blob storage!
2026-10-03T00:27:24.6386293Z SHA256 digest of uploaded artifact zip is 13ef02a92292b149f36d56401eddbaabcddb0f99a0d8cb9449375c62faac7d40
2026-10-03T00:27:24.6388462Z Finalizing artifact upload
2026-10-03T00:27:24.8392144Z Artifact acceptance-evidence.zip successfully finalized. Artifact ID 11259062939
2026-10-03T00:27:24.8393838Z Artifact acceptance-evidence has been successfully uploaded! Final size is 1420906 bytes. Artifact ID is 11259062939
2026-10-03T00:27:24.8400408Z Artifact download URL: https://github.com/Changxin-YR/AIRLOCK/actions/runs/37081776246/artifacts/11259062939
2026-10-03T00:27:24.8577081Z Post job cleanup.
2026-10-03T00:27:24.9888710Z Post job cleanup.
2026-10-03T00:27:25.1228537Z (node:14579) [DEP0040] DeprecationWarning: The `punycode` module is deprecated. Please use a userland alternative instead.
2026-10-03T00:27:25.1230044Z (Use `node --trace-deprecation ...` to show where the warning was created)
2026-10-03T00:27:25.1369012Z Post job cleanup.
2026-10-03T00:27:25.2625008Z (node:14587) [DEP0040] DeprecationWarning: The `punycode` module is deprecated. Please use a userland alternative instead.
2026-10-03T00:27:25.2626695Z (Use `node --trace-deprecation ...` to show where the warning was created)
2026-10-03T00:27:25.2791867Z Post job cleanup.
2026-10-03T00:27:25.3706394Z [command]/usr/bin/git version
2026-10-03T00:27:25.3750750Z git version 2.55.0
2026-10-03T00:27:25.3791714Z Temporarily overriding HOME='/home/runner/work/_temp/6d1dc508-aeb2-4017-b105-07ccd56d3a71' before making global git config changes
2026-10-03T00:27:25.3793380Z Adding repository directory to the temporary git global config as a safe directory
2026-10-03T00:27:25.3797675Z [command]/usr/bin/git config --global --add safe.directory /home/runner/work/AIRLOCK/AIRLOCK
2026-10-03T00:27:25.3840005Z [command]/usr/bin/git config --local --name-only --get-regexp core\.sshCommand
2026-10-03T00:27:25.3876763Z [command]/usr/bin/git submodule foreach --recursive sh -c "git config --local --name-only --get-regexp 'core\.sshCommand' && git config --local --unset-all 'core.sshCommand' || :"
2026-10-03T00:27:25.4140219Z [command]/usr/bin/git config --local --name-only --get-regexp http\.https\:\/\/github\.com\/\.extraheader
2026-10-03T00:27:25.4166448Z http.https://github.com/.extraheader
2026-10-03T00:27:25.4177850Z [command]/usr/bin/git config --local --unset-all http.https://github.com/.extraheader
2026-10-03T00:27:25.4218892Z [command]/usr/bin/git submodule foreach --recursive sh -c "git config --local --name-only --get-regexp 'http\.https\:\/\/github\.com\/\.extraheader' && git config --local --unset-all 'http.https://github.com/.extraheader' || :"
2026-10-03T00:27:25.4483428Z [command]/usr/bin/git config --local --name-only --get-regexp ^includeIf\.gitdir:
2026-10-03T00:27:25.4522463Z [command]/usr/bin/git submodule foreach --recursive git config --local --show-origin --name-only --get-regexp remote.origin.url
2026-10-03T00:27:25.4915330Z Cleaning up orphan processes
2026-10-03T00:27:25.5348465Z ##[warning]Node.js 20 is deprecated. The following actions target Node.js 20 but are being forced to run on Node.js 24: actions/checkout@v4, actions/setup-node@v4, actions/setup-python@v5, actions/upload-artifact@v4. For more information see: https://github.blog/changelog/2025-09-19-deprecation-of-node-20-on-github-actions-runners/
