2026-10-04T00:43:23.7183588Z Current runner version: '2.337.0'
2026-10-04T00:43:23.7209808Z ##[group]Runner Image Provisioner
2026-10-04T00:43:23.7211385Z Hosted Compute Agent
2026-10-04T00:43:23.7212398Z Version: 20260901.588
2026-10-04T00:43:23.7213129Z Commit: f88ec8081b781fac6c440065ac7ff9e710ce3d0b
2026-10-04T00:43:23.7214027Z Build Date: 2026-09-01T19:56:44Z
2026-10-04T00:43:23.7214758Z Worker ID: {cf943adb-937f-4748-9209-e6fba3c326bf}
2026-10-04T00:43:23.7215551Z Azure Region: eastus
2026-10-04T00:43:23.7216152Z ##[endgroup]
2026-10-04T00:43:23.7217805Z ##[group]Operating System
2026-10-04T00:43:23.7218588Z Ubuntu
2026-10-04T00:43:23.7219123Z 24.04.5
2026-10-04T00:43:23.7219626Z LTS
2026-10-04T00:43:23.7220268Z ##[endgroup]
2026-10-04T00:43:23.7220826Z ##[group]Runner Image
2026-10-04T00:43:23.7221555Z Image: ubuntu-24.04
2026-10-04T00:43:23.7222531Z Version: 20260927.320.1
2026-10-04T00:43:23.7223957Z Included Software: https://github.com/actions/runner-images/blob/ubuntu24/20260927.320/images/ubuntu/Ubuntu2404-Readme.md
2026-10-04T00:43:23.7225567Z Image Release: https://github.com/actions/runner-images/releases/tag/ubuntu24%2F20260927.320
2026-10-04T00:43:23.7226630Z ##[endgroup]
2026-10-04T00:43:23.7227735Z ##[group]GITHUB_TOKEN Permissions
2026-10-04T00:43:23.7230005Z Contents: read
2026-10-04T00:43:23.7230628Z Metadata: read
2026-10-04T00:43:23.7231295Z ##[endgroup]
2026-10-04T00:43:23.7233712Z Secret source: Actions
2026-10-04T00:43:23.7234810Z Cache mode: write
2026-10-04T00:43:23.7235532Z Prepare workflow directory
2026-10-04T00:43:23.7658274Z Prepare all required actions
2026-10-04T00:43:23.7710121Z Getting action download info
2026-10-04T00:43:24.0443519Z Download action repository 'actions/checkout@v4' (SHA:11d5960a326750d5838078e36cf38b85af677262)
2026-10-04T00:43:24.1580132Z Download action repository 'actions/setup-python@v5' (SHA:a26af69be951a213d495a4c3e4e4022e16d87065)
2026-10-04T00:43:24.2422462Z Download action repository 'actions/setup-node@v4' (SHA:49933ea5288caeca8642d1e84afbd3f7d6820020)
2026-10-04T00:43:24.3315671Z Download action repository 'actions/setup-go@v6' (SHA:924ae3a1cded613372ab5595356fb5720e22ba16)
2026-10-04T00:43:24.4994474Z Download action repository 'actions/upload-artifact@v4' (SHA:ea165f8d65b6e75b540449e92b4886f43607fa02)
2026-10-04T00:43:24.7269352Z Complete job name: verify
2026-10-04T00:43:24.8297329Z ##[group]Run actions/checkout@v4
2026-10-04T00:43:24.8298277Z with:
2026-10-04T00:43:24.8298789Z   ref: f27b447e268209a8b8f480111e55a3f6bb1bedce
2026-10-04T00:43:24.8299447Z   repository: Changxin-YR/AIRLOCK
2026-10-04T00:43:24.8303732Z   token: ***
2026-10-04T00:43:24.8304204Z   ssh-strict: true
2026-10-04T00:43:24.8304679Z   ssh-user: git
2026-10-04T00:43:24.8305157Z   persist-credentials: true
2026-10-04T00:43:24.8305685Z   clean: true
2026-10-04T00:43:24.8306165Z   sparse-checkout-cone-mode: true
2026-10-04T00:43:24.8306725Z   fetch-depth: 1
2026-10-04T00:43:24.8307195Z   fetch-tags: false
2026-10-04T00:43:24.8307671Z   show-progress: true
2026-10-04T00:43:24.8308147Z   lfs: false
2026-10-04T00:43:24.8308604Z   submodules: false
2026-10-04T00:43:24.8309077Z   set-safe-directory: true
2026-10-04T00:43:24.8309620Z   allow-unsafe-pr-checkout: false
2026-10-04T00:43:24.8310431Z env:
2026-10-04T00:43:24.8310885Z   NEXT_TELEMETRY_DISABLED: 1
2026-10-04T00:43:24.8311454Z ##[endgroup]
2026-10-04T00:43:24.9358021Z Syncing repository: Changxin-YR/AIRLOCK
2026-10-04T00:43:24.9360863Z ##[group]Getting Git version info
2026-10-04T00:43:24.9362544Z Working directory is '/home/runner/work/AIRLOCK/AIRLOCK'
2026-10-04T00:43:24.9364256Z [command]/usr/bin/git version
2026-10-04T00:43:24.9424486Z git version 2.55.0
2026-10-04T00:43:24.9449356Z ##[endgroup]
2026-10-04T00:43:24.9473112Z Temporarily overriding HOME='/home/runner/work/_temp/65d1c12e-506b-400c-a7e3-2a83d69bb274' before making global git config changes
2026-10-04T00:43:24.9475764Z Adding repository directory to the temporary git global config as a safe directory
2026-10-04T00:43:24.9477594Z [command]/usr/bin/git config --global --add safe.directory /home/runner/work/AIRLOCK/AIRLOCK
2026-10-04T00:43:24.9543417Z Deleting the contents of '/home/runner/work/AIRLOCK/AIRLOCK'
2026-10-04T00:43:24.9549811Z ##[group]Initializing the repository
2026-10-04T00:43:24.9556702Z [command]/usr/bin/git init /home/runner/work/AIRLOCK/AIRLOCK
2026-10-04T00:43:24.9670953Z hint: Using 'master' as the name for the initial branch. This default branch name
2026-10-04T00:43:24.9672805Z hint: will change to "main" in Git 3.0. To configure the initial branch name
2026-10-04T00:43:24.9674721Z hint: to use in all of your new repositories, which will suppress this warning,
2026-10-04T00:43:24.9675982Z hint: call:
2026-10-04T00:43:24.9676769Z hint:
2026-10-04T00:43:24.9677704Z hint: 	git config --global init.defaultBranch <name>
2026-10-04T00:43:24.9678705Z hint:
2026-10-04T00:43:24.9679697Z hint: Names commonly chosen instead of 'master' are 'main', 'trunk' and
2026-10-04T00:43:24.9681269Z hint: 'development'. The just-created branch can be renamed via this command:
2026-10-04T00:43:24.9682767Z hint:
2026-10-04T00:43:24.9683431Z hint: 	git branch -m <name>
2026-10-04T00:43:24.9684232Z hint:
2026-10-04T00:43:24.9685335Z hint: Disable this message with "git config set advice.defaultBranchName false"
2026-10-04T00:43:24.9687042Z Initialized empty Git repository in /home/runner/work/AIRLOCK/AIRLOCK/.git/
2026-10-04T00:43:24.9701787Z [command]/usr/bin/git remote add origin https://github.com/Changxin-YR/AIRLOCK
2026-10-04T00:43:24.9753124Z ##[endgroup]
2026-10-04T00:43:24.9754000Z ##[group]Disabling automatic garbage collection
2026-10-04T00:43:24.9758072Z [command]/usr/bin/git config --local gc.auto 0
2026-10-04T00:43:24.9791552Z ##[endgroup]
2026-10-04T00:43:24.9792734Z ##[group]Setting up auth
2026-10-04T00:43:24.9800367Z [command]/usr/bin/git config --local --name-only --get-regexp core\.sshCommand
2026-10-04T00:43:24.9836992Z [command]/usr/bin/git submodule foreach --recursive sh -c "git config --local --name-only --get-regexp 'core\.sshCommand' && git config --local --unset-all 'core.sshCommand' || :"
2026-10-04T00:43:25.0235124Z [command]/usr/bin/git config --local --name-only --get-regexp http\.https\:\/\/github\.com\/\.extraheader
2026-10-04T00:43:25.0278445Z [command]/usr/bin/git submodule foreach --recursive sh -c "git config --local --name-only --get-regexp 'http\.https\:\/\/github\.com\/\.extraheader' && git config --local --unset-all 'http.https://github.com/.extraheader' || :"
2026-10-04T00:43:25.0514781Z [command]/usr/bin/git config --local --name-only --get-regexp ^includeIf\.gitdir:
2026-10-04T00:43:25.0552628Z [command]/usr/bin/git submodule foreach --recursive git config --local --show-origin --name-only --get-regexp remote.origin.url
2026-10-04T00:43:25.0786334Z [command]/usr/bin/git config --local http.https://github.com/.extraheader AUTHORIZATION: basic ***
2026-10-04T00:43:25.0829676Z ##[endgroup]
2026-10-04T00:43:25.0830937Z ##[group]Fetching the repository
2026-10-04T00:43:25.0840065Z [command]/usr/bin/git -c protocol.version=2 fetch --no-tags --prune --no-recurse-submodules --depth=1 origin f27b447e268209a8b8f480111e55a3f6bb1bedce
2026-10-04T00:43:26.8096355Z From https://github.com/Changxin-YR/AIRLOCK
2026-10-04T00:43:26.8100016Z  * branch            f27b447e268209a8b8f480111e55a3f6bb1bedce -> FETCH_HEAD
2026-10-04T00:43:26.8103842Z ##[endgroup]
2026-10-04T00:43:26.8105239Z ##[group]Determining the checkout info
2026-10-04T00:43:26.8106563Z ##[endgroup]
2026-10-04T00:43:26.8114075Z [command]/usr/bin/git sparse-checkout disable
2026-10-04T00:43:26.8177639Z [command]/usr/bin/git config --local --unset-all extensions.worktreeConfig
2026-10-04T00:43:26.8211171Z ##[group]Checking out the ref
2026-10-04T00:43:26.8215913Z [command]/usr/bin/git checkout --progress --force f27b447e268209a8b8f480111e55a3f6bb1bedce
2026-10-04T00:43:27.0125805Z Note: switching to 'f27b447e268209a8b8f480111e55a3f6bb1bedce'.
2026-10-04T00:43:27.0126580Z 
2026-10-04T00:43:27.0127084Z You are in 'detached HEAD' state. You can look around, make experimental
2026-10-04T00:43:27.0128301Z changes and commit them, and you can discard any commits you make in this
2026-10-04T00:43:27.0129930Z state without impacting any branches by switching back to a branch.
2026-10-04T00:43:27.0130479Z 
2026-10-04T00:43:27.0130813Z If you want to create a new branch to retain commits you create, you may
2026-10-04T00:43:27.0131589Z do so (now or later) by using -c with the switch command. Example:
2026-10-04T00:43:27.0132382Z 
2026-10-04T00:43:27.0132581Z   git switch -c <new-branch-name>
2026-10-04T00:43:27.0132873Z 
2026-10-04T00:43:27.0133073Z Or undo this operation with:
2026-10-04T00:43:27.0133339Z 
2026-10-04T00:43:27.0133506Z   git switch -
2026-10-04T00:43:27.0133699Z 
2026-10-04T00:43:27.0133991Z Turn off this advice by setting config variable advice.detachedHead to false
2026-10-04T00:43:27.0134366Z 
2026-10-04T00:43:27.0134656Z HEAD is now at f27b447 Clarify initialization output and bind reviewed documentation
2026-10-04T00:43:27.0147438Z ##[endgroup]
2026-10-04T00:43:27.0196819Z [command]/usr/bin/git log -1 --format=%H
2026-10-04T00:43:27.0225374Z f27b447e268209a8b8f480111e55a3f6bb1bedce
2026-10-04T00:43:27.0435723Z ##[group]Run mkdir -p evidence
2026-10-04T00:43:27.0436184Z [36;1mmkdir -p evidence[0m
2026-10-04T00:43:27.0436514Z [36;1mpython3 scripts/archive_source.py[0m
2026-10-04T00:43:27.0436910Z [36;1mgit rev-parse HEAD > evidence/commit.txt[0m
2026-10-04T00:43:27.0705800Z shell: /usr/bin/bash --noprofile --norc -e -o pipefail {0}
2026-10-04T00:43:27.0706363Z env:
2026-10-04T00:43:27.0706682Z   NEXT_TELEMETRY_DISABLED: 1
2026-10-04T00:43:27.0707073Z ##[endgroup]
2026-10-04T00:43:27.1891271Z Archived tracked source and documentation; historical evidence remains separately versioned in Git.
2026-10-04T00:43:27.2066052Z ##[group]Run actions/setup-python@v5
2026-10-04T00:43:27.2066429Z with:
2026-10-04T00:43:27.2066678Z   python-version: 3.13
2026-10-04T00:43:27.2066955Z   check-latest: false
2026-10-04T00:43:27.2069686Z   token: ***
2026-10-04T00:43:27.2069956Z   update-environment: true
2026-10-04T00:43:27.2070259Z   allow-prereleases: false
2026-10-04T00:43:27.2070559Z   freethreaded: false
2026-10-04T00:43:27.2070805Z env:
2026-10-04T00:43:27.2071039Z   NEXT_TELEMETRY_DISABLED: 1
2026-10-04T00:43:27.2071313Z ##[endgroup]
2026-10-04T00:43:27.3425690Z ##[group]Installed versions
2026-10-04T00:43:27.3511783Z (node:2333) [DEP0040] DeprecationWarning: The `punycode` module is deprecated. Please use a userland alternative instead.
2026-10-04T00:43:27.3513165Z (Use `node --trace-deprecation ...` to show where the warning was created)
2026-10-04T00:43:27.3514062Z Successfully set up CPython (3.13.15)
2026-10-04T00:43:27.3514937Z ##[endgroup]
2026-10-04T00:43:27.3672841Z ##[group]Run python scripts/run_logged.py evidence/sqlite-runtime-build.log -- python scripts/build_sqlite_runtime.py --prefix "$RUNNER_TEMP/airlock-sqlite-runtime" --output evidence/sqlite-runtime-build.json
2026-10-04T00:43:27.3674485Z [36;1mpython scripts/run_logged.py evidence/sqlite-runtime-build.log -- python scripts/build_sqlite_runtime.py --prefix "$RUNNER_TEMP/airlock-sqlite-runtime" --output evidence/sqlite-runtime-build.json[0m
2026-10-04T00:43:27.3675698Z [36;1mprintf '%s\n' "$RUNNER_TEMP/airlock-sqlite-runtime/lib" | sudo tee /etc/ld.so.conf.d/00-airlock-sqlite.conf > /dev/null[0m
2026-10-04T00:43:27.3676292Z [36;1msudo ldconfig[0m
2026-10-04T00:43:27.3756410Z shell: /usr/bin/bash --noprofile --norc -e -o pipefail {0}
2026-10-04T00:43:27.3756866Z env:
2026-10-04T00:43:27.3757137Z   NEXT_TELEMETRY_DISABLED: 1
2026-10-04T00:43:27.3757520Z   pythonLocation: /opt/hostedtoolcache/Python/3.13.15/x64
2026-10-04T00:43:27.3758134Z   PKG_CONFIG_PATH: /opt/hostedtoolcache/Python/3.13.15/x64/lib/pkgconfig
2026-10-04T00:43:27.3758632Z   Python_ROOT_DIR: /opt/hostedtoolcache/Python/3.13.15/x64
2026-10-04T00:43:27.3759171Z   Python2_ROOT_DIR: /opt/hostedtoolcache/Python/3.13.15/x64
2026-10-04T00:43:27.3759947Z   Python3_ROOT_DIR: /opt/hostedtoolcache/Python/3.13.15/x64
2026-10-04T00:43:27.3760726Z   LD_LIBRARY_PATH: /opt/hostedtoolcache/Python/3.13.15/x64/lib
2026-10-04T00:43:27.3761775Z ##[endgroup]
2026-10-04T00:43:58.7273512Z {
2026-10-04T00:43:58.7274252Z   "mode": "official_source_shared_runtime",
2026-10-04T00:43:58.7279901Z   "platform": "Linux-6.17.0-1022-azure-x86_64-with-glibc2.39",
2026-10-04T00:43:58.7280575Z   "pin": {
2026-10-04T00:43:58.7286897Z     "version": "3.53.1",
2026-10-04T00:43:58.7288095Z     "source_id": "2026-05-05 10:34:17 c88b22011a54b4f6fbd149e9f8e4de77658ce58143a1af0e3785e4e6475127e9",
2026-10-04T00:43:58.7289289Z     "archive_url": "https://sqlite.org/2026/sqlite-autoconf-3530100.tar.gz",
2026-10-04T00:43:58.7290371Z     "archive_sha256": "83e6b2020a034e9a7ad4a72feea59e1ad52f162e09cbd26735a3ffb98359fc4f",
2026-10-04T00:43:58.7291354Z     "amalgamation_path": "sqlite-autoconf-3530100/sqlite3.c",
2026-10-04T00:43:58.7292699Z     "amalgamation_sha3_256": "414432ae5719f6cdc485f3927e12c7ad107e2b8c6b434e5df2eadb5312bfabb5",
2026-10-04T00:43:58.7293761Z     "release_reference": "https://sqlite.org/releaselog/3_53_1.html",
2026-10-04T00:43:58.7294916Z     "fix_reference": "https://sqlite.org/wal.html#walresetbug"
2026-10-04T00:43:58.7295579Z   },
2026-10-04T00:43:58.7296040Z   "compiler": "cc (Ubuntu 13.3.0-6ubuntu2~24.04.1) 13.3.0",
2026-10-04T00:43:58.7296633Z   "compiler_flags": [
2026-10-04T00:43:58.7297046Z     "-O2",
2026-10-04T00:43:58.7297393Z     "-fPIC",
2026-10-04T00:43:58.7297749Z     "-shared",
2026-10-04T00:43:58.7298146Z     "-Wl,-soname,libsqlite3.so.0",
2026-10-04T00:43:58.7298654Z     "-DSQLITE_THREADSAFE=1",
2026-10-04T00:43:58.7299159Z     "-DSQLITE_ENABLE_COLUMN_METADATA",
2026-10-04T00:43:58.7299661Z     "-DSQLITE_ENABLE_FTS3",
2026-10-04T00:43:58.7300107Z     "-DSQLITE_ENABLE_FTS5",
2026-10-04T00:43:58.7300553Z     "-DSQLITE_ENABLE_RTREE",
2026-10-04T00:43:58.7301000Z     "-DSQLITE_ENABLE_DBSTAT_VTAB",
2026-10-04T00:43:58.7301498Z     "-DSQLITE_ENABLE_MATH_FUNCTIONS",
2026-10-04T00:43:58.7302325Z     "-DSQLITE_USE_URI=1"
2026-10-04T00:43:58.7302769Z   ],
2026-10-04T00:43:58.7303398Z   "library": "/home/runner/work/_temp/airlock-sqlite-runtime/lib/libsqlite3.so.0",
2026-10-04T00:43:58.7304660Z   "library_sha256": "f826cb46ed8fb7b0c33f603eb8b8e8cf6026031f3dc455aa87b0032cf8a9dee2",
2026-10-04T00:43:58.7305577Z   "verified_python_runtime": {
2026-10-04T00:43:58.7306046Z     "version": "3.53.1",
2026-10-04T00:43:58.7306842Z     "source_id": "2026-05-05 10:34:17 c88b22011a54b4f6fbd149e9f8e4de77658ce58143a1af0e3785e4e6475127e9",
2026-10-04T00:43:58.7307736Z     "compile_options": [
2026-10-04T00:43:58.7308190Z       "ATOMIC_INTRINSICS=1",
2026-10-04T00:43:58.7308632Z       "COMPILER=gcc-13.3.0",
2026-10-04T00:43:58.7309544Z       "DEFAULT_AUTOVACUUM",
2026-10-04T00:43:58.7310077Z       "DEFAULT_CACHE_SIZE=-2000",
2026-10-04T00:43:58.7310567Z       "DEFAULT_FILE_FORMAT=4",
2026-10-04T00:43:58.7311060Z       "DEFAULT_JOURNAL_SIZE_LIMIT=-1",
2026-10-04T00:43:58.7311562Z       "DEFAULT_MMAP_SIZE=0",
2026-10-04T00:43:58.7312300Z       "DEFAULT_PAGE_SIZE=4096",
2026-10-04T00:43:58.7312801Z       "DEFAULT_PCACHE_INITSZ=20",
2026-10-04T00:43:58.7313197Z       "DEFAULT_RECURSIVE_TRIGGERS",
2026-10-04T00:43:58.7313471Z       "DEFAULT_SECTOR_SIZE=4096",
2026-10-04T00:43:58.7313738Z       "DEFAULT_SYNCHRONOUS=2",
2026-10-04T00:43:58.7314009Z       "DEFAULT_WAL_AUTOCHECKPOINT=1000",
2026-10-04T00:43:58.7314297Z       "DEFAULT_WAL_SYNCHRONOUS=2",
2026-10-04T00:43:58.7314559Z       "DEFAULT_WORKER_THREADS=0",
2026-10-04T00:43:58.7314807Z       "DIRECT_OVERFLOW_READ",
2026-10-04T00:43:58.7315055Z       "ENABLE_COLUMN_METADATA",
2026-10-04T00:43:58.7315298Z       "ENABLE_DBSTAT_VTAB",
2026-10-04T00:43:58.7315529Z       "ENABLE_FTS3",
2026-10-04T00:43:58.7315744Z       "ENABLE_FTS5",
2026-10-04T00:43:58.7315959Z       "ENABLE_MATH_FUNCTIONS",
2026-10-04T00:43:58.7316196Z       "ENABLE_RTREE",
2026-10-04T00:43:58.7316423Z       "MALLOC_SOFT_LIMIT=1024",
2026-10-04T00:43:58.7316660Z       "MAX_ATTACHED=10",
2026-10-04T00:43:58.7316886Z       "MAX_COLUMN=2000",
2026-10-04T00:43:58.7317122Z       "MAX_COMPOUND_SELECT=500",
2026-10-04T00:43:58.7317378Z       "MAX_DEFAULT_PAGE_SIZE=8192",
2026-10-04T00:43:58.7317871Z       "MAX_EXPR_DEPTH=1000",
2026-10-04T00:43:58.7318115Z       "MAX_FUNCTION_ARG=1000",
2026-10-04T00:43:58.7318348Z       "MAX_LENGTH=1000000000",
2026-10-04T00:43:58.7318589Z       "MAX_LIKE_PATTERN_LENGTH=50000",
2026-10-04T00:43:58.7318885Z       "MAX_MMAP_SIZE=0x7fff0000",
2026-10-04T00:43:58.7319188Z       "MAX_PAGE_COUNT=0xfffffffe",
2026-10-04T00:43:58.7319439Z       "MAX_PAGE_SIZE=65536",
2026-10-04T00:43:58.7319670Z       "MAX_SQL_LENGTH=1000000000",
2026-10-04T00:43:58.7319917Z       "MAX_TRIGGER_DEPTH=1000",
2026-10-04T00:43:58.7320175Z       "MAX_VARIABLE_NUMBER=32766",
2026-10-04T00:43:58.7320420Z       "MAX_VDBE_OP=250000000",
2026-10-04T00:43:58.7320650Z       "MAX_WORKER_THREADS=8",
2026-10-04T00:43:58.7320882Z       "MUTEX_PTHREADS",
2026-10-04T00:43:58.7321107Z       "SYSTEM_MALLOC",
2026-10-04T00:43:58.7321316Z       "TEMP_STORE=1",
2026-10-04T00:43:58.7321530Z       "THREADSAFE=1",
2026-10-04T00:43:58.7321729Z       "USE_URI"
2026-10-04T00:43:58.7321928Z     ]
2026-10-04T00:43:58.7322471Z   },
2026-10-04T00:43:58.7322679Z   "child_exit_code": 0,
2026-10-04T00:43:58.7322918Z   "system_library_replaced": false
2026-10-04T00:43:58.7323165Z }
2026-10-04T00:43:58.7950109Z ##[group]Run python scripts/run_logged.py evidence/sqlite-runtime-linked.log -- env -u LD_LIBRARY_PATH python -m airlock.sqlite_runtime --pin-file configs/sqlite-runtime.json --build-report evidence/sqlite-runtime-build.json --output evidence/sqlite-runtime-linked.json
2026-10-04T00:43:58.7952469Z [36;1mpython scripts/run_logged.py evidence/sqlite-runtime-linked.log -- env -u LD_LIBRARY_PATH python -m airlock.sqlite_runtime --pin-file configs/sqlite-runtime.json --build-report evidence/sqlite-runtime-build.json --output evidence/sqlite-runtime-linked.json[0m
2026-10-04T00:43:58.8019118Z shell: /usr/bin/bash --noprofile --norc -e -o pipefail {0}
2026-10-04T00:43:58.8019474Z env:
2026-10-04T00:43:58.8019681Z   NEXT_TELEMETRY_DISABLED: 1
2026-10-04T00:43:58.8020009Z   pythonLocation: /opt/hostedtoolcache/Python/3.13.15/x64
2026-10-04T00:43:58.8020483Z   PKG_CONFIG_PATH: /opt/hostedtoolcache/Python/3.13.15/x64/lib/pkgconfig
2026-10-04T00:43:58.8020964Z   Python_ROOT_DIR: /opt/hostedtoolcache/Python/3.13.15/x64
2026-10-04T00:43:58.8021382Z   Python2_ROOT_DIR: /opt/hostedtoolcache/Python/3.13.15/x64
2026-10-04T00:43:58.8021771Z   Python3_ROOT_DIR: /opt/hostedtoolcache/Python/3.13.15/x64
2026-10-04T00:43:58.8022448Z   LD_LIBRARY_PATH: /opt/hostedtoolcache/Python/3.13.15/x64/lib
2026-10-04T00:43:58.8022777Z ##[endgroup]
2026-10-04T00:43:58.9002842Z {
2026-10-04T00:43:58.9003370Z   "version": "3.53.1",
2026-10-04T00:43:58.9004132Z   "source_id": "2026-05-05 10:34:17 c88b22011a54b4f6fbd149e9f8e4de77658ce58143a1af0e3785e4e6475127e9",
2026-10-04T00:43:58.9005021Z   "wal_reset_fix": "upstream_fixed_version",
2026-10-04T00:43:58.9005577Z   "compile_options": [
2026-10-04T00:43:58.9006020Z     "ATOMIC_INTRINSICS=1",
2026-10-04T00:43:58.9006497Z     "COMPILER=gcc-13.3.0",
2026-10-04T00:43:58.9006990Z     "DEFAULT_AUTOVACUUM",
2026-10-04T00:43:58.9007417Z     "DEFAULT_CACHE_SIZE=-2000",
2026-10-04T00:43:58.9007858Z     "DEFAULT_FILE_FORMAT=4",
2026-10-04T00:43:58.9008321Z     "DEFAULT_JOURNAL_SIZE_LIMIT=-1",
2026-10-04T00:43:58.9008791Z     "DEFAULT_MMAP_SIZE=0",
2026-10-04T00:43:58.9009206Z     "DEFAULT_PAGE_SIZE=4096",
2026-10-04T00:43:58.9009635Z     "DEFAULT_PCACHE_INITSZ=20",
2026-10-04T00:43:58.9010082Z     "DEFAULT_RECURSIVE_TRIGGERS",
2026-10-04T00:43:58.9010546Z     "DEFAULT_SECTOR_SIZE=4096",
2026-10-04T00:43:58.9010836Z     "DEFAULT_SYNCHRONOUS=2",
2026-10-04T00:43:58.9011096Z     "DEFAULT_WAL_AUTOCHECKPOINT=1000",
2026-10-04T00:43:58.9011380Z     "DEFAULT_WAL_SYNCHRONOUS=2",
2026-10-04T00:43:58.9011639Z     "DEFAULT_WORKER_THREADS=0",
2026-10-04T00:43:58.9011910Z     "DIRECT_OVERFLOW_READ",
2026-10-04T00:43:58.9012634Z     "ENABLE_COLUMN_METADATA",
2026-10-04T00:43:58.9012894Z     "ENABLE_DBSTAT_VTAB",
2026-10-04T00:43:58.9013125Z     "ENABLE_FTS3",
2026-10-04T00:43:58.9013331Z     "ENABLE_FTS5",
2026-10-04T00:43:58.9013809Z     "ENABLE_MATH_FUNCTIONS",
2026-10-04T00:43:58.9014049Z     "ENABLE_RTREE",
2026-10-04T00:43:58.9014265Z     "MALLOC_SOFT_LIMIT=1024",
2026-10-04T00:43:58.9014510Z     "MAX_ATTACHED=10",
2026-10-04T00:43:58.9014722Z     "MAX_COLUMN=2000",
2026-10-04T00:43:58.9014950Z     "MAX_COMPOUND_SELECT=500",
2026-10-04T00:43:58.9015211Z     "MAX_DEFAULT_PAGE_SIZE=8192",
2026-10-04T00:43:58.9015522Z     "MAX_EXPR_DEPTH=1000",
2026-10-04T00:43:58.9015754Z     "MAX_FUNCTION_ARG=1000",
2026-10-04T00:43:58.9015985Z     "MAX_LENGTH=1000000000",
2026-10-04T00:43:58.9016226Z     "MAX_LIKE_PATTERN_LENGTH=50000",
2026-10-04T00:43:58.9016491Z     "MAX_MMAP_SIZE=0x7fff0000",
2026-10-04T00:43:58.9016740Z     "MAX_PAGE_COUNT=0xfffffffe",
2026-10-04T00:43:58.9016987Z     "MAX_PAGE_SIZE=65536",
2026-10-04T00:43:58.9017218Z     "MAX_SQL_LENGTH=1000000000",
2026-10-04T00:43:58.9017462Z     "MAX_TRIGGER_DEPTH=1000",
2026-10-04T00:43:58.9017703Z     "MAX_VARIABLE_NUMBER=32766",
2026-10-04T00:43:58.9017947Z     "MAX_VDBE_OP=250000000",
2026-10-04T00:43:58.9018176Z     "MAX_WORKER_THREADS=8",
2026-10-04T00:43:58.9018411Z     "MUTEX_PTHREADS",
2026-10-04T00:43:58.9018623Z     "SYSTEM_MALLOC",
2026-10-04T00:43:58.9019009Z     "TEMP_STORE=1",
2026-10-04T00:43:58.9019225Z     "THREADSAFE=1",
2026-10-04T00:43:58.9019422Z     "USE_URI"
2026-10-04T00:43:58.9019611Z   ],
2026-10-04T00:43:58.9019796Z   "python": "3.13.15",
2026-10-04T00:43:58.9020025Z   "sqlite_threadsafety": 3,
2026-10-04T00:43:58.9020261Z   "pin_verified": true,
2026-10-04T00:43:58.9020664Z   "archive_sha256": "83e6b2020a034e9a7ad4a72feea59e1ad52f162e09cbd26735a3ffb98359fc4f",
2026-10-04T00:43:58.9021291Z   "amalgamation_sha3_256": "414432ae5719f6cdc485f3927e12c7ad107e2b8c6b434e5df2eadb5312bfabb5",
2026-10-04T00:43:58.9021764Z   "loaded_shared_library_files": [
2026-10-04T00:43:58.9022348Z     {
2026-10-04T00:43:58.9022737Z       "path": "/home/runner/work/_temp/airlock-sqlite-runtime/lib/libsqlite3.so.0",
2026-10-04T00:43:58.9023149Z       "bytes": 1591216,
2026-10-04T00:43:58.9023519Z       "sha256": "f826cb46ed8fb7b0c33f603eb8b8e8cf6026031f3dc455aa87b0032cf8a9dee2"
2026-10-04T00:43:58.9023918Z     }
2026-10-04T00:43:58.9024093Z   ],
2026-10-04T00:43:58.9024296Z   "loaded_shared_libraries": [
2026-10-04T00:43:58.9024650Z     "/home/runner/work/_temp/airlock-sqlite-runtime/lib/libsqlite3.so.0"
2026-10-04T00:43:58.9025017Z   ],
2026-10-04T00:43:58.9025214Z   "build_report_verified": true,
2026-10-04T00:43:58.9025634Z   "build_report_sha256": "df942eb5a313c85336ab90b038173f4d07778024674bed89ebec429d2846269d"
2026-10-04T00:43:58.9026070Z }
2026-10-04T00:43:58.9240022Z ##[group]Run actions/setup-node@v4
2026-10-04T00:43:58.9240434Z with:
2026-10-04T00:43:58.9240636Z   node-version: 22
2026-10-04T00:43:58.9240851Z   always-auth: false
2026-10-04T00:43:58.9241072Z   check-latest: false
2026-10-04T00:43:58.9244091Z   token: ***
2026-10-04T00:43:58.9244306Z env:
2026-10-04T00:43:58.9244502Z   NEXT_TELEMETRY_DISABLED: 1
2026-10-04T00:43:58.9244819Z   pythonLocation: /opt/hostedtoolcache/Python/3.13.15/x64
2026-10-04T00:43:58.9245292Z   PKG_CONFIG_PATH: /opt/hostedtoolcache/Python/3.13.15/x64/lib/pkgconfig
2026-10-04T00:43:58.9245739Z   Python_ROOT_DIR: /opt/hostedtoolcache/Python/3.13.15/x64
2026-10-04T00:43:58.9246136Z   Python2_ROOT_DIR: /opt/hostedtoolcache/Python/3.13.15/x64
2026-10-04T00:43:58.9246523Z   Python3_ROOT_DIR: /opt/hostedtoolcache/Python/3.13.15/x64
2026-10-04T00:43:58.9246914Z   LD_LIBRARY_PATH: /opt/hostedtoolcache/Python/3.13.15/x64/lib
2026-10-04T00:43:58.9247238Z ##[endgroup]
2026-10-04T00:43:59.0719069Z Found in cache @ /opt/hostedtoolcache/node/22.23.3/x64
2026-10-04T00:43:59.0722970Z (node:2379) [DEP0040] DeprecationWarning: The `punycode` module is deprecated. Please use a userland alternative instead.
2026-10-04T00:43:59.0724290Z (Use `node --trace-deprecation ...` to show where the warning was created)
2026-10-04T00:43:59.0726818Z ##[group]Environment details
2026-10-04T00:43:59.5006893Z node: v22.23.3
2026-10-04T00:43:59.5007370Z npm: 10.9.9
2026-10-04T00:43:59.5008104Z yarn: 1.22.22
2026-10-04T00:43:59.5008884Z ##[endgroup]
2026-10-04T00:43:59.5134893Z ##[group]Run python -m pip install -r requirements-dev.txt
2026-10-04T00:43:59.5135338Z [36;1mpython -m pip install -r requirements-dev.txt[0m
2026-10-04T00:43:59.5205557Z shell: /usr/bin/bash --noprofile --norc -e -o pipefail {0}
2026-10-04T00:43:59.5205899Z env:
2026-10-04T00:43:59.5206098Z   NEXT_TELEMETRY_DISABLED: 1
2026-10-04T00:43:59.5206409Z   pythonLocation: /opt/hostedtoolcache/Python/3.13.15/x64
2026-10-04T00:43:59.5206854Z   PKG_CONFIG_PATH: /opt/hostedtoolcache/Python/3.13.15/x64/lib/pkgconfig
2026-10-04T00:43:59.5207294Z   Python_ROOT_DIR: /opt/hostedtoolcache/Python/3.13.15/x64
2026-10-04T00:43:59.5207679Z   Python2_ROOT_DIR: /opt/hostedtoolcache/Python/3.13.15/x64
2026-10-04T00:43:59.5208078Z   Python3_ROOT_DIR: /opt/hostedtoolcache/Python/3.13.15/x64
2026-10-04T00:43:59.5208459Z   LD_LIBRARY_PATH: /opt/hostedtoolcache/Python/3.13.15/x64/lib
2026-10-04T00:43:59.5208790Z ##[endgroup]
2026-10-04T00:44:01.3543900Z Collecting fastapi==0.142.2 (from -r /home/runner/work/AIRLOCK/AIRLOCK/requirements.txt (line 1))
2026-10-04T00:44:01.4035064Z   Downloading fastapi-0.142.2-py3-none-any.whl.metadata (27 kB)
2026-10-04T00:44:01.4428639Z Collecting starlette==1.7.0 (from -r /home/runner/work/AIRLOCK/AIRLOCK/requirements.txt (line 2))
2026-10-04T00:44:01.4468755Z   Downloading starlette-1.7.0-py3-none-any.whl.metadata (6.6 kB)
2026-10-04T00:44:01.5487749Z Collecting pydantic==2.13.5 (from -r /home/runner/work/AIRLOCK/AIRLOCK/requirements.txt (line 3))
2026-10-04T00:44:01.5535505Z   Downloading pydantic-2.13.5-py3-none-any.whl.metadata (110 kB)
2026-10-04T00:44:01.6234228Z Collecting uvicorn==0.48.0 (from -r /home/runner/work/AIRLOCK/AIRLOCK/requirements.txt (line 4))
2026-10-04T00:44:01.6284611Z   Downloading uvicorn-0.48.0-py3-none-any.whl.metadata (6.7 kB)
2026-10-04T00:44:01.6474794Z Collecting httpx==0.28.1 (from -r /home/runner/work/AIRLOCK/AIRLOCK/requirements.txt (line 5))
2026-10-04T00:44:01.6515599Z   Downloading httpx-0.28.1-py3-none-any.whl.metadata (7.1 kB)
2026-10-04T00:44:01.6675695Z Collecting httpcore==1.0.9 (from -r /home/runner/work/AIRLOCK/AIRLOCK/requirements.txt (line 6))
2026-10-04T00:44:01.6714973Z   Downloading httpcore-1.0.9-py3-none-any.whl.metadata (21 kB)
2026-10-04T00:44:01.6963017Z Collecting cel-python==0.4.0 (from -r /home/runner/work/AIRLOCK/AIRLOCK/requirements.txt (line 7))
2026-10-04T00:44:01.7019500Z   Downloading cel_python-0.4.0-py3-none-any.whl.metadata (8.5 kB)
2026-10-04T00:44:01.7370454Z Collecting PyYAML==6.0.3 (from -r /home/runner/work/AIRLOCK/AIRLOCK/requirements.txt (line 8))
2026-10-04T00:44:01.7413420Z   Downloading pyyaml-6.0.3-cp313-cp313-manylinux2014_x86_64.manylinux_2_17_x86_64.manylinux_2_28_x86_64.whl.metadata (2.4 kB)
2026-10-04T00:44:01.7602517Z Collecting PyJWT==2.15.1 (from -r /home/runner/work/AIRLOCK/AIRLOCK/requirements.txt (line 9))
2026-10-04T00:44:01.7643937Z   Downloading pyjwt-2.15.1-py3-none-any.whl.metadata (3.5 kB)
2026-10-04T00:44:01.9403750Z Collecting cryptography==50.0.2 (from -r /home/runner/work/AIRLOCK/AIRLOCK/requirements.txt (line 10))
2026-10-04T00:44:01.9440381Z   Downloading cryptography-50.0.2-cp311-abi3-manylinux_2_34_x86_64.whl.metadata (4.4 kB)
2026-10-04T00:44:02.1270219Z Collecting boto3==1.43.107 (from -r /home/runner/work/AIRLOCK/AIRLOCK/requirements-archive.txt (line 2))
2026-10-04T00:44:02.1329574Z   Downloading boto3-1.43.107-py3-none-any.whl.metadata (6.6 kB)
2026-10-04T00:44:02.3425885Z Collecting botocore==1.43.107 (from -r /home/runner/work/AIRLOCK/AIRLOCK/requirements-archive.txt (line 3))
2026-10-04T00:44:02.3493574Z   Downloading botocore-1.43.107-py3-none-any.whl.metadata (5.6 kB)
2026-10-04T00:44:02.3660916Z Collecting s3transfer==0.19.2 (from -r /home/runner/work/AIRLOCK/AIRLOCK/requirements-archive.txt (line 4))
2026-10-04T00:44:02.3704714Z   Downloading s3transfer-0.19.2-py3-none-any.whl.metadata (1.7 kB)
2026-10-04T00:44:02.3949218Z Collecting pytest==9.0.2 (from -r requirements-dev.txt (line 3))
2026-10-04T00:44:02.3999643Z   Downloading pytest-9.0.2-py3-none-any.whl.metadata (7.6 kB)
2026-10-04T00:44:02.4349981Z Collecting playwright==1.57.0 (from -r requirements-dev.txt (line 4))
2026-10-04T00:44:02.4409447Z   Downloading playwright-1.57.0-py3-none-manylinux1_x86_64.whl.metadata (3.5 kB)
2026-10-04T00:44:02.4566123Z Collecting mcp==1.26.0 (from -r requirements-dev.txt (line 5))
2026-10-04T00:44:02.4601973Z   Downloading mcp-1.26.0-py3-none-any.whl.metadata (89 kB)
2026-10-04T00:44:02.4818849Z Collecting pip-audit==2.10.1 (from -r requirements-dev.txt (line 6))
2026-10-04T00:44:02.4856152Z   Downloading pip_audit-2.10.1-py3-none-any.whl.metadata (28 kB)
2026-10-04T00:44:02.5060551Z Collecting typing-extensions>=4.8.0 (from fastapi==0.142.2->-r /home/runner/work/AIRLOCK/AIRLOCK/requirements.txt (line 1))
2026-10-04T00:44:02.5100727Z   Downloading typing_extensions-4.16.0-py3-none-any.whl.metadata (3.3 kB)
2026-10-04T00:44:02.5209363Z Collecting typing-inspection>=0.4.2 (from fastapi==0.142.2->-r /home/runner/work/AIRLOCK/AIRLOCK/requirements.txt (line 1))
2026-10-04T00:44:02.5247690Z   Downloading typing_inspection-0.4.4-py3-none-any.whl.metadata (2.6 kB)
2026-10-04T00:44:02.5347093Z Collecting annotated-doc>=0.0.2 (from fastapi==0.142.2->-r /home/runner/work/AIRLOCK/AIRLOCK/requirements.txt (line 1))
2026-10-04T00:44:02.5382422Z   Downloading annotated_doc-0.0.5-py3-none-any.whl.metadata (6.5 kB)
2026-10-04T00:44:02.5576809Z Collecting opentelemetry-api>=1.44.0 (from fastapi==0.142.2->-r /home/runner/work/AIRLOCK/AIRLOCK/requirements.txt (line 1))
2026-10-04T00:44:02.5620503Z   Downloading opentelemetry_api-1.45.0-py3-none-any.whl.metadata (1.4 kB)
2026-10-04T00:44:02.6019894Z Collecting anyio<5,>=4.0.0 (from starlette==1.7.0->-r /home/runner/work/AIRLOCK/AIRLOCK/requirements.txt (line 2))
2026-10-04T00:44:02.6058411Z   Downloading anyio-4.15.1-py3-none-any.whl.metadata (4.7 kB)
2026-10-04T00:44:02.6176941Z Collecting annotated-types>=0.6.0 (from pydantic==2.13.5->-r /home/runner/work/AIRLOCK/AIRLOCK/requirements.txt (line 3))
2026-10-04T00:44:02.6214246Z   Downloading annotated_types-0.8.0-py3-none-any.whl.metadata (15 kB)
2026-10-04T00:44:03.2800444Z Collecting pydantic-core==2.46.5 (from pydantic==2.13.5->-r /home/runner/work/AIRLOCK/AIRLOCK/requirements.txt (line 3))
2026-10-04T00:44:03.2854333Z   Downloading pydantic_core-2.46.5-cp313-cp313-manylinux_2_17_x86_64.manylinux2014_x86_64.whl.metadata (6.6 kB)
2026-10-04T00:44:03.3075422Z Collecting click>=7.0 (from uvicorn==0.48.0->-r /home/runner/work/AIRLOCK/AIRLOCK/requirements.txt (line 4))
2026-10-04T00:44:03.3112575Z   Downloading click-8.5.0-py3-none-any.whl.metadata (2.6 kB)
2026-10-04T00:44:03.3234603Z Collecting h11>=0.8 (from uvicorn==0.48.0->-r /home/runner/work/AIRLOCK/AIRLOCK/requirements.txt (line 4))
2026-10-04T00:44:03.3289536Z   Downloading h11-0.16.0-py3-none-any.whl.metadata (8.3 kB)
2026-10-04T00:44:03.3530012Z Collecting certifi (from httpx==0.28.1->-r /home/runner/work/AIRLOCK/AIRLOCK/requirements.txt (line 5))
2026-10-04T00:44:03.3571262Z   Downloading certifi-2026.7.22-py3-none-any.whl.metadata (2.5 kB)
2026-10-04T00:44:03.3725413Z Collecting idna (from httpx==0.28.1->-r /home/runner/work/AIRLOCK/AIRLOCK/requirements.txt (line 5))
2026-10-04T00:44:03.3764097Z   Downloading idna-3.20-py3-none-any.whl.metadata (7.2 kB)
2026-10-04T00:44:03.4308648Z Collecting google-re2>=1.1.20240702 (from cel-python==0.4.0->-r /home/runner/work/AIRLOCK/AIRLOCK/requirements.txt (line 7))
2026-10-04T00:44:03.4441755Z   Downloading google_re2-1.1.20251105-1-cp313-cp313-manylinux_2_27_x86_64.manylinux_2_28_x86_64.whl.metadata (2.4 kB)
2026-10-04T00:44:03.4659808Z Collecting jmespath>=1.0.1 (from cel-python==0.4.0->-r /home/runner/work/AIRLOCK/AIRLOCK/requirements.txt (line 7))
2026-10-04T00:44:03.4696149Z   Downloading jmespath-1.1.0-py3-none-any.whl.metadata (7.6 kB)
2026-10-04T00:44:03.4812742Z Collecting lark>=1.2.2 (from cel-python==0.4.0->-r /home/runner/work/AIRLOCK/AIRLOCK/requirements.txt (line 7))
2026-10-04T00:44:03.4854285Z   Downloading lark-1.3.1-py3-none-any.whl.metadata (1.8 kB)
2026-10-04T00:44:03.5279781Z Collecting pendulum>=3.1.0 (from cel-python==0.4.0->-r /home/runner/work/AIRLOCK/AIRLOCK/requirements.txt (line 7))
2026-10-04T00:44:03.5342500Z   Downloading pendulum-3.2.0-cp313-cp313-manylinux_2_17_x86_64.manylinux2014_x86_64.whl.metadata (6.8 kB)
2026-10-04T00:44:03.6354927Z Collecting cffi>=2.0.0 (from cryptography==50.0.2->-r /home/runner/work/AIRLOCK/AIRLOCK/requirements.txt (line 10))
2026-10-04T00:44:03.6399476Z   Downloading cffi-2.1.1-cp313-cp313-manylinux2014_x86_64.manylinux_2_17_x86_64.whl.metadata (2.5 kB)
2026-10-04T00:44:03.6662365Z Collecting python-dateutil<3.0.0,>=2.1 (from botocore==1.43.107->-r /home/runner/work/AIRLOCK/AIRLOCK/requirements-archive.txt (line 3))
2026-10-04T00:44:03.6698156Z   Downloading python_dateutil-2.9.0.post0-py2.py3-none-any.whl.metadata (8.4 kB)
2026-10-04T00:44:03.6907958Z Collecting urllib3!=2.2.0,<3,>=1.25.4 (from botocore==1.43.107->-r /home/runner/work/AIRLOCK/AIRLOCK/requirements-archive.txt (line 3))
2026-10-04T00:44:03.6943549Z   Downloading urllib3-2.8.0-py3-none-any.whl.metadata (7.4 kB)
2026-10-04T00:44:03.7157548Z Collecting iniconfig>=1.0.1 (from pytest==9.0.2->-r requirements-dev.txt (line 3))
2026-10-04T00:44:03.7210063Z   Downloading iniconfig-2.3.0-py3-none-any.whl.metadata (2.5 kB)
2026-10-04T00:44:03.7362031Z Collecting packaging>=22 (from pytest==9.0.2->-r requirements-dev.txt (line 3))
2026-10-04T00:44:03.7400203Z   Downloading packaging-26.3-py3-none-any.whl.metadata (3.5 kB)
2026-10-04T00:44:03.7523997Z Collecting pluggy<2,>=1.5 (from pytest==9.0.2->-r requirements-dev.txt (line 3))
2026-10-04T00:44:03.7564762Z   Downloading pluggy-1.6.0-py3-none-any.whl.metadata (4.8 kB)
2026-10-04T00:44:03.7756280Z Collecting pygments>=2.7.2 (from pytest==9.0.2->-r requirements-dev.txt (line 3))
2026-10-04T00:44:03.7800369Z   Downloading pygments-2.21.0-py3-none-any.whl.metadata (2.5 kB)
2026-10-04T00:44:03.7943200Z Collecting pyee<14,>=13 (from playwright==1.57.0->-r requirements-dev.txt (line 4))
2026-10-04T00:44:03.7985233Z   Downloading pyee-13.0.1-py3-none-any.whl.metadata (3.0 kB)
2026-10-04T00:44:03.9407696Z Collecting greenlet<4.0.0,>=3.1.1 (from playwright==1.57.0->-r requirements-dev.txt (line 4))
2026-10-04T00:44:03.9445976Z   Downloading greenlet-3.5.6-cp313-cp313-manylinux_2_24_x86_64.manylinux_2_28_x86_64.whl.metadata (3.8 kB)
2026-10-04T00:44:03.9591686Z Collecting httpx-sse>=0.4 (from mcp==1.26.0->-r requirements-dev.txt (line 5))
2026-10-04T00:44:03.9636456Z   Downloading httpx_sse-0.4.3-py3-none-any.whl.metadata (9.7 kB)
2026-10-04T00:44:03.9848481Z Collecting jsonschema>=4.20.0 (from mcp==1.26.0->-r requirements-dev.txt (line 5))
2026-10-04T00:44:03.9909604Z   Downloading jsonschema-4.26.0-py3-none-any.whl.metadata (7.6 kB)
2026-10-04T00:44:04.0096306Z Collecting pydantic-settings>=2.5.2 (from mcp==1.26.0->-r requirements-dev.txt (line 5))
2026-10-04T00:44:04.0142952Z   Downloading pydantic_settings-2.15.0-py3-none-any.whl.metadata (3.9 kB)
2026-10-04T00:44:04.0340690Z Collecting python-multipart>=0.0.9 (from mcp==1.26.0->-r requirements-dev.txt (line 5))
2026-10-04T00:44:04.0377018Z   Downloading python_multipart-0.0.32-py3-none-any.whl.metadata (2.1 kB)
2026-10-04T00:44:04.0572858Z Collecting sse-starlette>=1.6.1 (from mcp==1.26.0->-r requirements-dev.txt (line 5))
2026-10-04T00:44:04.0617083Z   Downloading sse_starlette-3.5.0-py3-none-any.whl.metadata (15 kB)
2026-10-04T00:44:04.0812638Z Collecting CacheControl>=0.13.0 (from CacheControl[filecache]>=0.13.0->pip-audit==2.10.1->-r requirements-dev.txt (line 6))
2026-10-04T00:44:04.0866340Z   Downloading cachecontrol-0.14.4-py3-none-any.whl.metadata (3.1 kB)
2026-10-04T00:44:04.1209250Z Collecting cyclonedx-python-lib<12,>=5 (from pip-audit==2.10.1->-r requirements-dev.txt (line 6))
2026-10-04T00:44:04.1267368Z   Downloading cyclonedx_python_lib-11.12.0-py3-none-any.whl.metadata (6.9 kB)
2026-10-04T00:44:04.1426096Z Collecting pip-api>=0.0.28 (from pip-audit==2.10.1->-r requirements-dev.txt (line 6))
2026-10-04T00:44:04.1625490Z   Downloading pip_api-0.0.35-py3-none-any.whl.metadata (17 kB)
2026-10-04T00:44:04.1755995Z Collecting pip-requirements-parser>=32.0.0 (from pip-audit==2.10.1->-r requirements-dev.txt (line 6))
2026-10-04T00:44:04.1798403Z   Downloading pip_requirements_parser-32.0.1-py3-none-any.whl.metadata (9.3 kB)
2026-10-04T00:44:04.2010582Z Collecting requests>=2.31.0 (from pip-audit==2.10.1->-r requirements-dev.txt (line 6))
2026-10-04T00:44:04.2050784Z   Downloading requests-2.34.2-py3-none-any.whl.metadata (4.8 kB)
2026-10-04T00:44:04.2346381Z Collecting rich>=12.4 (from pip-audit==2.10.1->-r requirements-dev.txt (line 6))
2026-10-04T00:44:04.2394800Z   Downloading rich-15.0.0-py3-none-any.whl.metadata (18 kB)
2026-10-04T00:44:04.2641075Z Collecting tomli>=2.2.1 (from pip-audit==2.10.1->-r requirements-dev.txt (line 6))
2026-10-04T00:44:04.2685301Z   Downloading tomli-2.4.1-cp313-cp313-manylinux2014_x86_64.manylinux_2_17_x86_64.manylinux_2_28_x86_64.whl.metadata (10 kB)
2026-10-04T00:44:04.2812319Z Collecting tomli-w>=1.2.0 (from pip-audit==2.10.1->-r requirements-dev.txt (line 6))
2026-10-04T00:44:04.2855193Z   Downloading tomli_w-1.2.0-py3-none-any.whl.metadata (5.7 kB)
2026-10-04T00:44:04.3044104Z Collecting platformdirs>=4.2.0 (from pip-audit==2.10.1->-r requirements-dev.txt (line 6))
2026-10-04T00:44:04.3080594Z   Downloading platformdirs-4.12.3-py3-none-any.whl.metadata (5.5 kB)
2026-10-04T00:44:04.3301820Z Collecting license-expression<31,>=30 (from cyclonedx-python-lib<12,>=5->pip-audit==2.10.1->-r requirements-dev.txt (line 6))
2026-10-04T00:44:04.3340036Z   Downloading license_expression-30.4.4-py3-none-any.whl.metadata (11 kB)
2026-10-04T00:44:04.3550820Z Collecting packageurl-python<2,>=0.11 (from cyclonedx-python-lib<12,>=5->pip-audit==2.10.1->-r requirements-dev.txt (line 6))
2026-10-04T00:44:04.3591493Z   Downloading packageurl_python-0.17.6-py3-none-any.whl.metadata (5.1 kB)
2026-10-04T00:44:04.3784871Z Collecting py-serializable<3.0.0,>=2.1.0 (from cyclonedx-python-lib<12,>=5->pip-audit==2.10.1->-r requirements-dev.txt (line 6))
2026-10-04T00:44:04.3833491Z   Downloading py_serializable-2.1.0-py3-none-any.whl.metadata (4.3 kB)
2026-10-04T00:44:04.4014555Z Collecting sortedcontainers<3.0.0,>=2.4.0 (from cyclonedx-python-lib<12,>=5->pip-audit==2.10.1->-r requirements-dev.txt (line 6))
2026-10-04T00:44:04.4063741Z   Downloading sortedcontainers-2.4.0-py2.py3-none-any.whl.metadata (10 kB)
2026-10-04T00:44:04.4213043Z Collecting boolean.py>=4.0 (from license-expression<31,>=30->cyclonedx-python-lib<12,>=5->pip-audit==2.10.1->-r requirements-dev.txt (line 6))
2026-10-04T00:44:04.4264591Z   Downloading boolean_py-5.0-py3-none-any.whl.metadata (2.3 kB)
2026-10-04T00:44:04.4432482Z Collecting defusedxml<0.8.0,>=0.7.1 (from py-serializable<3.0.0,>=2.1.0->cyclonedx-python-lib<12,>=5->pip-audit==2.10.1->-r requirements-dev.txt (line 6))
2026-10-04T00:44:04.4468524Z   Downloading defusedxml-0.7.1-py2.py3-none-any.whl.metadata (32 kB)
2026-10-04T00:44:04.4636744Z Collecting six>=1.5 (from python-dateutil<3.0.0,>=2.1->botocore==1.43.107->-r /home/runner/work/AIRLOCK/AIRLOCK/requirements-archive.txt (line 3))
2026-10-04T00:44:04.4676458Z   Downloading six-1.17.0-py2.py3-none-any.whl.metadata (1.7 kB)
2026-10-04T00:44:04.5481327Z Collecting msgpack<2.0.0,>=0.5.2 (from CacheControl>=0.13.0->CacheControl[filecache]>=0.13.0->pip-audit==2.10.1->-r requirements-dev.txt (line 6))
2026-10-04T00:44:04.5525527Z   Downloading msgpack-1.2.3-cp313-cp313-manylinux2014_x86_64.manylinux_2_17_x86_64.manylinux_2_28_x86_64.whl.metadata (8.3 kB)
2026-10-04T00:44:04.5799243Z Collecting filelock>=3.8.0 (from CacheControl[filecache]>=0.13.0->pip-audit==2.10.1->-r requirements-dev.txt (line 6))
2026-10-04T00:44:04.5840111Z   Downloading filelock-4.0.10-py3-none-any.whl.metadata (2.0 kB)
2026-10-04T00:44:04.5958162Z Collecting pycparser (from cffi>=2.0.0->cryptography==50.0.2->-r /home/runner/work/AIRLOCK/AIRLOCK/requirements.txt (line 10))
2026-10-04T00:44:04.6018405Z   Downloading pycparser-3.0-py3-none-any.whl.metadata (8.2 kB)
2026-10-04T00:44:04.6220103Z Collecting attrs>=22.2.0 (from jsonschema>=4.20.0->mcp==1.26.0->-r requirements-dev.txt (line 5))
2026-10-04T00:44:04.6266809Z   Downloading attrs-26.1.0-py3-none-any.whl.metadata (8.8 kB)
2026-10-04T00:44:04.6396443Z Collecting jsonschema-specifications>=2023.03.6 (from jsonschema>=4.20.0->mcp==1.26.0->-r requirements-dev.txt (line 5))
2026-10-04T00:44:04.6431453Z   Downloading jsonschema_specifications-2025.9.1-py3-none-any.whl.metadata (2.9 kB)
2026-10-04T00:44:04.6643037Z Collecting referencing>=0.28.4 (from jsonschema>=4.20.0->mcp==1.26.0->-r requirements-dev.txt (line 5))
2026-10-04T00:44:04.6695249Z   Downloading referencing-0.37.0-py3-none-any.whl.metadata (2.8 kB)
2026-10-04T00:44:04.9108497Z Collecting rpds-py>=0.25.0 (from jsonschema>=4.20.0->mcp==1.26.0->-r requirements-dev.txt (line 5))
2026-10-04T00:44:04.9149139Z   Downloading rpds_py-2026.6.3-cp313-cp313-manylinux_2_17_x86_64.manylinux2014_x86_64.whl.metadata (4.1 kB)
2026-10-04T00:44:04.9374173Z Collecting tzdata>=2020.1 (from pendulum>=3.1.0->cel-python==0.4.0->-r /home/runner/work/AIRLOCK/AIRLOCK/requirements.txt (line 7))
2026-10-04T00:44:04.9414226Z   Downloading tzdata-2026.5-py2.py3-none-any.whl.metadata (1.4 kB)
2026-10-04T00:44:04.9453388Z Requirement already satisfied: pip in /opt/hostedtoolcache/Python/3.13.15/x64/lib/python3.13/site-packages (from pip-api>=0.0.28->pip-audit==2.10.1->-r requirements-dev.txt (line 6)) (26.2.1)
2026-10-04T00:44:04.9658641Z Collecting pyparsing (from pip-requirements-parser>=32.0.0->pip-audit==2.10.1->-r requirements-dev.txt (line 6))
2026-10-04T00:44:04.9701523Z   Downloading pyparsing-3.3.3-py3-none-any.whl.metadata (5.9 kB)
2026-10-04T00:44:04.9961886Z Collecting python-dotenv>=0.21.0 (from pydantic-settings>=2.5.2->mcp==1.26.0->-r requirements-dev.txt (line 5))
2026-10-04T00:44:05.0008443Z   Downloading python_dotenv-1.2.4-py3-none-any.whl.metadata (29 kB)
2026-10-04T00:44:05.1309222Z Collecting charset_normalizer<4,>=2 (from requests>=2.31.0->pip-audit==2.10.1->-r requirements-dev.txt (line 6))
2026-10-04T00:44:05.1390619Z   Downloading charset_normalizer-3.5.2-cp313-cp313-manylinux2014_x86_64.manylinux_2_17_x86_64.manylinux_2_28_x86_64.whl.metadata (46 kB)
2026-10-04T00:44:05.1641837Z Collecting markdown-it-py>=2.2.0 (from rich>=12.4->pip-audit==2.10.1->-r requirements-dev.txt (line 6))
2026-10-04T00:44:05.1686220Z   Downloading markdown_it_py-4.2.0-py3-none-any.whl.metadata (7.4 kB)
2026-10-04T00:44:05.1886460Z Collecting mdurl~=0.1 (from markdown-it-py>=2.2.0->rich>=12.4->pip-audit==2.10.1->-r requirements-dev.txt (line 6))
2026-10-04T00:44:05.1942746Z   Downloading mdurl-0.1.2-py3-none-any.whl.metadata (1.6 kB)
2026-10-04T00:44:05.2208397Z Downloading fastapi-0.142.2-py3-none-any.whl (144 kB)
2026-10-04T00:44:05.2279929Z Downloading starlette-1.7.0-py3-none-any.whl (78 kB)
2026-10-04T00:44:05.2371210Z Downloading pydantic-2.13.5-py3-none-any.whl (472 kB)
2026-10-04T00:44:05.2479140Z Downloading uvicorn-0.48.0-py3-none-any.whl (71 kB)
2026-10-04T00:44:05.2544496Z Downloading httpx-0.28.1-py3-none-any.whl (73 kB)
2026-10-04T00:44:05.2660487Z Downloading httpcore-1.0.9-py3-none-any.whl (78 kB)
2026-10-04T00:44:05.2820055Z Downloading cel_python-0.4.0-py3-none-any.whl (85 kB)
2026-10-04T00:44:05.2896438Z Downloading pyyaml-6.0.3-cp313-cp313-manylinux2014_x86_64.manylinux_2_17_x86_64.manylinux_2_28_x86_64.whl (801 kB)
2026-10-04T00:44:05.2980000Z    ━━━━━━━━━━━━━━━━━━━━━━━━━━━━━━━━━━━━━━━━ 801.6/801.6 kB 102.2 MB/s  0:00:00
2026-10-04T00:44:05.3019340Z Downloading pyjwt-2.15.1-py3-none-any.whl (33 kB)
2026-10-04T00:44:05.3099464Z Downloading cryptography-50.0.2-cp311-abi3-manylinux_2_34_x86_64.whl (4.8 MB)
2026-10-04T00:44:05.3382450Z    ━━━━━━━━━━━━━━━━━━━━━━━━━━━━━━━━━━━━━━━━ 4.8/4.8 MB 174.5 MB/s  0:00:00
2026-10-04T00:44:05.3440696Z Downloading boto3-1.43.107-py3-none-any.whl (140 kB)
2026-10-04T00:44:05.3728364Z Downloading botocore-1.43.107-py3-none-any.whl (16.0 MB)
2026-10-04T00:44:05.5790844Z    ━━━━━━━━━━━━━━━━━━━━━━━━━━━━━━━━━━━━━━━━ 16.0/16.0 MB 77.2 MB/s  0:00:00
2026-10-04T00:44:05.5837068Z Downloading s3transfer-0.19.2-py3-none-any.whl (90 kB)
2026-10-04T00:44:05.5908473Z Downloading pytest-9.0.2-py3-none-any.whl (374 kB)
2026-10-04T00:44:05.6049253Z Downloading playwright-1.57.0-py3-none-manylinux1_x86_64.whl (46.0 MB)
2026-10-04T00:44:06.0949529Z    ━━━━━━━━━━━━━━━━━━━━━━━━━━━━━━━━━━━━━━━━ 46.0/46.0 MB 93.9 MB/s  0:00:00
2026-10-04T00:44:06.0991228Z Downloading mcp-1.26.0-py3-none-any.whl (233 kB)
2026-10-04T00:44:06.1068450Z Downloading pip_audit-2.10.1-py3-none-any.whl (62 kB)
2026-10-04T00:44:06.1127322Z Downloading pydantic_core-2.46.5-cp313-cp313-manylinux_2_17_x86_64.manylinux2014_x86_64.whl (2.1 MB)
2026-10-04T00:44:06.1302629Z    ━━━━━━━━━━━━━━━━━━━━━━━━━━━━━━━━━━━━━━━━ 2.1/2.1 MB 120.3 MB/s  0:00:00
2026-10-04T00:44:06.1571587Z Downloading anyio-4.15.1-py3-none-any.whl (132 kB)
2026-10-04T00:44:06.1673062Z Downloading cyclonedx_python_lib-11.12.0-py3-none-any.whl (529 kB)
2026-10-04T00:44:06.1768419Z    ━━━━━━━━━━━━━━━━━━━━━━━━━━━━━━━━━━━━━━━━ 529.5/529.5 kB 60.0 MB/s  0:00:00
2026-10-04T00:44:06.1831030Z Downloading greenlet-3.5.6-cp313-cp313-manylinux_2_24_x86_64.manylinux_2_28_x86_64.whl (623 kB)
2026-10-04T00:44:06.2040678Z    ━━━━━━━━━━━━━━━━━━━━━━━━━━━━━━━━━━━━━━━━ 623.8/623.8 kB 39.7 MB/s  0:00:00
2026-10-04T00:44:06.2089673Z Downloading jmespath-1.1.0-py3-none-any.whl (20 kB)
2026-10-04T00:44:06.2166638Z Downloading license_expression-30.4.4-py3-none-any.whl (120 kB)
2026-10-04T00:44:06.2256233Z Downloading packageurl_python-0.17.6-py3-none-any.whl (36 kB)
2026-10-04T00:44:06.2320536Z Downloading pluggy-1.6.0-py3-none-any.whl (20 kB)
2026-10-04T00:44:06.2378039Z Downloading py_serializable-2.1.0-py3-none-any.whl (23 kB)
2026-10-04T00:44:06.2436474Z Downloading defusedxml-0.7.1-py2.py3-none-any.whl (25 kB)
2026-10-04T00:44:06.2493537Z Downloading pyee-13.0.1-py3-none-any.whl (15 kB)
2026-10-04T00:44:06.2546030Z Downloading python_dateutil-2.9.0.post0-py2.py3-none-any.whl (229 kB)
2026-10-04T00:44:06.2604636Z Downloading sortedcontainers-2.4.0-py2.py3-none-any.whl (29 kB)
2026-10-04T00:44:06.2659574Z Downloading urllib3-2.8.0-py3-none-any.whl (135 kB)
2026-10-04T00:44:06.2739200Z Downloading annotated_doc-0.0.5-py3-none-any.whl (5.3 kB)
2026-10-04T00:44:06.2795965Z Downloading annotated_types-0.8.0-py3-none-any.whl (13 kB)
2026-10-04T00:44:06.2849773Z Downloading boolean_py-5.0-py3-none-any.whl (26 kB)
2026-10-04T00:44:06.2903932Z Downloading cachecontrol-0.14.4-py3-none-any.whl (22 kB)
2026-10-04T00:44:06.2957473Z Downloading msgpack-1.2.3-cp313-cp313-manylinux2014_x86_64.manylinux_2_17_x86_64.manylinux_2_28_x86_64.whl (466 kB)
2026-10-04T00:44:06.3102549Z Downloading cffi-2.1.1-cp313-cp313-manylinux2014_x86_64.manylinux_2_17_x86_64.whl (221 kB)
2026-10-04T00:44:06.3164453Z Downloading click-8.5.0-py3-none-any.whl (125 kB)
2026-10-04T00:44:06.3240564Z Downloading filelock-4.0.10-py3-none-any.whl (111 kB)
2026-10-04T00:44:06.3341581Z Downloading google_re2-1.1.20251105-1-cp313-cp313-manylinux_2_27_x86_64.manylinux_2_28_x86_64.whl (591 kB)
2026-10-04T00:44:06.3390607Z    ━━━━━━━━━━━━━━━━━━━━━━━━━━━━━━━━━━━━━━━━ 591.4/591.4 kB 123.9 MB/s  0:00:00
2026-10-04T00:44:06.3425684Z Downloading h11-0.16.0-py3-none-any.whl (37 kB)
2026-10-04T00:44:06.3486603Z Downloading httpx_sse-0.4.3-py3-none-any.whl (9.0 kB)
2026-10-04T00:44:06.3542778Z Downloading idna-3.20-py3-none-any.whl (69 kB)
2026-10-04T00:44:06.3601797Z Downloading iniconfig-2.3.0-py3-none-any.whl (7.5 kB)
2026-10-04T00:44:06.3654439Z Downloading jsonschema-4.26.0-py3-none-any.whl (90 kB)
2026-10-04T00:44:06.3711225Z Downloading attrs-26.1.0-py3-none-any.whl (67 kB)
2026-10-04T00:44:06.3766029Z Downloading jsonschema_specifications-2025.9.1-py3-none-any.whl (18 kB)
2026-10-04T00:44:06.3820631Z Downloading lark-1.3.1-py3-none-any.whl (113 kB)
2026-10-04T00:44:06.3898739Z Downloading opentelemetry_api-1.45.0-py3-none-any.whl (60 kB)
2026-10-04T00:44:06.3954542Z Downloading packaging-26.3-py3-none-any.whl (129 kB)
2026-10-04T00:44:06.4050199Z Downloading pendulum-3.2.0-cp313-cp313-manylinux_2_17_x86_64.manylinux2014_x86_64.whl (348 kB)
2026-10-04T00:44:06.4120377Z Downloading pip_api-0.0.35-py3-none-any.whl (123 kB)
2026-10-04T00:44:06.4184500Z Downloading pip_requirements_parser-32.0.1-py3-none-any.whl (35 kB)
2026-10-04T00:44:06.4245417Z Downloading platformdirs-4.12.3-py3-none-any.whl (32 kB)
2026-10-04T00:44:06.4310654Z Downloading pydantic_settings-2.15.0-py3-none-any.whl (69 kB)
2026-10-04T00:44:06.4386018Z Downloading pygments-2.21.0-py3-none-any.whl (1.3 MB)
2026-10-04T00:44:06.4457364Z    ━━━━━━━━━━━━━━━━━━━━━━━━━━━━━━━━━━━━━━━━ 1.3/1.3 MB 219.5 MB/s  0:00:00
2026-10-04T00:44:06.4492718Z Downloading python_dotenv-1.2.4-py3-none-any.whl (23 kB)
2026-10-04T00:44:06.4544817Z Downloading python_multipart-0.0.32-py3-none-any.whl (30 kB)
2026-10-04T00:44:06.4598679Z Downloading referencing-0.37.0-py3-none-any.whl (26 kB)
2026-10-04T00:44:06.4661470Z Downloading requests-2.34.2-py3-none-any.whl (73 kB)
2026-10-04T00:44:06.4724208Z Downloading charset_normalizer-3.5.2-cp313-cp313-manylinux2014_x86_64.manylinux_2_17_x86_64.manylinux_2_28_x86_64.whl (254 kB)
2026-10-04T00:44:06.4788830Z Downloading certifi-2026.7.22-py3-none-any.whl (136 kB)
2026-10-04T00:44:06.4848499Z Downloading rich-15.0.0-py3-none-any.whl (310 kB)
2026-10-04T00:44:06.4916554Z Downloading markdown_it_py-4.2.0-py3-none-any.whl (91 kB)
2026-10-04T00:44:06.4978912Z Downloading mdurl-0.1.2-py3-none-any.whl (10.0 kB)
2026-10-04T00:44:06.5038093Z Downloading rpds_py-2026.6.3-cp313-cp313-manylinux_2_17_x86_64.manylinux2014_x86_64.whl (365 kB)
2026-10-04T00:44:06.5123107Z Downloading six-1.17.0-py2.py3-none-any.whl (11 kB)
2026-10-04T00:44:06.5187515Z Downloading sse_starlette-3.5.0-py3-none-any.whl (17 kB)
2026-10-04T00:44:06.5245444Z Downloading tomli-2.4.1-cp313-cp313-manylinux2014_x86_64.manylinux_2_17_x86_64.manylinux_2_28_x86_64.whl (251 kB)
2026-10-04T00:44:06.5307217Z Downloading tomli_w-1.2.0-py3-none-any.whl (6.7 kB)
2026-10-04T00:44:06.5367693Z Downloading typing_extensions-4.16.0-py3-none-any.whl (45 kB)
2026-10-04T00:44:06.5421783Z Downloading typing_inspection-0.4.4-py3-none-any.whl (14 kB)
2026-10-04T00:44:06.5482994Z Downloading tzdata-2026.5-py2.py3-none-any.whl (347 kB)
2026-10-04T00:44:06.5542630Z Downloading pycparser-3.0-py3-none-any.whl (48 kB)
2026-10-04T00:44:06.5601032Z Downloading pyparsing-3.3.3-py3-none-any.whl (126 kB)
2026-10-04T00:44:07.0124216Z Installing collected packages: sortedcontainers, boolean.py, urllib3, tzdata, typing-extensions, tomli-w, tomli, six, rpds-py, PyYAML, python-multipart, python-dotenv, pyparsing, PyJWT, pygments, pycparser, pluggy, platformdirs, pip-api, packaging, packageurl-python, msgpack, mdurl, license-expression, lark, jmespath, iniconfig, idna, httpx-sse, h11, greenlet, google-re2, filelock, defusedxml, click, charset_normalizer, certifi, attrs, annotated-types, annotated-doc, uvicorn, typing-inspection, requests, referencing, python-dateutil, pytest, pyee, pydantic-core, py-serializable, pip-requirements-parser, opentelemetry-api, markdown-it-py, httpcore, cffi, anyio, starlette, rich, pydantic, playwright, pendulum, jsonschema-specifications, httpx, cyclonedx-python-lib, cryptography, CacheControl, botocore, sse-starlette, s3transfer, pydantic-settings, jsonschema, fastapi, cel-python, pip-audit, mcp, boto3
2026-10-04T00:44:12.9695012Z 
2026-10-04T00:44:12.9774307Z Successfully installed CacheControl-0.14.4 PyJWT-2.15.1 PyYAML-6.0.3 annotated-doc-0.0.5 annotated-types-0.8.0 anyio-4.15.1 attrs-26.1.0 boolean.py-5.0 boto3-1.43.107 botocore-1.43.107 cel-python-0.4.0 certifi-2026.7.22 cffi-2.1.1 charset_normalizer-3.5.2 click-8.5.0 cryptography-50.0.2 cyclonedx-python-lib-11.12.0 defusedxml-0.7.1 fastapi-0.142.2 filelock-4.0.10 google-re2-1.1.20251105 greenlet-3.5.6 h11-0.16.0 httpcore-1.0.9 httpx-0.28.1 httpx-sse-0.4.3 idna-3.20 iniconfig-2.3.0 jmespath-1.1.0 jsonschema-4.26.0 jsonschema-specifications-2025.9.1 lark-1.3.1 license-expression-30.4.4 markdown-it-py-4.2.0 mcp-1.26.0 mdurl-0.1.2 msgpack-1.2.3 opentelemetry-api-1.45.0 packageurl-python-0.17.6 packaging-26.3 pendulum-3.2.0 pip-api-0.0.35 pip-audit-2.10.1 pip-requirements-parser-32.0.1 platformdirs-4.12.3 playwright-1.57.0 pluggy-1.6.0 py-serializable-2.1.0 pycparser-3.0 pydantic-2.13.5 pydantic-core-2.46.5 pydantic-settings-2.15.0 pyee-13.0.1 pygments-2.21.0 pyparsing-3.3.3 pytest-9.0.2 python-dateutil-2.9.0.post0 python-dotenv-1.2.4 python-multipart-0.0.32 referencing-0.37.0 requests-2.34.2 rich-15.0.0 rpds-py-2026.6.3 s3transfer-0.19.2 six-1.17.0 sortedcontainers-2.4.0 sse-starlette-3.5.0 starlette-1.7.0 tomli-2.4.1 tomli-w-1.2.0 typing-extensions-4.16.0 typing-inspection-0.4.4 tzdata-2026.5 urllib3-2.8.0 uvicorn-0.48.0
2026-10-04T00:44:13.2450792Z ##[group]Run npm ci
2026-10-04T00:44:13.2451061Z [36;1mnpm ci[0m
2026-10-04T00:44:13.2514255Z shell: /usr/bin/bash --noprofile --norc -e -o pipefail {0}
2026-10-04T00:44:13.2514587Z env:
2026-10-04T00:44:13.2514783Z   NEXT_TELEMETRY_DISABLED: 1
2026-10-04T00:44:13.2515093Z   pythonLocation: /opt/hostedtoolcache/Python/3.13.15/x64
2026-10-04T00:44:13.2515518Z   PKG_CONFIG_PATH: /opt/hostedtoolcache/Python/3.13.15/x64/lib/pkgconfig
2026-10-04T00:44:13.2515961Z   Python_ROOT_DIR: /opt/hostedtoolcache/Python/3.13.15/x64
2026-10-04T00:44:13.2516338Z   Python2_ROOT_DIR: /opt/hostedtoolcache/Python/3.13.15/x64
2026-10-04T00:44:13.2516718Z   Python3_ROOT_DIR: /opt/hostedtoolcache/Python/3.13.15/x64
2026-10-04T00:44:13.2517092Z   LD_LIBRARY_PATH: /opt/hostedtoolcache/Python/3.13.15/x64/lib
2026-10-04T00:44:13.2517406Z ##[endgroup]
2026-10-04T00:44:21.1870792Z 
2026-10-04T00:44:21.1871606Z added 24 packages, and audited 25 packages in 8s
2026-10-04T00:44:21.1872188Z 
2026-10-04T00:44:21.1872488Z 6 packages are looking for funding
2026-10-04T00:44:21.1872825Z   run `npm fund` for details
2026-10-04T00:44:21.1881756Z 
2026-10-04T00:44:21.1882152Z found 0 vulnerabilities
2026-10-04T00:44:21.2429705Z ##[group]Run python scripts/run_logged.py evidence/next-build.log -- npm run build
2026-10-04T00:44:21.2430320Z [36;1mpython scripts/run_logged.py evidence/next-build.log -- npm run build[0m
2026-10-04T00:44:21.2493623Z shell: /usr/bin/bash --noprofile --norc -e -o pipefail {0}
2026-10-04T00:44:21.2493969Z env:
2026-10-04T00:44:21.2494165Z   NEXT_TELEMETRY_DISABLED: 1
2026-10-04T00:44:21.2494473Z   pythonLocation: /opt/hostedtoolcache/Python/3.13.15/x64
2026-10-04T00:44:21.2494920Z   PKG_CONFIG_PATH: /opt/hostedtoolcache/Python/3.13.15/x64/lib/pkgconfig
2026-10-04T00:44:21.2495355Z   Python_ROOT_DIR: /opt/hostedtoolcache/Python/3.13.15/x64
2026-10-04T00:44:21.2495733Z   Python2_ROOT_DIR: /opt/hostedtoolcache/Python/3.13.15/x64
2026-10-04T00:44:21.2496116Z   Python3_ROOT_DIR: /opt/hostedtoolcache/Python/3.13.15/x64
2026-10-04T00:44:21.2496500Z   LD_LIBRARY_PATH: /opt/hostedtoolcache/Python/3.13.15/x64/lib
2026-10-04T00:44:21.2496816Z ##[endgroup]
2026-10-04T00:44:37.9334960Z 
2026-10-04T00:44:37.9335660Z > airlock-review-console@0.1.0 build
2026-10-04T00:44:37.9336535Z > next build frontend --webpack && node scripts/package_console.mjs
2026-10-04T00:44:37.9337036Z 
2026-10-04T00:44:37.9337500Z ▲ Next.js 16.3.8 (webpack)
2026-10-04T00:44:37.9338112Z ✓ Running next.config.mjs took 13ms
2026-10-04T00:44:37.9339199Z ⚠ No build cache found. Please configure build caching for faster rebuilds. Read more: https://nextjs.org/docs/messages/no-cache
2026-10-04T00:44:37.9339773Z 
2026-10-04T00:44:37.9339945Z   Creating an optimized production build ...
2026-10-04T00:44:37.9340333Z ✓ Compiled successfully in 4.9s
2026-10-04T00:44:37.9340606Z   Running TypeScript ...
2026-10-04T00:44:37.9340894Z   Finished TypeScript in 1ms ...
2026-10-04T00:44:37.9341204Z   Collecting page data using 3 workers ...
2026-10-04T00:44:37.9341564Z   Generating static pages using 3 workers (0/3) ...
2026-10-04T00:44:37.9342385Z ✓ Generating static pages using 3 workers (3/3) in 486ms
2026-10-04T00:44:37.9342792Z   Finalizing page optimization ...
2026-10-04T00:44:37.9343071Z   Collecting build traces ...
2026-10-04T00:44:37.9343237Z 
2026-10-04T00:44:37.9343329Z Route (app)
2026-10-04T00:44:37.9343549Z ┌ ○ /
2026-10-04T00:44:37.9343755Z └ ○ /_not-found
2026-10-04T00:44:37.9343881Z 
2026-10-04T00:44:37.9345741Z 
2026-10-04T00:44:37.9346096Z ○  (Static)  prerendered as static content
2026-10-04T00:44:37.9346336Z 
2026-10-04T00:44:37.9346886Z {"framework":"Next.js static export","inline_script_hashes":2,"destination":"/home/runner/work/AIRLOCK/AIRLOCK/airlock/console"}
2026-10-04T00:44:37.9495964Z ##[group]Run python scripts/run_logged.py evidence/npm-audit.log -- npm audit --omit=dev
2026-10-04T00:44:37.9496618Z [36;1mpython scripts/run_logged.py evidence/npm-audit.log -- npm audit --omit=dev[0m
2026-10-04T00:44:37.9559696Z shell: /usr/bin/bash --noprofile --norc -e -o pipefail {0}
2026-10-04T00:44:37.9560039Z env:
2026-10-04T00:44:37.9560238Z   NEXT_TELEMETRY_DISABLED: 1
2026-10-04T00:44:37.9560545Z   pythonLocation: /opt/hostedtoolcache/Python/3.13.15/x64
2026-10-04T00:44:37.9560976Z   PKG_CONFIG_PATH: /opt/hostedtoolcache/Python/3.13.15/x64/lib/pkgconfig
2026-10-04T00:44:37.9561396Z   Python_ROOT_DIR: /opt/hostedtoolcache/Python/3.13.15/x64
2026-10-04T00:44:37.9561769Z   Python2_ROOT_DIR: /opt/hostedtoolcache/Python/3.13.15/x64
2026-10-04T00:44:37.9562513Z   Python3_ROOT_DIR: /opt/hostedtoolcache/Python/3.13.15/x64
2026-10-04T00:44:37.9562906Z   LD_LIBRARY_PATH: /opt/hostedtoolcache/Python/3.13.15/x64/lib
2026-10-04T00:44:37.9563223Z ##[endgroup]
2026-10-04T00:44:38.4059430Z found 0 vulnerabilities
2026-10-04T00:44:38.4222573Z ##[group]Run python scripts/run_logged.py evidence/pytest.log -- python -m pytest -q --junitxml=evidence/pytest.xml
2026-10-04T00:44:38.4223441Z [36;1mpython scripts/run_logged.py evidence/pytest.log -- python -m pytest -q --junitxml=evidence/pytest.xml[0m
2026-10-04T00:44:38.4288830Z shell: /usr/bin/bash --noprofile --norc -e -o pipefail {0}
2026-10-04T00:44:38.4289190Z env:
2026-10-04T00:44:38.4289398Z   NEXT_TELEMETRY_DISABLED: 1
2026-10-04T00:44:38.4289715Z   pythonLocation: /opt/hostedtoolcache/Python/3.13.15/x64
2026-10-04T00:44:38.4290170Z   PKG_CONFIG_PATH: /opt/hostedtoolcache/Python/3.13.15/x64/lib/pkgconfig
2026-10-04T00:44:38.4290634Z   Python_ROOT_DIR: /opt/hostedtoolcache/Python/3.13.15/x64
2026-10-04T00:44:38.4291053Z   Python2_ROOT_DIR: /opt/hostedtoolcache/Python/3.13.15/x64
2026-10-04T00:44:38.4291438Z   Python3_ROOT_DIR: /opt/hostedtoolcache/Python/3.13.15/x64
2026-10-04T00:44:38.4291821Z   LD_LIBRARY_PATH: /opt/hostedtoolcache/Python/3.13.15/x64/lib
2026-10-04T00:44:38.4292496Z ##[endgroup]
2026-10-04T00:46:45.4397936Z ........................................................................ [ 10%]
2026-10-04T00:46:45.4398506Z ........................................................................ [ 20%]
2026-10-04T00:46:45.4398982Z ........................................................................ [ 30%]
2026-10-04T00:46:45.4399850Z ........................................................................ [ 40%]
2026-10-04T00:46:45.4400704Z ........................................................................ [ 51%]
2026-10-04T00:46:45.4401557Z ........................................................................ [ 61%]
2026-10-04T00:46:45.4402577Z ........................................................................ [ 71%]
2026-10-04T00:46:45.4403351Z ........................................................................ [ 81%]
2026-10-04T00:46:45.4404086Z ........................................................................ [ 92%]
2026-10-04T00:46:45.4404829Z .......................................................                  [100%]
2026-10-04T00:46:45.4405575Z =============================== warnings summary ===============================
2026-10-04T00:46:45.4406650Z ../../../../../opt/hostedtoolcache/Python/3.13.15/x64/lib/python3.13/site-packages/fastapi/testclient.py:1
2026-10-04T00:46:45.4408147Z   /opt/hostedtoolcache/Python/3.13.15/x64/lib/python3.13/site-packages/fastapi/testclient.py:1: StarletteDeprecationWarning: Using `httpx` with `starlette.testclient` is deprecated; install `httpx2` instead.
2026-10-04T00:46:45.4409422Z     from starlette.testclient import TestClient as TestClient  # noqa
2026-10-04T00:46:45.4410133Z 
2026-10-04T00:46:45.4412798Z -- Docs: https://docs.pytest.org/en/stable/how-to/capture-warnings.html
2026-10-04T00:46:45.4413719Z 703 passed, 1 warning in 124.29s (0:02:04)
2026-10-04T00:46:45.4547306Z ##[group]Run python scripts/run_logged.py evidence/acceptance-matrix.log -- python docs/acceptance/validate_matrix.py
2026-10-04T00:46:45.4548193Z [36;1mpython scripts/run_logged.py evidence/acceptance-matrix.log -- python docs/acceptance/validate_matrix.py[0m
2026-10-04T00:46:45.4610746Z shell: /usr/bin/bash --noprofile --norc -e -o pipefail {0}
2026-10-04T00:46:45.4611082Z env:
2026-10-04T00:46:45.4611279Z   NEXT_TELEMETRY_DISABLED: 1
2026-10-04T00:46:45.4611589Z   pythonLocation: /opt/hostedtoolcache/Python/3.13.15/x64
2026-10-04T00:46:45.4612331Z   PKG_CONFIG_PATH: /opt/hostedtoolcache/Python/3.13.15/x64/lib/pkgconfig
2026-10-04T00:46:45.4612784Z   Python_ROOT_DIR: /opt/hostedtoolcache/Python/3.13.15/x64
2026-10-04T00:46:45.4613164Z   Python2_ROOT_DIR: /opt/hostedtoolcache/Python/3.13.15/x64
2026-10-04T00:46:45.4613547Z   Python3_ROOT_DIR: /opt/hostedtoolcache/Python/3.13.15/x64
2026-10-04T00:46:45.4613925Z   LD_LIBRARY_PATH: /opt/hostedtoolcache/Python/3.13.15/x64/lib
2026-10-04T00:46:45.4614277Z ##[endgroup]
2026-10-04T00:46:45.7458372Z {"target_records": 126, "unique_receipts_checked": 30, "counts": {"implementation": {"IMPLEMENTED": 111, "PARTIAL": 15}, "verification": {"PASS": 105, "BLOCKED_EXTERNAL": 21}}, "original_goals_all_satisfied": false, "meaning": "bidirectional structure and provenance only; not functional or human acceptance"}
2026-10-04T00:46:45.7615585Z ##[group]Run python scripts/run_logged.py evidence/frontend-check.log -- npm run check
2026-10-04T00:46:45.7616258Z [36;1mpython scripts/run_logged.py evidence/frontend-check.log -- npm run check[0m
2026-10-04T00:46:45.7679824Z shell: /usr/bin/bash --noprofile --norc -e -o pipefail {0}
2026-10-04T00:46:45.7680170Z env:
2026-10-04T00:46:45.7680368Z   NEXT_TELEMETRY_DISABLED: 1
2026-10-04T00:46:45.7680680Z   pythonLocation: /opt/hostedtoolcache/Python/3.13.15/x64
2026-10-04T00:46:45.7681128Z   PKG_CONFIG_PATH: /opt/hostedtoolcache/Python/3.13.15/x64/lib/pkgconfig
2026-10-04T00:46:45.7681580Z   Python_ROOT_DIR: /opt/hostedtoolcache/Python/3.13.15/x64
2026-10-04T00:46:45.7682258Z   Python2_ROOT_DIR: /opt/hostedtoolcache/Python/3.13.15/x64
2026-10-04T00:46:45.7682661Z   Python3_ROOT_DIR: /opt/hostedtoolcache/Python/3.13.15/x64
2026-10-04T00:46:45.7683081Z   LD_LIBRARY_PATH: /opt/hostedtoolcache/Python/3.13.15/x64/lib
2026-10-04T00:46:45.7683404Z ##[endgroup]
2026-10-04T00:46:46.0516328Z 
2026-10-04T00:46:46.0516881Z > airlock-review-console@0.1.0 check
2026-10-04T00:46:46.0518163Z > node --check airlock/static/app.js && node --check airlock/static/review.js && node --check airlock/static/api.js && node --check airlock/static/lib.js && node --check airlock/static/governance.js && node --check airlock/static/study.js
2026-10-04T00:46:46.0519006Z 
2026-10-04T00:46:46.0676710Z ##[group]Run python scripts/run_logged.py evidence/frontend-tests.log -- npm test
2026-10-04T00:46:46.0677352Z [36;1mpython scripts/run_logged.py evidence/frontend-tests.log -- npm test[0m
2026-10-04T00:46:46.0740430Z shell: /usr/bin/bash --noprofile --norc -e -o pipefail {0}
2026-10-04T00:46:46.0740777Z env:
2026-10-04T00:46:46.0740978Z   NEXT_TELEMETRY_DISABLED: 1
2026-10-04T00:46:46.0741296Z   pythonLocation: /opt/hostedtoolcache/Python/3.13.15/x64
2026-10-04T00:46:46.0741745Z   PKG_CONFIG_PATH: /opt/hostedtoolcache/Python/3.13.15/x64/lib/pkgconfig
2026-10-04T00:46:46.0742430Z   Python_ROOT_DIR: /opt/hostedtoolcache/Python/3.13.15/x64
2026-10-04T00:46:46.0742838Z   Python2_ROOT_DIR: /opt/hostedtoolcache/Python/3.13.15/x64
2026-10-04T00:46:46.0743238Z   Python3_ROOT_DIR: /opt/hostedtoolcache/Python/3.13.15/x64
2026-10-04T00:46:46.0743635Z   LD_LIBRARY_PATH: /opt/hostedtoolcache/Python/3.13.15/x64/lib
2026-10-04T00:46:46.0743973Z ##[endgroup]
2026-10-04T00:46:46.3345548Z 
2026-10-04T00:46:46.3346437Z > airlock-review-console@0.1.0 test
2026-10-04T00:46:46.3347011Z > node --test tests-js/*.test.js
2026-10-04T00:46:46.3347677Z 
2026-10-04T00:46:46.3347838Z TAP version 13
2026-10-04T00:46:46.3348500Z # Subtest: visibility timing excludes background and unselected periods
2026-10-04T00:46:46.3349230Z ok 1 - visibility timing excludes background and unselected periods
2026-10-04T00:46:46.3349591Z   ---
2026-10-04T00:46:46.3349794Z   duration_ms: 0.9343
2026-10-04T00:46:46.3350015Z   type: 'test'
2026-10-04T00:46:46.3350223Z   ...
2026-10-04T00:46:46.3350552Z # Subtest: approval requires exact scope phrase and reason
2026-10-04T00:46:46.3350996Z ok 2 - approval requires exact scope phrase and reason
2026-10-04T00:46:46.3351322Z   ---
2026-10-04T00:46:46.3351518Z   duration_ms: 0.271479
2026-10-04T00:46:46.3351741Z   type: 'test'
2026-10-04T00:46:46.3352195Z   ...
2026-10-04T00:46:46.3352813Z # Subtest: SSE framing survives partial chunks, CRLF and heartbeats
2026-10-04T00:46:46.3353364Z ok 3 - SSE framing survives partial chunks, CRLF and heartbeats
2026-10-04T00:46:46.3353710Z   ---
2026-10-04T00:46:46.3353932Z   duration_ms: 0.965959
2026-10-04T00:46:46.3354300Z   type: 'test'
2026-10-04T00:46:46.3354590Z   ...
2026-10-04T00:46:46.3355057Z # Subtest: oversized event rejected
2026-10-04T00:46:46.3355472Z ok 4 - oversized event rejected
2026-10-04T00:46:46.3355889Z   ---
2026-10-04T00:46:46.3367976Z   duration_ms: 1.039958
2026-10-04T00:46:46.3368441Z   type: 'test'
2026-10-04T00:46:46.3368776Z   ...
2026-10-04T00:46:46.3369228Z # Subtest: countdown clamps expired actions
2026-10-04T00:46:46.3369831Z ok 5 - countdown clamps expired actions
2026-10-04T00:46:46.3370257Z   ---
2026-10-04T00:46:46.3370566Z   duration_ms: 0.267011
2026-10-04T00:46:46.3370910Z   type: 'test'
2026-10-04T00:46:46.3371211Z   ...
2026-10-04T00:46:46.3371812Z # Subtest: latency formatting keeps number and unit together on mobile
2026-10-04T00:46:46.3373024Z ok 6 - latency formatting keeps number and unit together on mobile
2026-10-04T00:46:46.3373652Z   ---
2026-10-04T00:46:46.3374013Z   duration_ms: 0.18693
2026-10-04T00:46:46.3374417Z   type: 'test'
2026-10-04T00:46:46.3374753Z   ...
2026-10-04T00:46:46.3375053Z 1..6
2026-10-04T00:46:46.3375355Z # tests 6
2026-10-04T00:46:46.3375664Z # suites 0
2026-10-04T00:46:46.3375989Z # pass 6
2026-10-04T00:46:46.3376318Z # fail 0
2026-10-04T00:46:46.3376644Z # cancelled 0
2026-10-04T00:46:46.3376987Z # skipped 0
2026-10-04T00:46:46.3377305Z # todo 0
2026-10-04T00:46:46.3377655Z # duration_ms 64.981523
2026-10-04T00:46:46.3499007Z ##[group]Run python -m benchmark.generate
2026-10-04T00:46:46.3499365Z [36;1mpython -m benchmark.generate[0m
2026-10-04T00:46:46.3562218Z shell: /usr/bin/bash --noprofile --norc -e -o pipefail {0}
2026-10-04T00:46:46.3562583Z env:
2026-10-04T00:46:46.3562783Z   NEXT_TELEMETRY_DISABLED: 1
2026-10-04T00:46:46.3563099Z   pythonLocation: /opt/hostedtoolcache/Python/3.13.15/x64
2026-10-04T00:46:46.3563530Z   PKG_CONFIG_PATH: /opt/hostedtoolcache/Python/3.13.15/x64/lib/pkgconfig
2026-10-04T00:46:46.3563959Z   Python_ROOT_DIR: /opt/hostedtoolcache/Python/3.13.15/x64
2026-10-04T00:46:46.3564354Z   Python2_ROOT_DIR: /opt/hostedtoolcache/Python/3.13.15/x64
2026-10-04T00:46:46.3564734Z   Python3_ROOT_DIR: /opt/hostedtoolcache/Python/3.13.15/x64
2026-10-04T00:46:46.3565121Z   LD_LIBRARY_PATH: /opt/hostedtoolcache/Python/3.13.15/x64/lib
2026-10-04T00:46:46.3565441Z ##[endgroup]
2026-10-04T00:46:46.3982799Z {"sha256": "243854b51e7039324de4c31fa7a67af1a98ddc48b9c9edfbbac581a2c2f73af7", "cases": 200, "families": 40, "dev_cases": 120, "test_cases": 80, "source": "synthetic only", "independent_annotators": 0, "human_experiment": "not_run"}
2026-10-04T00:46:46.4057159Z ##[group]Run cp benchmark/cases.jsonl evidence/synthetic-cases.jsonl
2026-10-04T00:46:46.4057669Z [36;1mcp benchmark/cases.jsonl evidence/synthetic-cases.jsonl[0m
2026-10-04T00:46:46.4118898Z shell: /usr/bin/bash --noprofile --norc -e -o pipefail {0}
2026-10-04T00:46:46.4119233Z env:
2026-10-04T00:46:46.4119428Z   NEXT_TELEMETRY_DISABLED: 1
2026-10-04T00:46:46.4119734Z   pythonLocation: /opt/hostedtoolcache/Python/3.13.15/x64
2026-10-04T00:46:46.4120362Z   PKG_CONFIG_PATH: /opt/hostedtoolcache/Python/3.13.15/x64/lib/pkgconfig
2026-10-04T00:46:46.4120807Z   Python_ROOT_DIR: /opt/hostedtoolcache/Python/3.13.15/x64
2026-10-04T00:46:46.4121189Z   Python2_ROOT_DIR: /opt/hostedtoolcache/Python/3.13.15/x64
2026-10-04T00:46:46.4121570Z   Python3_ROOT_DIR: /opt/hostedtoolcache/Python/3.13.15/x64
2026-10-04T00:46:46.4122186Z   LD_LIBRARY_PATH: /opt/hostedtoolcache/Python/3.13.15/x64/lib
2026-10-04T00:46:46.4122519Z ##[endgroup]
2026-10-04T00:46:46.4246874Z ##[group]Run python scripts/run_logged.py evidence/benchmark-dev.log -- python -m benchmark.evaluate --split dev --tuning --output evidence/benchmark-dev.json
2026-10-04T00:46:46.4247986Z [36;1mpython scripts/run_logged.py evidence/benchmark-dev.log -- python -m benchmark.evaluate --split dev --tuning --output evidence/benchmark-dev.json[0m
2026-10-04T00:46:46.4305216Z shell: /usr/bin/bash --noprofile --norc -e -o pipefail {0}
2026-10-04T00:46:46.4305560Z env:
2026-10-04T00:46:46.4305764Z   NEXT_TELEMETRY_DISABLED: 1
2026-10-04T00:46:46.4306072Z   pythonLocation: /opt/hostedtoolcache/Python/3.13.15/x64
2026-10-04T00:46:46.4306502Z   PKG_CONFIG_PATH: /opt/hostedtoolcache/Python/3.13.15/x64/lib/pkgconfig
2026-10-04T00:46:46.4306931Z   Python_ROOT_DIR: /opt/hostedtoolcache/Python/3.13.15/x64
2026-10-04T00:46:46.4307310Z   Python2_ROOT_DIR: /opt/hostedtoolcache/Python/3.13.15/x64
2026-10-04T00:46:46.4307721Z   Python3_ROOT_DIR: /opt/hostedtoolcache/Python/3.13.15/x64
2026-10-04T00:46:46.4308150Z   LD_LIBRARY_PATH: /opt/hostedtoolcache/Python/3.13.15/x64/lib
2026-10-04T00:46:46.4308472Z ##[endgroup]
2026-10-04T00:46:49.1923891Z {
2026-10-04T00:46:49.1924681Z   "recorded_at_utc": "2026-10-04T00:46:49.139253+00:00",
2026-10-04T00:46:49.1925387Z   "split": "dev",
2026-10-04T00:46:49.1926252Z   "corpus_sha256": "243854b51e7039324de4c31fa7a67af1a98ddc48b9c9edfbbac581a2c2f73af7",
2026-10-04T00:46:49.1927017Z   "python": "3.13.15",
2026-10-04T00:46:49.1927387Z   "sqlite": "3.53.1",
2026-10-04T00:46:49.1927765Z   "cases": 120,
2026-10-04T00:46:49.1928114Z   "families": 24,
2026-10-04T00:46:49.1928448Z   "keyword_baseline": {
2026-10-04T00:46:49.1928821Z     "exact_accuracy": 0.5833333333333334,
2026-10-04T00:46:49.1929284Z     "policy_gating_recall": 0.7222222222222222,
2026-10-04T00:46:49.1929844Z     "supported_read_fpr": 0.5,
2026-10-04T00:46:49.1930387Z     "supported_write_interception": 1.0,
2026-10-04T00:46:49.1930908Z     "denominators": {
2026-10-04T00:46:49.1931328Z       "all": 120,
2026-10-04T00:46:49.1931827Z       "requires_gate": 90,
2026-10-04T00:46:49.1932596Z       "supported_reads": 30,
2026-10-04T00:46:49.1933045Z       "supported_writes": 40
2026-10-04T00:46:49.1933459Z     },
2026-10-04T00:46:49.1933801Z     "confusion": {
2026-10-04T00:46:49.1934185Z       "pass -> block": 5,
2026-10-04T00:46:49.1934672Z       "pass -> need_approval": 10,
2026-10-04T00:46:49.1935140Z       "pass -> pass": 15,
2026-10-04T00:46:49.1935599Z       "need_approval -> need_approval": 40,
2026-10-04T00:46:49.1936132Z       "block -> block": 15,
2026-10-04T00:46:49.1936580Z       "block -> pass": 25,
2026-10-04T00:46:49.1937001Z       "block -> need_approval": 10
2026-10-04T00:46:49.1937392Z     }
2026-10-04T00:46:49.1937691Z   },
2026-10-04T00:46:49.1938006Z   "airlock": {
2026-10-04T00:46:49.1938360Z     "exact_accuracy": 1.0,
2026-10-04T00:46:49.1938829Z     "policy_gating_recall": 1.0,
2026-10-04T00:46:49.1939324Z     "supported_read_fpr": 0.0,
2026-10-04T00:46:49.1939846Z     "supported_write_interception": 1.0,
2026-10-04T00:46:49.1940334Z     "denominators": {
2026-10-04T00:46:49.1940713Z       "all": 120,
2026-10-04T00:46:49.1941071Z       "requires_gate": 90,
2026-10-04T00:46:49.1941495Z       "supported_reads": 30,
2026-10-04T00:46:49.1942157Z       "supported_writes": 40
2026-10-04T00:46:49.1942583Z     },
2026-10-04T00:46:49.1942977Z     "confusion": {
2026-10-04T00:46:49.1943355Z       "pass -> pass": 30,
2026-10-04T00:46:49.1943856Z       "need_approval -> need_approval": 40,
2026-10-04T00:46:49.1944787Z       "block -> block": 50
2026-10-04T00:46:49.1945204Z     }
2026-10-04T00:46:49.1945502Z   },
2026-10-04T00:46:49.1945880Z   "impact_exact_match_count": 40,
2026-10-04T00:46:49.1946346Z   "impact_denominator": 40,
2026-10-04T00:46:49.1946806Z   "evaluation_p95_ms": 11.676,
2026-10-04T00:46:49.1947243Z   "static_p95_ms": 0.107,
2026-10-04T00:46:49.1947568Z   "preview_p95_ms": 9.813,
2026-10-04T00:46:49.1947802Z   "pure_llm": "not_run",
2026-10-04T00:46:49.1948412Z   "hybrid_llm": "not_run_use_benchmark.ablation_with_authorization",
2026-10-04T00:46:49.1948800Z   "human_ab": "not_run",
2026-10-04T00:46:49.1949038Z   "cohens_kappa": null,
2026-10-04T00:46:49.1949273Z   "limitations": [
2026-10-04T00:46:49.1949527Z     "synthetic authored cases only",
2026-10-04T00:46:49.1949859Z     "correlated variants, only 40 families total",
2026-10-04T00:46:49.1950347Z     "author saw all templates; family split is not independent external validation",
2026-10-04T00:46:49.1950975Z     "gate recall includes unsupported/invalid statements, not a real-world danger recall",
2026-10-04T00:46:49.1951704Z     "latency excludes network and human review; this is a bounded 1206-row SQLite demo"
2026-10-04T00:46:49.1952750Z   ]
2026-10-04T00:46:49.1952949Z }
2026-10-04T00:46:49.2088023Z ##[group]Run python scripts/run_logged.py evidence/benchmark-test.log -- python -m benchmark.evaluate --split test --output evidence/benchmark-test.json
2026-10-04T00:46:49.2089118Z [36;1mpython scripts/run_logged.py evidence/benchmark-test.log -- python -m benchmark.evaluate --split test --output evidence/benchmark-test.json[0m
2026-10-04T00:46:49.2153651Z shell: /usr/bin/bash --noprofile --norc -e -o pipefail {0}
2026-10-04T00:46:49.2153997Z env:
2026-10-04T00:46:49.2154195Z   NEXT_TELEMETRY_DISABLED: 1
2026-10-04T00:46:49.2154506Z   pythonLocation: /opt/hostedtoolcache/Python/3.13.15/x64
2026-10-04T00:46:49.2154940Z   PKG_CONFIG_PATH: /opt/hostedtoolcache/Python/3.13.15/x64/lib/pkgconfig
2026-10-04T00:46:49.2155365Z   Python_ROOT_DIR: /opt/hostedtoolcache/Python/3.13.15/x64
2026-10-04T00:46:49.2155755Z   Python2_ROOT_DIR: /opt/hostedtoolcache/Python/3.13.15/x64
2026-10-04T00:46:49.2156136Z   Python3_ROOT_DIR: /opt/hostedtoolcache/Python/3.13.15/x64
2026-10-04T00:46:49.2156563Z   LD_LIBRARY_PATH: /opt/hostedtoolcache/Python/3.13.15/x64/lib
2026-10-04T00:46:49.2156898Z ##[endgroup]
2026-10-04T00:46:51.1218834Z {
2026-10-04T00:46:51.1219426Z   "recorded_at_utc": "2026-10-04T00:46:51.070609+00:00",
2026-10-04T00:46:51.1219985Z   "split": "test",
2026-10-04T00:46:51.1220496Z   "corpus_sha256": "243854b51e7039324de4c31fa7a67af1a98ddc48b9c9edfbbac581a2c2f73af7",
2026-10-04T00:46:51.1220962Z   "python": "3.13.15",
2026-10-04T00:46:51.1221188Z   "sqlite": "3.53.1",
2026-10-04T00:46:51.1221405Z   "cases": 80,
2026-10-04T00:46:51.1221638Z   "families": 16,
2026-10-04T00:46:51.1221864Z   "keyword_baseline": {
2026-10-04T00:46:51.1222526Z     "exact_accuracy": 0.75,
2026-10-04T00:46:51.1222810Z     "policy_gating_recall": 0.8,
2026-10-04T00:46:51.1223164Z     "supported_read_fpr": 0.0,
2026-10-04T00:46:51.1223462Z     "supported_write_interception": 1.0,
2026-10-04T00:46:51.1223751Z     "denominators": {
2026-10-04T00:46:51.1223964Z       "all": 80,
2026-10-04T00:46:51.1224183Z       "requires_gate": 50,
2026-10-04T00:46:51.1224424Z       "supported_reads": 30,
2026-10-04T00:46:51.1224666Z       "supported_writes": 20
2026-10-04T00:46:51.1224892Z     },
2026-10-04T00:46:51.1225111Z     "confusion": {
2026-10-04T00:46:51.1225332Z       "pass -> pass": 30,
2026-10-04T00:46:51.1225621Z       "need_approval -> need_approval": 20,
2026-10-04T00:46:51.1225921Z       "block -> block": 10,
2026-10-04T00:46:51.1226195Z       "block -> need_approval": 10,
2026-10-04T00:46:51.1226468Z       "block -> pass": 10
2026-10-04T00:46:51.1226684Z     }
2026-10-04T00:46:51.1226858Z   },
2026-10-04T00:46:51.1227039Z   "airlock": {
2026-10-04T00:46:51.1227249Z     "exact_accuracy": 1.0,
2026-10-04T00:46:51.1227513Z     "policy_gating_recall": 1.0,
2026-10-04T00:46:51.1228105Z     "supported_read_fpr": 0.0,
2026-10-04T00:46:51.1228399Z     "supported_write_interception": 1.0,
2026-10-04T00:46:51.1228681Z     "denominators": {
2026-10-04T00:46:51.1228898Z       "all": 80,
2026-10-04T00:46:51.1229117Z       "requires_gate": 50,
2026-10-04T00:46:51.1229357Z       "supported_reads": 30,
2026-10-04T00:46:51.1229603Z       "supported_writes": 20
2026-10-04T00:46:51.1229824Z     },
2026-10-04T00:46:51.1230009Z     "confusion": {
2026-10-04T00:46:51.1230221Z       "pass -> pass": 30,
2026-10-04T00:46:51.1230499Z       "need_approval -> need_approval": 20,
2026-10-04T00:46:51.1230783Z       "block -> block": 30
2026-10-04T00:46:51.1231004Z     }
2026-10-04T00:46:51.1231177Z   },
2026-10-04T00:46:51.1231389Z   "impact_exact_match_count": 20,
2026-10-04T00:46:51.1231647Z   "impact_denominator": 20,
2026-10-04T00:46:51.1232153Z   "evaluation_p95_ms": 11.723,
2026-10-04T00:46:51.1232442Z   "static_p95_ms": 0.098,
2026-10-04T00:46:51.1232680Z   "preview_p95_ms": 10.087,
2026-10-04T00:46:51.1232918Z   "pure_llm": "not_run",
2026-10-04T00:46:51.1233278Z   "hybrid_llm": "not_run_use_benchmark.ablation_with_authorization",
2026-10-04T00:46:51.1233641Z   "human_ab": "not_run",
2026-10-04T00:46:51.1233868Z   "cohens_kappa": null,
2026-10-04T00:46:51.1234296Z   "limitations": [
2026-10-04T00:46:51.1234575Z     "synthetic authored cases only",
2026-10-04T00:46:51.1234910Z     "correlated variants, only 40 families total",
2026-10-04T00:46:51.1235407Z     "author saw all templates; family split is not independent external validation",
2026-10-04T00:46:51.1236033Z     "gate recall includes unsupported/invalid statements, not a real-world danger recall",
2026-10-04T00:46:51.1236654Z     "latency excludes network and human review; this is a bounded 1206-row SQLite demo"
2026-10-04T00:46:51.1237064Z   ]
2026-10-04T00:46:51.1237239Z }
2026-10-04T00:46:51.1368477Z ##[group]Run python -m playwright install --with-deps chromium
2026-10-04T00:46:51.1368973Z [36;1mpython -m playwright install --with-deps chromium[0m
2026-10-04T00:46:51.1431176Z shell: /usr/bin/bash --noprofile --norc -e -o pipefail {0}
2026-10-04T00:46:51.1431517Z env:
2026-10-04T00:46:51.1431715Z   NEXT_TELEMETRY_DISABLED: 1
2026-10-04T00:46:51.1432174Z   pythonLocation: /opt/hostedtoolcache/Python/3.13.15/x64
2026-10-04T00:46:51.1432605Z   PKG_CONFIG_PATH: /opt/hostedtoolcache/Python/3.13.15/x64/lib/pkgconfig
2026-10-04T00:46:51.1433027Z   Python_ROOT_DIR: /opt/hostedtoolcache/Python/3.13.15/x64
2026-10-04T00:46:51.1433407Z   Python2_ROOT_DIR: /opt/hostedtoolcache/Python/3.13.15/x64
2026-10-04T00:46:51.1433778Z   Python3_ROOT_DIR: /opt/hostedtoolcache/Python/3.13.15/x64
2026-10-04T00:46:51.1434150Z   LD_LIBRARY_PATH: /opt/hostedtoolcache/Python/3.13.15/x64/lib
2026-10-04T00:46:51.1434467Z ##[endgroup]
2026-10-04T00:46:51.4663910Z Installing dependencies...
2026-10-04T00:46:51.4742363Z Switching to root user to install dependencies...
2026-10-04T00:46:51.5485220Z Get:1 file:/etc/apt/apt-mirrors.txt Mirrorlist [144 B]
2026-10-04T00:46:51.5776729Z Get:6 https://packages.microsoft.com/ubuntu/24.04/prod noble InRelease [3600 B]
2026-10-04T00:46:51.6527287Z Hit:2 http://azure.archive.ubuntu.com/ubuntu noble InRelease
2026-10-04T00:46:51.6553633Z Get:3 http://azure.archive.ubuntu.com/ubuntu noble-updates InRelease [126 kB]
2026-10-04T00:46:51.6589187Z Get:7 https://packages.microsoft.com/ubuntu/24.04/prod noble/main arm64 Packages [458 kB]
2026-10-04T00:46:51.6621540Z Get:4 http://azure.archive.ubuntu.com/ubuntu noble-backports InRelease [126 kB]
2026-10-04T00:46:51.6724290Z Get:5 http://azure.archive.ubuntu.com/ubuntu noble-security InRelease [126 kB]
2026-10-04T00:46:51.6770233Z Get:8 https://packages.microsoft.com/ubuntu/24.04/prod noble/main armhf Packages [12.6 kB]
2026-10-04T00:46:51.6810623Z Get:9 https://packages.microsoft.com/ubuntu/24.04/prod noble/main amd64 Packages [511 kB]
2026-10-04T00:46:51.7757507Z Get:10 http://azure.archive.ubuntu.com/ubuntu noble-updates/main amd64 Packages [1364 kB]
2026-10-04T00:46:51.7838811Z Get:11 http://azure.archive.ubuntu.com/ubuntu noble-updates/main Translation-en [304 kB]
2026-10-04T00:46:51.7876838Z Get:12 http://azure.archive.ubuntu.com/ubuntu noble-updates/main amd64 Components [181 kB]
2026-10-04T00:46:51.7890702Z Get:13 http://azure.archive.ubuntu.com/ubuntu noble-updates/universe amd64 Packages [1699 kB]
2026-10-04T00:46:51.8015657Z Get:14 http://azure.archive.ubuntu.com/ubuntu noble-updates/universe Translation-en [341 kB]
2026-10-04T00:46:51.8043405Z Get:15 http://azure.archive.ubuntu.com/ubuntu noble-updates/universe amd64 Components [388 kB]
2026-10-04T00:46:51.8070658Z Get:16 http://azure.archive.ubuntu.com/ubuntu noble-updates/restricted amd64 Packages [1720 kB]
2026-10-04T00:46:51.8158831Z Get:17 http://azure.archive.ubuntu.com/ubuntu noble-updates/restricted Translation-en [394 kB]
2026-10-04T00:46:51.8189174Z Get:18 http://azure.archive.ubuntu.com/ubuntu noble-updates/multiverse amd64 Components [940 B]
2026-10-04T00:46:51.8338434Z Get:19 http://azure.archive.ubuntu.com/ubuntu noble-backports/main amd64 Components [5736 B]
2026-10-04T00:46:51.8801314Z Get:20 http://azure.archive.ubuntu.com/ubuntu noble-backports/universe amd64 Components [12.6 kB]
2026-10-04T00:46:51.8982794Z Get:21 http://azure.archive.ubuntu.com/ubuntu noble-security/main amd64 Packages [1069 kB]
2026-10-04T00:46:51.9026288Z Get:22 http://azure.archive.ubuntu.com/ubuntu noble-security/main Translation-en [221 kB]
2026-10-04T00:46:51.9053424Z Get:23 http://azure.archive.ubuntu.com/ubuntu noble-security/main amd64 Components [46.5 kB]
2026-10-04T00:46:51.9073600Z Get:24 http://azure.archive.ubuntu.com/ubuntu noble-security/universe amd64 Packages [1216 kB]
2026-10-04T00:46:51.9129123Z Get:25 http://azure.archive.ubuntu.com/ubuntu noble-security/universe Translation-en [244 kB]
2026-10-04T00:46:51.9159234Z Get:26 http://azure.archive.ubuntu.com/ubuntu noble-security/universe amd64 Components [76.3 kB]
2026-10-04T00:46:51.9170281Z Get:27 http://azure.archive.ubuntu.com/ubuntu noble-security/restricted amd64 Packages [1566 kB]
2026-10-04T00:46:51.9258169Z Get:28 http://azure.archive.ubuntu.com/ubuntu noble-security/restricted Translation-en [361 kB]
2026-10-04T00:46:56.2925037Z Fetched 12.6 MB in 1s (9215 kB/s)
2026-10-04T00:46:57.1684844Z Reading package lists...
2026-10-04T00:46:57.1931405Z Reading package lists...
2026-10-04T00:46:57.3902367Z Building dependency tree...
2026-10-04T00:46:57.3909534Z Reading state information...
2026-10-04T00:46:57.5410512Z libasound2t64 is already the newest version (1.2.11-1ubuntu0.3).
2026-10-04T00:46:57.5411508Z libasound2t64 set to manually installed.
2026-10-04T00:46:57.5412532Z libatk-bridge2.0-0t64 is already the newest version (2.52.0-1build1).
2026-10-04T00:46:57.5413316Z libatk-bridge2.0-0t64 set to manually installed.
2026-10-04T00:46:57.5414084Z libatk1.0-0t64 is already the newest version (2.52.0-1build1).
2026-10-04T00:46:57.5414848Z libatk1.0-0t64 set to manually installed.
2026-10-04T00:46:57.5415606Z libatspi2.0-0t64 is already the newest version (2.52.0-1build1).
2026-10-04T00:46:57.5416362Z libatspi2.0-0t64 set to manually installed.
2026-10-04T00:46:57.5417089Z libcairo2 is already the newest version (1.18.0-3build1).
2026-10-04T00:46:57.5417763Z libcairo2 set to manually installed.
2026-10-04T00:46:57.5418322Z libcups2t64 is already the newest version (2.4.7-1.2ubuntu7.14).
2026-10-04T00:46:57.5418808Z libcups2t64 set to manually installed.
2026-10-04T00:46:57.5419285Z libdbus-1-3 is already the newest version (1.14.10-4ubuntu4.1).
2026-10-04T00:46:57.5419746Z libdbus-1-3 set to manually installed.
2026-10-04T00:46:57.5420249Z libdrm2 is already the newest version (2.4.125-1ubuntu0.1~24.04.2).
2026-10-04T00:46:57.5420883Z libdrm2 set to manually installed.
2026-10-04T00:46:57.5421636Z libglib2.0-0t64 is already the newest version (2.80.0-6ubuntu3.9).
2026-10-04T00:46:57.5422400Z libglib2.0-0t64 set to manually installed.
2026-10-04T00:46:57.5422879Z libnspr4 is already the newest version (2:4.35-1.1build1).
2026-10-04T00:46:57.5423314Z libnspr4 set to manually installed.
2026-10-04T00:46:57.5424133Z libnss3 is already the newest version (2:3.98-1ubuntu0.2).
2026-10-04T00:46:57.5424563Z libnss3 set to manually installed.
2026-10-04T00:46:57.5425032Z libpango-1.0-0 is already the newest version (1.52.1+ds-1build1).
2026-10-04T00:46:57.5425496Z libpango-1.0-0 set to manually installed.
2026-10-04T00:46:57.5425940Z libx11-6 is already the newest version (2:1.8.7-1build1).
2026-10-04T00:46:57.5426353Z libx11-6 set to manually installed.
2026-10-04T00:46:57.5426758Z libxcb1 is already the newest version (1.15-1ubuntu2).
2026-10-04T00:46:57.5427165Z libxcb1 set to manually installed.
2026-10-04T00:46:57.5427621Z libxcomposite1 is already the newest version (1:0.4.5-1build3).
2026-10-04T00:46:57.5428087Z libxcomposite1 set to manually installed.
2026-10-04T00:46:57.5428557Z libxdamage1 is already the newest version (1:1.1.6-1build1).
2026-10-04T00:46:57.5428995Z libxdamage1 set to manually installed.
2026-10-04T00:46:57.5429427Z libxext6 is already the newest version (2:1.3.4-1build2).
2026-10-04T00:46:57.5429852Z libxext6 set to manually installed.
2026-10-04T00:46:57.5430284Z libxfixes3 is already the newest version (1:6.0.0-2build1).
2026-10-04T00:46:57.5430716Z libxfixes3 set to manually installed.
2026-10-04T00:46:57.5431167Z libxkbcommon0 is already the newest version (1.6.0-1build1).
2026-10-04T00:46:57.5431618Z libxkbcommon0 set to manually installed.
2026-10-04T00:46:57.5432196Z libxrandr2 is already the newest version (2:1.5.2-2build1).
2026-10-04T00:46:57.5432590Z libxrandr2 set to manually installed.
2026-10-04T00:46:57.5432973Z xvfb is already the newest version (2:21.1.12-1ubuntu1.8).
2026-10-04T00:46:57.5433509Z fonts-noto-color-emoji is already the newest version (2.047-0ubuntu0.24.04.1).
2026-10-04T00:46:57.5434067Z libfontconfig1 is already the newest version (2.15.0-1.1ubuntu2).
2026-10-04T00:46:57.5434654Z libfontconfig1 set to manually installed.
2026-10-04T00:46:57.5435112Z libfreetype6 is already the newest version (2.13.2+dfsg-1ubuntu0.1).
2026-10-04T00:46:57.5435540Z libfreetype6 set to manually installed.
2026-10-04T00:46:57.5435954Z fonts-liberation is already the newest version (1:2.1.5-3).
2026-10-04T00:46:57.5436371Z fonts-liberation set to manually installed.
2026-10-04T00:46:57.5436769Z The following additional packages will be installed:
2026-10-04T00:46:57.5437263Z   libgl1-mesa-dri libglx-mesa0 mesa-libgallium xfonts-encodings xfonts-utils
2026-10-04T00:46:57.5437691Z Recommended packages:
2026-10-04T00:46:57.5437966Z   fonts-ipafont-mincho fonts-tlwg-loma
2026-10-04T00:46:57.5619772Z The following NEW packages will be installed:
2026-10-04T00:46:57.5620621Z   fonts-freefont-ttf fonts-ipafont-gothic fonts-tlwg-loma-otf fonts-unifont
2026-10-04T00:46:57.5626522Z   fonts-wqy-zenhei xfonts-cyrillic xfonts-encodings xfonts-scalable
2026-10-04T00:46:57.5627196Z   xfonts-utils
2026-10-04T00:46:57.5630920Z The following packages will be upgraded:
2026-10-04T00:46:57.5636109Z   libgbm1 libgl1-mesa-dri libglx-mesa0 mesa-libgallium
2026-10-04T00:46:57.5801295Z 4 upgraded, 9 newly installed, 0 to remove and 21 not upgraded.
2026-10-04T00:46:57.5802663Z Need to get 32.1 MB of archives.
2026-10-04T00:46:57.5803126Z After this operation, 79.5 MB of additional disk space will be used.
2026-10-04T00:46:57.5803628Z Get:1 file:/etc/apt/apt-mirrors.txt Mirrorlist [144 B]
2026-10-04T00:46:57.6798237Z Get:2 http://azure.archive.ubuntu.com/ubuntu noble/universe amd64 fonts-ipafont-gothic all 00303-21ubuntu1 [3513 kB]
2026-10-04T00:46:57.9214352Z Get:3 http://azure.archive.ubuntu.com/ubuntu noble/main amd64 fonts-freefont-ttf all 20211204+svn4273-2 [5641 kB]
2026-10-04T00:46:58.6796912Z Get:4 http://azure.archive.ubuntu.com/ubuntu noble/universe amd64 fonts-tlwg-loma-otf all 1:0.7.3-1 [107 kB]
2026-10-04T00:46:58.7575083Z Get:5 http://azure.archive.ubuntu.com/ubuntu noble/universe amd64 fonts-unifont all 1:15.1.01-1build1 [2993 kB]
2026-10-04T00:46:58.8633477Z Get:6 http://azure.archive.ubuntu.com/ubuntu noble/universe amd64 fonts-wqy-zenhei all 0.9.45-8 [7472 kB]
2026-10-04T00:46:59.1028145Z Get:7 http://azure.archive.ubuntu.com/ubuntu noble-updates/main amd64 libgl1-mesa-dri amd64 25.2.8-0ubuntu0.24.04.4 [38.0 kB]
2026-10-04T00:46:59.1800001Z Get:8 http://azure.archive.ubuntu.com/ubuntu noble-updates/main amd64 libglx-mesa0 amd64 25.2.8-0ubuntu0.24.04.4 [110 kB]
2026-10-04T00:46:59.2574826Z Get:9 http://azure.archive.ubuntu.com/ubuntu noble-updates/main amd64 libgbm1 amd64 25.2.8-0ubuntu0.24.04.4 [34.2 kB]
2026-10-04T00:46:59.3346114Z Get:10 http://azure.archive.ubuntu.com/ubuntu noble-updates/main amd64 mesa-libgallium amd64 25.2.8-0ubuntu0.24.04.4 [10.8 MB]
2026-10-04T00:46:59.6521709Z Get:11 http://azure.archive.ubuntu.com/ubuntu noble/main amd64 xfonts-encodings all 1:1.0.5-0ubuntu2 [578 kB]
2026-10-04T00:46:59.7418184Z Get:12 http://azure.archive.ubuntu.com/ubuntu noble/main amd64 xfonts-utils amd64 1:7.7+6build3 [94.4 kB]
2026-10-04T00:46:59.8198097Z Get:13 http://azure.archive.ubuntu.com/ubuntu noble/universe amd64 xfonts-cyrillic all 1:1.0.5+nmu1 [384 kB]
2026-10-04T00:46:59.9065599Z Get:14 http://azure.archive.ubuntu.com/ubuntu noble/main amd64 xfonts-scalable all 1:1.0.3-1.3 [304 kB]
2026-10-04T00:47:00.1677602Z Fetched 32.1 MB in 2s (13.7 MB/s)
2026-10-04T00:47:00.1901891Z Selecting previously unselected package fonts-ipafont-gothic.
2026-10-04T00:47:00.2169614Z (Reading database ... 
2026-10-04T00:47:00.2170008Z (Reading database ... 5%
2026-10-04T00:47:00.2170421Z (Reading database ... 10%
2026-10-04T00:47:00.2170680Z (Reading database ... 15%
2026-10-04T00:47:00.2170925Z (Reading database ... 20%
2026-10-04T00:47:00.2171161Z (Reading database ... 25%
2026-10-04T00:47:00.2171404Z (Reading database ... 30%
2026-10-04T00:47:00.2171735Z (Reading database ... 35%
2026-10-04T00:47:00.2172601Z (Reading database ... 40%
2026-10-04T00:47:00.2172887Z (Reading database ... 45%
2026-10-04T00:47:00.2173135Z (Reading database ... 50%
2026-10-04T00:47:00.2205483Z (Reading database ... 55%
2026-10-04T00:47:00.3473252Z (Reading database ... 60%
2026-10-04T00:47:00.5422124Z (Reading database ... 65%
2026-10-04T00:47:00.7436515Z (Reading database ... 70%
2026-10-04T00:47:00.9430159Z (Reading database ... 75%
2026-10-04T00:47:01.0881471Z (Reading database ... 80%
2026-10-04T00:47:01.2927448Z (Reading database ... 85%
2026-10-04T00:47:01.4834293Z (Reading database ... 90%
2026-10-04T00:47:01.6519058Z (Reading database ... 95%
2026-10-04T00:47:01.6519607Z (Reading database ... 100%
2026-10-04T00:47:01.6520374Z (Reading database ... 202296 files and directories currently installed.)
2026-10-04T00:47:01.6562284Z Preparing to unpack .../00-fonts-ipafont-gothic_00303-21ubuntu1_all.deb ...
2026-10-04T00:47:01.6651725Z Unpacking fonts-ipafont-gothic (00303-21ubuntu1) ...
2026-10-04T00:47:01.8909516Z Selecting previously unselected package fonts-freefont-ttf.
2026-10-04T00:47:01.9034054Z Preparing to unpack .../01-fonts-freefont-ttf_20211204+svn4273-2_all.deb ...
2026-10-04T00:47:01.9108518Z Unpacking fonts-freefont-ttf (20211204+svn4273-2) ...
2026-10-04T00:47:01.9868709Z Selecting previously unselected package fonts-tlwg-loma-otf.
2026-10-04T00:47:01.9994753Z Preparing to unpack .../02-fonts-tlwg-loma-otf_1%3a0.7.3-1_all.deb ...
2026-10-04T00:47:02.0000627Z Unpacking fonts-tlwg-loma-otf (1:0.7.3-1) ...
2026-10-04T00:47:02.0200215Z Selecting previously unselected package fonts-unifont.
2026-10-04T00:47:02.0325249Z Preparing to unpack .../03-fonts-unifont_1%3a15.1.01-1build1_all.deb ...
2026-10-04T00:47:02.0331658Z Unpacking fonts-unifont (1:15.1.01-1build1) ...
2026-10-04T00:47:02.1436345Z Selecting previously unselected package fonts-wqy-zenhei.
2026-10-04T00:47:02.1562276Z Preparing to unpack .../04-fonts-wqy-zenhei_0.9.45-8_all.deb ...
2026-10-04T00:47:02.1661466Z Unpacking fonts-wqy-zenhei (0.9.45-8) ...
2026-10-04T00:47:02.6438192Z Preparing to unpack .../05-libgl1-mesa-dri_25.2.8-0ubuntu0.24.04.4_amd64.deb ...
2026-10-04T00:47:02.6578041Z Unpacking libgl1-mesa-dri:amd64 (25.2.8-0ubuntu0.24.04.4) over (25.2.8-0ubuntu0.24.04.2) ...
2026-10-04T00:47:02.7058044Z Preparing to unpack .../06-libglx-mesa0_25.2.8-0ubuntu0.24.04.4_amd64.deb ...
2026-10-04T00:47:02.7086375Z Unpacking libglx-mesa0:amd64 (25.2.8-0ubuntu0.24.04.4) over (25.2.8-0ubuntu0.24.04.2) ...
2026-10-04T00:47:02.7441416Z Preparing to unpack .../07-libgbm1_25.2.8-0ubuntu0.24.04.4_amd64.deb ...
2026-10-04T00:47:02.7461881Z Unpacking libgbm1:amd64 (25.2.8-0ubuntu0.24.04.4) over (25.2.8-0ubuntu0.24.04.2) ...
2026-10-04T00:47:02.7816880Z Preparing to unpack .../08-mesa-libgallium_25.2.8-0ubuntu0.24.04.4_amd64.deb ...
2026-10-04T00:47:02.7837112Z Unpacking mesa-libgallium:amd64 (25.2.8-0ubuntu0.24.04.4) over (25.2.8-0ubuntu0.24.04.2) ...
2026-10-04T00:47:02.9591695Z Selecting previously unselected package xfonts-encodings.
2026-10-04T00:47:02.9716778Z Preparing to unpack .../09-xfonts-encodings_1%3a1.0.5-0ubuntu2_all.deb ...
2026-10-04T00:47:02.9722776Z Unpacking xfonts-encodings (1:1.0.5-0ubuntu2) ...
2026-10-04T00:47:03.0002480Z Selecting previously unselected package xfonts-utils.
2026-10-04T00:47:03.0126993Z Preparing to unpack .../10-xfonts-utils_1%3a7.7+6build3_amd64.deb ...
2026-10-04T00:47:03.0134081Z Unpacking xfonts-utils (1:7.7+6build3) ...
2026-10-04T00:47:03.0477101Z Selecting previously unselected package xfonts-cyrillic.
2026-10-04T00:47:03.0601594Z Preparing to unpack .../11-xfonts-cyrillic_1%3a1.0.5+nmu1_all.deb ...
2026-10-04T00:47:03.0609085Z Unpacking xfonts-cyrillic (1:1.0.5+nmu1) ...
2026-10-04T00:47:03.0947365Z Selecting previously unselected package xfonts-scalable.
2026-10-04T00:47:03.1071848Z Preparing to unpack .../12-xfonts-scalable_1%3a1.0.3-1.3_all.deb ...
2026-10-04T00:47:03.1078904Z Unpacking xfonts-scalable (1:1.0.3-1.3) ...
2026-10-04T00:47:03.1535790Z Setting up mesa-libgallium:amd64 (25.2.8-0ubuntu0.24.04.4) ...
2026-10-04T00:47:03.1555840Z Setting up libgbm1:amd64 (25.2.8-0ubuntu0.24.04.4) ...
2026-10-04T00:47:03.1572881Z Setting up libgl1-mesa-dri:amd64 (25.2.8-0ubuntu0.24.04.4) ...
2026-10-04T00:47:03.1642337Z Setting up fonts-wqy-zenhei (0.9.45-8) ...
2026-10-04T00:47:03.1754279Z Setting up fonts-freefont-ttf (20211204+svn4273-2) ...
2026-10-04T00:47:03.1774339Z Setting up fonts-tlwg-loma-otf (1:0.7.3-1) ...
2026-10-04T00:47:03.1791648Z Setting up xfonts-encodings (1:1.0.5-0ubuntu2) ...
2026-10-04T00:47:03.1808520Z Setting up fonts-ipafont-gothic (00303-21ubuntu1) ...
2026-10-04T00:47:03.1870731Z update-alternatives: using /usr/share/fonts/opentype/ipafont-gothic/ipag.ttf to provide /usr/share/fonts/truetype/fonts-japanese-gothic.ttf (fonts-japanese-gothic.ttf) in auto mode
2026-10-04T00:47:03.1884674Z Setting up fonts-unifont (1:15.1.01-1build1) ...
2026-10-04T00:47:03.1899276Z Setting up libglx-mesa0:amd64 (25.2.8-0ubuntu0.24.04.4) ...
2026-10-04T00:47:03.1917547Z Setting up xfonts-utils (1:7.7+6build3) ...
2026-10-04T00:47:03.1955721Z Setting up xfonts-cyrillic (1:1.0.5+nmu1) ...
2026-10-04T00:47:03.2244126Z Setting up xfonts-scalable (1:1.0.3-1.3) ...
2026-10-04T00:47:03.2514282Z Processing triggers for libc-bin (2.39-0ubuntu8.9) ...
2026-10-04T00:47:03.2649688Z Processing triggers for man-db (2.12.0-4build2) ...
2026-10-04T00:47:03.2669490Z Not building database; man-db/auto-update is not 'true'.
2026-10-04T00:47:03.2680648Z Processing triggers for fontconfig (2.15.0-1.1ubuntu2) ...
2026-10-04T00:47:03.9860158Z 
2026-10-04T00:47:03.9860990Z Running kernel seems to be up-to-date.
2026-10-04T00:47:03.9861413Z 
2026-10-04T00:47:03.9861685Z No services need to be restarted.
2026-10-04T00:47:03.9862268Z 
2026-10-04T00:47:03.9862544Z No containers need to be restarted.
2026-10-04T00:47:03.9862862Z 
2026-10-04T00:47:03.9863182Z No user sessions are running outdated binaries.
2026-10-04T00:47:03.9863561Z 
2026-10-04T00:47:03.9864059Z No VM guests are running outdated hypervisor (qemu) binaries on this host.
2026-10-04T00:47:04.9300016Z Downloading Chromium 143.0.7499.4 (playwright build v1200) from https://cdn.playwright.dev/dbazure/download/playwright/builds/chromium/1200/chromium-linux.zip
2026-10-04T00:47:05.0292781Z (node:4195) [DEP0169] DeprecationWarning: `url.parse()` behavior is not standardized and prone to errors that have security implications. Use the WHATWG URL API instead. CVEs are not issued for `url.parse()` vulnerabilities.
2026-10-04T00:47:05.0295134Z (Use `node --trace-deprecation ...` to show where the warning was created)
2026-10-04T00:47:05.0928539Z |                                                                                |   0% of 164.7 MiB
2026-10-04T00:47:05.3296504Z |■■■■■■■■                                                                        |  10% of 164.7 MiB
2026-10-04T00:47:05.4330008Z |■■■■■■■■■■■■■■■■                                                                |  20% of 164.7 MiB
2026-10-04T00:47:05.5076108Z |■■■■■■■■■■■■■■■■■■■■■■■■                                                        |  30% of 164.7 MiB
2026-10-04T00:47:05.5684689Z |■■■■■■■■■■■■■■■■■■■■■■■■■■■■■■■■                                                |  40% of 164.7 MiB
2026-10-04T00:47:05.6250504Z |■■■■■■■■■■■■■■■■■■■■■■■■■■■■■■■■■■■■■■■■                                        |  50% of 164.7 MiB
2026-10-04T00:47:05.7977300Z |■■■■■■■■■■■■■■■■■■■■■■■■■■■■■■■■■■■■■■■■■■■■■■■■                                |  60% of 164.7 MiB
2026-10-04T00:47:05.9054552Z |■■■■■■■■■■■■■■■■■■■■■■■■■■■■■■■■■■■■■■■■■■■■■■■■■■■■■■■■                        |  70% of 164.7 MiB
2026-10-04T00:47:05.9690312Z |■■■■■■■■■■■■■■■■■■■■■■■■■■■■■■■■■■■■■■■■■■■■■■■■■■■■■■■■■■■■■■■■                |  80% of 164.7 MiB
2026-10-04T00:47:06.0403164Z |■■■■■■■■■■■■■■■■■■■■■■■■■■■■■■■■■■■■■■■■■■■■■■■■■■■■■■■■■■■■■■■■■■■■■■■■        |  90% of 164.7 MiB
2026-10-04T00:47:06.1493107Z |■■■■■■■■■■■■■■■■■■■■■■■■■■■■■■■■■■■■■■■■■■■■■■■■■■■■■■■■■■■■■■■■■■■■■■■■■■■■■■■■| 100% of 164.7 MiB
2026-10-04T00:47:08.7666666Z Chromium 143.0.7499.4 (playwright build v1200) downloaded to /home/runner/.cache/ms-playwright/chromium-1200
2026-10-04T00:47:08.7672425Z Downloading FFMPEG playwright build v1011 from https://cdn.playwright.dev/dbazure/download/playwright/builds/ffmpeg/1011/ffmpeg-linux.zip
2026-10-04T00:47:08.8682261Z (node:4208) [DEP0169] DeprecationWarning: `url.parse()` behavior is not standardized and prone to errors that have security implications. Use the WHATWG URL API instead. CVEs are not issued for `url.parse()` vulnerabilities.
2026-10-04T00:47:08.8684151Z (Use `node --trace-deprecation ...` to show where the warning was created)
2026-10-04T00:47:08.9126544Z |                                                                                |   0% of 2.3 MiB
2026-10-04T00:47:08.9186858Z |■■■■■■■■                                                                        |  10% of 2.3 MiB
2026-10-04T00:47:08.9224120Z |■■■■■■■■■■■■■■■■                                                                |  20% of 2.3 MiB
2026-10-04T00:47:08.9247895Z |■■■■■■■■■■■■■■■■■■■■■■■■                                                        |  30% of 2.3 MiB
2026-10-04T00:47:08.9275806Z |■■■■■■■■■■■■■■■■■■■■■■■■■■■■■■■■                                                |  40% of 2.3 MiB
2026-10-04T00:47:08.9292598Z |■■■■■■■■■■■■■■■■■■■■■■■■■■■■■■■■■■■■■■■■                                        |  50% of 2.3 MiB
2026-10-04T00:47:08.9305208Z |■■■■■■■■■■■■■■■■■■■■■■■■■■■■■■■■■■■■■■■■■■■■■■■■                                |  60% of 2.3 MiB
2026-10-04T00:47:08.9327020Z |■■■■■■■■■■■■■■■■■■■■■■■■■■■■■■■■■■■■■■■■■■■■■■■■■■■■■■■■                        |  70% of 2.3 MiB
2026-10-04T00:47:08.9376097Z |■■■■■■■■■■■■■■■■■■■■■■■■■■■■■■■■■■■■■■■■■■■■■■■■■■■■■■■■■■■■■■■■                |  80% of 2.3 MiB
2026-10-04T00:47:08.9386359Z |■■■■■■■■■■■■■■■■■■■■■■■■■■■■■■■■■■■■■■■■■■■■■■■■■■■■■■■■■■■■■■■■■■■■■■■■        |  90% of 2.3 MiB
2026-10-04T00:47:08.9415089Z |■■■■■■■■■■■■■■■■■■■■■■■■■■■■■■■■■■■■■■■■■■■■■■■■■■■■■■■■■■■■■■■■■■■■■■■■■■■■■■■■| 100% of 2.3 MiB
2026-10-04T00:47:08.9980879Z FFMPEG playwright build v1011 downloaded to /home/runner/.cache/ms-playwright/ffmpeg-1011
2026-10-04T00:47:08.9984836Z Downloading Chromium Headless Shell 143.0.7499.4 (playwright build v1200) from https://cdn.playwright.dev/dbazure/download/playwright/builds/chromium/1200/chromium-headless-shell-linux.zip
2026-10-04T00:47:09.0963367Z (node:4220) [DEP0169] DeprecationWarning: `url.parse()` behavior is not standardized and prone to errors that have security implications. Use the WHATWG URL API instead. CVEs are not issued for `url.parse()` vulnerabilities.
2026-10-04T00:47:09.0964676Z (Use `node --trace-deprecation ...` to show where the warning was created)
2026-10-04T00:47:09.1602966Z |                                                                                |   0% of 109.7 MiB
2026-10-04T00:47:09.3008034Z |■■■■■■■■                                                                        |  10% of 109.7 MiB
2026-10-04T00:47:09.3973817Z |■■■■■■■■■■■■■■■■                                                                |  20% of 109.7 MiB
2026-10-04T00:47:09.4690740Z |■■■■■■■■■■■■■■■■■■■■■■■■                                                        |  30% of 109.7 MiB
2026-10-04T00:47:09.5295384Z |■■■■■■■■■■■■■■■■■■■■■■■■■■■■■■■■                                                |  40% of 109.7 MiB
2026-10-04T00:47:09.5757772Z |■■■■■■■■■■■■■■■■■■■■■■■■■■■■■■■■■■■■■■■■                                        |  50% of 109.7 MiB
2026-10-04T00:47:09.6160059Z |■■■■■■■■■■■■■■■■■■■■■■■■■■■■■■■■■■■■■■■■■■■■■■■■                                |  60% of 109.7 MiB
2026-10-04T00:47:09.6580026Z |■■■■■■■■■■■■■■■■■■■■■■■■■■■■■■■■■■■■■■■■■■■■■■■■■■■■■■■■                        |  70% of 109.7 MiB
2026-10-04T00:47:09.6973033Z |■■■■■■■■■■■■■■■■■■■■■■■■■■■■■■■■■■■■■■■■■■■■■■■■■■■■■■■■■■■■■■■■                |  80% of 109.7 MiB
2026-10-04T00:47:09.7369536Z |■■■■■■■■■■■■■■■■■■■■■■■■■■■■■■■■■■■■■■■■■■■■■■■■■■■■■■■■■■■■■■■■■■■■■■■■        |  90% of 109.7 MiB
2026-10-04T00:47:09.7768539Z |■■■■■■■■■■■■■■■■■■■■■■■■■■■■■■■■■■■■■■■■■■■■■■■■■■■■■■■■■■■■■■■■■■■■■■■■■■■■■■■■| 100% of 109.7 MiB
2026-10-04T00:47:11.8898439Z Chromium Headless Shell 143.0.7499.4 (playwright build v1200) downloaded to /home/runner/.cache/ms-playwright/chromium_headless_shell-1200
2026-10-04T00:47:11.9109227Z ##[group]Run python scripts/run_logged.py evidence/browser-native.log -- python scripts/browser_smoke.py
2026-10-04T00:47:11.9110192Z [36;1mpython scripts/run_logged.py evidence/browser-native.log -- python scripts/browser_smoke.py[0m
2026-10-04T00:47:11.9173434Z shell: /usr/bin/bash --noprofile --norc -e -o pipefail {0}
2026-10-04T00:47:11.9173785Z env:
2026-10-04T00:47:11.9173989Z   NEXT_TELEMETRY_DISABLED: 1
2026-10-04T00:47:11.9174304Z   pythonLocation: /opt/hostedtoolcache/Python/3.13.15/x64
2026-10-04T00:47:11.9174741Z   PKG_CONFIG_PATH: /opt/hostedtoolcache/Python/3.13.15/x64/lib/pkgconfig
2026-10-04T00:47:11.9175170Z   Python_ROOT_DIR: /opt/hostedtoolcache/Python/3.13.15/x64
2026-10-04T00:47:11.9175557Z   Python2_ROOT_DIR: /opt/hostedtoolcache/Python/3.13.15/x64
2026-10-04T00:47:11.9175943Z   Python3_ROOT_DIR: /opt/hostedtoolcache/Python/3.13.15/x64
2026-10-04T00:47:11.9176336Z   LD_LIBRARY_PATH: /opt/hostedtoolcache/Python/3.13.15/x64/lib
2026-10-04T00:47:11.9176689Z ##[endgroup]
2026-10-04T00:47:28.2225523Z {
2026-10-04T00:47:28.2226016Z   "mode": "native_browser_e2e",
2026-10-04T00:47:28.2226316Z   "passed": [
2026-10-04T00:47:28.2226843Z     "agent_credential_rejected_by_reviewer_console",
2026-10-04T00:47:28.2227464Z     "pending_queue_survives_more_than_100_newer_reads",
2026-10-04T00:47:28.2228252Z     "approval_disabled_without_informed_confirmation",
2026-10-04T00:47:28.2228947Z     "browser_rejection_preserves_all_1206_rows",
2026-10-04T00:47:28.2229619Z     "browser_approval_executes_real_update_once",
2026-10-04T00:47:28.2230290Z     "critical_action_requires_exact_1206_scope_phrase",
2026-10-04T00:47:28.2230922Z     "390px_mobile_has_no_horizontal_overflow",
2026-10-04T00:47:28.2231523Z     "audit_replay_and_hmac_verification_render",
2026-10-04T00:47:28.2232478Z     "metrics_use_real_samples_and_unknown_model_cost",
2026-10-04T00:47:28.2233215Z     "batch_ui_lists_bound_members_and_enforces_confirmation",
2026-10-04T00:47:28.2233648Z     "recovery_is_a_separate_informed_approval",
2026-10-04T00:47:28.2234104Z     "study_import_counterbalance_visibility_and_export_automation_only",
2026-10-04T00:47:28.2234551Z     "logout_removes_authenticated_console",
2026-10-04T00:47:28.2234866Z     "no_browser_javascript_errors"
2026-10-04T00:47:28.2235112Z   ],
2026-10-04T00:47:28.2235302Z   "errors": [],
2026-10-04T00:47:28.2235503Z   "not_proven": []
2026-10-04T00:47:28.2235703Z }
2026-10-04T00:47:28.2406162Z ##[group]Run python scripts/run_logged.py evidence/browser-edges.log -- python scripts/browser_edges.py
2026-10-04T00:47:28.2407515Z [36;1mpython scripts/run_logged.py evidence/browser-edges.log -- python scripts/browser_edges.py[0m
2026-10-04T00:47:28.2480886Z shell: /usr/bin/bash --noprofile --norc -e -o pipefail {0}
2026-10-04T00:47:28.2481245Z env:
2026-10-04T00:47:28.2481450Z   NEXT_TELEMETRY_DISABLED: 1
2026-10-04T00:47:28.2481768Z   pythonLocation: /opt/hostedtoolcache/Python/3.13.15/x64
2026-10-04T00:47:28.2482524Z   PKG_CONFIG_PATH: /opt/hostedtoolcache/Python/3.13.15/x64/lib/pkgconfig
2026-10-04T00:47:28.2482957Z   Python_ROOT_DIR: /opt/hostedtoolcache/Python/3.13.15/x64
2026-10-04T00:47:28.2483331Z   Python2_ROOT_DIR: /opt/hostedtoolcache/Python/3.13.15/x64
2026-10-04T00:47:28.2483944Z   Python3_ROOT_DIR: /opt/hostedtoolcache/Python/3.13.15/x64
2026-10-04T00:47:28.2484327Z   LD_LIBRARY_PATH: /opt/hostedtoolcache/Python/3.13.15/x64/lib
2026-10-04T00:47:28.2484677Z ##[endgroup]
2026-10-04T00:47:32.0784365Z {
2026-10-04T00:47:32.0784905Z   "mode": "native_next_browser_real_http",
2026-10-04T00:47:32.0785436Z   "passed": [
2026-10-04T00:47:32.0785883Z     "stale_cas_never_overwrites_new_data",
2026-10-04T00:47:32.0786451Z     "execution_failure_rolls_back_and_renders",
2026-10-04T00:47:32.0786850Z     "unknown_requires_original_receipt_reconciliation",
2026-10-04T00:47:32.0787259Z     "untrusted_long_text_is_escaped_and_mobile_bounded",
2026-10-04T00:47:32.0787638Z     "expired_action_has_no_decision_controls",
2026-10-04T00:47:32.0787977Z     "hard_block_has_no_override_controls",
2026-10-04T00:47:32.0788335Z     "keyboard_login_and_logout_clear_memory_credentials",
2026-10-04T00:47:32.0788804Z     "study_comprehension_is_separate_required_and_exported_as_automation",
2026-10-04T00:47:32.0789278Z     "next_hydration_and_strict_csp_have_no_errors"
2026-10-04T00:47:32.0789756Z   ],
2026-10-04T00:47:32.0790096Z   "errors": [],
2026-10-04T00:47:32.0790482Z   "csp_violations": [],
2026-10-04T00:47:32.0790781Z   "human_participants": 0
2026-10-04T00:47:32.0791012Z }
2026-10-04T00:47:32.0953323Z ##[group]Run python scripts/run_logged.py evidence/pilot-browser.log -- python scripts/pilot_browser.py
2026-10-04T00:47:32.0954097Z [36;1mpython scripts/run_logged.py evidence/pilot-browser.log -- python scripts/pilot_browser.py[0m
2026-10-04T00:47:32.1017053Z shell: /usr/bin/bash --noprofile --norc -e -o pipefail {0}
2026-10-04T00:47:32.1017390Z env:
2026-10-04T00:47:32.1017589Z   NEXT_TELEMETRY_DISABLED: 1
2026-10-04T00:47:32.1017892Z   pythonLocation: /opt/hostedtoolcache/Python/3.13.15/x64
2026-10-04T00:47:32.1018320Z   PKG_CONFIG_PATH: /opt/hostedtoolcache/Python/3.13.15/x64/lib/pkgconfig
2026-10-04T00:47:32.1018744Z   Python_ROOT_DIR: /opt/hostedtoolcache/Python/3.13.15/x64
2026-10-04T00:47:32.1019134Z   Python2_ROOT_DIR: /opt/hostedtoolcache/Python/3.13.15/x64
2026-10-04T00:47:32.1019520Z   Python3_ROOT_DIR: /opt/hostedtoolcache/Python/3.13.15/x64
2026-10-04T00:47:32.1019901Z   LD_LIBRARY_PATH: /opt/hostedtoolcache/Python/3.13.15/x64/lib
2026-10-04T00:47:32.1020247Z ##[endgroup]
2026-10-04T00:47:34.7278178Z {
2026-10-04T00:47:34.7278616Z   "status": "PASS",
2026-10-04T00:47:34.7279067Z   "mode": "native_browser_e2e",
2026-10-04T00:47:34.7279464Z   "browser_plugin": "not available; project Playwright",
2026-10-04T00:47:34.7279811Z   "passed": [
2026-10-04T00:47:34.7280116Z     "pilot_public_assets_load_without_approval_service",
2026-10-04T00:47:34.7280577Z     "eight_practice_decisions_exported_and_excluded_from_human_metrics",
2026-10-04T00:47:34.7280994Z     "pilot_390px_no_horizontal_overflow",
2026-10-04T00:47:34.7281362Z     "sender_alert_dedup_and_recovery_render_as_two_events",
2026-10-04T00:47:34.7281770Z     "inbox_read_token_not_in_url_or_browser_storage",
2026-10-04T00:47:34.7282492Z     "inbox_390px_no_horizontal_overflow",
2026-10-04T00:47:34.7282830Z     "inbox_logout_clears_authenticated_content",
2026-10-04T00:47:34.7283159Z     "no_browser_javascript_or_csp_errors"
2026-10-04T00:47:34.7283418Z   ],
2026-10-04T00:47:34.7283600Z   "errors": [],
2026-10-04T00:47:34.7283831Z   "csp_violations": [],
2026-10-04T00:47:34.7284066Z   "human_participants": 0,
2026-10-04T00:47:34.7284328Z   "external_notifications": 0,
2026-10-04T00:47:34.7284576Z   "business_side_effects": 0
2026-10-04T00:47:34.7284822Z }
2026-10-04T00:47:34.7444887Z ##[group]Run python scripts/run_logged.py evidence/docker-smoke.log -- python scripts/docker_smoke.py
2026-10-04T00:47:34.7445626Z [36;1mpython scripts/run_logged.py evidence/docker-smoke.log -- python scripts/docker_smoke.py[0m
2026-10-04T00:47:34.7508236Z shell: /usr/bin/bash --noprofile --norc -e -o pipefail {0}
2026-10-04T00:47:34.7508575Z env:
2026-10-04T00:47:34.7508768Z   NEXT_TELEMETRY_DISABLED: 1
2026-10-04T00:47:34.7509257Z   pythonLocation: /opt/hostedtoolcache/Python/3.13.15/x64
2026-10-04T00:47:34.7509691Z   PKG_CONFIG_PATH: /opt/hostedtoolcache/Python/3.13.15/x64/lib/pkgconfig
2026-10-04T00:47:34.7510118Z   Python_ROOT_DIR: /opt/hostedtoolcache/Python/3.13.15/x64
2026-10-04T00:47:34.7510501Z   Python2_ROOT_DIR: /opt/hostedtoolcache/Python/3.13.15/x64
2026-10-04T00:47:34.7510881Z   Python3_ROOT_DIR: /opt/hostedtoolcache/Python/3.13.15/x64
2026-10-04T00:47:34.7511258Z   LD_LIBRARY_PATH: /opt/hostedtoolcache/Python/3.13.15/x64/lib
2026-10-04T00:47:34.7511609Z ##[endgroup]
2026-10-04T00:48:45.5863883Z {
2026-10-04T00:48:45.5864526Z   "mode": "real_docker_compose",
2026-10-04T00:48:45.5865273Z   "project": "airlock-check-f408ffe212f1",
2026-10-04T00:48:45.5865924Z   "probe": {
2026-10-04T00:48:45.5866521Z     "pending_id": "74669a86b593407496fd03b8db312c67",
2026-10-04T00:48:45.5867183Z     "uid": 10001,
2026-10-04T00:48:45.5867633Z     "effective_capabilities": 0,
2026-10-04T00:48:45.5868150Z     "sqlite_runtime": {
2026-10-04T00:48:45.5868572Z       "version": "3.53.1",
2026-10-04T00:48:45.5869511Z       "source_id": "2026-05-05 10:34:17 c88b22011a54b4f6fbd149e9f8e4de77658ce58143a1af0e3785e4e6475127e9",
2026-10-04T00:48:45.5870504Z       "wal_reset_fix": "upstream_fixed_version",
2026-10-04T00:48:45.5871042Z       "compile_options": [
2026-10-04T00:48:45.5871494Z         "ATOMIC_INTRINSICS=1",
2026-10-04T00:48:45.5872203Z         "COMPILER=gcc-14.2.0",
2026-10-04T00:48:45.5872654Z         "DEFAULT_AUTOVACUUM",
2026-10-04T00:48:45.5873145Z         "DEFAULT_CACHE_SIZE=-2000",
2026-10-04T00:48:45.5873635Z         "DEFAULT_FILE_FORMAT=4",
2026-10-04T00:48:45.5874133Z         "DEFAULT_JOURNAL_SIZE_LIMIT=-1",
2026-10-04T00:48:45.5874633Z         "DEFAULT_MMAP_SIZE=0",
2026-10-04T00:48:45.5875091Z         "DEFAULT_PAGE_SIZE=4096",
2026-10-04T00:48:45.5875570Z         "DEFAULT_PCACHE_INITSZ=20",
2026-10-04T00:48:45.5876070Z         "DEFAULT_RECURSIVE_TRIGGERS",
2026-10-04T00:48:45.5876586Z         "DEFAULT_SECTOR_SIZE=4096",
2026-10-04T00:48:45.5876910Z         "DEFAULT_SYNCHRONOUS=2",
2026-10-04T00:48:45.5877225Z         "DEFAULT_WAL_AUTOCHECKPOINT=1000",
2026-10-04T00:48:45.5877535Z         "DEFAULT_WAL_SYNCHRONOUS=2",
2026-10-04T00:48:45.5877818Z         "DEFAULT_WORKER_THREADS=0",
2026-10-04T00:48:45.5878091Z         "DIRECT_OVERFLOW_READ",
2026-10-04T00:48:45.5878365Z         "ENABLE_COLUMN_METADATA",
2026-10-04T00:48:45.5878617Z         "ENABLE_DBSTAT_VTAB",
2026-10-04T00:48:45.5878849Z         "ENABLE_FTS3",
2026-10-04T00:48:45.5879057Z         "ENABLE_FTS5",
2026-10-04T00:48:45.5879300Z         "ENABLE_MATH_FUNCTIONS",
2026-10-04T00:48:45.5879538Z         "ENABLE_RTREE",
2026-10-04T00:48:45.5879791Z         "MALLOC_SOFT_LIMIT=1024",
2026-10-04T00:48:45.5880033Z         "MAX_ATTACHED=10",
2026-10-04T00:48:45.5880253Z         "MAX_COLUMN=2000",
2026-10-04T00:48:45.5880500Z         "MAX_COMPOUND_SELECT=500",
2026-10-04T00:48:45.5880785Z         "MAX_DEFAULT_PAGE_SIZE=8192",
2026-10-04T00:48:45.5881070Z         "MAX_EXPR_DEPTH=1000",
2026-10-04T00:48:45.5881323Z         "MAX_FUNCTION_ARG=1000",
2026-10-04T00:48:45.5881574Z         "MAX_LENGTH=1000000000",
2026-10-04T00:48:45.5881843Z         "MAX_LIKE_PATTERN_LENGTH=50000",
2026-10-04T00:48:45.5882496Z         "MAX_MMAP_SIZE=0x7fff0000",
2026-10-04T00:48:45.5882831Z         "MAX_PAGE_COUNT=0xfffffffe",
2026-10-04T00:48:45.5883112Z         "MAX_PAGE_SIZE=65536",
2026-10-04T00:48:45.5883368Z         "MAX_SQL_LENGTH=1000000000",
2026-10-04T00:48:45.5883635Z         "MAX_TRIGGER_DEPTH=1000",
2026-10-04T00:48:45.5884169Z         "MAX_VARIABLE_NUMBER=32766",
2026-10-04T00:48:45.5884461Z         "MAX_VDBE_OP=250000000",
2026-10-04T00:48:45.5884719Z         "MAX_WORKER_THREADS=8",
2026-10-04T00:48:45.5884962Z         "MUTEX_PTHREADS",
2026-10-04T00:48:45.5885185Z         "SYSTEM_MALLOC",
2026-10-04T00:48:45.5885403Z         "TEMP_STORE=1",
2026-10-04T00:48:45.5885624Z         "THREADSAFE=1",
2026-10-04T00:48:45.5885831Z         "USE_URI"
2026-10-04T00:48:45.5886222Z       ],
2026-10-04T00:48:45.5886414Z       "python": "3.13.16",
2026-10-04T00:48:45.5886665Z       "sqlite_threadsafety": 3,
2026-10-04T00:48:45.5886937Z       "loaded_shared_library_files": [
2026-10-04T00:48:45.5887200Z         {
2026-10-04T00:48:45.5887480Z           "path": "/opt/airlock-sqlite/lib/libsqlite3.so.0",
2026-10-04T00:48:45.5887804Z           "bytes": 1605768,
2026-10-04T00:48:45.5888202Z           "sha256": "8fac480a6336553316e0417dad6fc91f32b054396724b34b65f25546637dcd26"
2026-10-04T00:48:45.5888589Z         }
2026-10-04T00:48:45.5888758Z       ],
2026-10-04T00:48:45.5888993Z       "build_report_verified": true,
2026-10-04T00:48:45.5889481Z       "build_report_sha256": "7b06c542bba71858f7499dc24352ea1f0c39e7aa2f6e36dfdf1b17b64a6cdb2f"
2026-10-04T00:48:45.5889914Z     },
2026-10-04T00:48:45.5890094Z     "checks": [
2026-10-04T00:48:45.5890345Z       "agent_has_no_reviewer_or_audit_secret",
2026-10-04T00:48:45.5890673Z       "target_database_not_mounted_in_agent",
2026-10-04T00:48:45.5891000Z       "no_server_config_or_docker_socket",
2026-10-04T00:48:45.5891309Z       "non_root_read_only_no_capabilities",
2026-10-04T00:48:45.5891618Z       "agent_cannot_approve_or_read_audit",
2026-10-04T00:48:45.5892142Z       "SQL_cannot_read_control_tables",
2026-10-04T00:48:45.5892480Z       "write_waits_for_separate_reviewer",
2026-10-04T00:48:45.5892801Z       "container_loads_pinned_sqlite_runtime"
2026-10-04T00:48:45.5893069Z     ]
2026-10-04T00:48:45.5893239Z   },
2026-10-04T00:48:45.5893677Z   "runtime_image_id": "sha256:4b0d336a368dd5c1bacbfaee8b1d183b992ec0577f8d87ac68cccf60a9520c45",
2026-10-04T00:48:45.5894190Z   "rows_before_independent_approval": 1206,
2026-10-04T00:48:45.5894508Z   "rows_after_approval_and_restart": 0,
2026-10-04T00:48:45.5894781Z   "additional_checks": [
2026-10-04T00:48:45.5895089Z     "pending_survives_server_restart_without_execution",
2026-10-04T00:48:45.5895488Z     "approved_effect_and_audit_persist_without_reseeding",
2026-10-04T00:48:45.5895833Z     "compose_network_is_internal",
2026-10-04T00:48:45.5896140Z     "server_dual_network_agent_internal_only",
2026-10-04T00:48:45.5896462Z     "published_port_is_loopback_only"
2026-10-04T00:48:45.5896707Z   ],
2026-10-04T00:48:45.5896885Z   "limitations": [
2026-10-04T00:48:45.5897248Z     "controlled synthetic deployment, not a general container escape audit",
2026-10-04T00:48:45.5897753Z     "reviewer is automated test code, not a human A/B participant"
2026-10-04T00:48:45.5898083Z   ]
2026-10-04T00:48:45.5898256Z }
2026-10-04T00:48:45.6014912Z ##[group]Run python scripts/run_logged.py evidence/upstream-isolation.log -- python scripts/upstream_isolation.py
2026-10-04T00:48:45.6015746Z [36;1mpython scripts/run_logged.py evidence/upstream-isolation.log -- python scripts/upstream_isolation.py[0m
2026-10-04T00:48:45.6085961Z shell: /usr/bin/bash --noprofile --norc -e -o pipefail {0}
2026-10-04T00:48:45.6086309Z env:
2026-10-04T00:48:45.6086506Z   NEXT_TELEMETRY_DISABLED: 1
2026-10-04T00:48:45.6086820Z   pythonLocation: /opt/hostedtoolcache/Python/3.13.15/x64
2026-10-04T00:48:45.6087266Z   PKG_CONFIG_PATH: /opt/hostedtoolcache/Python/3.13.15/x64/lib/pkgconfig
2026-10-04T00:48:45.6087696Z   Python_ROOT_DIR: /opt/hostedtoolcache/Python/3.13.15/x64
2026-10-04T00:48:45.6088078Z   Python2_ROOT_DIR: /opt/hostedtoolcache/Python/3.13.15/x64
2026-10-04T00:48:45.6088457Z   Python3_ROOT_DIR: /opt/hostedtoolcache/Python/3.13.15/x64
2026-10-04T00:48:45.6088831Z   LD_LIBRARY_PATH: /opt/hostedtoolcache/Python/3.13.15/x64/lib
2026-10-04T00:48:45.6089174Z ##[endgroup]
2026-10-04T00:48:48.8932707Z {"status": "PASS", "mode": "real_docker_protected_upstream", "image": "sha256:4b0d336a368dd5c1bacbfaee8b1d183b992ec0577f8d87ac68cccf60a9520c45", "probe": {"action_id": "da562d842676428db7ba0346e5fdbae7", "checks": ["no_upstream_dns", "no_direct_ip_access", "no_upstream_or_review_secret", "no_server_volume_or_socket", "single_internal_agent_network", "write_waits_for_reviewer"]}, "checks": ["rejection_preserves_remote_value", "separate_approval_executes_once", "separate_compensation_restores_value", "audit_chain_valid"], "network_boundary": "Agent only on internal ingress; upstream only on distinct internal target network; gate on both; no upstream published port", "limitations": ["Synthetic remote CAS counter, scripted reviewer; not a human study", "Dedicated pinned private HTTP in isolated fixture; production untrusted networks require TLS", "Host administrator and container escape outside tested boundary"]}
2026-10-04T00:48:48.9116708Z ##[group]Run actions/setup-go@v6
2026-10-04T00:48:48.9116992Z with:
2026-10-04T00:48:48.9117184Z   go-version: 1.24.8
2026-10-04T00:48:48.9117395Z   cache: false
2026-10-04T00:48:48.9117599Z   check-latest: false
2026-10-04T00:48:48.9120253Z   token: ***
2026-10-04T00:48:48.9120452Z env:
2026-10-04T00:48:48.9120639Z   NEXT_TELEMETRY_DISABLED: 1
2026-10-04T00:48:48.9120954Z   pythonLocation: /opt/hostedtoolcache/Python/3.13.15/x64
2026-10-04T00:48:48.9121396Z   PKG_CONFIG_PATH: /opt/hostedtoolcache/Python/3.13.15/x64/lib/pkgconfig
2026-10-04T00:48:48.9121845Z   Python_ROOT_DIR: /opt/hostedtoolcache/Python/3.13.15/x64
2026-10-04T00:48:48.9122540Z   Python2_ROOT_DIR: /opt/hostedtoolcache/Python/3.13.15/x64
2026-10-04T00:48:48.9122927Z   Python3_ROOT_DIR: /opt/hostedtoolcache/Python/3.13.15/x64
2026-10-04T00:48:48.9123314Z   LD_LIBRARY_PATH: /opt/hostedtoolcache/Python/3.13.15/x64/lib
2026-10-04T00:48:48.9123638Z ##[endgroup]
2026-10-04T00:48:49.0397672Z Setup go version spec 1.24.8
2026-10-04T00:48:49.0410777Z Attempting to download 1.24.8...
2026-10-04T00:48:49.4554403Z matching 1.24.8...
2026-10-04T00:48:49.4610377Z Acquiring 1.24.8 from https://github.com/actions/go-versions/releases/download/1.24.8-18331018734/go-1.24.8-linux-x64.tar.gz
2026-10-04T00:48:50.1212229Z Extracting Go...
2026-10-04T00:48:50.1342403Z [command]/usr/bin/tar xz --warning=no-unknown-keyword --overwrite -C /home/runner/work/_temp/bb081c3f-4775-4d14-b7e7-e7eb3758edec -f /home/runner/work/_temp/b1aac8d0-36ff-4bda-b31a-502278a020fa
2026-10-04T00:48:51.8962616Z Successfully extracted go to /home/runner/work/_temp/bb081c3f-4775-4d14-b7e7-e7eb3758edec
2026-10-04T00:48:51.8963185Z Adding to the cache ...
2026-10-04T00:48:57.4349733Z Successfully cached go to /opt/hostedtoolcache/go/1.24.8/x64
2026-10-04T00:48:57.4352363Z Added go to the path
2026-10-04T00:48:57.4354615Z Successfully set up Go version 1.24.8
2026-10-04T00:48:57.4586616Z go version go1.24.8 linux/amd64
2026-10-04T00:48:57.4586955Z 
2026-10-04T00:48:57.4587436Z ##[group]go env
2026-10-04T00:48:57.5541423Z AR='ar'
2026-10-04T00:48:57.5542168Z CC='gcc'
2026-10-04T00:48:57.5542831Z CGO_CFLAGS='-O2 -g'
2026-10-04T00:48:57.5543278Z CGO_CPPFLAGS=''
2026-10-04T00:48:57.5543694Z CGO_CXXFLAGS='-O2 -g'
2026-10-04T00:48:57.5543953Z CGO_ENABLED='1'
2026-10-04T00:48:57.5544182Z CGO_FFLAGS='-O2 -g'
2026-10-04T00:48:57.5544419Z CGO_LDFLAGS='-O2 -g'
2026-10-04T00:48:57.5544639Z CXX='g++'
2026-10-04T00:48:57.5544842Z GCCGO='gccgo'
2026-10-04T00:48:57.5545047Z GO111MODULE=''
2026-10-04T00:48:57.5545249Z GOAMD64='v1'
2026-10-04T00:48:57.5545475Z GOARCH='amd64'
2026-10-04T00:48:57.5545684Z GOAUTH='netrc'
2026-10-04T00:48:57.5545880Z GOBIN=''
2026-10-04T00:48:57.5546150Z GOCACHE='/home/runner/.cache/go-build'
2026-10-04T00:48:57.5546444Z GOCACHEPROG=''
2026-10-04T00:48:57.5546649Z GODEBUG=''
2026-10-04T00:48:57.5546904Z GOENV='/home/runner/.config/go/env'
2026-10-04T00:48:57.5547166Z GOEXE=''
2026-10-04T00:48:57.5547359Z GOEXPERIMENT=''
2026-10-04T00:48:57.5547586Z GOFIPS140='off'
2026-10-04T00:48:57.5547793Z GOFLAGS=''
2026-10-04T00:48:57.5548630Z GOGCCFLAGS='-fPIC -m64 -pthread -Wl,--no-gc-sections -fmessage-length=0 -ffile-prefix-map=/tmp/go-build3088989291=/tmp/go-build -gno-record-gcc-switches'
2026-10-04T00:48:57.5549322Z GOHOSTARCH='amd64'
2026-10-04T00:48:57.5549544Z GOHOSTOS='linux'
2026-10-04T00:48:57.5549751Z GOINSECURE=''
2026-10-04T00:48:57.5549965Z GOMOD='/dev/null'
2026-10-04T00:48:57.5550246Z GOMODCACHE='/home/runner/go/pkg/mod'
2026-10-04T00:48:57.5550526Z GONOPROXY=''
2026-10-04T00:48:57.5550723Z GONOSUMDB=''
2026-10-04T00:48:57.5551187Z GOOS='linux'
2026-10-04T00:48:57.5551411Z GOPATH='/home/runner/go'
2026-10-04T00:48:57.5551643Z GOPRIVATE=''
2026-10-04T00:48:57.5552255Z GOPROXY='https://proxy.golang.org,direct'
2026-10-04T00:48:57.5552814Z GOROOT='/opt/hostedtoolcache/go/1.24.8/x64'
2026-10-04T00:48:57.5553150Z GOSUMDB='sum.golang.org'
2026-10-04T00:48:57.5553408Z GOTELEMETRY='local'
2026-10-04T00:48:57.5553735Z GOTELEMETRYDIR='/home/runner/.config/go/telemetry'
2026-10-04T00:48:57.5554262Z GOTMPDIR=''
2026-10-04T00:48:57.5554492Z GOTOOLCHAIN='local'
2026-10-04T00:48:57.5554895Z GOTOOLDIR='/opt/hostedtoolcache/go/1.24.8/x64/pkg/tool/linux_amd64'
2026-10-04T00:48:57.5555263Z GOVCS=''
2026-10-04T00:48:57.5555479Z GOVERSION='go1.24.8'
2026-10-04T00:48:57.5555692Z GOWORK=''
2026-10-04T00:48:57.5555918Z PKG_CONFIG='pkg-config'
2026-10-04T00:48:57.5556062Z 
2026-10-04T00:48:57.5556408Z ##[endgroup]
2026-10-04T00:48:57.5807440Z ##[group]Run python scripts/run_logged.py evidence/archive-build.log -- python scripts/build_archive_fixture.py --output evidence/archive-image.json
2026-10-04T00:48:57.5823079Z [36;1mpython scripts/run_logged.py evidence/archive-build.log -- python scripts/build_archive_fixture.py --output evidence/archive-image.json[0m
2026-10-04T00:48:57.5891585Z shell: /usr/bin/bash --noprofile --norc -e -o pipefail {0}
2026-10-04T00:48:57.5892460Z env:
2026-10-04T00:48:57.5892784Z   NEXT_TELEMETRY_DISABLED: 1
2026-10-04T00:48:57.5893120Z   pythonLocation: /opt/hostedtoolcache/Python/3.13.15/x64
2026-10-04T00:48:57.5893596Z   PKG_CONFIG_PATH: /opt/hostedtoolcache/Python/3.13.15/x64/lib/pkgconfig
2026-10-04T00:48:57.5894047Z   Python_ROOT_DIR: /opt/hostedtoolcache/Python/3.13.15/x64
2026-10-04T00:48:57.5894451Z   Python2_ROOT_DIR: /opt/hostedtoolcache/Python/3.13.15/x64
2026-10-04T00:48:57.5894878Z   Python3_ROOT_DIR: /opt/hostedtoolcache/Python/3.13.15/x64
2026-10-04T00:48:57.5895334Z   LD_LIBRARY_PATH: /opt/hostedtoolcache/Python/3.13.15/x64/lib
2026-10-04T00:48:57.5895681Z   GOTOOLCHAIN: local
2026-10-04T00:48:57.5895904Z ##[endgroup]
2026-10-04T00:49:02.4531481Z From https://github.com/minio/minio
2026-10-04T00:49:02.4532601Z  * branch            7aac2a2c5b7c882e68c1ce017d8256be2feea27f -> FETCH_HEAD
2026-10-04T00:49:02.4533258Z HEAD is now at 7aac2a2 update README.md format and clarify state of the project
2026-10-04T00:49:02.4533818Z go: downloading cloud.google.com/go/storage v1.52.0
2026-10-04T00:49:02.4534348Z go: downloading github.com/Azure/azure-sdk-for-go/sdk/azcore v1.18.0
2026-10-04T00:49:02.4534941Z go: downloading github.com/Azure/azure-sdk-for-go/sdk/azidentity v1.9.0
2026-10-04T00:49:02.4535548Z go: downloading github.com/Azure/azure-sdk-for-go/sdk/storage/azblob v1.6.1
2026-10-04T00:49:02.4536055Z go: downloading github.com/cespare/xxhash/v2 v2.3.0
2026-10-04T00:49:02.4536462Z go: downloading github.com/cheggaaa/pb v1.0.29
2026-10-04T00:49:02.4536899Z go: downloading github.com/coreos/go-oidc/v3 v3.14.1
2026-10-04T00:49:02.4537294Z go: downloading cloud.google.com/go v0.120.1
2026-10-04T00:49:02.4537719Z go: downloading github.com/coreos/go-systemd/v22 v22.5.0
2026-10-04T00:49:02.4538146Z go: downloading github.com/cosnicolaou/pbzip2 v1.0.5
2026-10-04T00:49:02.4538549Z go: downloading github.com/dchest/siphash v1.2.3
2026-10-04T00:49:02.4538957Z go: downloading github.com/dustin/go-humanize v1.0.1
2026-10-04T00:49:02.4539347Z go: downloading github.com/fatih/color v1.18.0
2026-10-04T00:49:02.4539726Z go: downloading github.com/felixge/fgprof v0.9.5
2026-10-04T00:49:02.4540123Z go: downloading github.com/go-openapi/loads v0.22.0
2026-10-04T00:49:02.4540524Z go: downloading github.com/golang-jwt/jwt/v4 v4.5.2
2026-10-04T00:49:02.4540912Z go: downloading github.com/google/uuid v1.6.0
2026-10-04T00:49:02.4541346Z go: downloading github.com/inconshreveable/mousetrap v1.1.0
2026-10-04T00:49:02.4541783Z go: downloading github.com/json-iterator/go v1.1.12
2026-10-04T00:49:02.4542678Z go: downloading github.com/klauspost/compress v1.18.0
2026-10-04T00:49:02.4543449Z go: downloading github.com/klauspost/filepathx v1.1.1
2026-10-04T00:49:02.4544281Z go: downloading github.com/klauspost/pgzip v1.2.6
2026-10-04T00:49:02.4544701Z go: downloading github.com/klauspost/readahead v1.4.0
2026-10-04T00:49:02.4545128Z go: downloading github.com/klauspost/reedsolomon v1.12.4
2026-10-04T00:49:02.4545563Z go: downloading github.com/lithammer/shortuuid/v4 v4.2.0
2026-10-04T00:49:02.4545948Z go: downloading github.com/miekg/dns v1.1.65
2026-10-04T00:49:02.4546302Z go: downloading github.com/minio/cli v1.24.2
2026-10-04T00:49:02.4546789Z go: downloading github.com/minio/console v1.7.7-0.20250905210349-2017f33b26e1
2026-10-04T00:49:02.4547271Z go: downloading github.com/minio/dnscache v0.1.1
2026-10-04T00:49:02.4547651Z go: downloading github.com/minio/dperf v0.6.3
2026-10-04T00:49:02.4548237Z go: downloading github.com/minio/highwayhash v1.0.3
2026-10-04T00:49:02.4548899Z go: downloading github.com/minio/kms-go/kes v0.3.1
2026-10-04T00:49:02.4549347Z go: downloading github.com/minio/madmin-go/v3 v3.0.109
2026-10-04T00:49:02.4549767Z go: downloading github.com/minio/minio-go/v7 v7.0.91
2026-10-04T00:49:02.4550146Z go: downloading github.com/minio/mux v1.9.2
2026-10-04T00:49:02.4550517Z go: downloading github.com/minio/pkg/v3 v3.1.3
2026-10-04T00:49:02.4550911Z go: downloading github.com/minio/selfupdate v0.6.0
2026-10-04T00:49:02.4551296Z go: downloading github.com/minio/xxml v0.0.3
2026-10-04T00:49:02.4551671Z go: downloading github.com/minio/zipindex v0.4.0
2026-10-04T00:49:02.4552324Z go: downloading github.com/minio/sio v0.4.1
2026-10-04T00:49:02.4552730Z go: downloading github.com/mitchellh/go-homedir v1.1.0
2026-10-04T00:49:02.4553133Z go: downloading github.com/philhofer/fwd v1.2.0
2026-10-04T00:49:02.4553522Z go: downloading github.com/pierrec/lz4/v4 v4.1.22
2026-10-04T00:49:02.4553901Z go: downloading github.com/pkg/errors v0.9.1
2026-10-04T00:49:02.4554260Z go: downloading github.com/pkg/sftp v1.13.9
2026-10-04T00:49:02.4554622Z go: downloading github.com/pkg/xattr v0.4.10
2026-10-04T00:49:02.4555036Z go: downloading github.com/prometheus/client_golang v1.22.0
2026-10-04T00:49:02.4555667Z go: downloading github.com/prometheus/client_model v0.6.2
2026-10-04T00:49:02.4556406Z go: downloading github.com/prometheus/common v0.63.0
2026-10-04T00:49:02.4557306Z go: downloading github.com/prometheus/procfs v0.16.1
2026-10-04T00:49:02.4558119Z go: downloading github.com/puzpuzpuz/xsync/v3 v3.5.1
2026-10-04T00:49:02.4559124Z go: downloading github.com/rcrowley/go-metrics v0.0.0-20250401214520-65e299d6c5c9
2026-10-04T00:49:02.4560011Z go: downloading github.com/rs/cors v1.11.1
2026-10-04T00:49:02.4560721Z go: downloading github.com/secure-io/sio-go v0.3.1
2026-10-04T00:49:02.4561490Z go: downloading github.com/shirou/gopsutil/v3 v3.24.5
2026-10-04T00:49:02.4562464Z go: downloading github.com/tinylib/msgp v1.4.0
2026-10-04T00:49:02.4563259Z go: downloading github.com/valyala/bytebufferpool v1.0.0
2026-10-04T00:49:02.4564062Z go: downloading github.com/zeebo/xxh3 v1.0.2
2026-10-04T00:49:02.4564769Z go: downloading go.etcd.io/etcd/api/v3 v3.5.21
2026-10-04T00:49:02.4565525Z go: downloading go.etcd.io/etcd/client/v3 v3.5.21
2026-10-04T00:49:02.4566266Z go: downloading go.uber.org/atomic v1.11.0
2026-10-04T00:49:02.4566930Z go: downloading goftp.io/server/v2 v2.0.1
2026-10-04T00:49:02.4567607Z go: downloading golang.org/x/crypto v0.37.0
2026-10-04T00:49:02.4568283Z go: downloading golang.org/x/oauth2 v0.29.0
2026-10-04T00:49:02.4568940Z go: downloading golang.org/x/sync v0.13.0
2026-10-04T00:49:02.4569587Z go: downloading golang.org/x/sys v0.32.0
2026-10-04T00:49:02.4570228Z go: downloading golang.org/x/term v0.31.0
2026-10-04T00:49:02.4570922Z go: downloading google.golang.org/api v0.230.0
2026-10-04T00:49:02.4571618Z go: downloading gopkg.in/yaml.v2 v2.4.0
2026-10-04T00:49:02.4572508Z go: downloading gopkg.in/yaml.v3 v3.0.1
2026-10-04T00:49:02.4573418Z go: downloading github.com/Azure/azure-sdk-for-go/sdk/internal v1.11.1
2026-10-04T00:49:02.4574645Z go: downloading github.com/AzureAD/microsoft-authentication-library-for-go v1.4.2
2026-10-04T00:49:02.4575991Z go: downloading github.com/mattn/go-runewidth v0.0.16
2026-10-04T00:49:02.4576781Z go: downloading github.com/go-jose/go-jose/v4 v4.1.0
2026-10-04T00:49:02.4577567Z go: downloading github.com/mattn/go-colorable v0.1.14
2026-10-04T00:49:05.1444986Z go: downloading github.com/mattn/go-isatty v0.0.20
2026-10-04T00:49:05.1446158Z go: downloading cloud.google.com/go/compute/metadata v0.6.0
2026-10-04T00:49:05.1447281Z go: downloading cloud.google.com/go/iam v1.5.2
2026-10-04T00:49:05.1448723Z go: downloading github.com/GoogleCloudPlatform/opentelemetry-operations-go/exporter/metric v0.51.0
2026-10-04T00:49:05.1450055Z go: downloading github.com/googleapis/gax-go/v2 v2.14.1
2026-10-04T00:49:05.1451104Z go: downloading go.opentelemetry.io/contrib/detectors/gcp v1.35.0
2026-10-04T00:49:05.1452299Z go: downloading go.opentelemetry.io/otel v1.35.0
2026-10-04T00:49:05.1453568Z go: downloading go.opentelemetry.io/otel/sdk/metric v1.35.0
2026-10-04T00:49:05.1454558Z go: downloading go.opentelemetry.io/otel/sdk v1.35.0
2026-10-04T00:49:05.1455483Z go: downloading go.opentelemetry.io/otel/trace v1.35.0
2026-10-04T00:49:05.1456584Z go: downloading google.golang.org/genproto v0.0.0-20250422160041-2d3770c4ea7f
2026-10-04T00:49:05.1457628Z go: downloading google.golang.org/grpc v1.72.0
2026-10-04T00:49:05.1458521Z go: downloading google.golang.org/protobuf v1.36.6
2026-10-04T00:49:05.1459657Z go: downloading github.com/google/pprof v0.0.0-20250422154841-e1f9c1950416
2026-10-04T00:49:05.1460714Z go: downloading github.com/go-openapi/analysis v0.23.0
2026-10-04T00:49:05.1461637Z go: downloading github.com/go-openapi/spec v0.21.0
2026-10-04T00:49:05.1462813Z go: downloading github.com/go-openapi/swag v0.23.1
2026-10-04T00:49:05.1463939Z go: downloading github.com/modern-go/concurrent v0.0.0-20180306012644-bacd9c7ef1dd
2026-10-04T00:49:05.1465023Z go: downloading github.com/modern-go/reflect2 v1.0.2
2026-10-04T00:49:05.1465864Z go: downloading golang.org/x/net v0.39.0
2026-10-04T00:49:05.1466721Z go: downloading github.com/klauspost/cpuid/v2 v2.2.10
2026-10-04T00:49:05.1467614Z go: downloading github.com/go-openapi/errors v0.22.1
2026-10-04T00:49:05.1468517Z go: downloading github.com/go-openapi/runtime v0.28.0
2026-10-04T00:49:05.1469406Z go: downloading github.com/jessevdk/go-flags v1.6.1
2026-10-04T00:49:05.1470407Z go: downloading github.com/minio/mc v0.0.0-20250313080218-cf909e1063a9
2026-10-04T00:49:05.1471366Z go: downloading github.com/minio/websocket v1.6.0
2026-10-04T00:49:05.1472443Z go: downloading github.com/unrolled/secure v1.17.0
2026-10-04T00:49:05.1473372Z go: downloading github.com/go-openapi/strfmt v0.23.0
2026-10-04T00:49:05.1474262Z go: downloading github.com/ncw/directio v1.0.5
2026-10-04T00:49:05.1475046Z go: downloading aead.dev/mem v0.2.0
2026-10-04T00:49:05.1475884Z go: downloading github.com/prometheus/prom2json v1.4.2
2026-10-04T00:49:05.1476820Z go: downloading github.com/safchain/ethtool v0.5.10
2026-10-04T00:49:05.1477669Z go: downloading github.com/goccy/go-json v0.10.5
2026-10-04T00:49:05.1478501Z go: downloading github.com/minio/crc64nvme v1.0.1
2026-10-04T00:49:05.1479399Z go: downloading github.com/minio/md5-simd v1.1.2
2026-10-04T00:49:05.1480217Z go: downloading github.com/rs/xid v1.6.0
2026-10-04T00:49:05.1481153Z go: downloading github.com/go-ini/ini v1.67.0
2026-10-04T00:49:05.1482180Z go: downloading golang.org/x/time v0.11.0
2026-10-04T00:49:05.1483022Z go: downloading github.com/beevik/ntp v1.4.3
2026-10-04T00:49:05.1483816Z go: downloading go.uber.org/zap v1.27.0
2026-10-04T00:49:05.1484625Z go: downloading github.com/go-ldap/ldap/v3 v3.4.11
2026-10-04T00:49:05.1485533Z go: downloading github.com/rabbitmq/amqp091-go v1.10.0
2026-10-04T00:49:05.1486376Z go: downloading github.com/gobwas/ws v1.4.0
2026-10-04T00:49:05.1487183Z go: downloading github.com/buger/jsonparser v1.1.1
2026-10-04T00:49:05.1487987Z go: downloading aead.dev/mtls v0.2.1
2026-10-04T00:49:05.1489027Z go: downloading github.com/minio/kms-go/kms v0.5.1-0.20250225090116-4e64ce8d0f35
2026-10-04T00:49:05.1490086Z go: downloading github.com/minio/simdjson-go v0.4.5
2026-10-04T00:49:05.1491263Z go: downloading github.com/IBM/sarama v1.45.1
2026-10-04T00:49:05.1492445Z go: downloading github.com/eclipse/paho.mqtt.golang v1.5.0
2026-10-04T00:49:05.1493509Z go: downloading github.com/elastic/go-elasticsearch/v7 v7.17.10
2026-10-04T00:49:05.1494502Z go: downloading github.com/go-sql-driver/mysql v1.9.2
2026-10-04T00:49:05.1495386Z go: downloading github.com/gomodule/redigo v1.9.2
2026-10-04T00:49:05.1496210Z go: downloading github.com/lib/pq v1.10.9
2026-10-04T00:49:05.1497057Z go: downloading github.com/nats-io/nats.go v1.41.2
2026-10-04T00:49:05.1497885Z go: downloading github.com/nats-io/stan.go v0.10.4
2026-10-04T00:49:05.1498728Z go: downloading github.com/nsqio/go-nsq v1.1.0
2026-10-04T00:49:05.1499569Z go: downloading github.com/xdg/scram v1.0.5
2026-10-04T00:49:05.1500696Z go: downloading github.com/rjeczalik/notify v0.9.3
2026-10-04T00:49:05.1501578Z go: downloading github.com/fatih/structs v1.1.0
2026-10-04T00:49:05.1502717Z go: downloading github.com/lestrrat-go/jwx/v2 v2.1.4
2026-10-04T00:49:05.1503539Z go: downloading aead.dev/minisign v0.3.0
2026-10-04T00:49:05.1504273Z go: downloading github.com/kr/fs v0.1.0
2026-10-04T00:49:05.1505069Z go: downloading github.com/beorn7/perks v1.0.1
2026-10-04T00:49:05.1506146Z go: downloading github.com/munnerz/goautoneg v0.0.0-20191010083416-a7dc8b61c822
2026-10-04T00:49:05.1507196Z go: downloading github.com/tklauser/go-sysconf v0.3.15
2026-10-04T00:49:05.1508068Z go: downloading github.com/gogo/protobuf v1.3.2
2026-10-04T00:49:05.1508943Z go: downloading github.com/golang/protobuf v1.5.4
2026-10-04T00:49:05.1509844Z go: downloading go.etcd.io/etcd/client/pkg/v3 v3.5.21
2026-10-04T00:49:05.1510729Z go: downloading github.com/kylelemons/godebug v1.1.0
2026-10-04T00:49:05.1511779Z go: downloading github.com/pkg/browser v0.0.0-20240102092130-5ac0b6a4141c
2026-10-04T00:49:05.1512992Z go: downloading github.com/rivo/uniseg v0.4.7
2026-10-04T00:49:05.1514194Z go: downloading google.golang.org/genproto/googleapis/api v0.0.0-20250422160041-2d3770c4ea7f
2026-10-04T00:49:05.1515718Z go: downloading google.golang.org/genproto/googleapis/rpc v0.0.0-20250422160041-2d3770c4ea7f
2026-10-04T00:49:05.1516853Z go: downloading cloud.google.com/go/monitoring v1.24.2
2026-10-04T00:49:06.1499497Z go: downloading github.com/GoogleCloudPlatform/opentelemetry-operations-go/internal/resourcemapping v0.51.0
2026-10-04T00:49:06.1501361Z go: downloading github.com/GoogleCloudPlatform/opentelemetry-operations-go/detectors/gcp v1.27.0
2026-10-04T00:49:06.1502710Z go: downloading github.com/go-logr/logr v1.4.2
2026-10-04T00:49:06.1503523Z go: downloading go.opentelemetry.io/otel/metric v1.35.0
2026-10-04T00:49:06.1504267Z go: downloading cloud.google.com/go/auth v0.16.0
2026-10-04T00:49:06.1505051Z go: downloading cloud.google.com/go/auth/oauth2adapt v0.2.8
2026-10-04T00:49:06.1506137Z go: downloading go.opentelemetry.io/contrib/instrumentation/net/http/otelhttp v0.60.0
2026-10-04T00:49:06.1507148Z go: downloading github.com/go-openapi/jsonpointer v0.21.1
2026-10-04T00:49:06.1507911Z go: downloading github.com/mailru/easyjson v0.9.0
2026-10-04T00:49:06.1508698Z go: downloading github.com/go-openapi/jsonreference v0.21.0
2026-10-04T00:49:06.1509460Z go: downloading github.com/docker/go-units v0.5.0
2026-10-04T00:49:06.1510205Z go: downloading github.com/go-openapi/validate v0.24.0
2026-10-04T00:49:06.1511000Z go: downloading github.com/charmbracelet/bubbles v0.20.0
2026-10-04T00:49:06.1511809Z go: downloading github.com/charmbracelet/bubbletea v1.3.4
2026-10-04T00:49:06.1512829Z go: downloading github.com/charmbracelet/lipgloss v1.0.0
2026-10-04T00:49:06.1513760Z go: downloading github.com/google/shlex v0.0.0-20191202100458-e7afc7fbc510
2026-10-04T00:49:06.1514643Z go: downloading github.com/jedib0t/go-pretty/v6 v6.6.7
2026-10-04T00:49:06.1515393Z go: downloading github.com/mattn/go-ieproxy v0.0.12
2026-10-04T00:49:06.1516110Z go: downloading github.com/minio/colorjson v1.0.8
2026-10-04T00:49:06.1516824Z go: downloading github.com/minio/filepath v1.0.0
2026-10-04T00:49:06.1517810Z go: downloading github.com/muesli/reflow v0.3.0
2026-10-04T00:49:06.1518587Z go: downloading github.com/muesli/termenv v0.16.0
2026-10-04T00:49:06.1519342Z go: downloading github.com/olekukonko/tablewriter v0.0.5
2026-10-04T00:49:06.1520103Z go: downloading github.com/posener/complete v1.2.3
2026-10-04T00:49:06.1520819Z go: downloading github.com/tidwall/gjson v1.18.0
2026-10-04T00:49:06.1521529Z go: downloading github.com/vbauerster/mpb/v8 v8.9.3
2026-10-04T00:49:06.1522418Z go: downloading golang.org/x/text v0.24.0
2026-10-04T00:49:06.1523279Z go: downloading github.com/matttproud/golang_protobuf_extensions v1.0.4
2026-10-04T00:49:06.1524394Z go: downloading github.com/asaskevich/govalidator v0.0.0-20230301143203-a9d515a09cc2
2026-10-04T00:49:06.1525379Z go: downloading github.com/mitchellh/mapstructure v1.5.0
2026-10-04T00:49:06.1526300Z go: downloading github.com/oklog/ulid v1.3.1
2026-10-04T00:49:06.1527022Z go: downloading go.mongodb.org/mongo-driver v1.17.3
2026-10-04T00:49:06.1527969Z go: downloading github.com/Azure/go-ntlmssp v0.0.0-20221128193559-754e69321358
2026-10-04T00:49:06.1529089Z go: downloading github.com/go-asn1-ber/asn1-ber v1.5.8-0.20250403174932-29230038a667
2026-10-04T00:49:06.1529993Z go: downloading github.com/gobwas/httphead v0.1.0
2026-10-04T00:49:06.1530680Z go: downloading github.com/gobwas/pool v0.2.1
2026-10-04T00:49:06.1531348Z go: downloading go.uber.org/multierr v1.11.0
2026-10-04T00:49:06.1532223Z go: downloading github.com/minio/csvparser v1.0.0
2026-10-04T00:49:06.1532984Z go: downloading github.com/fraugster/parquet-go v0.12.0
2026-10-04T00:49:06.1533767Z go: downloading github.com/alecthomas/participle v0.7.1
2026-10-04T00:49:06.1534525Z go: downloading github.com/gorilla/websocket v1.5.3
2026-10-04T00:49:06.1535460Z go: downloading github.com/davecgh/go-spew v1.1.2-0.20180830191138-d8f796af33cc
2026-10-04T00:49:06.1536390Z go: downloading github.com/eapache/go-resiliency v1.7.0
2026-10-04T00:49:06.1537414Z go: downloading github.com/eapache/go-xerial-snappy v0.0.0-20230731223053-c322873962e3
2026-10-04T00:49:06.1538357Z go: downloading github.com/eapache/queue v1.1.0
2026-10-04T00:49:06.1539129Z go: downloading github.com/hashicorp/go-multierror v1.1.1
2026-10-04T00:49:06.1539886Z go: downloading github.com/jcmturner/gofork v1.7.6
2026-10-04T00:49:06.1540619Z go: downloading github.com/jcmturner/gokrb5/v8 v8.4.4
2026-10-04T00:49:06.1541317Z go: downloading filippo.io/edwards25519 v1.1.0
2026-10-04T00:49:06.1542209Z go: downloading github.com/nats-io/nuid v1.0.1
2026-10-04T00:49:06.1542896Z go: downloading github.com/xdg/stringprep v1.0.3
2026-10-04T00:49:06.1543583Z go: downloading github.com/golang/snappy v1.0.0
2026-10-04T00:49:06.1544279Z go: downloading github.com/nats-io/nkeys v0.4.11
2026-10-04T00:49:06.1545013Z go: downloading github.com/lestrrat-go/option v1.0.1
2026-10-04T00:49:06.1545782Z go: downloading github.com/lestrrat-go/blackmagic v1.0.2
2026-10-04T00:49:06.1546550Z go: downloading github.com/lestrrat-go/httprc v1.0.6
2026-10-04T00:49:06.1547291Z go: downloading github.com/lestrrat-go/iter v1.0.2
2026-10-04T00:49:06.1548014Z go: downloading github.com/coreos/go-semver v0.3.1
2026-10-04T00:49:06.1548750Z go: downloading github.com/tklauser/numcpus v0.10.0
2026-10-04T00:49:06.1549476Z go: downloading github.com/golang-jwt/jwt/v5 v5.2.2
2026-10-04T00:49:06.1550624Z go: downloading go.opentelemetry.io/contrib/instrumentation/google.golang.org/grpc/otelgrpc v0.60.0
2026-10-04T00:49:06.1551671Z go: downloading github.com/go-logr/stdr v1.2.2
2026-10-04T00:49:06.1552588Z go: downloading go.opentelemetry.io/auto/sdk v1.1.0
2026-10-04T00:49:06.1553303Z go: downloading github.com/google/s2a-go v0.1.9
2026-10-04T00:49:06.1554218Z go: downloading github.com/googleapis/enterprise-certificate-proxy v0.3.6
2026-10-04T00:49:06.1555259Z go: downloading github.com/envoyproxy/go-control-plane/envoy v1.32.4
2026-10-04T00:49:06.1556118Z go: downloading github.com/felixge/httpsnoop v1.0.4
2026-10-04T00:49:06.1556850Z go: downloading github.com/josharian/intern v1.0.0
2026-10-04T00:49:06.1557880Z go: downloading github.com/charmbracelet/x/ansi v0.8.0
2026-10-04T00:49:06.1558665Z go: downloading github.com/charmbracelet/x/term v0.2.1
2026-10-04T00:49:06.1559571Z go: downloading github.com/muesli/ansi v0.0.0-20230316100256-276c6243b2f6
2026-10-04T00:50:45.2535162Z go: downloading github.com/muesli/cancelreader v0.2.2
2026-10-04T00:50:45.2535705Z go: downloading github.com/juju/ratelimit v1.0.2
2026-10-04T00:50:45.2536451Z go: downloading github.com/tidwall/match v1.1.1
2026-10-04T00:50:45.2537055Z go: downloading github.com/tidwall/pretty v1.2.1
2026-10-04T00:50:45.2537833Z go: downloading github.com/aymanbagabas/go-osc52/v2 v2.0.1
2026-10-04T00:50:45.2538656Z go: downloading github.com/lucasb-eyer/go-colorful v1.2.0
2026-10-04T00:50:45.2539349Z go: downloading github.com/prometheus/prometheus v0.303.0
2026-10-04T00:50:45.2540592Z go: downloading github.com/acarl005/stripansi v0.0.0-20180116102854-5a71ef0e047d
2026-10-04T00:50:45.2541745Z go: downloading github.com/VividCortex/ewma v1.2.0
2026-10-04T00:50:45.2542818Z go: downloading github.com/apache/thrift v0.21.0
2026-10-04T00:50:45.2543590Z go: downloading github.com/hashicorp/errwrap v1.1.0
2026-10-04T00:50:45.2544412Z go: downloading github.com/jcmturner/dnsutils/v2 v2.0.0
2026-10-04T00:50:45.2545183Z go: downloading github.com/hashicorp/go-uuid v1.0.3
2026-10-04T00:50:45.2545946Z go: downloading github.com/lestrrat-go/httpcc v1.0.1
2026-10-04T00:50:45.2546683Z go: downloading github.com/spiffe/go-spiffe/v2 v2.5.0
2026-10-04T00:50:45.2547579Z go: downloading github.com/cncf/xds/go v0.0.0-20250326154945-ae57f3c0d45f
2026-10-04T00:50:45.2548562Z go: downloading github.com/envoyproxy/protoc-gen-validate v1.2.1
2026-10-04T00:50:45.2549407Z go: downloading github.com/jcmturner/rpc/v2 v2.0.3
2026-10-04T00:50:45.2550091Z go: downloading cel.dev/expr v0.23.1
2026-10-04T00:50:45.2550728Z go: downloading github.com/zeebo/errs v1.4.0
2026-10-04T00:50:45.2551449Z go: downloading github.com/jcmturner/aescts/v2 v2.0.0
2026-10-04T00:50:45.2552539Z #0 building with "default" instance using docker driver
2026-10-04T00:50:45.2552977Z 
2026-10-04T00:50:45.2553397Z #1 [internal] load build definition from Dockerfile.fixture
2026-10-04T00:50:45.2554153Z #1 transferring dockerfile: 235B done
2026-10-04T00:50:45.2554634Z #1 DONE 0.0s
2026-10-04T00:50:45.2554832Z 
2026-10-04T00:50:45.2555114Z #2 [internal] load build context
2026-10-04T00:50:45.2555678Z #2 transferring context: 33.47MB 0.1s
2026-10-04T00:50:45.2556272Z #2 transferring context: 151.09MB 0.4s done
2026-10-04T00:50:45.2556573Z #2 DONE 0.4s
2026-10-04T00:50:45.2556686Z 
2026-10-04T00:50:45.2556810Z #3 [1/2] COPY minio /minio
2026-10-04T00:50:45.2557035Z #3 DONE 0.0s
2026-10-04T00:50:45.2557148Z 
2026-10-04T00:50:45.2557284Z #4 [2/2] COPY LICENSE /LICENSE
2026-10-04T00:50:45.2557518Z #4 DONE 1.4s
2026-10-04T00:50:45.2557627Z 
2026-10-04T00:50:45.2557749Z #5 exporting to image
2026-10-04T00:50:45.2557981Z #5 exporting layers
2026-10-04T00:50:45.2558224Z #5 exporting layers 0.2s done
2026-10-04T00:50:45.2558755Z #5 writing image sha256:853e184590f2ce52e18221b4ec5a5c425be1428f91400ebdf47c9df37e72c9ac
2026-10-04T00:50:45.2559496Z #5 writing image sha256:853e184590f2ce52e18221b4ec5a5c425be1428f91400ebdf47c9df37e72c9ac done
2026-10-04T00:50:45.2560147Z #5 naming to docker.io/library/airlock-archive-fixture:c357167c64af done
2026-10-04T00:50:45.2560526Z #5 DONE 0.2s
2026-10-04T00:50:45.2563649Z {"source": "https://github.com/minio/minio.git", "source_commit": "7aac2a2c5b7c882e68c1ce017d8256be2feea27f", "binary_sha256": "e7425aad90f11c859f386485a63a5af888ee645a99fbfcdb64bd960d7d20f7a8", "runtime_image_id": "sha256:853e184590f2ce52e18221b4ec5a5c425be1428f91400ebdf47c9df37e72c9ac", "local_tag": "airlock-archive-fixture:c357167c64af", "scope": "archived upstream source built only for throwaway S3 contract tests, not a production distribution recommendation"}
2026-10-04T00:50:45.2699805Z ##[group]Run python scripts/run_logged.py evidence/archive-integration.log -- python scripts/archive_integration.py --output evidence/archive-integration.json
2026-10-04T00:50:45.2701122Z [36;1mpython scripts/run_logged.py evidence/archive-integration.log -- python scripts/archive_integration.py --output evidence/archive-integration.json[0m
2026-10-04T00:50:45.2764208Z shell: /usr/bin/bash --noprofile --norc -e -o pipefail {0}
2026-10-04T00:50:45.2764552Z env:
2026-10-04T00:50:45.2764744Z   NEXT_TELEMETRY_DISABLED: 1
2026-10-04T00:50:45.2765052Z   pythonLocation: /opt/hostedtoolcache/Python/3.13.15/x64
2026-10-04T00:50:45.2765490Z   PKG_CONFIG_PATH: /opt/hostedtoolcache/Python/3.13.15/x64/lib/pkgconfig
2026-10-04T00:50:45.2765911Z   Python_ROOT_DIR: /opt/hostedtoolcache/Python/3.13.15/x64
2026-10-04T00:50:45.2766280Z   Python2_ROOT_DIR: /opt/hostedtoolcache/Python/3.13.15/x64
2026-10-04T00:50:45.2766662Z   Python3_ROOT_DIR: /opt/hostedtoolcache/Python/3.13.15/x64
2026-10-04T00:50:45.2767066Z   LD_LIBRARY_PATH: /opt/hostedtoolcache/Python/3.13.15/x64/lib
2026-10-04T00:50:45.2767396Z   GOTOOLCHAIN: local
2026-10-04T00:50:45.2767597Z ##[endgroup]
2026-10-04T00:50:46.7874815Z {"mode": "real_docker_s3_object_lock", "image_digests": [], "runtime_image_id": "sha256:853e184590f2ce52e18221b4ec5a5c425be1428f91400ebdf47c9df37e72c9ac", "receipt": {"bucket": "airlock-evidence", "key": "checkpoints/e0466a24600346eba04fa7baa1e1923f/000000000001-1a15f01aab6606c6ec7c8d68bea9a0b5c035cac35d35879b22dadee5aefe4b61.json", "version_id": "893e3fd3-7e6a-4f34-9b15-1b9dd756069e", "sha256": "1a15f01aab6606c6ec7c8d68bea9a0b5c035cac35d35879b22dadee5aefe4b61", "retain_until": "2026-10-05T00:50:46+00:00", "mode": "COMPLIANCE", "database_instance": "e0466a24600346eba04fa7baa1e1923f", "seq": 1}, "checks": ["delete_exact_version", "shorten_compliance", "downgrade_to_governance", "version_pinned_after_new_version", "retrieved_anchor_detects_tail_deletion", "unapproved_target_unchanged", "receipt_sequence_substitution_rejected", "receipt_database_substitution_rejected", "expired_receipt_rejected"], "actual_denials": {"delete_exact_version": {"http_status": 400, "code": "InvalidRequest", "message": "Object is WORM protected and cannot be overwritten"}, "shorten_compliance": {"http_status": 400, "code": "InvalidRequest", "message": "Object is WORM protected and cannot be overwritten"}, "downgrade_to_governance": {"http_status": 400, "code": "InvalidRequest", "message": "Object is WORM protected and cannot be overwritten"}}, "credential_scope": "new synthetic fixture only; never read default AWS credentials", "retention_scope": "COMPLIANCE API semantics; temporary test container removed, not permanent production archive", "exit_code": 0}
2026-10-04T00:50:46.8016250Z ##[group]Run python scripts/run_logged.py evidence/research-pipeline.log -- python scripts/research_pipeline.py --output evidence/research-pipeline
2026-10-04T00:50:46.8017311Z [36;1mpython scripts/run_logged.py evidence/research-pipeline.log -- python scripts/research_pipeline.py --output evidence/research-pipeline[0m
2026-10-04T00:50:46.8079873Z shell: /usr/bin/bash --noprofile --norc -e -o pipefail {0}
2026-10-04T00:50:46.8080242Z env:
2026-10-04T00:50:46.8080447Z   NEXT_TELEMETRY_DISABLED: 1
2026-10-04T00:50:46.8080769Z   pythonLocation: /opt/hostedtoolcache/Python/3.13.15/x64
2026-10-04T00:50:46.8081213Z   PKG_CONFIG_PATH: /opt/hostedtoolcache/Python/3.13.15/x64/lib/pkgconfig
2026-10-04T00:50:46.8081650Z   Python_ROOT_DIR: /opt/hostedtoolcache/Python/3.13.15/x64
2026-10-04T00:50:46.8082279Z   Python2_ROOT_DIR: /opt/hostedtoolcache/Python/3.13.15/x64
2026-10-04T00:50:46.8082683Z   Python3_ROOT_DIR: /opt/hostedtoolcache/Python/3.13.15/x64
2026-10-04T00:50:46.8083123Z   LD_LIBRARY_PATH: /opt/hostedtoolcache/Python/3.13.15/x64/lib
2026-10-04T00:50:46.8083454Z   GOTOOLCHAIN: local
2026-10-04T00:50:46.8083660Z ##[endgroup]
2026-10-04T00:50:47.4048736Z {"status": "PASS", "meaning": "Pipeline contract passed; research acceptance remains blocked", "source_families": 3, "source_types": ["synthetic", "public_incident"], "public_incident_families": 1, "human_participants": 0, "paired_human_labels": 0, "authorized_log_records": 0, "checks": ["blank_annotation_templates_only", "exact_prediction_coverage", "authority_and_semantic_metrics_separate", "missing_humans_do_not_pass", "no_target_write", "empty_governance_denominators_remain_unknown"]}
2026-10-04T00:50:47.4197202Z ##[group]Run python scripts/run_logged.py evidence/container-integrations.log -- python scripts/container_integrations.py
2026-10-04T00:50:47.4198107Z [36;1mpython scripts/run_logged.py evidence/container-integrations.log -- python scripts/container_integrations.py[0m
2026-10-04T00:50:47.4261655Z shell: /usr/bin/bash --noprofile --norc -e -o pipefail {0}
2026-10-04T00:50:47.4262228Z env:
2026-10-04T00:50:47.4262433Z   NEXT_TELEMETRY_DISABLED: 1
2026-10-04T00:50:47.4262753Z   pythonLocation: /opt/hostedtoolcache/Python/3.13.15/x64
2026-10-04T00:50:47.4263232Z   PKG_CONFIG_PATH: /opt/hostedtoolcache/Python/3.13.15/x64/lib/pkgconfig
2026-10-04T00:50:47.4263664Z   Python_ROOT_DIR: /opt/hostedtoolcache/Python/3.13.15/x64
2026-10-04T00:50:47.4264072Z   Python2_ROOT_DIR: /opt/hostedtoolcache/Python/3.13.15/x64
2026-10-04T00:50:47.4264457Z   Python3_ROOT_DIR: /opt/hostedtoolcache/Python/3.13.15/x64
2026-10-04T00:50:47.4264885Z   LD_LIBRARY_PATH: /opt/hostedtoolcache/Python/3.13.15/x64/lib
2026-10-04T00:50:47.4265214Z   GOTOOLCHAIN: local
2026-10-04T00:50:47.4265420Z ##[endgroup]
2026-10-04T00:50:52.9784772Z {
2026-10-04T00:50:52.9785125Z   "envoy": {
2026-10-04T00:50:52.9785463Z     "image": "envoyproxy/envoy:v1.39.1",
2026-10-04T00:50:52.9786245Z     "repo_digests": "[\"envoyproxy/envoy@sha256:57e14a549d7bd43c8d3f6d03e8cfa653e037d4b38e133acd9b54f38c524401b4\"]",
2026-10-04T00:50:52.9786809Z     "rows": [
2026-10-04T00:50:52.9787027Z       {
2026-10-04T00:50:52.9787269Z         "case": "zero",
2026-10-04T00:50:52.9787553Z         "rule": "threshold",
2026-10-04T00:50:52.9787972Z         "airlock_expression": "changed_rows >= 100",
2026-10-04T00:50:52.9788525Z         "envoy_expression": "int(request.headers['x-rows']) >= 100",
2026-10-04T00:50:52.9788958Z         "airlock_hit": false,
2026-10-04T00:50:52.9789248Z         "expected": false,
2026-10-04T00:50:52.9789526Z         "envoy_hit": false
2026-10-04T00:50:52.9789753Z       },
2026-10-04T00:50:52.9789945Z       {
2026-10-04T00:50:52.9790182Z         "case": "zero",
2026-10-04T00:50:52.9790456Z         "rule": "write_only",
2026-10-04T00:50:52.9790984Z         "airlock_expression": "operation == \"delete\" && matched_rows != 0",
2026-10-04T00:50:52.9791844Z         "envoy_expression": "request.headers['x-operation'] == 'delete' && int(request.headers['x-rows']) != 0",
2026-10-04T00:50:52.9793007Z         "airlock_hit": false,
2026-10-04T00:50:52.9793390Z         "expected": false,
2026-10-04T00:50:52.9793670Z         "envoy_hit": false
2026-10-04T00:50:52.9793902Z       },
2026-10-04T00:50:52.9794090Z       {
2026-10-04T00:50:52.9794316Z         "case": "zero",
2026-10-04T00:50:52.9794592Z         "rule": "bounded",
2026-10-04T00:50:52.9795115Z         "airlock_expression": "!(changed_rows > 5) || operation == \"read\"",
2026-10-04T00:50:52.9795979Z         "envoy_expression": "!(int(request.headers['x-rows']) > 5) || request.headers['x-operation'] == 'read'",
2026-10-04T00:50:52.9796518Z         "airlock_hit": true,
2026-10-04T00:50:52.9796811Z         "expected": true,
2026-10-04T00:50:52.9797095Z         "envoy_hit": true
2026-10-04T00:50:52.9797316Z       },
2026-10-04T00:50:52.9797538Z       {
2026-10-04T00:50:52.9797770Z         "case": "small",
2026-10-04T00:50:52.9798049Z         "rule": "threshold",
2026-10-04T00:50:52.9798456Z         "airlock_expression": "changed_rows >= 100",
2026-10-04T00:50:52.9798999Z         "envoy_expression": "int(request.headers['x-rows']) >= 100",
2026-10-04T00:50:52.9799401Z         "airlock_hit": false,
2026-10-04T00:50:52.9799681Z         "expected": false,
2026-10-04T00:50:52.9799954Z         "envoy_hit": false
2026-10-04T00:50:52.9800180Z       },
2026-10-04T00:50:52.9800364Z       {
2026-10-04T00:50:52.9800589Z         "case": "small",
2026-10-04T00:50:52.9801130Z         "rule": "write_only",
2026-10-04T00:50:52.9801655Z         "airlock_expression": "operation == \"delete\" && matched_rows != 0",
2026-10-04T00:50:52.9803157Z         "envoy_expression": "request.headers['x-operation'] == 'delete' && int(request.headers['x-rows']) != 0",
2026-10-04T00:50:52.9803733Z         "airlock_hit": true,
2026-10-04T00:50:52.9804013Z         "expected": true,
2026-10-04T00:50:52.9804282Z         "envoy_hit": true
2026-10-04T00:50:52.9804503Z       },
2026-10-04T00:50:52.9804683Z       {
2026-10-04T00:50:52.9804907Z         "case": "small",
2026-10-04T00:50:52.9805176Z         "rule": "bounded",
2026-10-04T00:50:52.9805689Z         "airlock_expression": "!(changed_rows > 5) || operation == \"read\"",
2026-10-04T00:50:52.9806525Z         "envoy_expression": "!(int(request.headers['x-rows']) > 5) || request.headers['x-operation'] == 'read'",
2026-10-04T00:50:52.9807053Z         "airlock_hit": true,
2026-10-04T00:50:52.9807326Z         "expected": true,
2026-10-04T00:50:52.9807605Z         "envoy_hit": true
2026-10-04T00:50:52.9807820Z       },
2026-10-04T00:50:52.9807999Z       {
2026-10-04T00:50:52.9808219Z         "case": "high",
2026-10-04T00:50:52.9808484Z         "rule": "threshold",
2026-10-04T00:50:52.9808881Z         "airlock_expression": "changed_rows >= 100",
2026-10-04T00:50:52.9809421Z         "envoy_expression": "int(request.headers['x-rows']) >= 100",
2026-10-04T00:50:52.9809812Z         "airlock_hit": true,
2026-10-04T00:50:52.9810083Z         "expected": true,
2026-10-04T00:50:52.9810347Z         "envoy_hit": true
2026-10-04T00:50:52.9810564Z       },
2026-10-04T00:50:52.9810751Z       {
2026-10-04T00:50:52.9810968Z         "case": "high",
2026-10-04T00:50:52.9811238Z         "rule": "write_only",
2026-10-04T00:50:52.9811762Z         "airlock_expression": "operation == \"delete\" && matched_rows != 0",
2026-10-04T00:50:52.9813144Z         "envoy_expression": "request.headers['x-operation'] == 'delete' && int(request.headers['x-rows']) != 0",
2026-10-04T00:50:52.9813708Z         "airlock_hit": true,
2026-10-04T00:50:52.9813984Z         "expected": true,
2026-10-04T00:50:52.9814248Z         "envoy_hit": true
2026-10-04T00:50:52.9814465Z       },
2026-10-04T00:50:52.9814647Z       {
2026-10-04T00:50:52.9814873Z         "case": "high",
2026-10-04T00:50:52.9815137Z         "rule": "bounded",
2026-10-04T00:50:52.9815654Z         "airlock_expression": "!(changed_rows > 5) || operation == \"read\"",
2026-10-04T00:50:52.9816484Z         "envoy_expression": "!(int(request.headers['x-rows']) > 5) || request.headers['x-operation'] == 'read'",
2026-10-04T00:50:52.9817005Z         "airlock_hit": false,
2026-10-04T00:50:52.9817286Z         "expected": false,
2026-10-04T00:50:52.9817555Z         "envoy_hit": false
2026-10-04T00:50:52.9817782Z       },
2026-10-04T00:50:52.9817965Z       {
2026-10-04T00:50:52.9818184Z         "case": "read",
2026-10-04T00:50:52.9818453Z         "rule": "threshold",
2026-10-04T00:50:52.9818849Z         "airlock_expression": "changed_rows >= 100",
2026-10-04T00:50:52.9819401Z         "envoy_expression": "int(request.headers['x-rows']) >= 100",
2026-10-04T00:50:52.9819792Z         "airlock_hit": true,
2026-10-04T00:50:52.9820063Z         "expected": true,
2026-10-04T00:50:52.9820342Z         "envoy_hit": true
2026-10-04T00:50:52.9820563Z       },
2026-10-04T00:50:52.9820744Z       {
2026-10-04T00:50:52.9820969Z         "case": "read",
2026-10-04T00:50:52.9821236Z         "rule": "write_only",
2026-10-04T00:50:52.9821762Z         "airlock_expression": "operation == \"delete\" && matched_rows != 0",
2026-10-04T00:50:52.9822953Z         "envoy_expression": "request.headers['x-operation'] == 'delete' && int(request.headers['x-rows']) != 0",
2026-10-04T00:50:52.9823493Z         "airlock_hit": false,
2026-10-04T00:50:52.9823782Z         "expected": false,
2026-10-04T00:50:52.9824053Z         "envoy_hit": false
2026-10-04T00:50:52.9824271Z       },
2026-10-04T00:50:52.9824449Z       {
2026-10-04T00:50:52.9824671Z         "case": "read",
2026-10-04T00:50:52.9825124Z         "rule": "bounded",
2026-10-04T00:50:52.9825646Z         "airlock_expression": "!(changed_rows > 5) || operation == \"read\"",
2026-10-04T00:50:52.9826641Z         "envoy_expression": "!(int(request.headers['x-rows']) > 5) || request.headers['x-operation'] == 'read'",
2026-10-04T00:50:52.9827176Z         "airlock_hit": true,
2026-10-04T00:50:52.9827459Z         "expected": true,
2026-10-04T00:50:52.9827727Z         "envoy_hit": true
2026-10-04T00:50:52.9827943Z       }
2026-10-04T00:50:52.9828129Z     ],
2026-10-04T00:50:52.9828340Z     "status": "PASS",
2026-10-04T00:50:53.0333047Z     "scope": "Boolean/equality/ordering subset with explicit header-to-variable mapping; access-log filter, not Envoy authorization deployment.",
2026-10-04T00:50:53.0334380Z     "error_difference": "Missing/invalid Envoy attributes suppress its log. AIRLOCK rejects invalid typed activation and blocks authorization."
2026-10-04T00:50:53.0335009Z   },
2026-10-04T00:50:53.0335204Z   "otel": {
2026-10-04T00:50:53.0335462Z     "status": "PASS",
2026-10-04T00:50:53.0335840Z     "image": "otel/opentelemetry-collector:0.162.0",
2026-10-04T00:50:53.0336684Z     "repo_digests": "[\"otel/opentelemetry-collector@sha256:310a800ad69ee430e7c541796852a242c9c7db97aaad4daa5ccf843c525fbdb2\"]",
2026-10-04T00:50:53.0337382Z     "trace_id": "6e56a99fc5654644bb909053219f2f8b",
2026-10-04T00:50:53.0337690Z     "result": {
2026-10-04T00:50:53.0337928Z       "status": "ok",
2026-10-04T00:50:53.0338173Z       "exported": 1
2026-10-04T00:50:53.0338381Z     },
2026-10-04T00:50:53.0339056Z     "scope": "Official Collector accepts OTLP JSON and debug exporter records the actual trace; no production backend claim."
2026-10-04T00:50:53.0339591Z   }
2026-10-04T00:50:53.0339916Z }
2026-10-04T00:50:53.0495807Z ##[group]Run python scripts/run_logged.py evidence/dependency-audit.log -- python -m pip_audit -r requirements-archive.txt --format json --output evidence/dependency-audit.json
2026-10-04T00:50:53.0497052Z [36;1mpython scripts/run_logged.py evidence/dependency-audit.log -- python -m pip_audit -r requirements-archive.txt --format json --output evidence/dependency-audit.json[0m
2026-10-04T00:50:53.0560618Z shell: /usr/bin/bash --noprofile --norc -e -o pipefail {0}
2026-10-04T00:50:53.0560957Z env:
2026-10-04T00:50:53.0561152Z   NEXT_TELEMETRY_DISABLED: 1
2026-10-04T00:50:53.0561461Z   pythonLocation: /opt/hostedtoolcache/Python/3.13.15/x64
2026-10-04T00:50:53.0562162Z   PKG_CONFIG_PATH: /opt/hostedtoolcache/Python/3.13.15/x64/lib/pkgconfig
2026-10-04T00:50:53.0562626Z   Python_ROOT_DIR: /opt/hostedtoolcache/Python/3.13.15/x64
2026-10-04T00:50:53.0563016Z   Python2_ROOT_DIR: /opt/hostedtoolcache/Python/3.13.15/x64
2026-10-04T00:50:53.0563430Z   Python3_ROOT_DIR: /opt/hostedtoolcache/Python/3.13.15/x64
2026-10-04T00:50:53.0563815Z   LD_LIBRARY_PATH: /opt/hostedtoolcache/Python/3.13.15/x64/lib
2026-10-04T00:50:53.0564139Z   GOTOOLCHAIN: local
2026-10-04T00:50:53.0564341Z ##[endgroup]
2026-10-04T00:51:00.3230223Z No known vulnerabilities found
2026-10-04T00:51:00.3403338Z ##[group]Run python scripts/run_logged.py evidence/latency.log -- python scripts/measure_latency.py --samples 60 --output evidence/latency.json
2026-10-04T00:51:00.3405199Z [36;1mpython scripts/run_logged.py evidence/latency.log -- python scripts/measure_latency.py --samples 60 --output evidence/latency.json[0m
2026-10-04T00:51:00.3497800Z shell: /usr/bin/bash --noprofile --norc -e -o pipefail {0}
2026-10-04T00:51:00.3498380Z env:
2026-10-04T00:51:00.3498695Z   NEXT_TELEMETRY_DISABLED: 1
2026-10-04T00:51:00.3499247Z   pythonLocation: /opt/hostedtoolcache/Python/3.13.15/x64
2026-10-04T00:51:00.3500028Z   PKG_CONFIG_PATH: /opt/hostedtoolcache/Python/3.13.15/x64/lib/pkgconfig
2026-10-04T00:51:00.3500809Z   Python_ROOT_DIR: /opt/hostedtoolcache/Python/3.13.15/x64
2026-10-04T00:51:00.3501521Z   Python2_ROOT_DIR: /opt/hostedtoolcache/Python/3.13.15/x64
2026-10-04T00:51:00.3502573Z   Python3_ROOT_DIR: /opt/hostedtoolcache/Python/3.13.15/x64
2026-10-04T00:51:00.3503346Z   LD_LIBRARY_PATH: /opt/hostedtoolcache/Python/3.13.15/x64/lib
2026-10-04T00:51:00.3504254Z   GOTOOLCHAIN: local
2026-10-04T00:51:00.3504621Z ##[endgroup]
2026-10-04T00:51:03.5658275Z {
2026-10-04T00:51:03.5659382Z   "scope": "1206-row synthetic SQLite; concurrency 1; warm HTTP client; same host and target",
2026-10-04T00:51:03.5660263Z   "python": "3.13.15",
2026-10-04T00:51:03.5660702Z   "sqlite": "3.53.1",
2026-10-04T00:51:03.5661328Z   "platform": "Linux-6.17.0-1022-azure-x86_64-with-glibc2.39",
2026-10-04T00:51:03.5662238Z   "processor": "x86_64",
2026-10-04T00:51:03.5662642Z   "logical_cpus": 4,
2026-10-04T00:51:03.5662965Z   "samples": 60,
2026-10-04T00:51:03.5663269Z   "seed": 2073,
2026-10-04T00:51:03.5663653Z   "warmup_calls": 10,
2026-10-04T00:51:03.5664187Z   "first_native_call_ms": 42.65496900006838,
2026-10-04T00:51:03.5664686Z   "read": {
2026-10-04T00:51:03.5665171Z     "direct_ms": {
2026-10-04T00:51:03.5665569Z       "n": 60,
2026-10-04T00:51:03.5666059Z       "mean": 0.41711166666876426,
2026-10-04T00:51:03.5666684Z       "p50": 0.41456700000708224,
2026-10-04T00:51:03.5667250Z       "p95": 0.4450139999789826,
2026-10-04T00:51:03.5667802Z       "p99": 0.559730000077252
2026-10-04T00:51:03.5668230Z     },
2026-10-04T00:51:03.5668572Z     "proxy_ms": {
2026-10-04T00:51:03.5668961Z       "n": 60,
2026-10-04T00:51:03.5669454Z       "mean": 5.088566716672934,
2026-10-04T00:51:03.5669971Z       "p50": 4.907710999987103,
2026-10-04T00:51:03.5670453Z       "p95": 6.090648000053989,
2026-10-04T00:51:03.5670953Z       "p99": 7.57766599997467
2026-10-04T00:51:03.5671350Z     },
2026-10-04T00:51:03.5671702Z     "added_ms": {
2026-10-04T00:51:03.5672360Z       "n": 60,
2026-10-04T00:51:03.5672852Z       "mean": 4.67145505000417,
2026-10-04T00:51:03.5673397Z       "p50": 4.505498000071384,
2026-10-04T00:51:03.5673950Z       "p95": 5.671452000001409,
2026-10-04T00:51:03.5674478Z       "p99": 7.152108000013868
2026-10-04T00:51:03.5674879Z     }
2026-10-04T00:51:03.5675189Z   },
2026-10-04T00:51:03.5675514Z   "write": {
2026-10-04T00:51:03.5675941Z     "submit_receipt_ms": {
2026-10-04T00:51:03.5676379Z       "n": 30,
2026-10-04T00:51:03.5676852Z       "p50": 15.825549000055616,
2026-10-04T00:51:03.5677396Z       "p95": 18.350932999965153,
2026-10-04T00:51:03.5677932Z       "p99": 45.60737399992831
2026-10-04T00:51:03.5678336Z     },
2026-10-04T00:51:03.5678834Z     "approval_request_to_effect_ms": {
2026-10-04T00:51:03.5679365Z       "n": 30,
2026-10-04T00:51:03.5679839Z       "p50": 23.126196000021082,
2026-10-04T00:51:03.5680385Z       "p95": 25.861765000058767,
2026-10-04T00:51:03.5680926Z       "p99": 29.11825000001045
2026-10-04T00:51:03.5681328Z     },
2026-10-04T00:51:03.5681537Z     "static_ms": {
2026-10-04T00:51:03.5681759Z       "n": 30,
2026-10-04T00:51:03.5682256Z       "p50": 0.075,
2026-10-04T00:51:03.5682565Z       "p95": 0.114,
2026-10-04T00:51:03.5682792Z       "p99": 0.132
2026-10-04T00:51:03.5682989Z     },
2026-10-04T00:51:03.5683192Z     "preview_ms": {
2026-10-04T00:51:03.5683414Z       "n": 30,
2026-10-04T00:51:03.5683906Z       "p50": 9.87,
2026-10-04T00:51:03.5684147Z       "p95": 10.749,
2026-10-04T00:51:03.5684376Z       "p99": 39.201
2026-10-04T00:51:03.5684570Z     },
2026-10-04T00:51:03.5684780Z     "evaluation_ms": {
2026-10-04T00:51:03.5685011Z       "n": 30,
2026-10-04T00:51:03.5685227Z       "p50": 11.508,
2026-10-04T00:51:03.5685453Z       "p95": 12.256,
2026-10-04T00:51:03.5685674Z       "p99": 40.979
2026-10-04T00:51:03.5685860Z     }
2026-10-04T00:51:03.5686032Z   },
2026-10-04T00:51:03.5686226Z   "not_measured": [
2026-10-04T00:51:03.5686462Z     "live LLM latency",
2026-10-04T00:51:03.5686714Z     "human review latency",
2026-10-04T00:51:03.5687021Z     "distributed upstream overhead",
2026-10-04T00:51:03.5687342Z     "cold OS filesystem cache",
2026-10-04T00:51:03.5687632Z     "production concurrency"
2026-10-04T00:51:03.5687866Z   ],
2026-10-04T00:51:03.5688662Z   "measurement_note": "direct includes SQLite connect/query; proxy includes HTTP, server admission, persistence and audit; negative deltas retained in raw rows",
2026-10-04T00:51:03.5690417Z   "phase_note": "server evaluation ends before final audit/commit/close; HTTP minus evaluation also includes transport, scheduling and serialization, not a pure fsync measurement. Phase data read after all timed requests."
2026-10-04T00:51:03.5691279Z }
2026-10-04T00:51:03.5817127Z ##[group]Run python scripts/run_logged.py evidence/ablation.log -- python -m benchmark.ablation --split test --output evidence/ablation.json
2026-10-04T00:51:03.5818141Z [36;1mpython scripts/run_logged.py evidence/ablation.log -- python -m benchmark.ablation --split test --output evidence/ablation.json[0m
2026-10-04T00:51:03.5881701Z shell: /usr/bin/bash --noprofile --norc -e -o pipefail {0}
2026-10-04T00:51:03.5882400Z env:
2026-10-04T00:51:03.5882602Z   NEXT_TELEMETRY_DISABLED: 1
2026-10-04T00:51:03.5882919Z   pythonLocation: /opt/hostedtoolcache/Python/3.13.15/x64
2026-10-04T00:51:03.5883351Z   PKG_CONFIG_PATH: /opt/hostedtoolcache/Python/3.13.15/x64/lib/pkgconfig
2026-10-04T00:51:03.5883786Z   Python_ROOT_DIR: /opt/hostedtoolcache/Python/3.13.15/x64
2026-10-04T00:51:03.5884161Z   Python2_ROOT_DIR: /opt/hostedtoolcache/Python/3.13.15/x64
2026-10-04T00:51:03.5884535Z   Python3_ROOT_DIR: /opt/hostedtoolcache/Python/3.13.15/x64
2026-10-04T00:51:03.5884953Z   LD_LIBRARY_PATH: /opt/hostedtoolcache/Python/3.13.15/x64/lib
2026-10-04T00:51:03.5885292Z   GOTOOLCHAIN: local
2026-10-04T00:51:03.5885494Z ##[endgroup]
2026-10-04T00:51:04.0034881Z {
2026-10-04T00:51:04.0035353Z   "split": "test",
2026-10-04T00:51:04.0036165Z   "corpus_sha256": "243854b51e7039324de4c31fa7a67af1a98ddc48b9c9edfbbac581a2c2f73af7",
2026-10-04T00:51:04.0036692Z   "live_model_requested": false,
2026-10-04T00:51:04.0036973Z   "limitations": [
2026-10-04T00:51:04.0037483Z     "Original synthetic corpus is unchanged and has no independent human danger gold.",
2026-10-04T00:51:04.0038253Z     "The pure model arm measures advice only; it cannot execute or bypass the production gate.",
2026-10-04T00:51:04.0039057Z     "Live model arms require AIRLOCK-only configuration, key and explicit budget authorization."
2026-10-04T00:51:04.0039496Z   ],
2026-10-04T00:51:04.0039684Z   "arms": {
2026-10-04T00:51:04.0039889Z     "keyword": {
2026-10-04T00:51:04.0040142Z       "status": "MEASURED",
2026-10-04T00:51:04.0040394Z       "n": 80
2026-10-04T00:51:04.0040591Z     },
2026-10-04T00:51:04.0040791Z     "pure_llm": {
2026-10-04T00:51:04.0041074Z       "status": "BLOCKED_EXTERNAL",
2026-10-04T00:51:04.0041336Z       "n": 0
2026-10-04T00:51:04.0041528Z     },
2026-10-04T00:51:04.0041743Z     "hybrid_no_preview": {
2026-10-04T00:51:04.0042405Z       "status": "BLOCKED_EXTERNAL",
2026-10-04T00:51:04.0042682Z       "n": 0
2026-10-04T00:51:04.0042871Z     },
2026-10-04T00:51:04.0043092Z     "hybrid_with_preview": {
2026-10-04T00:51:04.0043411Z       "status": "BLOCKED_EXTERNAL",
2026-10-04T00:51:04.0043661Z       "n": 0
2026-10-04T00:51:04.0043839Z     }
2026-10-04T00:51:04.0044009Z   }
2026-10-04T00:51:04.0044178Z }
2026-10-04T00:51:04.0194403Z ##[group]Run python scripts/run_logged.py evidence/study-analysis.log -- python -m benchmark.research --output evidence/study-analysis.json study evidence/study-automation.json
2026-10-04T00:51:04.0195685Z [36;1mpython scripts/run_logged.py evidence/study-analysis.log -- python -m benchmark.research --output evidence/study-analysis.json study evidence/study-automation.json[0m
2026-10-04T00:51:04.0259660Z shell: /usr/bin/bash --noprofile --norc -e -o pipefail {0}
2026-10-04T00:51:04.0259990Z env:
2026-10-04T00:51:04.0260182Z   NEXT_TELEMETRY_DISABLED: 1
2026-10-04T00:51:04.0260498Z   pythonLocation: /opt/hostedtoolcache/Python/3.13.15/x64
2026-10-04T00:51:04.0260920Z   PKG_CONFIG_PATH: /opt/hostedtoolcache/Python/3.13.15/x64/lib/pkgconfig
2026-10-04T00:51:04.0261338Z   Python_ROOT_DIR: /opt/hostedtoolcache/Python/3.13.15/x64
2026-10-04T00:51:04.0261712Z   Python2_ROOT_DIR: /opt/hostedtoolcache/Python/3.13.15/x64
2026-10-04T00:51:04.0262407Z   Python3_ROOT_DIR: /opt/hostedtoolcache/Python/3.13.15/x64
2026-10-04T00:51:04.0262990Z   LD_LIBRARY_PATH: /opt/hostedtoolcache/Python/3.13.15/x64/lib
2026-10-04T00:51:04.0263317Z   GOTOOLCHAIN: local
2026-10-04T00:51:04.0263527Z ##[endgroup]
2026-10-04T00:51:04.2355415Z {
2026-10-04T00:51:04.2355960Z   "status": "BLOCKED_EXTERNAL",
2026-10-04T00:51:04.2356490Z   "human_participants": 0,
2026-10-04T00:51:04.2356845Z   "excluded": [
2026-10-04T00:51:04.2357053Z     {
2026-10-04T00:51:04.2357392Z       "participant_id": "automation-browser",
2026-10-04T00:51:04.2357936Z       "reason": "nonhuman, no consent, duplicate or invalid metadata"
2026-10-04T00:51:04.2358293Z     }
2026-10-04T00:51:04.2358471Z   ],
2026-10-04T00:51:04.2358899Z   "participants": [],
2026-10-04T00:51:04.2359334Z   "acceptance_metrics": null,
2026-10-04T00:51:04.2372437Z   "paired_time_delta": {
2026-10-04T00:51:04.2372755Z     "n": 0,
2026-10-04T00:51:04.2373151Z     "mean": null,
2026-10-04T00:51:04.2373521Z     "ci95": null
2026-10-04T00:51:04.2373826Z   },
2026-10-04T00:51:04.2374292Z   "paired_accuracy_delta": {
2026-10-04T00:51:04.2374717Z     "n": 0,
2026-10-04T00:51:04.2375081Z     "mean": null,
2026-10-04T00:51:04.2375468Z     "ci95": null
2026-10-04T00:51:04.2375805Z   },
2026-10-04T00:51:04.2376222Z   "all_decisions_visible_ms": {
2026-10-04T00:51:04.2376650Z     "n": 0,
2026-10-04T00:51:04.2376994Z     "mean": null,
2026-10-04T00:51:04.2377366Z     "median": null,
2026-10-04T00:51:04.2377741Z     "p95": null
2026-10-04T00:51:04.2378053Z   },
2026-10-04T00:51:04.2378408Z   "correct_decisions": {
2026-10-04T00:51:04.2378844Z     "numerator": 0,
2026-10-04T00:51:04.2379253Z     "denominator": 0,
2026-10-04T00:51:04.2379632Z     "value": null
2026-10-04T00:51:04.2379938Z   },
2026-10-04T00:51:04.2380554Z   "gold_verification": "unverified_browser_supplied_correctness",
2026-10-04T00:51:04.2381644Z   "comprehension_verification": "unverified_browser_supplied_correctness",
2026-10-04T00:51:04.2382914Z   "comprehension_correct": {
2026-10-04T00:51:04.2383419Z     "numerator": 0,
2026-10-04T00:51:04.2383878Z     "denominator": 0,
2026-10-04T00:51:04.2384314Z     "value": null
2026-10-04T00:51:04.2384688Z   },
2026-10-04T00:51:04.2385076Z   "limitations": [
2026-10-04T00:51:04.2386283Z     "No causal efficiency claim without recruitment, business gold, counterbalancing and adequate sample size.",
2026-10-04T00:51:04.2388447Z     "A single participant is a descriptive pilot: repeated decisions do not create independent participants or a population confidence interval.",
2026-10-04T00:51:04.2390325Z     "Exported browser timing and human identity are untrusted telemetry, never authorization.",
2026-10-04T00:51:04.2392239Z     "Visibility duration excludes hidden tabs; correctness is supplied task gold, not a policy guess."
2026-10-04T00:51:04.2393169Z   ]
2026-10-04T00:51:04.2393502Z }
2026-10-04T00:51:04.2521654Z ##[group]Run python scripts/run_logged.py evidence/comparison.log -- python scripts/demo_comparison.py --output evidence/comparison.json
2026-10-04T00:51:04.2522937Z [36;1mpython scripts/run_logged.py evidence/comparison.log -- python scripts/demo_comparison.py --output evidence/comparison.json[0m
2026-10-04T00:51:04.2586702Z shell: /usr/bin/bash --noprofile --norc -e -o pipefail {0}
2026-10-04T00:51:04.2587035Z env:
2026-10-04T00:51:04.2587234Z   NEXT_TELEMETRY_DISABLED: 1
2026-10-04T00:51:04.2587547Z   pythonLocation: /opt/hostedtoolcache/Python/3.13.15/x64
2026-10-04T00:51:04.2587985Z   PKG_CONFIG_PATH: /opt/hostedtoolcache/Python/3.13.15/x64/lib/pkgconfig
2026-10-04T00:51:04.2588413Z   Python_ROOT_DIR: /opt/hostedtoolcache/Python/3.13.15/x64
2026-10-04T00:51:04.2588813Z   Python2_ROOT_DIR: /opt/hostedtoolcache/Python/3.13.15/x64
2026-10-04T00:51:04.2589199Z   Python3_ROOT_DIR: /opt/hostedtoolcache/Python/3.13.15/x64
2026-10-04T00:51:04.2589630Z   LD_LIBRARY_PATH: /opt/hostedtoolcache/Python/3.13.15/x64/lib
2026-10-04T00:51:04.2589961Z   GOTOOLCHAIN: local
2026-10-04T00:51:04.2590162Z ##[endgroup]
2026-10-04T00:51:04.8929927Z {
2026-10-04T00:51:04.8930794Z   "scope": "disposable synthetic data; automated independent reviewer fixture; no live model/human",
2026-10-04T00:51:04.8932211Z   "without_gate": {
2026-10-04T00:51:04.8932914Z     "before": 1206,
2026-10-04T00:51:04.8933415Z     "after": 0
2026-10-04T00:51:04.8933774Z   },
2026-10-04T00:51:04.8934253Z   "with_gate": {
2026-10-04T00:51:04.8934696Z     "pending_rows": 1206,
2026-10-04T00:51:04.8935206Z     "rejected_rows": 1206,
2026-10-04T00:51:04.8935754Z     "denial": {
2026-10-04T00:51:04.8936294Z       "id": "f51c395a3dd5455e8fb9b03c5f76c9fc",
2026-10-04T00:51:04.8936942Z       "state": "rejected",
2026-10-04T00:51:04.8937494Z       "decision": "need_approval",
2026-10-04T00:51:04.8938133Z       "reason_code": "human_rejected",
2026-10-04T00:51:04.8938760Z       "result": null,
2026-10-04T00:51:04.8939287Z       "expires_at": 1791075364.7971282,
2026-10-04T00:51:04.8940048Z       "action_id": "f51c395a3dd5455e8fb9b03c5f76c9fc",
2026-10-04T00:51:04.8940762Z       "trace_id": "1ad9329a5c7a49358024c97ae9a7d355",
2026-10-04T00:51:04.8941376Z       "retryable": false,
2026-10-04T00:51:04.8941885Z       "allowed_alternatives": [
2026-10-04T00:51:04.8942527Z         "query_original_action",
2026-10-04T00:51:04.8943004Z         "bounded_read"
2026-10-04T00:51:04.8943336Z       ],
2026-10-04T00:51:04.8943782Z       "execution_occurred": false,
2026-10-04T00:51:04.8944669Z       "next_step": "Use a bounded SELECT or submit a narrower NEW action; do not retry rejected writes blindly."
2026-10-04T00:51:04.8945256Z     },
2026-10-04T00:51:04.8945656Z     "safe_alternative": {
2026-10-04T00:51:04.8946117Z       "id": "e9f25726408a49588b95c784c8524bd9",
2026-10-04T00:51:04.8946611Z       "state": "executed",
2026-10-04T00:51:04.8947008Z       "decision": "pass",
2026-10-04T00:51:04.8947450Z       "reason_code": "bounded_read",
2026-10-04T00:51:04.8947905Z       "result": {
2026-10-04T00:51:04.8948266Z         "matched_rows": 0,
2026-10-04T00:51:04.8948682Z         "rows": [
2026-10-04T00:51:04.8949019Z           {
2026-10-04T00:51:04.8949420Z             "remaining": 1206
2026-10-04T00:51:04.8949845Z           }
2026-10-04T00:51:04.8950140Z         ],
2026-10-04T00:51:04.8950543Z         "truncated": false
2026-10-04T00:51:04.8950895Z       },
2026-10-04T00:51:04.8951277Z       "expires_at": 1791075364.8145766,
2026-10-04T00:51:04.8951898Z       "action_id": "e9f25726408a49588b95c784c8524bd9",
2026-10-04T00:51:04.8952641Z       "trace_id": "76f65773ac874a1b8454f955cc928f6e",
2026-10-04T00:51:04.8953156Z       "retryable": false,
2026-10-04T00:51:04.8953584Z       "allowed_alternatives": [
2026-10-04T00:51:04.8954012Z         "query_original_action"
2026-10-04T00:51:04.8954435Z       ],
2026-10-04T00:51:04.8954872Z       "execution_occurred": true,
2026-10-04T00:51:04.8955343Z       "next_step": "Read the result."
2026-10-04T00:51:04.8955938Z     },
2026-10-04T00:51:04.8956276Z     "approved_rows": 0,
2026-10-04T00:51:04.8956733Z     "approved_receipt": {
2026-10-04T00:51:04.8957214Z       "id": "a223e79e7734401dbac53bf87aa59fcc",
2026-10-04T00:51:04.8957764Z       "state": "executed",
2026-10-04T00:51:04.8958188Z       "decision": "need_approval",
2026-10-04T00:51:04.8958627Z       "reason_code": "human_approved",
2026-10-04T00:51:04.8959093Z       "result": {
2026-10-04T00:51:04.8959485Z         "matched_rows": 1206,
2026-10-04T00:51:04.8959879Z         "rows": [],
2026-10-04T00:51:04.8960251Z         "truncated": false
2026-10-04T00:51:04.8960573Z       },
2026-10-04T00:51:04.8961025Z       "expires_at": 1791075364.8173907,
2026-10-04T00:51:04.8961562Z       "action_id": "a223e79e7734401dbac53bf87aa59fcc",
2026-10-04T00:51:04.8962325Z       "trace_id": "ca7935ef2feb47898811ec9eaf5877f0",
2026-10-04T00:51:04.8962781Z       "retryable": false,
2026-10-04T00:51:04.8963173Z       "allowed_alternatives": [
2026-10-04T00:51:04.8963647Z         "query_original_action"
2026-10-04T00:51:04.8964058Z       ],
2026-10-04T00:51:04.8964457Z       "execution_occurred": true,
2026-10-04T00:51:04.8965282Z       "next_step": "Read the result."
2026-10-04T00:51:04.8965834Z     }
2026-10-04T00:51:04.8966572Z   },
2026-10-04T00:51:04.8967094Z   "audit": {
2026-10-04T00:51:04.8967469Z     "valid": true,
2026-10-04T00:51:04.8967814Z     "events": 5,
2026-10-04T00:51:04.8968383Z     "head": "c09447eab1cb5a2e64c2dd7b3aade9559eaa10780a6d0ebf6f14ed04a62166d7",
2026-10-04T00:51:04.8969062Z     "anchor_status": "not_configured",
2026-10-04T00:51:04.8970297Z     "limitation": "Tail truncation after the last independently retained checkpoint remains undetectable. A server with all keys can forge new history; keep checkpoints outside its write authority."
2026-10-04T00:51:04.8971203Z   }
2026-10-04T00:51:04.8971496Z }
2026-10-04T00:51:04.9087603Z ##[group]Run python scripts/verify_evidence.py
2026-10-04T00:51:04.9088077Z [36;1mpython scripts/verify_evidence.py[0m
2026-10-04T00:51:04.9151302Z shell: /usr/bin/bash --noprofile --norc -e -o pipefail {0}
2026-10-04T00:51:04.9151722Z env:
2026-10-04T00:51:04.9152274Z   NEXT_TELEMETRY_DISABLED: 1
2026-10-04T00:51:04.9152694Z   pythonLocation: /opt/hostedtoolcache/Python/3.13.15/x64
2026-10-04T00:51:04.9153211Z   PKG_CONFIG_PATH: /opt/hostedtoolcache/Python/3.13.15/x64/lib/pkgconfig
2026-10-04T00:51:04.9153640Z   Python_ROOT_DIR: /opt/hostedtoolcache/Python/3.13.15/x64
2026-10-04T00:51:04.9154018Z   Python2_ROOT_DIR: /opt/hostedtoolcache/Python/3.13.15/x64
2026-10-04T00:51:04.9154415Z   Python3_ROOT_DIR: /opt/hostedtoolcache/Python/3.13.15/x64
2026-10-04T00:51:04.9154802Z   LD_LIBRARY_PATH: /opt/hostedtoolcache/Python/3.13.15/x64/lib
2026-10-04T00:51:04.9155137Z   GOTOOLCHAIN: local
2026-10-04T00:51:04.9155344Z ##[endgroup]
2026-10-04T00:51:04.9701784Z Verified all 703 JUnit cases, exit receipts, screenshots, Docker and raw benchmark rows.
2026-10-04T00:51:04.9792938Z ##[group]Run python scripts/evidence_manifest.py
2026-10-04T00:51:04.9793316Z [36;1mpython scripts/evidence_manifest.py[0m
2026-10-04T00:51:04.9856438Z shell: /usr/bin/bash --noprofile --norc -e -o pipefail {0}
2026-10-04T00:51:04.9856772Z env:
2026-10-04T00:51:04.9856968Z   NEXT_TELEMETRY_DISABLED: 1
2026-10-04T00:51:04.9857288Z   pythonLocation: /opt/hostedtoolcache/Python/3.13.15/x64
2026-10-04T00:51:04.9857730Z   PKG_CONFIG_PATH: /opt/hostedtoolcache/Python/3.13.15/x64/lib/pkgconfig
2026-10-04T00:51:04.9858166Z   Python_ROOT_DIR: /opt/hostedtoolcache/Python/3.13.15/x64
2026-10-04T00:51:04.9858545Z   Python2_ROOT_DIR: /opt/hostedtoolcache/Python/3.13.15/x64
2026-10-04T00:51:04.9858927Z   Python3_ROOT_DIR: /opt/hostedtoolcache/Python/3.13.15/x64
2026-10-04T00:51:04.9859312Z   LD_LIBRARY_PATH: /opt/hostedtoolcache/Python/3.13.15/x64/lib
2026-10-04T00:51:04.9859635Z   GOTOOLCHAIN: local
2026-10-04T00:51:04.9859837Z ##[endgroup]
2026-10-04T00:51:05.0830985Z {"commit": "f27b447e268209a8b8f480111e55a3f6bb1bedce", "artifact_files": 94}
2026-10-04T00:51:05.0991334Z ##[group]Run actions/upload-artifact@v4
2026-10-04T00:51:05.0991637Z with:
2026-10-04T00:51:05.0991835Z   name: acceptance-evidence
2026-10-04T00:51:05.0992318Z   path: evidence/*.*
evidence/research-pipeline/

2026-10-04T00:51:05.0992645Z   retention-days: 90
2026-10-04T00:51:05.0992863Z   if-no-files-found: warn
2026-10-04T00:51:05.0993093Z   compression-level: 6
2026-10-04T00:51:05.0993306Z   overwrite: false
2026-10-04T00:51:05.0993516Z   include-hidden-files: false
2026-10-04T00:51:05.0993741Z env:
2026-10-04T00:51:05.0993925Z   NEXT_TELEMETRY_DISABLED: 1
2026-10-04T00:51:05.0994223Z   pythonLocation: /opt/hostedtoolcache/Python/3.13.15/x64
2026-10-04T00:51:05.0994652Z   PKG_CONFIG_PATH: /opt/hostedtoolcache/Python/3.13.15/x64/lib/pkgconfig
2026-10-04T00:51:05.0995071Z   Python_ROOT_DIR: /opt/hostedtoolcache/Python/3.13.15/x64
2026-10-04T00:51:05.0995446Z   Python2_ROOT_DIR: /opt/hostedtoolcache/Python/3.13.15/x64
2026-10-04T00:51:05.0995854Z   Python3_ROOT_DIR: /opt/hostedtoolcache/Python/3.13.15/x64
2026-10-04T00:51:05.0996245Z   LD_LIBRARY_PATH: /opt/hostedtoolcache/Python/3.13.15/x64/lib
2026-10-04T00:51:05.0996569Z   GOTOOLCHAIN: local
2026-10-04T00:51:05.0996770Z ##[endgroup]
2026-10-04T00:51:05.2811620Z (node:16220) [DEP0040] DeprecationWarning: The `punycode` module is deprecated. Please use a userland alternative instead.
2026-10-04T00:51:05.2813325Z (Use `node --trace-deprecation ...` to show where the warning was created)
2026-10-04T00:51:05.3131388Z With the provided path, there will be 97 files uploaded
2026-10-04T00:51:05.3137731Z Artifact name is valid!
2026-10-04T00:51:05.3138282Z Root directory input is valid!
2026-10-04T00:51:05.5129603Z Beginning upload of artifact content to blob storage
2026-10-04T00:51:05.6896781Z (node:16220) [DEP0169] DeprecationWarning: `url.parse()` behavior is not standardized and prone to errors that have security implications. Use the WHATWG URL API instead. CVEs are not issued for `url.parse()` vulnerabilities.
2026-10-04T00:51:05.7897050Z Uploaded bytes 1945832
2026-10-04T00:51:05.8076706Z Finished uploading artifact content to blob storage!
2026-10-04T00:51:05.8078230Z SHA256 digest of uploaded artifact zip is 1a5a590bd944364434bf310c17353ce90037060bf70a288e466aa499636bf351
2026-10-04T00:51:05.8079566Z Finalizing artifact upload
2026-10-04T00:51:06.0290756Z Artifact acceptance-evidence.zip successfully finalized. Artifact ID 11289188978
2026-10-04T00:51:06.0292309Z Artifact acceptance-evidence has been successfully uploaded! Final size is 1945832 bytes. Artifact ID is 11289188978
2026-10-04T00:51:06.0298286Z Artifact download URL: https://github.com/Changxin-YR/AIRLOCK/actions/runs/37165779509/artifacts/11289188978
2026-10-04T00:51:06.0486491Z Post job cleanup.
2026-10-04T00:51:06.1800330Z Post job cleanup.
2026-10-04T00:51:06.3161437Z (node:16240) [DEP0040] DeprecationWarning: The `punycode` module is deprecated. Please use a userland alternative instead.
2026-10-04T00:51:06.3162787Z (Use `node --trace-deprecation ...` to show where the warning was created)
2026-10-04T00:51:06.3327706Z Post job cleanup.
2026-10-04T00:51:06.4596388Z (node:16248) [DEP0040] DeprecationWarning: The `punycode` module is deprecated. Please use a userland alternative instead.
2026-10-04T00:51:06.4597358Z (Use `node --trace-deprecation ...` to show where the warning was created)
2026-10-04T00:51:06.4800449Z Post job cleanup.
2026-10-04T00:51:06.5713694Z [command]/usr/bin/git version
2026-10-04T00:51:06.5756765Z git version 2.55.0
2026-10-04T00:51:06.5800677Z Temporarily overriding HOME='/home/runner/work/_temp/7763b921-10ea-497d-a5dc-6689c03b2eff' before making global git config changes
2026-10-04T00:51:06.5802653Z Adding repository directory to the temporary git global config as a safe directory
2026-10-04T00:51:06.5806503Z [command]/usr/bin/git config --global --add safe.directory /home/runner/work/AIRLOCK/AIRLOCK
2026-10-04T00:51:06.5851474Z [command]/usr/bin/git config --local --name-only --get-regexp core\.sshCommand
2026-10-04T00:51:06.5893302Z [command]/usr/bin/git submodule foreach --recursive sh -c "git config --local --name-only --get-regexp 'core\.sshCommand' && git config --local --unset-all 'core.sshCommand' || :"
2026-10-04T00:51:06.6160166Z [command]/usr/bin/git config --local --name-only --get-regexp http\.https\:\/\/github\.com\/\.extraheader
2026-10-04T00:51:06.6190403Z http.https://github.com/.extraheader
2026-10-04T00:51:06.6203907Z [command]/usr/bin/git config --local --unset-all http.https://github.com/.extraheader
2026-10-04T00:51:06.6251240Z [command]/usr/bin/git submodule foreach --recursive sh -c "git config --local --name-only --get-regexp 'http\.https\:\/\/github\.com\/\.extraheader' && git config --local --unset-all 'http.https://github.com/.extraheader' || :"
2026-10-04T00:51:06.6536949Z [command]/usr/bin/git config --local --name-only --get-regexp ^includeIf\.gitdir:
2026-10-04T00:51:06.6580633Z [command]/usr/bin/git submodule foreach --recursive git config --local --show-origin --name-only --get-regexp remote.origin.url
2026-10-04T00:51:06.6983499Z Cleaning up orphan processes
2026-10-04T00:51:06.7366247Z ##[warning]Node.js 20 is deprecated. The following actions target Node.js 20 but are being forced to run on Node.js 24: actions/checkout@v4, actions/setup-node@v4, actions/setup-python@v5, actions/upload-artifact@v4. For more information see: https://github.blog/changelog/2025-09-19-deprecation-of-node-20-on-github-actions-runners/
