2026-10-03T03:54:15.5683962Z Current runner version: '2.337.0'
2026-10-03T03:54:15.5707762Z ##[group]Runner Image Provisioner
2026-10-03T03:54:15.5708843Z Hosted Compute Agent
2026-10-03T03:54:15.5709959Z Version: 20260901.588
2026-10-03T03:54:15.5710769Z Commit: f88ec8081b781fac6c440065ac7ff9e710ce3d0b
2026-10-03T03:54:15.5711565Z Build Date: 2026-09-01T19:56:44Z
2026-10-03T03:54:15.5712298Z Worker ID: {cbe03aca-0429-4ea1-8730-686183624b91}
2026-10-03T03:54:15.5713079Z Azure Region: northcentralus
2026-10-03T03:54:15.5713716Z ##[endgroup]
2026-10-03T03:54:15.5715327Z ##[group]Operating System
2026-10-03T03:54:15.5716004Z Ubuntu
2026-10-03T03:54:15.5716644Z 24.04.5
2026-10-03T03:54:15.5717187Z LTS
2026-10-03T03:54:15.5717723Z ##[endgroup]
2026-10-03T03:54:15.5718360Z ##[group]Runner Image
2026-10-03T03:54:15.5719008Z Image: ubuntu-24.04
2026-10-03T03:54:15.5719854Z Version: 20260927.320.1
2026-10-03T03:54:15.5721181Z Included Software: https://github.com/actions/runner-images/blob/ubuntu24/20260927.320/images/ubuntu/Ubuntu2404-Readme.md
2026-10-03T03:54:15.5722863Z Image Release: https://github.com/actions/runner-images/releases/tag/ubuntu24%2F20260927.320
2026-10-03T03:54:15.5723904Z ##[endgroup]
2026-10-03T03:54:15.5725126Z ##[group]GITHUB_TOKEN Permissions
2026-10-03T03:54:15.5727220Z Contents: read
2026-10-03T03:54:15.5727924Z Metadata: read
2026-10-03T03:54:15.5728533Z ##[endgroup]
2026-10-03T03:54:15.5730813Z Secret source: Actions
2026-10-03T03:54:15.5731903Z Cache mode: write
2026-10-03T03:54:15.5732971Z Prepare workflow directory
2026-10-03T03:54:15.6156203Z Prepare all required actions
2026-10-03T03:54:15.6204085Z Getting action download info
2026-10-03T03:54:15.9268429Z Download action repository 'actions/checkout@v4' (SHA:11d5960a326750d5838078e36cf38b85af677262)
2026-10-03T03:54:16.0381739Z Download action repository 'actions/setup-python@v5' (SHA:a26af69be951a213d495a4c3e4e4022e16d87065)
2026-10-03T03:54:16.1213996Z Download action repository 'actions/setup-node@v4' (SHA:49933ea5288caeca8642d1e84afbd3f7d6820020)
2026-10-03T03:54:16.2059360Z Download action repository 'actions/setup-go@v6' (SHA:924ae3a1cded613372ab5595356fb5720e22ba16)
2026-10-03T03:54:16.5565733Z Download action repository 'actions/upload-artifact@v4' (SHA:ea165f8d65b6e75b540449e92b4886f43607fa02)
2026-10-03T03:54:16.7700888Z Complete job name: verify
2026-10-03T03:54:16.8675701Z ##[group]Run actions/checkout@v4
2026-10-03T03:54:16.8676569Z with:
2026-10-03T03:54:16.8677049Z   ref: 4e512df4c65e9b94b7f210ed5483e612efb5eec1
2026-10-03T03:54:16.8677659Z   repository: Changxin-YR/AIRLOCK
2026-10-03T03:54:16.8681987Z   token: ***
2026-10-03T03:54:16.8682456Z   ssh-strict: true
2026-10-03T03:54:16.8682891Z   ssh-user: git
2026-10-03T03:54:16.8683322Z   persist-credentials: true
2026-10-03T03:54:16.8683797Z   clean: true
2026-10-03T03:54:16.8684230Z   sparse-checkout-cone-mode: true
2026-10-03T03:54:16.8684737Z   fetch-depth: 1
2026-10-03T03:54:16.8685176Z   fetch-tags: false
2026-10-03T03:54:16.8685607Z   show-progress: true
2026-10-03T03:54:16.8686049Z   lfs: false
2026-10-03T03:54:16.8686471Z   submodules: false
2026-10-03T03:54:16.8686916Z   set-safe-directory: true
2026-10-03T03:54:16.8687413Z   allow-unsafe-pr-checkout: false
2026-10-03T03:54:16.8688197Z env:
2026-10-03T03:54:16.8688608Z   NEXT_TELEMETRY_DISABLED: 1
2026-10-03T03:54:16.8689304Z ##[endgroup]
2026-10-03T03:54:16.9711980Z Syncing repository: Changxin-YR/AIRLOCK
2026-10-03T03:54:16.9714522Z ##[group]Getting Git version info
2026-10-03T03:54:16.9715660Z Working directory is '/home/runner/work/AIRLOCK/AIRLOCK'
2026-10-03T03:54:16.9717266Z [command]/usr/bin/git version
2026-10-03T03:54:16.9802339Z git version 2.55.0
2026-10-03T03:54:16.9823677Z ##[endgroup]
2026-10-03T03:54:16.9837877Z Temporarily overriding HOME='/home/runner/work/_temp/e43ac3d0-3e43-4f44-b2f9-12591ffe8fe2' before making global git config changes
2026-10-03T03:54:16.9841070Z Adding repository directory to the temporary git global config as a safe directory
2026-10-03T03:54:16.9843233Z [command]/usr/bin/git config --global --add safe.directory /home/runner/work/AIRLOCK/AIRLOCK
2026-10-03T03:54:16.9898043Z Deleting the contents of '/home/runner/work/AIRLOCK/AIRLOCK'
2026-10-03T03:54:16.9902088Z ##[group]Initializing the repository
2026-10-03T03:54:16.9905985Z [command]/usr/bin/git init /home/runner/work/AIRLOCK/AIRLOCK
2026-10-03T03:54:17.0026532Z hint: Using 'master' as the name for the initial branch. This default branch name
2026-10-03T03:54:17.0028580Z hint: will change to "main" in Git 3.0. To configure the initial branch name
2026-10-03T03:54:17.0030618Z hint: to use in all of your new repositories, which will suppress this warning,
2026-10-03T03:54:17.0032125Z hint: call:
2026-10-03T03:54:17.0032964Z hint:
2026-10-03T03:54:17.0034010Z hint: 	git config --global init.defaultBranch <name>
2026-10-03T03:54:17.0035191Z hint:
2026-10-03T03:54:17.0036286Z hint: Names commonly chosen instead of 'master' are 'main', 'trunk' and
2026-10-03T03:54:17.0037960Z hint: 'development'. The just-created branch can be renamed via this command:
2026-10-03T03:54:17.0039651Z hint:
2026-10-03T03:54:17.0040507Z hint: 	git branch -m <name>
2026-10-03T03:54:17.0041438Z hint:
2026-10-03T03:54:17.0042617Z hint: Disable this message with "git config set advice.defaultBranchName false"
2026-10-03T03:54:17.0044401Z Initialized empty Git repository in /home/runner/work/AIRLOCK/AIRLOCK/.git/
2026-10-03T03:54:17.0047817Z [command]/usr/bin/git remote add origin https://github.com/Changxin-YR/AIRLOCK
2026-10-03T03:54:17.0092788Z ##[endgroup]
2026-10-03T03:54:17.0094222Z ##[group]Disabling automatic garbage collection
2026-10-03T03:54:17.0098507Z [command]/usr/bin/git config --local gc.auto 0
2026-10-03T03:54:17.0135452Z ##[endgroup]
2026-10-03T03:54:17.0136636Z ##[group]Setting up auth
2026-10-03T03:54:17.0142420Z [command]/usr/bin/git config --local --name-only --get-regexp core\.sshCommand
2026-10-03T03:54:17.0186805Z [command]/usr/bin/git submodule foreach --recursive sh -c "git config --local --name-only --get-regexp 'core\.sshCommand' && git config --local --unset-all 'core.sshCommand' || :"
2026-10-03T03:54:17.0600002Z [command]/usr/bin/git config --local --name-only --get-regexp http\.https\:\/\/github\.com\/\.extraheader
2026-10-03T03:54:17.0642026Z [command]/usr/bin/git submodule foreach --recursive sh -c "git config --local --name-only --get-regexp 'http\.https\:\/\/github\.com\/\.extraheader' && git config --local --unset-all 'http.https://github.com/.extraheader' || :"
2026-10-03T03:54:17.0870188Z [command]/usr/bin/git config --local --name-only --get-regexp ^includeIf\.gitdir:
2026-10-03T03:54:17.0905586Z [command]/usr/bin/git submodule foreach --recursive git config --local --show-origin --name-only --get-regexp remote.origin.url
2026-10-03T03:54:17.1139582Z [command]/usr/bin/git config --local http.https://github.com/.extraheader AUTHORIZATION: basic ***
2026-10-03T03:54:17.1179454Z ##[endgroup]
2026-10-03T03:54:17.1180792Z ##[group]Fetching the repository
2026-10-03T03:54:17.1189586Z [command]/usr/bin/git -c protocol.version=2 fetch --no-tags --prune --no-recurse-submodules --depth=1 origin 4e512df4c65e9b94b7f210ed5483e612efb5eec1
2026-10-03T03:54:18.4457684Z From https://github.com/Changxin-YR/AIRLOCK
2026-10-03T03:54:18.4459815Z  * branch            4e512df4c65e9b94b7f210ed5483e612efb5eec1 -> FETCH_HEAD
2026-10-03T03:54:18.4462731Z ##[endgroup]
2026-10-03T03:54:18.4463373Z ##[group]Determining the checkout info
2026-10-03T03:54:18.4465687Z ##[endgroup]
2026-10-03T03:54:18.4471920Z [command]/usr/bin/git sparse-checkout disable
2026-10-03T03:54:18.4534579Z [command]/usr/bin/git config --local --unset-all extensions.worktreeConfig
2026-10-03T03:54:18.4565963Z ##[group]Checking out the ref
2026-10-03T03:54:18.4569959Z [command]/usr/bin/git checkout --progress --force 4e512df4c65e9b94b7f210ed5483e612efb5eec1
2026-10-03T03:54:18.5827095Z Note: switching to '4e512df4c65e9b94b7f210ed5483e612efb5eec1'.
2026-10-03T03:54:18.5827823Z 
2026-10-03T03:54:18.5828096Z You are in 'detached HEAD' state. You can look around, make experimental
2026-10-03T03:54:18.5828696Z changes and commit them, and you can discard any commits you make in this
2026-10-03T03:54:18.5830026Z state without impacting any branches by switching back to a branch.
2026-10-03T03:54:18.5830360Z 
2026-10-03T03:54:18.5830597Z If you want to create a new branch to retain commits you create, you may
2026-10-03T03:54:18.5831189Z do so (now or later) by using -c with the switch command. Example:
2026-10-03T03:54:18.5831470Z 
2026-10-03T03:54:18.5831606Z   git switch -c <new-branch-name>
2026-10-03T03:54:18.5831810Z 
2026-10-03T03:54:18.5831940Z Or undo this operation with:
2026-10-03T03:54:18.5832128Z 
2026-10-03T03:54:18.5832245Z   git switch -
2026-10-03T03:54:18.5832394Z 
2026-10-03T03:54:18.5832630Z Turn off this advice by setting config variable advice.detachedHead to false
2026-10-03T03:54:18.5833004Z 
2026-10-03T03:54:18.5833331Z HEAD is now at 4e512df Archive verified single-person delivery and refresh all 126 acceptance records
2026-10-03T03:54:18.5849612Z ##[endgroup]
2026-10-03T03:54:18.5895549Z [command]/usr/bin/git log -1 --format=%H
2026-10-03T03:54:18.5922102Z 4e512df4c65e9b94b7f210ed5483e612efb5eec1
2026-10-03T03:54:18.6128252Z ##[group]Run mkdir -p evidence
2026-10-03T03:54:18.6128660Z [36;1mmkdir -p evidence[0m
2026-10-03T03:54:18.6129263Z [36;1mpython3 scripts/archive_source.py[0m
2026-10-03T03:54:18.6129714Z [36;1mgit rev-parse HEAD > evidence/commit.txt[0m
2026-10-03T03:54:18.6436622Z shell: /usr/bin/bash --noprofile --norc -e -o pipefail {0}
2026-10-03T03:54:18.6437108Z env:
2026-10-03T03:54:18.6437403Z   NEXT_TELEMETRY_DISABLED: 1
2026-10-03T03:54:18.6437741Z ##[endgroup]
2026-10-03T03:54:18.7500036Z Archived tracked source and documentation; historical evidence remains separately versioned in Git.
2026-10-03T03:54:18.7654620Z ##[group]Run actions/setup-python@v5
2026-10-03T03:54:18.7654989Z with:
2026-10-03T03:54:18.7655243Z   python-version: 3.13
2026-10-03T03:54:18.7655519Z   check-latest: false
2026-10-03T03:54:18.7658105Z   token: ***
2026-10-03T03:54:18.7658369Z   update-environment: true
2026-10-03T03:54:18.7658692Z   allow-prereleases: false
2026-10-03T03:54:18.7658985Z   freethreaded: false
2026-10-03T03:54:18.7659627Z env:
2026-10-03T03:54:18.7659875Z   NEXT_TELEMETRY_DISABLED: 1
2026-10-03T03:54:18.7660167Z ##[endgroup]
2026-10-03T03:54:18.8966830Z ##[group]Installed versions
2026-10-03T03:54:18.9056225Z (node:2282) [DEP0040] DeprecationWarning: The `punycode` module is deprecated. Please use a userland alternative instead.
2026-10-03T03:54:18.9057442Z (Use `node --trace-deprecation ...` to show where the warning was created)
2026-10-03T03:54:18.9058278Z Successfully set up CPython (3.13.15)
2026-10-03T03:54:18.9059373Z ##[endgroup]
2026-10-03T03:54:18.9278622Z ##[group]Run python scripts/run_logged.py evidence/sqlite-runtime-build.log -- python scripts/build_sqlite_runtime.py --prefix "$RUNNER_TEMP/airlock-sqlite-runtime" --output evidence/sqlite-runtime-build.json
2026-10-03T03:54:18.9280701Z [36;1mpython scripts/run_logged.py evidence/sqlite-runtime-build.log -- python scripts/build_sqlite_runtime.py --prefix "$RUNNER_TEMP/airlock-sqlite-runtime" --output evidence/sqlite-runtime-build.json[0m
2026-10-03T03:54:18.9281970Z [36;1mprintf '%s\n' "$RUNNER_TEMP/airlock-sqlite-runtime/lib" | sudo tee /etc/ld.so.conf.d/00-airlock-sqlite.conf > /dev/null[0m
2026-10-03T03:54:18.9282577Z [36;1msudo ldconfig[0m
2026-10-03T03:54:18.9375828Z shell: /usr/bin/bash --noprofile --norc -e -o pipefail {0}
2026-10-03T03:54:18.9376610Z env:
2026-10-03T03:54:18.9377066Z   NEXT_TELEMETRY_DISABLED: 1
2026-10-03T03:54:18.9377731Z   pythonLocation: /opt/hostedtoolcache/Python/3.13.15/x64
2026-10-03T03:54:18.9378700Z   PKG_CONFIG_PATH: /opt/hostedtoolcache/Python/3.13.15/x64/lib/pkgconfig
2026-10-03T03:54:18.9379804Z   Python_ROOT_DIR: /opt/hostedtoolcache/Python/3.13.15/x64
2026-10-03T03:54:18.9380621Z   Python2_ROOT_DIR: /opt/hostedtoolcache/Python/3.13.15/x64
2026-10-03T03:54:18.9381514Z   Python3_ROOT_DIR: /opt/hostedtoolcache/Python/3.13.15/x64
2026-10-03T03:54:18.9382343Z   LD_LIBRARY_PATH: /opt/hostedtoolcache/Python/3.13.15/x64/lib
2026-10-03T03:54:18.9383389Z ##[endgroup]
2026-10-03T03:54:48.5322789Z {
2026-10-03T03:54:48.5323634Z   "mode": "official_source_shared_runtime",
2026-10-03T03:54:48.5324407Z   "platform": "Linux-6.17.0-1022-azure-x86_64-with-glibc2.39",
2026-10-03T03:54:48.5325143Z   "pin": {
2026-10-03T03:54:48.5325586Z     "version": "3.53.1",
2026-10-03T03:54:48.5326504Z     "source_id": "2026-05-05 10:34:17 c88b22011a54b4f6fbd149e9f8e4de77658ce58143a1af0e3785e4e6475127e9",
2026-10-03T03:54:48.5327811Z     "archive_url": "https://sqlite.org/2026/sqlite-autoconf-3530100.tar.gz",
2026-10-03T03:54:48.5329321Z     "archive_sha256": "83e6b2020a034e9a7ad4a72feea59e1ad52f162e09cbd26735a3ffb98359fc4f",
2026-10-03T03:54:48.5330392Z     "amalgamation_path": "sqlite-autoconf-3530100/sqlite3.c",
2026-10-03T03:54:48.5331402Z     "amalgamation_sha3_256": "414432ae5719f6cdc485f3927e12c7ad107e2b8c6b434e5df2eadb5312bfabb5",
2026-10-03T03:54:48.5332471Z     "release_reference": "https://sqlite.org/releaselog/3_53_1.html",
2026-10-03T03:54:48.5333283Z     "fix_reference": "https://sqlite.org/wal.html#walresetbug"
2026-10-03T03:54:48.5333699Z   },
2026-10-03T03:54:48.5333995Z   "compiler": "cc (Ubuntu 13.3.0-6ubuntu2~24.04.1) 13.3.0",
2026-10-03T03:54:48.5334429Z   "compiler_flags": [
2026-10-03T03:54:48.5334720Z     "-O2",
2026-10-03T03:54:48.5334941Z     "-fPIC",
2026-10-03T03:54:48.5335167Z     "-shared",
2026-10-03T03:54:48.5335426Z     "-Wl,-soname,libsqlite3.so.0",
2026-10-03T03:54:48.5335750Z     "-DSQLITE_THREADSAFE=1",
2026-10-03T03:54:48.5336066Z     "-DSQLITE_ENABLE_COLUMN_METADATA",
2026-10-03T03:54:48.5336395Z     "-DSQLITE_ENABLE_FTS3",
2026-10-03T03:54:48.5336694Z     "-DSQLITE_ENABLE_FTS5",
2026-10-03T03:54:48.5336983Z     "-DSQLITE_ENABLE_RTREE",
2026-10-03T03:54:48.5337281Z     "-DSQLITE_ENABLE_DBSTAT_VTAB",
2026-10-03T03:54:48.5337613Z     "-DSQLITE_ENABLE_MATH_FUNCTIONS",
2026-10-03T03:54:48.5337939Z     "-DSQLITE_USE_URI=1"
2026-10-03T03:54:48.5338196Z   ],
2026-10-03T03:54:48.5338606Z   "library": "/home/runner/work/_temp/airlock-sqlite-runtime/lib/libsqlite3.so.0",
2026-10-03T03:54:48.5339681Z   "library_sha256": "f826cb46ed8fb7b0c33f603eb8b8e8cf6026031f3dc455aa87b0032cf8a9dee2",
2026-10-03T03:54:48.5340217Z   "verified_python_runtime": {
2026-10-03T03:54:48.5340480Z     "version": "3.53.1",
2026-10-03T03:54:48.5340917Z     "source_id": "2026-05-05 10:34:17 c88b22011a54b4f6fbd149e9f8e4de77658ce58143a1af0e3785e4e6475127e9",
2026-10-03T03:54:48.5341389Z     "compile_options": [
2026-10-03T03:54:48.5341636Z       "ATOMIC_INTRINSICS=1",
2026-10-03T03:54:48.5341894Z       "COMPILER=gcc-13.3.0",
2026-10-03T03:54:48.5342457Z       "DEFAULT_AUTOVACUUM",
2026-10-03T03:54:48.5342742Z       "DEFAULT_CACHE_SIZE=-2000",
2026-10-03T03:54:48.5343004Z       "DEFAULT_FILE_FORMAT=4",
2026-10-03T03:54:48.5343266Z       "DEFAULT_JOURNAL_SIZE_LIMIT=-1",
2026-10-03T03:54:48.5343538Z       "DEFAULT_MMAP_SIZE=0",
2026-10-03T03:54:48.5343779Z       "DEFAULT_PAGE_SIZE=4096",
2026-10-03T03:54:48.5344034Z       "DEFAULT_PCACHE_INITSZ=20",
2026-10-03T03:54:48.5344306Z       "DEFAULT_RECURSIVE_TRIGGERS",
2026-10-03T03:54:48.5344570Z       "DEFAULT_SECTOR_SIZE=4096",
2026-10-03T03:54:48.5344830Z       "DEFAULT_SYNCHRONOUS=2",
2026-10-03T03:54:48.5345088Z       "DEFAULT_WAL_AUTOCHECKPOINT=1000",
2026-10-03T03:54:48.5345369Z       "DEFAULT_WAL_SYNCHRONOUS=2",
2026-10-03T03:54:48.5345634Z       "DEFAULT_WORKER_THREADS=0",
2026-10-03T03:54:48.5345894Z       "DIRECT_OVERFLOW_READ",
2026-10-03T03:54:48.5346146Z       "ENABLE_COLUMN_METADATA",
2026-10-03T03:54:48.5346395Z       "ENABLE_DBSTAT_VTAB",
2026-10-03T03:54:48.5346630Z       "ENABLE_FTS3",
2026-10-03T03:54:48.5346850Z       "ENABLE_FTS5",
2026-10-03T03:54:48.5347072Z       "ENABLE_MATH_FUNCTIONS",
2026-10-03T03:54:48.5347312Z       "ENABLE_RTREE",
2026-10-03T03:54:48.5347541Z       "MALLOC_SOFT_LIMIT=1024",
2026-10-03T03:54:48.5347782Z       "MAX_ATTACHED=10",
2026-10-03T03:54:48.5348005Z       "MAX_COLUMN=2000",
2026-10-03T03:54:48.5348238Z       "MAX_COMPOUND_SELECT=500",
2026-10-03T03:54:48.5348689Z       "MAX_DEFAULT_PAGE_SIZE=8192",
2026-10-03T03:54:48.5348951Z       "MAX_EXPR_DEPTH=1000",
2026-10-03T03:54:48.5349461Z       "MAX_FUNCTION_ARG=1000",
2026-10-03T03:54:48.5349701Z       "MAX_LENGTH=1000000000",
2026-10-03T03:54:48.5349951Z       "MAX_LIKE_PATTERN_LENGTH=50000",
2026-10-03T03:54:48.5350249Z       "MAX_MMAP_SIZE=0x7fff0000",
2026-10-03T03:54:48.5350551Z       "MAX_PAGE_COUNT=0xfffffffe",
2026-10-03T03:54:48.5350804Z       "MAX_PAGE_SIZE=65536",
2026-10-03T03:54:48.5351043Z       "MAX_SQL_LENGTH=1000000000",
2026-10-03T03:54:48.5351297Z       "MAX_TRIGGER_DEPTH=1000",
2026-10-03T03:54:48.5351566Z       "MAX_VARIABLE_NUMBER=32766",
2026-10-03T03:54:48.5351816Z       "MAX_VDBE_OP=250000000",
2026-10-03T03:54:48.5352059Z       "MAX_WORKER_THREADS=8",
2026-10-03T03:54:48.5352302Z       "MUTEX_PTHREADS",
2026-10-03T03:54:48.5352530Z       "SYSTEM_MALLOC",
2026-10-03T03:54:48.5352743Z       "TEMP_STORE=1",
2026-10-03T03:54:48.5352958Z       "THREADSAFE=1",
2026-10-03T03:54:48.5353171Z       "USE_URI"
2026-10-03T03:54:48.5353363Z     ]
2026-10-03T03:54:48.5353538Z   },
2026-10-03T03:54:48.5353734Z   "child_exit_code": 0,
2026-10-03T03:54:48.5353978Z   "system_library_replaced": false
2026-10-03T03:54:48.5354223Z }
2026-10-03T03:54:48.7018556Z ##[group]Run python scripts/run_logged.py evidence/sqlite-runtime-linked.log -- env -u LD_LIBRARY_PATH python -m airlock.sqlite_runtime --pin-file configs/sqlite-runtime.json --build-report evidence/sqlite-runtime-build.json --output evidence/sqlite-runtime-linked.json
2026-10-03T03:54:48.7020918Z [36;1mpython scripts/run_logged.py evidence/sqlite-runtime-linked.log -- env -u LD_LIBRARY_PATH python -m airlock.sqlite_runtime --pin-file configs/sqlite-runtime.json --build-report evidence/sqlite-runtime-build.json --output evidence/sqlite-runtime-linked.json[0m
2026-10-03T03:54:48.7086735Z shell: /usr/bin/bash --noprofile --norc -e -o pipefail {0}
2026-10-03T03:54:48.7087088Z env:
2026-10-03T03:54:48.7087297Z   NEXT_TELEMETRY_DISABLED: 1
2026-10-03T03:54:48.7087636Z   pythonLocation: /opt/hostedtoolcache/Python/3.13.15/x64
2026-10-03T03:54:48.7088069Z   PKG_CONFIG_PATH: /opt/hostedtoolcache/Python/3.13.15/x64/lib/pkgconfig
2026-10-03T03:54:48.7088536Z   Python_ROOT_DIR: /opt/hostedtoolcache/Python/3.13.15/x64
2026-10-03T03:54:48.7088925Z   Python2_ROOT_DIR: /opt/hostedtoolcache/Python/3.13.15/x64
2026-10-03T03:54:48.7089562Z   Python3_ROOT_DIR: /opt/hostedtoolcache/Python/3.13.15/x64
2026-10-03T03:54:48.7089959Z   LD_LIBRARY_PATH: /opt/hostedtoolcache/Python/3.13.15/x64/lib
2026-10-03T03:54:48.7090286Z ##[endgroup]
2026-10-03T03:54:48.7969911Z {
2026-10-03T03:54:48.7970461Z   "version": "3.53.1",
2026-10-03T03:54:48.7971320Z   "source_id": "2026-05-05 10:34:17 c88b22011a54b4f6fbd149e9f8e4de77658ce58143a1af0e3785e4e6475127e9",
2026-10-03T03:54:48.7971955Z   "wal_reset_fix": "upstream_fixed_version",
2026-10-03T03:54:48.7972312Z   "compile_options": [
2026-10-03T03:54:48.7972596Z     "ATOMIC_INTRINSICS=1",
2026-10-03T03:54:48.7973063Z     "COMPILER=gcc-13.3.0",
2026-10-03T03:54:48.7973609Z     "DEFAULT_AUTOVACUUM",
2026-10-03T03:54:48.7973920Z     "DEFAULT_CACHE_SIZE=-2000",
2026-10-03T03:54:48.7974233Z     "DEFAULT_FILE_FORMAT=4",
2026-10-03T03:54:48.7974557Z     "DEFAULT_JOURNAL_SIZE_LIMIT=-1",
2026-10-03T03:54:48.7974885Z     "DEFAULT_MMAP_SIZE=0",
2026-10-03T03:54:48.7975176Z     "DEFAULT_PAGE_SIZE=4096",
2026-10-03T03:54:48.7975483Z     "DEFAULT_PCACHE_INITSZ=20",
2026-10-03T03:54:48.7975793Z     "DEFAULT_RECURSIVE_TRIGGERS",
2026-10-03T03:54:48.7976107Z     "DEFAULT_SECTOR_SIZE=4096",
2026-10-03T03:54:48.7976405Z     "DEFAULT_SYNCHRONOUS=2",
2026-10-03T03:54:48.7976714Z     "DEFAULT_WAL_AUTOCHECKPOINT=1000",
2026-10-03T03:54:48.7977050Z     "DEFAULT_WAL_SYNCHRONOUS=2",
2026-10-03T03:54:48.7977357Z     "DEFAULT_WORKER_THREADS=0",
2026-10-03T03:54:48.7977661Z     "DIRECT_OVERFLOW_READ",
2026-10-03T03:54:48.7977951Z     "ENABLE_COLUMN_METADATA",
2026-10-03T03:54:48.7978243Z     "ENABLE_DBSTAT_VTAB",
2026-10-03T03:54:48.7978512Z     "ENABLE_FTS3",
2026-10-03T03:54:48.7978996Z     "ENABLE_FTS5",
2026-10-03T03:54:48.7979615Z     "ENABLE_MATH_FUNCTIONS",
2026-10-03T03:54:48.7979908Z     "ENABLE_RTREE",
2026-10-03T03:54:48.7980168Z     "MALLOC_SOFT_LIMIT=1024",
2026-10-03T03:54:48.7980474Z     "MAX_ATTACHED=10",
2026-10-03T03:54:48.7980738Z     "MAX_COLUMN=2000",
2026-10-03T03:54:48.7981009Z     "MAX_COMPOUND_SELECT=500",
2026-10-03T03:54:48.7981323Z     "MAX_DEFAULT_PAGE_SIZE=8192",
2026-10-03T03:54:48.7981634Z     "MAX_EXPR_DEPTH=1000",
2026-10-03T03:54:48.7981918Z     "MAX_FUNCTION_ARG=1000",
2026-10-03T03:54:48.7982203Z     "MAX_LENGTH=1000000000",
2026-10-03T03:54:48.7982499Z     "MAX_LIKE_PATTERN_LENGTH=50000",
2026-10-03T03:54:48.7982827Z     "MAX_MMAP_SIZE=0x7fff0000",
2026-10-03T03:54:48.7983137Z     "MAX_PAGE_COUNT=0xfffffffe",
2026-10-03T03:54:48.7983610Z     "MAX_PAGE_SIZE=65536",
2026-10-03T03:54:48.7983921Z     "MAX_SQL_LENGTH=1000000000",
2026-10-03T03:54:48.7984227Z     "MAX_TRIGGER_DEPTH=1000",
2026-10-03T03:54:48.7984530Z     "MAX_VARIABLE_NUMBER=32766",
2026-10-03T03:54:48.7984946Z     "MAX_VDBE_OP=250000000",
2026-10-03T03:54:48.7985431Z     "MAX_WORKER_THREADS=8",
2026-10-03T03:54:48.7985888Z     "MUTEX_PTHREADS",
2026-10-03T03:54:48.7986323Z     "SYSTEM_MALLOC",
2026-10-03T03:54:48.7987042Z     "TEMP_STORE=1",
2026-10-03T03:54:48.7987441Z     "THREADSAFE=1",
2026-10-03T03:54:48.7987673Z     "USE_URI"
2026-10-03T03:54:48.7987866Z   ],
2026-10-03T03:54:48.7988061Z   "python": "3.13.15",
2026-10-03T03:54:48.7988297Z   "sqlite_threadsafety": 3,
2026-10-03T03:54:48.7988543Z   "pin_verified": true,
2026-10-03T03:54:48.7989561Z   "archive_sha256": "83e6b2020a034e9a7ad4a72feea59e1ad52f162e09cbd26735a3ffb98359fc4f",
2026-10-03T03:54:48.7990275Z   "amalgamation_sha3_256": "414432ae5719f6cdc485f3927e12c7ad107e2b8c6b434e5df2eadb5312bfabb5",
2026-10-03T03:54:48.7990773Z   "loaded_shared_library_files": [
2026-10-03T03:54:48.7991027Z     {
2026-10-03T03:54:48.7991391Z       "path": "/home/runner/work/_temp/airlock-sqlite-runtime/lib/libsqlite3.so.0",
2026-10-03T03:54:48.7991844Z       "bytes": 1591216,
2026-10-03T03:54:48.7992234Z       "sha256": "f826cb46ed8fb7b0c33f603eb8b8e8cf6026031f3dc455aa87b0032cf8a9dee2"
2026-10-03T03:54:48.7992628Z     }
2026-10-03T03:54:48.7992808Z   ],
2026-10-03T03:54:48.7993027Z   "loaded_shared_libraries": [
2026-10-03T03:54:48.7993413Z     "/home/runner/work/_temp/airlock-sqlite-runtime/lib/libsqlite3.so.0"
2026-10-03T03:54:48.7993781Z   ],
2026-10-03T03:54:48.7993995Z   "build_report_verified": true,
2026-10-03T03:54:48.7994466Z   "build_report_sha256": "df942eb5a313c85336ab90b038173f4d07778024674bed89ebec429d2846269d"
2026-10-03T03:54:48.7994934Z }
2026-10-03T03:54:48.8157277Z ##[group]Run actions/setup-node@v4
2026-10-03T03:54:48.8157581Z with:
2026-10-03T03:54:48.8157779Z   node-version: 22
2026-10-03T03:54:48.8157989Z   always-auth: false
2026-10-03T03:54:48.8158203Z   check-latest: false
2026-10-03T03:54:48.8161051Z   token: ***
2026-10-03T03:54:48.8161265Z env:
2026-10-03T03:54:48.8161463Z   NEXT_TELEMETRY_DISABLED: 1
2026-10-03T03:54:48.8161799Z   pythonLocation: /opt/hostedtoolcache/Python/3.13.15/x64
2026-10-03T03:54:48.8162236Z   PKG_CONFIG_PATH: /opt/hostedtoolcache/Python/3.13.15/x64/lib/pkgconfig
2026-10-03T03:54:48.8162662Z   Python_ROOT_DIR: /opt/hostedtoolcache/Python/3.13.15/x64
2026-10-03T03:54:48.8163046Z   Python2_ROOT_DIR: /opt/hostedtoolcache/Python/3.13.15/x64
2026-10-03T03:54:48.8163429Z   Python3_ROOT_DIR: /opt/hostedtoolcache/Python/3.13.15/x64
2026-10-03T03:54:48.8163809Z   LD_LIBRARY_PATH: /opt/hostedtoolcache/Python/3.13.15/x64/lib
2026-10-03T03:54:48.8164142Z ##[endgroup]
2026-10-03T03:54:48.9579639Z Found in cache @ /opt/hostedtoolcache/node/22.23.3/x64
2026-10-03T03:54:48.9582461Z (node:2362) [DEP0040] DeprecationWarning: The `punycode` module is deprecated. Please use a userland alternative instead.
2026-10-03T03:54:48.9583385Z (Use `node --trace-deprecation ...` to show where the warning was created)
2026-10-03T03:54:48.9585214Z ##[group]Environment details
2026-10-03T03:54:49.3870336Z node: v22.23.3
2026-10-03T03:54:49.3871061Z npm: 10.9.9
2026-10-03T03:54:49.3871401Z yarn: 1.22.22
2026-10-03T03:54:49.3872219Z ##[endgroup]
2026-10-03T03:54:49.3993640Z ##[group]Run python -m pip install -r requirements-dev.txt
2026-10-03T03:54:49.3994103Z [36;1mpython -m pip install -r requirements-dev.txt[0m
2026-10-03T03:54:49.4066033Z shell: /usr/bin/bash --noprofile --norc -e -o pipefail {0}
2026-10-03T03:54:49.4066378Z env:
2026-10-03T03:54:49.4066579Z   NEXT_TELEMETRY_DISABLED: 1
2026-10-03T03:54:49.4066895Z   pythonLocation: /opt/hostedtoolcache/Python/3.13.15/x64
2026-10-03T03:54:49.4067337Z   PKG_CONFIG_PATH: /opt/hostedtoolcache/Python/3.13.15/x64/lib/pkgconfig
2026-10-03T03:54:49.4067774Z   Python_ROOT_DIR: /opt/hostedtoolcache/Python/3.13.15/x64
2026-10-03T03:54:49.4068167Z   Python2_ROOT_DIR: /opt/hostedtoolcache/Python/3.13.15/x64
2026-10-03T03:54:49.4068554Z   Python3_ROOT_DIR: /opt/hostedtoolcache/Python/3.13.15/x64
2026-10-03T03:54:49.4068940Z   LD_LIBRARY_PATH: /opt/hostedtoolcache/Python/3.13.15/x64/lib
2026-10-03T03:54:49.4069570Z ##[endgroup]
2026-10-03T03:54:51.1408081Z Collecting fastapi==0.142.2 (from -r /home/runner/work/AIRLOCK/AIRLOCK/requirements.txt (line 1))
2026-10-03T03:54:51.1858344Z   Downloading fastapi-0.142.2-py3-none-any.whl.metadata (27 kB)
2026-10-03T03:54:51.2175504Z Collecting starlette==1.7.0 (from -r /home/runner/work/AIRLOCK/AIRLOCK/requirements.txt (line 2))
2026-10-03T03:54:51.2206506Z   Downloading starlette-1.7.0-py3-none-any.whl.metadata (6.6 kB)
2026-10-03T03:54:51.3172739Z Collecting pydantic==2.13.5 (from -r /home/runner/work/AIRLOCK/AIRLOCK/requirements.txt (line 3))
2026-10-03T03:54:51.3206085Z   Downloading pydantic-2.13.5-py3-none-any.whl.metadata (110 kB)
2026-10-03T03:54:51.3541064Z Collecting uvicorn==0.48.0 (from -r /home/runner/work/AIRLOCK/AIRLOCK/requirements.txt (line 4))
2026-10-03T03:54:51.3573865Z   Downloading uvicorn-0.48.0-py3-none-any.whl.metadata (6.7 kB)
2026-10-03T03:54:51.3733978Z Collecting httpx==0.28.1 (from -r /home/runner/work/AIRLOCK/AIRLOCK/requirements.txt (line 5))
2026-10-03T03:54:51.3772846Z   Downloading httpx-0.28.1-py3-none-any.whl.metadata (7.1 kB)
2026-10-03T03:54:51.3905705Z Collecting cel-python==0.4.0 (from -r /home/runner/work/AIRLOCK/AIRLOCK/requirements.txt (line 6))
2026-10-03T03:54:51.3948155Z   Downloading cel_python-0.4.0-py3-none-any.whl.metadata (8.5 kB)
2026-10-03T03:54:51.4278521Z Collecting PyYAML==6.0.3 (from -r /home/runner/work/AIRLOCK/AIRLOCK/requirements.txt (line 7))
2026-10-03T03:54:51.4312486Z   Downloading pyyaml-6.0.3-cp313-cp313-manylinux2014_x86_64.manylinux_2_17_x86_64.manylinux_2_28_x86_64.whl.metadata (2.4 kB)
2026-10-03T03:54:51.4460006Z Collecting PyJWT==2.15.1 (from -r /home/runner/work/AIRLOCK/AIRLOCK/requirements.txt (line 8))
2026-10-03T03:54:51.4491072Z   Downloading pyjwt-2.15.1-py3-none-any.whl.metadata (3.5 kB)
2026-10-03T03:54:51.6103706Z Collecting cryptography==50.0.2 (from -r /home/runner/work/AIRLOCK/AIRLOCK/requirements.txt (line 9))
2026-10-03T03:54:51.6136121Z   Downloading cryptography-50.0.2-cp311-abi3-manylinux_2_34_x86_64.whl.metadata (4.4 kB)
2026-10-03T03:54:51.7895119Z Collecting boto3==1.43.107 (from -r /home/runner/work/AIRLOCK/AIRLOCK/requirements-archive.txt (line 2))
2026-10-03T03:54:51.7926818Z   Downloading boto3-1.43.107-py3-none-any.whl.metadata (6.6 kB)
2026-10-03T03:54:52.0008826Z Collecting botocore==1.43.107 (from -r /home/runner/work/AIRLOCK/AIRLOCK/requirements-archive.txt (line 3))
2026-10-03T03:54:52.0056985Z   Downloading botocore-1.43.107-py3-none-any.whl.metadata (5.6 kB)
2026-10-03T03:54:52.0203665Z Collecting s3transfer==0.19.2 (from -r /home/runner/work/AIRLOCK/AIRLOCK/requirements-archive.txt (line 4))
2026-10-03T03:54:52.0234913Z   Downloading s3transfer-0.19.2-py3-none-any.whl.metadata (1.7 kB)
2026-10-03T03:54:52.0461282Z Collecting pytest==9.0.2 (from -r requirements-dev.txt (line 3))
2026-10-03T03:54:52.0493513Z   Downloading pytest-9.0.2-py3-none-any.whl.metadata (7.6 kB)
2026-10-03T03:54:52.0843876Z Collecting playwright==1.57.0 (from -r requirements-dev.txt (line 4))
2026-10-03T03:54:52.0879247Z   Downloading playwright-1.57.0-py3-none-manylinux1_x86_64.whl.metadata (3.5 kB)
2026-10-03T03:54:52.1044276Z Collecting mcp==1.26.0 (from -r requirements-dev.txt (line 5))
2026-10-03T03:54:52.1076449Z   Downloading mcp-1.26.0-py3-none-any.whl.metadata (89 kB)
2026-10-03T03:54:52.1274861Z Collecting pip-audit==2.10.1 (from -r requirements-dev.txt (line 6))
2026-10-03T03:54:52.1310594Z   Downloading pip_audit-2.10.1-py3-none-any.whl.metadata (28 kB)
2026-10-03T03:54:52.1506059Z Collecting typing-extensions>=4.8.0 (from fastapi==0.142.2->-r /home/runner/work/AIRLOCK/AIRLOCK/requirements.txt (line 1))
2026-10-03T03:54:52.1539037Z   Downloading typing_extensions-4.16.0-py3-none-any.whl.metadata (3.3 kB)
2026-10-03T03:54:52.1637784Z Collecting typing-inspection>=0.4.2 (from fastapi==0.142.2->-r /home/runner/work/AIRLOCK/AIRLOCK/requirements.txt (line 1))
2026-10-03T03:54:52.1668451Z   Downloading typing_inspection-0.4.4-py3-none-any.whl.metadata (2.6 kB)
2026-10-03T03:54:52.1766238Z Collecting annotated-doc>=0.0.2 (from fastapi==0.142.2->-r /home/runner/work/AIRLOCK/AIRLOCK/requirements.txt (line 1))
2026-10-03T03:54:52.1798849Z   Downloading annotated_doc-0.0.5-py3-none-any.whl.metadata (6.5 kB)
2026-10-03T03:54:52.1966101Z Collecting opentelemetry-api>=1.44.0 (from fastapi==0.142.2->-r /home/runner/work/AIRLOCK/AIRLOCK/requirements.txt (line 1))
2026-10-03T03:54:52.1997239Z   Downloading opentelemetry_api-1.45.0-py3-none-any.whl.metadata (1.4 kB)
2026-10-03T03:54:52.2187451Z Collecting anyio<5,>=4.0.0 (from starlette==1.7.0->-r /home/runner/work/AIRLOCK/AIRLOCK/requirements.txt (line 2))
2026-10-03T03:54:52.2221529Z   Downloading anyio-4.15.1-py3-none-any.whl.metadata (4.7 kB)
2026-10-03T03:54:52.2326196Z Collecting annotated-types>=0.6.0 (from pydantic==2.13.5->-r /home/runner/work/AIRLOCK/AIRLOCK/requirements.txt (line 3))
2026-10-03T03:54:52.2356451Z   Downloading annotated_types-0.8.0-py3-none-any.whl.metadata (15 kB)
2026-10-03T03:54:52.8821446Z Collecting pydantic-core==2.46.5 (from pydantic==2.13.5->-r /home/runner/work/AIRLOCK/AIRLOCK/requirements.txt (line 3))
2026-10-03T03:54:52.8857675Z   Downloading pydantic_core-2.46.5-cp313-cp313-manylinux_2_17_x86_64.manylinux2014_x86_64.whl.metadata (6.6 kB)
2026-10-03T03:54:52.9044893Z Collecting click>=7.0 (from uvicorn==0.48.0->-r /home/runner/work/AIRLOCK/AIRLOCK/requirements.txt (line 4))
2026-10-03T03:54:52.9076775Z   Downloading click-8.5.0-py3-none-any.whl.metadata (2.6 kB)
2026-10-03T03:54:52.9178993Z Collecting h11>=0.8 (from uvicorn==0.48.0->-r /home/runner/work/AIRLOCK/AIRLOCK/requirements.txt (line 4))
2026-10-03T03:54:52.9212481Z   Downloading h11-0.16.0-py3-none-any.whl.metadata (8.3 kB)
2026-10-03T03:54:52.9391871Z Collecting certifi (from httpx==0.28.1->-r /home/runner/work/AIRLOCK/AIRLOCK/requirements.txt (line 5))
2026-10-03T03:54:52.9422109Z   Downloading certifi-2026.7.22-py3-none-any.whl.metadata (2.5 kB)
2026-10-03T03:54:52.9579937Z Collecting httpcore==1.* (from httpx==0.28.1->-r /home/runner/work/AIRLOCK/AIRLOCK/requirements.txt (line 5))
2026-10-03T03:54:52.9611474Z   Downloading httpcore-1.0.9-py3-none-any.whl.metadata (21 kB)
2026-10-03T03:54:52.9753258Z Collecting idna (from httpx==0.28.1->-r /home/runner/work/AIRLOCK/AIRLOCK/requirements.txt (line 5))
2026-10-03T03:54:52.9782973Z   Downloading idna-3.20-py3-none-any.whl.metadata (7.2 kB)
2026-10-03T03:54:53.0282635Z Collecting google-re2>=1.1.20240702 (from cel-python==0.4.0->-r /home/runner/work/AIRLOCK/AIRLOCK/requirements.txt (line 6))
2026-10-03T03:54:53.0333867Z   Downloading google_re2-1.1.20251105-1-cp313-cp313-manylinux_2_27_x86_64.manylinux_2_28_x86_64.whl.metadata (2.4 kB)
2026-10-03T03:54:53.0434249Z Collecting jmespath>=1.0.1 (from cel-python==0.4.0->-r /home/runner/work/AIRLOCK/AIRLOCK/requirements.txt (line 6))
2026-10-03T03:54:53.0465756Z   Downloading jmespath-1.1.0-py3-none-any.whl.metadata (7.6 kB)
2026-10-03T03:54:53.0578257Z Collecting lark>=1.2.2 (from cel-python==0.4.0->-r /home/runner/work/AIRLOCK/AIRLOCK/requirements.txt (line 6))
2026-10-03T03:54:53.0608786Z   Downloading lark-1.3.1-py3-none-any.whl.metadata (1.8 kB)
2026-10-03T03:54:53.1004536Z Collecting pendulum>=3.1.0 (from cel-python==0.4.0->-r /home/runner/work/AIRLOCK/AIRLOCK/requirements.txt (line 6))
2026-10-03T03:54:53.1037259Z   Downloading pendulum-3.2.0-cp313-cp313-manylinux_2_17_x86_64.manylinux2014_x86_64.whl.metadata (6.8 kB)
2026-10-03T03:54:53.1981099Z Collecting cffi>=2.0.0 (from cryptography==50.0.2->-r /home/runner/work/AIRLOCK/AIRLOCK/requirements.txt (line 9))
2026-10-03T03:54:53.2011151Z   Downloading cffi-2.1.1-cp313-cp313-manylinux2014_x86_64.manylinux_2_17_x86_64.whl.metadata (2.5 kB)
2026-10-03T03:54:53.2251116Z Collecting python-dateutil<3.0.0,>=2.1 (from botocore==1.43.107->-r /home/runner/work/AIRLOCK/AIRLOCK/requirements-archive.txt (line 3))
2026-10-03T03:54:53.2284774Z   Downloading python_dateutil-2.9.0.post0-py2.py3-none-any.whl.metadata (8.4 kB)
2026-10-03T03:54:53.2489618Z Collecting urllib3!=2.2.0,<3,>=1.25.4 (from botocore==1.43.107->-r /home/runner/work/AIRLOCK/AIRLOCK/requirements-archive.txt (line 3))
2026-10-03T03:54:53.2521501Z   Downloading urllib3-2.8.0-py3-none-any.whl.metadata (7.4 kB)
2026-10-03T03:54:53.2714526Z Collecting iniconfig>=1.0.1 (from pytest==9.0.2->-r requirements-dev.txt (line 3))
2026-10-03T03:54:53.2745772Z   Downloading iniconfig-2.3.0-py3-none-any.whl.metadata (2.5 kB)
2026-10-03T03:54:53.2882566Z Collecting packaging>=22 (from pytest==9.0.2->-r requirements-dev.txt (line 3))
2026-10-03T03:54:53.2912694Z   Downloading packaging-26.3-py3-none-any.whl.metadata (3.5 kB)
2026-10-03T03:54:53.3019966Z Collecting pluggy<2,>=1.5 (from pytest==9.0.2->-r requirements-dev.txt (line 3))
2026-10-03T03:54:53.3050816Z   Downloading pluggy-1.6.0-py3-none-any.whl.metadata (4.8 kB)
2026-10-03T03:54:53.3218725Z Collecting pygments>=2.7.2 (from pytest==9.0.2->-r requirements-dev.txt (line 3))
2026-10-03T03:54:53.3248338Z   Downloading pygments-2.21.0-py3-none-any.whl.metadata (2.5 kB)
2026-10-03T03:54:53.3391827Z Collecting pyee<14,>=13 (from playwright==1.57.0->-r requirements-dev.txt (line 4))
2026-10-03T03:54:53.3422645Z   Downloading pyee-13.0.1-py3-none-any.whl.metadata (3.0 kB)
2026-10-03T03:54:53.4765403Z Collecting greenlet<4.0.0,>=3.1.1 (from playwright==1.57.0->-r requirements-dev.txt (line 4))
2026-10-03T03:54:53.4797412Z   Downloading greenlet-3.5.6-cp313-cp313-manylinux_2_24_x86_64.manylinux_2_28_x86_64.whl.metadata (3.8 kB)
2026-10-03T03:54:53.4917970Z Collecting httpx-sse>=0.4 (from mcp==1.26.0->-r requirements-dev.txt (line 5))
2026-10-03T03:54:53.4948033Z   Downloading httpx_sse-0.4.3-py3-none-any.whl.metadata (9.7 kB)
2026-10-03T03:54:53.5163755Z Collecting jsonschema>=4.20.0 (from mcp==1.26.0->-r requirements-dev.txt (line 5))
2026-10-03T03:54:53.5194664Z   Downloading jsonschema-4.26.0-py3-none-any.whl.metadata (7.6 kB)
2026-10-03T03:54:53.5340218Z Collecting pydantic-settings>=2.5.2 (from mcp==1.26.0->-r requirements-dev.txt (line 5))
2026-10-03T03:54:53.5372258Z   Downloading pydantic_settings-2.15.0-py3-none-any.whl.metadata (3.9 kB)
2026-10-03T03:54:53.5521513Z Collecting python-multipart>=0.0.9 (from mcp==1.26.0->-r requirements-dev.txt (line 5))
2026-10-03T03:54:53.5551979Z   Downloading python_multipart-0.0.32-py3-none-any.whl.metadata (2.1 kB)
2026-10-03T03:54:53.5713285Z Collecting sse-starlette>=1.6.1 (from mcp==1.26.0->-r requirements-dev.txt (line 5))
2026-10-03T03:54:53.5743739Z   Downloading sse_starlette-3.5.0-py3-none-any.whl.metadata (15 kB)
2026-10-03T03:54:53.5911063Z Collecting CacheControl>=0.13.0 (from CacheControl[filecache]>=0.13.0->pip-audit==2.10.1->-r requirements-dev.txt (line 6))
2026-10-03T03:54:53.5941289Z   Downloading cachecontrol-0.14.4-py3-none-any.whl.metadata (3.1 kB)
2026-10-03T03:54:53.6210998Z Collecting cyclonedx-python-lib<12,>=5 (from pip-audit==2.10.1->-r requirements-dev.txt (line 6))
2026-10-03T03:54:53.6240542Z   Downloading cyclonedx_python_lib-11.12.0-py3-none-any.whl.metadata (6.9 kB)
2026-10-03T03:54:53.6387398Z Collecting pip-api>=0.0.28 (from pip-audit==2.10.1->-r requirements-dev.txt (line 6))
2026-10-03T03:54:53.6417868Z   Downloading pip_api-0.0.35-py3-none-any.whl.metadata (17 kB)
2026-10-03T03:54:53.6532405Z Collecting pip-requirements-parser>=32.0.0 (from pip-audit==2.10.1->-r requirements-dev.txt (line 6))
2026-10-03T03:54:53.6564119Z   Downloading pip_requirements_parser-32.0.1-py3-none-any.whl.metadata (9.3 kB)
2026-10-03T03:54:53.6756416Z Collecting requests>=2.31.0 (from pip-audit==2.10.1->-r requirements-dev.txt (line 6))
2026-10-03T03:54:53.6791910Z   Downloading requests-2.34.2-py3-none-any.whl.metadata (4.8 kB)
2026-10-03T03:54:53.7064018Z Collecting rich>=12.4 (from pip-audit==2.10.1->-r requirements-dev.txt (line 6))
2026-10-03T03:54:53.7095777Z   Downloading rich-15.0.0-py3-none-any.whl.metadata (18 kB)
2026-10-03T03:54:53.7305531Z Collecting tomli>=2.2.1 (from pip-audit==2.10.1->-r requirements-dev.txt (line 6))
2026-10-03T03:54:53.7339840Z   Downloading tomli-2.4.1-cp313-cp313-manylinux2014_x86_64.manylinux_2_17_x86_64.manylinux_2_28_x86_64.whl.metadata (10 kB)
2026-10-03T03:54:53.7439241Z Collecting tomli-w>=1.2.0 (from pip-audit==2.10.1->-r requirements-dev.txt (line 6))
2026-10-03T03:54:53.7471544Z   Downloading tomli_w-1.2.0-py3-none-any.whl.metadata (5.7 kB)
2026-10-03T03:54:53.7642241Z Collecting platformdirs>=4.2.0 (from pip-audit==2.10.1->-r requirements-dev.txt (line 6))
2026-10-03T03:54:53.7673825Z   Downloading platformdirs-4.12.2-py3-none-any.whl.metadata (5.5 kB)
2026-10-03T03:54:53.7844824Z Collecting license-expression<31,>=30 (from cyclonedx-python-lib<12,>=5->pip-audit==2.10.1->-r requirements-dev.txt (line 6))
2026-10-03T03:54:53.7875896Z   Downloading license_expression-30.4.4-py3-none-any.whl.metadata (11 kB)
2026-10-03T03:54:53.8031235Z Collecting packageurl-python<2,>=0.11 (from cyclonedx-python-lib<12,>=5->pip-audit==2.10.1->-r requirements-dev.txt (line 6))
2026-10-03T03:54:53.8060079Z   Downloading packageurl_python-0.17.6-py3-none-any.whl.metadata (5.1 kB)
2026-10-03T03:54:53.8203642Z Collecting py-serializable<3.0.0,>=2.1.0 (from cyclonedx-python-lib<12,>=5->pip-audit==2.10.1->-r requirements-dev.txt (line 6))
2026-10-03T03:54:53.8233108Z   Downloading py_serializable-2.1.0-py3-none-any.whl.metadata (4.3 kB)
2026-10-03T03:54:53.8374472Z Collecting sortedcontainers<3.0.0,>=2.4.0 (from cyclonedx-python-lib<12,>=5->pip-audit==2.10.1->-r requirements-dev.txt (line 6))
2026-10-03T03:54:53.8403739Z   Downloading sortedcontainers-2.4.0-py2.py3-none-any.whl.metadata (10 kB)
2026-10-03T03:54:53.8546524Z Collecting boolean.py>=4.0 (from license-expression<31,>=30->cyclonedx-python-lib<12,>=5->pip-audit==2.10.1->-r requirements-dev.txt (line 6))
2026-10-03T03:54:53.8579456Z   Downloading boolean_py-5.0-py3-none-any.whl.metadata (2.3 kB)
2026-10-03T03:54:53.8711983Z Collecting defusedxml<0.8.0,>=0.7.1 (from py-serializable<3.0.0,>=2.1.0->cyclonedx-python-lib<12,>=5->pip-audit==2.10.1->-r requirements-dev.txt (line 6))
2026-10-03T03:54:53.8743120Z   Downloading defusedxml-0.7.1-py2.py3-none-any.whl.metadata (32 kB)
2026-10-03T03:54:53.8898280Z Collecting six>=1.5 (from python-dateutil<3.0.0,>=2.1->botocore==1.43.107->-r /home/runner/work/AIRLOCK/AIRLOCK/requirements-archive.txt (line 3))
2026-10-03T03:54:53.8929710Z   Downloading six-1.17.0-py2.py3-none-any.whl.metadata (1.7 kB)
2026-10-03T03:54:53.9688200Z Collecting msgpack<2.0.0,>=0.5.2 (from CacheControl>=0.13.0->CacheControl[filecache]>=0.13.0->pip-audit==2.10.1->-r requirements-dev.txt (line 6))
2026-10-03T03:54:53.9723700Z   Downloading msgpack-1.2.3-cp313-cp313-manylinux2014_x86_64.manylinux_2_17_x86_64.manylinux_2_28_x86_64.whl.metadata (8.3 kB)
2026-10-03T03:54:53.9976735Z Collecting filelock>=3.8.0 (from CacheControl[filecache]>=0.13.0->pip-audit==2.10.1->-r requirements-dev.txt (line 6))
2026-10-03T03:54:54.0007220Z   Downloading filelock-4.0.9-py3-none-any.whl.metadata (2.0 kB)
2026-10-03T03:54:54.0109146Z Collecting pycparser (from cffi>=2.0.0->cryptography==50.0.2->-r /home/runner/work/AIRLOCK/AIRLOCK/requirements.txt (line 9))
2026-10-03T03:54:54.0138541Z   Downloading pycparser-3.0-py3-none-any.whl.metadata (8.2 kB)
2026-10-03T03:54:54.0305604Z Collecting attrs>=22.2.0 (from jsonschema>=4.20.0->mcp==1.26.0->-r requirements-dev.txt (line 5))
2026-10-03T03:54:54.0337828Z   Downloading attrs-26.1.0-py3-none-any.whl.metadata (8.8 kB)
2026-10-03T03:54:54.0451944Z Collecting jsonschema-specifications>=2023.03.6 (from jsonschema>=4.20.0->mcp==1.26.0->-r requirements-dev.txt (line 5))
2026-10-03T03:54:54.0482644Z   Downloading jsonschema_specifications-2025.9.1-py3-none-any.whl.metadata (2.9 kB)
2026-10-03T03:54:54.0659592Z Collecting referencing>=0.28.4 (from jsonschema>=4.20.0->mcp==1.26.0->-r requirements-dev.txt (line 5))
2026-10-03T03:54:54.0689412Z   Downloading referencing-0.37.0-py3-none-any.whl.metadata (2.8 kB)
2026-10-03T03:54:54.2950859Z Collecting rpds-py>=0.25.0 (from jsonschema>=4.20.0->mcp==1.26.0->-r requirements-dev.txt (line 5))
2026-10-03T03:54:54.2984600Z   Downloading rpds_py-2026.6.3-cp313-cp313-manylinux_2_17_x86_64.manylinux2014_x86_64.whl.metadata (4.1 kB)
2026-10-03T03:54:54.3186234Z Collecting tzdata>=2020.1 (from pendulum>=3.1.0->cel-python==0.4.0->-r /home/runner/work/AIRLOCK/AIRLOCK/requirements.txt (line 6))
2026-10-03T03:54:54.3216785Z   Downloading tzdata-2026.4-py2.py3-none-any.whl.metadata (1.4 kB)
2026-10-03T03:54:54.3256826Z Requirement already satisfied: pip in /opt/hostedtoolcache/Python/3.13.15/x64/lib/python3.13/site-packages (from pip-api>=0.0.28->pip-audit==2.10.1->-r requirements-dev.txt (line 6)) (26.2.1)
2026-10-03T03:54:54.3449906Z Collecting pyparsing (from pip-requirements-parser>=32.0.0->pip-audit==2.10.1->-r requirements-dev.txt (line 6))
2026-10-03T03:54:54.3479599Z   Downloading pyparsing-3.3.3-py3-none-any.whl.metadata (5.9 kB)
2026-10-03T03:54:54.3637532Z Collecting python-dotenv>=0.21.0 (from pydantic-settings>=2.5.2->mcp==1.26.0->-r requirements-dev.txt (line 5))
2026-10-03T03:54:54.3667915Z   Downloading python_dotenv-1.2.4-py3-none-any.whl.metadata (29 kB)
2026-10-03T03:54:54.4875617Z Collecting charset_normalizer<4,>=2 (from requests>=2.31.0->pip-audit==2.10.1->-r requirements-dev.txt (line 6))
2026-10-03T03:54:54.4910204Z   Downloading charset_normalizer-3.5.2-cp313-cp313-manylinux2014_x86_64.manylinux_2_17_x86_64.manylinux_2_28_x86_64.whl.metadata (46 kB)
2026-10-03T03:54:54.5136851Z Collecting markdown-it-py>=2.2.0 (from rich>=12.4->pip-audit==2.10.1->-r requirements-dev.txt (line 6))
2026-10-03T03:54:54.5167213Z   Downloading markdown_it_py-4.2.0-py3-none-any.whl.metadata (7.4 kB)
2026-10-03T03:54:54.5333054Z Collecting mdurl~=0.1 (from markdown-it-py>=2.2.0->rich>=12.4->pip-audit==2.10.1->-r requirements-dev.txt (line 6))
2026-10-03T03:54:54.5365901Z   Downloading mdurl-0.1.2-py3-none-any.whl.metadata (1.6 kB)
2026-10-03T03:54:54.5606714Z Downloading fastapi-0.142.2-py3-none-any.whl (144 kB)
2026-10-03T03:54:54.5671813Z Downloading starlette-1.7.0-py3-none-any.whl (78 kB)
2026-10-03T03:54:54.5721471Z Downloading pydantic-2.13.5-py3-none-any.whl (472 kB)
2026-10-03T03:54:54.5820654Z Downloading uvicorn-0.48.0-py3-none-any.whl (71 kB)
2026-10-03T03:54:54.5868990Z Downloading httpx-0.28.1-py3-none-any.whl (73 kB)
2026-10-03T03:54:54.5917373Z Downloading cel_python-0.4.0-py3-none-any.whl (85 kB)
2026-10-03T03:54:54.5968441Z Downloading pyyaml-6.0.3-cp313-cp313-manylinux2014_x86_64.manylinux_2_17_x86_64.manylinux_2_28_x86_64.whl (801 kB)
2026-10-03T03:54:54.6092495Z    ━━━━━━━━━━━━━━━━━━━━━━━━━━━━━━━━━━━━━━━━ 801.6/801.6 kB 69.2 MB/s  0:00:00
2026-10-03T03:54:54.6123307Z Downloading pyjwt-2.15.1-py3-none-any.whl (33 kB)
2026-10-03T03:54:54.6174415Z Downloading cryptography-50.0.2-cp311-abi3-manylinux_2_34_x86_64.whl (4.8 MB)
2026-10-03T03:54:54.6507777Z    ━━━━━━━━━━━━━━━━━━━━━━━━━━━━━━━━━━━━━━━━ 4.8/4.8 MB 151.3 MB/s  0:00:00
2026-10-03T03:54:54.6536998Z Downloading boto3-1.43.107-py3-none-any.whl (140 kB)
2026-10-03T03:54:54.6587409Z Downloading botocore-1.43.107-py3-none-any.whl (16.0 MB)
2026-10-03T03:54:54.7157781Z    ━━━━━━━━━━━━━━━━━━━━━━━━━━━━━━━━━━━━━━━━ 16.0/16.0 MB 287.9 MB/s  0:00:00
2026-10-03T03:54:54.7191556Z Downloading s3transfer-0.19.2-py3-none-any.whl (90 kB)
2026-10-03T03:54:54.7243021Z Downloading pytest-9.0.2-py3-none-any.whl (374 kB)
2026-10-03T03:54:54.7300673Z Downloading playwright-1.57.0-py3-none-manylinux1_x86_64.whl (46.0 MB)
2026-10-03T03:54:54.8675074Z    ━━━━━━━━━━━━━━━━━━━━━━━━━━━━━━━━━━━━━━━━ 46.0/46.0 MB 338.8 MB/s  0:00:00
2026-10-03T03:54:54.8710437Z Downloading mcp-1.26.0-py3-none-any.whl (233 kB)
2026-10-03T03:54:54.8766011Z Downloading pip_audit-2.10.1-py3-none-any.whl (62 kB)
2026-10-03T03:54:54.8817322Z Downloading pydantic_core-2.46.5-cp313-cp313-manylinux_2_17_x86_64.manylinux2014_x86_64.whl (2.1 MB)
2026-10-03T03:54:54.8914601Z    ━━━━━━━━━━━━━━━━━━━━━━━━━━━━━━━━━━━━━━━━ 2.1/2.1 MB 252.4 MB/s  0:00:00
2026-10-03T03:54:54.8947322Z Downloading anyio-4.15.1-py3-none-any.whl (132 kB)
2026-10-03T03:54:54.8999619Z Downloading cyclonedx_python_lib-11.12.0-py3-none-any.whl (529 kB)
2026-10-03T03:54:54.9044334Z    ━━━━━━━━━━━━━━━━━━━━━━━━━━━━━━━━━━━━━━━━ 529.5/529.5 kB 113.5 MB/s  0:00:00
2026-10-03T03:54:54.9083843Z Downloading greenlet-3.5.6-cp313-cp313-manylinux_2_24_x86_64.manylinux_2_28_x86_64.whl (623 kB)
2026-10-03T03:54:54.9131220Z    ━━━━━━━━━━━━━━━━━━━━━━━━━━━━━━━━━━━━━━━━ 623.8/623.8 kB 138.7 MB/s  0:00:00
2026-10-03T03:54:54.9161849Z Downloading httpcore-1.0.9-py3-none-any.whl (78 kB)
2026-10-03T03:54:54.9211924Z Downloading jmespath-1.1.0-py3-none-any.whl (20 kB)
2026-10-03T03:54:54.9263646Z Downloading license_expression-30.4.4-py3-none-any.whl (120 kB)
2026-10-03T03:54:54.9314961Z Downloading packageurl_python-0.17.6-py3-none-any.whl (36 kB)
2026-10-03T03:54:54.9365820Z Downloading pluggy-1.6.0-py3-none-any.whl (20 kB)
2026-10-03T03:54:54.9415330Z Downloading py_serializable-2.1.0-py3-none-any.whl (23 kB)
2026-10-03T03:54:54.9463022Z Downloading defusedxml-0.7.1-py2.py3-none-any.whl (25 kB)
2026-10-03T03:54:54.9510451Z Downloading pyee-13.0.1-py3-none-any.whl (15 kB)
2026-10-03T03:54:54.9558148Z Downloading python_dateutil-2.9.0.post0-py2.py3-none-any.whl (229 kB)
2026-10-03T03:54:54.9613756Z Downloading sortedcontainers-2.4.0-py2.py3-none-any.whl (29 kB)
2026-10-03T03:54:54.9662200Z Downloading urllib3-2.8.0-py3-none-any.whl (135 kB)
2026-10-03T03:54:54.9712136Z Downloading annotated_doc-0.0.5-py3-none-any.whl (5.3 kB)
2026-10-03T03:54:54.9761307Z Downloading annotated_types-0.8.0-py3-none-any.whl (13 kB)
2026-10-03T03:54:54.9813807Z Downloading boolean_py-5.0-py3-none-any.whl (26 kB)
2026-10-03T03:54:54.9863176Z Downloading cachecontrol-0.14.4-py3-none-any.whl (22 kB)
2026-10-03T03:54:54.9915497Z Downloading msgpack-1.2.3-cp313-cp313-manylinux2014_x86_64.manylinux_2_17_x86_64.manylinux_2_28_x86_64.whl (466 kB)
2026-10-03T03:54:54.9973475Z Downloading cffi-2.1.1-cp313-cp313-manylinux2014_x86_64.manylinux_2_17_x86_64.whl (221 kB)
2026-10-03T03:54:55.0025989Z Downloading click-8.5.0-py3-none-any.whl (125 kB)
2026-10-03T03:54:55.0079056Z Downloading filelock-4.0.9-py3-none-any.whl (110 kB)
2026-10-03T03:54:55.0132873Z Downloading google_re2-1.1.20251105-1-cp313-cp313-manylinux_2_27_x86_64.manylinux_2_28_x86_64.whl (591 kB)
2026-10-03T03:54:55.0180073Z    ━━━━━━━━━━━━━━━━━━━━━━━━━━━━━━━━━━━━━━━━ 591.4/591.4 kB 128.9 MB/s  0:00:00
2026-10-03T03:54:55.0214350Z Downloading h11-0.16.0-py3-none-any.whl (37 kB)
2026-10-03T03:54:55.0264007Z Downloading httpx_sse-0.4.3-py3-none-any.whl (9.0 kB)
2026-10-03T03:54:55.0313305Z Downloading idna-3.20-py3-none-any.whl (69 kB)
2026-10-03T03:54:55.0364545Z Downloading iniconfig-2.3.0-py3-none-any.whl (7.5 kB)
2026-10-03T03:54:55.0411702Z Downloading jsonschema-4.26.0-py3-none-any.whl (90 kB)
2026-10-03T03:54:55.0465712Z Downloading attrs-26.1.0-py3-none-any.whl (67 kB)
2026-10-03T03:54:55.0515955Z Downloading jsonschema_specifications-2025.9.1-py3-none-any.whl (18 kB)
2026-10-03T03:54:55.0562302Z Downloading lark-1.3.1-py3-none-any.whl (113 kB)
2026-10-03T03:54:55.0612143Z Downloading opentelemetry_api-1.45.0-py3-none-any.whl (60 kB)
2026-10-03T03:54:55.0659250Z Downloading packaging-26.3-py3-none-any.whl (129 kB)
2026-10-03T03:54:55.0719167Z Downloading pendulum-3.2.0-cp313-cp313-manylinux_2_17_x86_64.manylinux2014_x86_64.whl (348 kB)
2026-10-03T03:54:55.0784396Z Downloading pip_api-0.0.35-py3-none-any.whl (123 kB)
2026-10-03T03:54:55.0832924Z Downloading pip_requirements_parser-32.0.1-py3-none-any.whl (35 kB)
2026-10-03T03:54:55.0879503Z Downloading platformdirs-4.12.2-py3-none-any.whl (32 kB)
2026-10-03T03:54:55.0928129Z Downloading pydantic_settings-2.15.0-py3-none-any.whl (69 kB)
2026-10-03T03:54:55.0978157Z Downloading pygments-2.21.0-py3-none-any.whl (1.3 MB)
2026-10-03T03:54:55.1044773Z    ━━━━━━━━━━━━━━━━━━━━━━━━━━━━━━━━━━━━━━━━ 1.3/1.3 MB 236.7 MB/s  0:00:00
2026-10-03T03:54:55.1075276Z Downloading python_dotenv-1.2.4-py3-none-any.whl (23 kB)
2026-10-03T03:54:55.1121565Z Downloading python_multipart-0.0.32-py3-none-any.whl (30 kB)
2026-10-03T03:54:55.1167688Z Downloading referencing-0.37.0-py3-none-any.whl (26 kB)
2026-10-03T03:54:55.1214845Z Downloading requests-2.34.2-py3-none-any.whl (73 kB)
2026-10-03T03:54:55.1266080Z Downloading charset_normalizer-3.5.2-cp313-cp313-manylinux2014_x86_64.manylinux_2_17_x86_64.manylinux_2_28_x86_64.whl (254 kB)
2026-10-03T03:54:55.1319553Z Downloading certifi-2026.7.22-py3-none-any.whl (136 kB)
2026-10-03T03:54:55.1370379Z Downloading rich-15.0.0-py3-none-any.whl (310 kB)
2026-10-03T03:54:55.1423597Z Downloading markdown_it_py-4.2.0-py3-none-any.whl (91 kB)
2026-10-03T03:54:55.1471032Z Downloading mdurl-0.1.2-py3-none-any.whl (10.0 kB)
2026-10-03T03:54:55.1518134Z Downloading rpds_py-2026.6.3-cp313-cp313-manylinux_2_17_x86_64.manylinux2014_x86_64.whl (365 kB)
2026-10-03T03:54:55.1572852Z Downloading six-1.17.0-py2.py3-none-any.whl (11 kB)
2026-10-03T03:54:55.1618214Z Downloading sse_starlette-3.5.0-py3-none-any.whl (17 kB)
2026-10-03T03:54:55.1667784Z Downloading tomli-2.4.1-cp313-cp313-manylinux2014_x86_64.manylinux_2_17_x86_64.manylinux_2_28_x86_64.whl (251 kB)
2026-10-03T03:54:55.1720397Z Downloading tomli_w-1.2.0-py3-none-any.whl (6.7 kB)
2026-10-03T03:54:55.1769494Z Downloading typing_extensions-4.16.0-py3-none-any.whl (45 kB)
2026-10-03T03:54:55.1817708Z Downloading typing_inspection-0.4.4-py3-none-any.whl (14 kB)
2026-10-03T03:54:55.1865888Z Downloading tzdata-2026.4-py2.py3-none-any.whl (347 kB)
2026-10-03T03:54:55.1919164Z Downloading pycparser-3.0-py3-none-any.whl (48 kB)
2026-10-03T03:54:55.1974362Z Downloading pyparsing-3.3.3-py3-none-any.whl (126 kB)
2026-10-03T03:54:55.6721289Z Installing collected packages: sortedcontainers, boolean.py, urllib3, tzdata, typing-extensions, tomli-w, tomli, six, rpds-py, PyYAML, python-multipart, python-dotenv, pyparsing, PyJWT, pygments, pycparser, pluggy, platformdirs, pip-api, packaging, packageurl-python, msgpack, mdurl, license-expression, lark, jmespath, iniconfig, idna, httpx-sse, h11, greenlet, google-re2, filelock, defusedxml, click, charset_normalizer, certifi, attrs, annotated-types, annotated-doc, uvicorn, typing-inspection, requests, referencing, python-dateutil, pytest, pyee, pydantic-core, py-serializable, pip-requirements-parser, opentelemetry-api, markdown-it-py, httpcore, cffi, anyio, starlette, rich, pydantic, playwright, pendulum, jsonschema-specifications, httpx, cyclonedx-python-lib, cryptography, CacheControl, botocore, sse-starlette, s3transfer, pydantic-settings, jsonschema, fastapi, cel-python, pip-audit, mcp, boto3
2026-10-03T03:55:01.5714421Z 
2026-10-03T03:55:01.5790939Z Successfully installed CacheControl-0.14.4 PyJWT-2.15.1 PyYAML-6.0.3 annotated-doc-0.0.5 annotated-types-0.8.0 anyio-4.15.1 attrs-26.1.0 boolean.py-5.0 boto3-1.43.107 botocore-1.43.107 cel-python-0.4.0 certifi-2026.7.22 cffi-2.1.1 charset_normalizer-3.5.2 click-8.5.0 cryptography-50.0.2 cyclonedx-python-lib-11.12.0 defusedxml-0.7.1 fastapi-0.142.2 filelock-4.0.9 google-re2-1.1.20251105 greenlet-3.5.6 h11-0.16.0 httpcore-1.0.9 httpx-0.28.1 httpx-sse-0.4.3 idna-3.20 iniconfig-2.3.0 jmespath-1.1.0 jsonschema-4.26.0 jsonschema-specifications-2025.9.1 lark-1.3.1 license-expression-30.4.4 markdown-it-py-4.2.0 mcp-1.26.0 mdurl-0.1.2 msgpack-1.2.3 opentelemetry-api-1.45.0 packageurl-python-0.17.6 packaging-26.3 pendulum-3.2.0 pip-api-0.0.35 pip-audit-2.10.1 pip-requirements-parser-32.0.1 platformdirs-4.12.2 playwright-1.57.0 pluggy-1.6.0 py-serializable-2.1.0 pycparser-3.0 pydantic-2.13.5 pydantic-core-2.46.5 pydantic-settings-2.15.0 pyee-13.0.1 pygments-2.21.0 pyparsing-3.3.3 pytest-9.0.2 python-dateutil-2.9.0.post0 python-dotenv-1.2.4 python-multipart-0.0.32 referencing-0.37.0 requests-2.34.2 rich-15.0.0 rpds-py-2026.6.3 s3transfer-0.19.2 six-1.17.0 sortedcontainers-2.4.0 sse-starlette-3.5.0 starlette-1.7.0 tomli-2.4.1 tomli-w-1.2.0 typing-extensions-4.16.0 typing-inspection-0.4.4 tzdata-2026.4 urllib3-2.8.0 uvicorn-0.48.0
2026-10-03T03:55:01.7809340Z ##[group]Run npm ci
2026-10-03T03:55:01.7809638Z [36;1mnpm ci[0m
2026-10-03T03:55:01.7872804Z shell: /usr/bin/bash --noprofile --norc -e -o pipefail {0}
2026-10-03T03:55:01.7873143Z env:
2026-10-03T03:55:01.7873342Z   NEXT_TELEMETRY_DISABLED: 1
2026-10-03T03:55:01.7873647Z   pythonLocation: /opt/hostedtoolcache/Python/3.13.15/x64
2026-10-03T03:55:01.7874071Z   PKG_CONFIG_PATH: /opt/hostedtoolcache/Python/3.13.15/x64/lib/pkgconfig
2026-10-03T03:55:01.7874505Z   Python_ROOT_DIR: /opt/hostedtoolcache/Python/3.13.15/x64
2026-10-03T03:55:01.7874881Z   Python2_ROOT_DIR: /opt/hostedtoolcache/Python/3.13.15/x64
2026-10-03T03:55:01.7875259Z   Python3_ROOT_DIR: /opt/hostedtoolcache/Python/3.13.15/x64
2026-10-03T03:55:01.7875635Z   LD_LIBRARY_PATH: /opt/hostedtoolcache/Python/3.13.15/x64/lib
2026-10-03T03:55:01.7875953Z ##[endgroup]
2026-10-03T03:55:09.5777174Z 
2026-10-03T03:55:09.5777933Z added 24 packages, and audited 25 packages in 8s
2026-10-03T03:55:09.5778271Z 
2026-10-03T03:55:09.5778533Z 6 packages are looking for funding
2026-10-03T03:55:09.5778882Z   run `npm fund` for details
2026-10-03T03:55:09.5786830Z 
2026-10-03T03:55:09.5787040Z found 0 vulnerabilities
2026-10-03T03:55:09.6323401Z ##[group]Run python scripts/run_logged.py evidence/next-build.log -- npm run build
2026-10-03T03:55:09.6324104Z [36;1mpython scripts/run_logged.py evidence/next-build.log -- npm run build[0m
2026-10-03T03:55:09.6387695Z shell: /usr/bin/bash --noprofile --norc -e -o pipefail {0}
2026-10-03T03:55:09.6388036Z env:
2026-10-03T03:55:09.6388236Z   NEXT_TELEMETRY_DISABLED: 1
2026-10-03T03:55:09.6388550Z   pythonLocation: /opt/hostedtoolcache/Python/3.13.15/x64
2026-10-03T03:55:09.6389236Z   PKG_CONFIG_PATH: /opt/hostedtoolcache/Python/3.13.15/x64/lib/pkgconfig
2026-10-03T03:55:09.6389705Z   Python_ROOT_DIR: /opt/hostedtoolcache/Python/3.13.15/x64
2026-10-03T03:55:09.6390113Z   Python2_ROOT_DIR: /opt/hostedtoolcache/Python/3.13.15/x64
2026-10-03T03:55:09.6390509Z   Python3_ROOT_DIR: /opt/hostedtoolcache/Python/3.13.15/x64
2026-10-03T03:55:09.6390893Z   LD_LIBRARY_PATH: /opt/hostedtoolcache/Python/3.13.15/x64/lib
2026-10-03T03:55:09.6391213Z ##[endgroup]
2026-10-03T03:55:25.5937923Z 
2026-10-03T03:55:25.5938624Z > airlock-review-console@0.1.0 build
2026-10-03T03:55:25.5939775Z > next build frontend --webpack && node scripts/package_console.mjs
2026-10-03T03:55:25.5940369Z 
2026-10-03T03:55:25.5940862Z ▲ Next.js 16.3.8 (webpack)
2026-10-03T03:55:25.5941490Z ✓ Running next.config.mjs took 12ms
2026-10-03T03:55:25.5942915Z ⚠ No build cache found. Please configure build caching for faster rebuilds. Read more: https://nextjs.org/docs/messages/no-cache
2026-10-03T03:55:25.5943760Z 
2026-10-03T03:55:25.5944041Z   Creating an optimized production build ...
2026-10-03T03:55:25.5944634Z ✓ Compiled successfully in 4.6s
2026-10-03T03:55:25.5944968Z   Running TypeScript ...
2026-10-03T03:55:25.5945297Z   Finished TypeScript in 1ms ...
2026-10-03T03:55:25.5945684Z   Collecting page data using 3 workers ...
2026-10-03T03:55:25.5946121Z   Generating static pages using 3 workers (0/3) ...
2026-10-03T03:55:25.5946717Z ✓ Generating static pages using 3 workers (3/3) in 462ms
2026-10-03T03:55:25.5947176Z   Finalizing page optimization ...
2026-10-03T03:55:25.5947511Z   Collecting build traces ...
2026-10-03T03:55:25.5947709Z 
2026-10-03T03:55:25.5947808Z Route (app)
2026-10-03T03:55:25.5948063Z ┌ ○ /
2026-10-03T03:55:25.5948304Z └ ○ /_not-found
2026-10-03T03:55:25.5950828Z 
2026-10-03T03:55:25.5950836Z 
2026-10-03T03:55:25.5951127Z ○  (Static)  prerendered as static content
2026-10-03T03:55:25.5951347Z 
2026-10-03T03:55:25.5951900Z {"framework":"Next.js static export","inline_script_hashes":2,"destination":"/home/runner/work/AIRLOCK/AIRLOCK/airlock/console"}
2026-10-03T03:55:25.6082390Z ##[group]Run python scripts/run_logged.py evidence/npm-audit.log -- npm audit --omit=dev
2026-10-03T03:55:25.6083026Z [36;1mpython scripts/run_logged.py evidence/npm-audit.log -- npm audit --omit=dev[0m
2026-10-03T03:55:25.6145084Z shell: /usr/bin/bash --noprofile --norc -e -o pipefail {0}
2026-10-03T03:55:25.6145420Z env:
2026-10-03T03:55:25.6145616Z   NEXT_TELEMETRY_DISABLED: 1
2026-10-03T03:55:25.6145926Z   pythonLocation: /opt/hostedtoolcache/Python/3.13.15/x64
2026-10-03T03:55:25.6146357Z   PKG_CONFIG_PATH: /opt/hostedtoolcache/Python/3.13.15/x64/lib/pkgconfig
2026-10-03T03:55:25.6146775Z   Python_ROOT_DIR: /opt/hostedtoolcache/Python/3.13.15/x64
2026-10-03T03:55:25.6147169Z   Python2_ROOT_DIR: /opt/hostedtoolcache/Python/3.13.15/x64
2026-10-03T03:55:25.6147546Z   Python3_ROOT_DIR: /opt/hostedtoolcache/Python/3.13.15/x64
2026-10-03T03:55:25.6147925Z   LD_LIBRARY_PATH: /opt/hostedtoolcache/Python/3.13.15/x64/lib
2026-10-03T03:55:25.6148243Z ##[endgroup]
2026-10-03T03:55:26.0862901Z found 0 vulnerabilities
2026-10-03T03:55:26.1003095Z ##[group]Run python scripts/run_logged.py evidence/pytest.log -- python -m pytest -q --junitxml=evidence/pytest.xml
2026-10-03T03:55:26.1003934Z [36;1mpython scripts/run_logged.py evidence/pytest.log -- python -m pytest -q --junitxml=evidence/pytest.xml[0m
2026-10-03T03:55:26.1066321Z shell: /usr/bin/bash --noprofile --norc -e -o pipefail {0}
2026-10-03T03:55:26.1066657Z env:
2026-10-03T03:55:26.1066856Z   NEXT_TELEMETRY_DISABLED: 1
2026-10-03T03:55:26.1067168Z   pythonLocation: /opt/hostedtoolcache/Python/3.13.15/x64
2026-10-03T03:55:26.1067602Z   PKG_CONFIG_PATH: /opt/hostedtoolcache/Python/3.13.15/x64/lib/pkgconfig
2026-10-03T03:55:26.1068048Z   Python_ROOT_DIR: /opt/hostedtoolcache/Python/3.13.15/x64
2026-10-03T03:55:26.1068463Z   Python2_ROOT_DIR: /opt/hostedtoolcache/Python/3.13.15/x64
2026-10-03T03:55:26.1068854Z   Python3_ROOT_DIR: /opt/hostedtoolcache/Python/3.13.15/x64
2026-10-03T03:55:26.1069675Z   LD_LIBRARY_PATH: /opt/hostedtoolcache/Python/3.13.15/x64/lib
2026-10-03T03:55:26.1070048Z ##[endgroup]
2026-10-03T03:56:42.1920134Z ........................................................................ [ 15%]
2026-10-03T03:56:42.1921096Z ........................................................................ [ 31%]
2026-10-03T03:56:42.1921948Z ........................................................................ [ 47%]
2026-10-03T03:56:42.1922855Z ........................................................................ [ 62%]
2026-10-03T03:56:42.1923721Z ........................................................................ [ 78%]
2026-10-03T03:56:42.1924573Z ........................................................................ [ 94%]
2026-10-03T03:56:42.1925439Z ..........................                                               [100%]
2026-10-03T03:56:42.1926271Z =============================== warnings summary ===============================
2026-10-03T03:56:42.1927170Z ../../../../../opt/hostedtoolcache/Python/3.13.15/x64/lib/python3.13/site-packages/fastapi/testclient.py:1
2026-10-03T03:56:42.1928359Z   /opt/hostedtoolcache/Python/3.13.15/x64/lib/python3.13/site-packages/fastapi/testclient.py:1: StarletteDeprecationWarning: Using `httpx` with `starlette.testclient` is deprecated; install `httpx2` instead.
2026-10-03T03:56:42.1929821Z     from starlette.testclient import TestClient as TestClient  # noqa
2026-10-03T03:56:42.1930119Z 
2026-10-03T03:56:42.1930430Z -- Docs: https://docs.pytest.org/en/stable/how-to/capture-warnings.html
2026-10-03T03:56:42.1930944Z 458 passed, 1 warning in 73.81s (0:01:13)
2026-10-03T03:56:42.2067611Z ##[group]Run python scripts/run_logged.py evidence/frontend-check.log -- npm run check
2026-10-03T03:56:42.2068416Z [36;1mpython scripts/run_logged.py evidence/frontend-check.log -- npm run check[0m
2026-10-03T03:56:42.2130590Z shell: /usr/bin/bash --noprofile --norc -e -o pipefail {0}
2026-10-03T03:56:42.2130927Z env:
2026-10-03T03:56:42.2131130Z   NEXT_TELEMETRY_DISABLED: 1
2026-10-03T03:56:42.2131448Z   pythonLocation: /opt/hostedtoolcache/Python/3.13.15/x64
2026-10-03T03:56:42.2131897Z   PKG_CONFIG_PATH: /opt/hostedtoolcache/Python/3.13.15/x64/lib/pkgconfig
2026-10-03T03:56:42.2132331Z   Python_ROOT_DIR: /opt/hostedtoolcache/Python/3.13.15/x64
2026-10-03T03:56:42.2132710Z   Python2_ROOT_DIR: /opt/hostedtoolcache/Python/3.13.15/x64
2026-10-03T03:56:42.2133089Z   Python3_ROOT_DIR: /opt/hostedtoolcache/Python/3.13.15/x64
2026-10-03T03:56:42.2133469Z   LD_LIBRARY_PATH: /opt/hostedtoolcache/Python/3.13.15/x64/lib
2026-10-03T03:56:42.2133786Z ##[endgroup]
2026-10-03T03:56:42.4803840Z 
2026-10-03T03:56:42.4804464Z > airlock-review-console@0.1.0 check
2026-10-03T03:56:42.4806681Z > node --check airlock/static/app.js && node --check airlock/static/review.js && node --check airlock/static/api.js && node --check airlock/static/lib.js && node --check airlock/static/governance.js && node --check airlock/static/study.js
2026-10-03T03:56:42.4807954Z 
2026-10-03T03:56:42.4946389Z ##[group]Run python scripts/run_logged.py evidence/frontend-tests.log -- npm test
2026-10-03T03:56:42.4947097Z [36;1mpython scripts/run_logged.py evidence/frontend-tests.log -- npm test[0m
2026-10-03T03:56:42.5009387Z shell: /usr/bin/bash --noprofile --norc -e -o pipefail {0}
2026-10-03T03:56:42.5009746Z env:
2026-10-03T03:56:42.5009945Z   NEXT_TELEMETRY_DISABLED: 1
2026-10-03T03:56:42.5010260Z   pythonLocation: /opt/hostedtoolcache/Python/3.13.15/x64
2026-10-03T03:56:42.5010696Z   PKG_CONFIG_PATH: /opt/hostedtoolcache/Python/3.13.15/x64/lib/pkgconfig
2026-10-03T03:56:42.5011145Z   Python_ROOT_DIR: /opt/hostedtoolcache/Python/3.13.15/x64
2026-10-03T03:56:42.5011553Z   Python2_ROOT_DIR: /opt/hostedtoolcache/Python/3.13.15/x64
2026-10-03T03:56:42.5011961Z   Python3_ROOT_DIR: /opt/hostedtoolcache/Python/3.13.15/x64
2026-10-03T03:56:42.5012348Z   LD_LIBRARY_PATH: /opt/hostedtoolcache/Python/3.13.15/x64/lib
2026-10-03T03:56:42.5012667Z ##[endgroup]
2026-10-03T03:56:42.7633677Z 
2026-10-03T03:56:42.7634300Z > airlock-review-console@0.1.0 test
2026-10-03T03:56:42.7634938Z > node --test tests-js/*.test.js
2026-10-03T03:56:42.7635204Z 
2026-10-03T03:56:42.7635301Z TAP version 13
2026-10-03T03:56:42.7635743Z # Subtest: visibility timing excludes background and unselected periods
2026-10-03T03:56:42.7636370Z ok 1 - visibility timing excludes background and unselected periods
2026-10-03T03:56:42.7636994Z   ---
2026-10-03T03:56:42.7637334Z   duration_ms: 0.911211
2026-10-03T03:56:42.7637718Z   type: 'test'
2026-10-03T03:56:42.7638047Z   ...
2026-10-03T03:56:42.7638405Z # Subtest: approval requires exact scope phrase and reason
2026-10-03T03:56:42.7638869Z ok 2 - approval requires exact scope phrase and reason
2026-10-03T03:56:42.7639491Z   ---
2026-10-03T03:56:42.7639717Z   duration_ms: 0.333235
2026-10-03T03:56:42.7639937Z   type: 'test'
2026-10-03T03:56:42.7640129Z   ...
2026-10-03T03:56:42.7640507Z # Subtest: SSE framing survives partial chunks, CRLF and heartbeats
2026-10-03T03:56:42.7641024Z ok 3 - SSE framing survives partial chunks, CRLF and heartbeats
2026-10-03T03:56:42.7641356Z   ---
2026-10-03T03:56:42.7641552Z   duration_ms: 0.960083
2026-10-03T03:56:42.7641766Z   type: 'test'
2026-10-03T03:56:42.7641955Z   ...
2026-10-03T03:56:42.7642202Z # Subtest: oversized event rejected
2026-10-03T03:56:42.7642508Z ok 4 - oversized event rejected
2026-10-03T03:56:42.7642742Z   ---
2026-10-03T03:56:42.7642926Z   duration_ms: 1.047868
2026-10-03T03:56:42.7643133Z   type: 'test'
2026-10-03T03:56:42.7643316Z   ...
2026-10-03T03:56:42.7643572Z # Subtest: countdown clamps expired actions
2026-10-03T03:56:42.7643939Z ok 5 - countdown clamps expired actions
2026-10-03T03:56:42.7644204Z   ---
2026-10-03T03:56:42.7644387Z   duration_ms: 0.258956
2026-10-03T03:56:42.7644839Z   type: 'test'
2026-10-03T03:56:42.7645024Z   ...
2026-10-03T03:56:42.7645402Z # Subtest: latency formatting keeps number and unit together on mobile
2026-10-03T03:56:42.7645944Z ok 6 - latency formatting keeps number and unit together on mobile
2026-10-03T03:56:42.7646281Z   ---
2026-10-03T03:56:42.7646469Z   duration_ms: 0.187402
2026-10-03T03:56:42.7646682Z   type: 'test'
2026-10-03T03:56:42.7646864Z   ...
2026-10-03T03:56:42.7647039Z 1..6
2026-10-03T03:56:42.7647209Z # tests 6
2026-10-03T03:56:42.7647387Z # suites 0
2026-10-03T03:56:42.7647568Z # pass 6
2026-10-03T03:56:42.7647742Z # fail 0
2026-10-03T03:56:42.7647918Z # cancelled 0
2026-10-03T03:56:42.7648110Z # skipped 0
2026-10-03T03:56:42.7648294Z # todo 0
2026-10-03T03:56:42.7648498Z # duration_ms 61.086467
2026-10-03T03:56:42.7776189Z ##[group]Run python -m benchmark.generate
2026-10-03T03:56:42.7776553Z [36;1mpython -m benchmark.generate[0m
2026-10-03T03:56:42.7839364Z shell: /usr/bin/bash --noprofile --norc -e -o pipefail {0}
2026-10-03T03:56:42.7839795Z env:
2026-10-03T03:56:42.7839997Z   NEXT_TELEMETRY_DISABLED: 1
2026-10-03T03:56:42.7840319Z   pythonLocation: /opt/hostedtoolcache/Python/3.13.15/x64
2026-10-03T03:56:42.7840764Z   PKG_CONFIG_PATH: /opt/hostedtoolcache/Python/3.13.15/x64/lib/pkgconfig
2026-10-03T03:56:42.7841211Z   Python_ROOT_DIR: /opt/hostedtoolcache/Python/3.13.15/x64
2026-10-03T03:56:42.7841598Z   Python2_ROOT_DIR: /opt/hostedtoolcache/Python/3.13.15/x64
2026-10-03T03:56:42.7841986Z   Python3_ROOT_DIR: /opt/hostedtoolcache/Python/3.13.15/x64
2026-10-03T03:56:42.7842378Z   LD_LIBRARY_PATH: /opt/hostedtoolcache/Python/3.13.15/x64/lib
2026-10-03T03:56:42.7842708Z ##[endgroup]
2026-10-03T03:56:42.8252588Z {"sha256": "243854b51e7039324de4c31fa7a67af1a98ddc48b9c9edfbbac581a2c2f73af7", "cases": 200, "families": 40, "dev_cases": 120, "test_cases": 80, "source": "synthetic only", "independent_annotators": 0, "human_experiment": "not_run"}
2026-10-03T03:56:42.8323206Z ##[group]Run cp benchmark/cases.jsonl evidence/synthetic-cases.jsonl
2026-10-03T03:56:42.8323722Z [36;1mcp benchmark/cases.jsonl evidence/synthetic-cases.jsonl[0m
2026-10-03T03:56:42.8381116Z shell: /usr/bin/bash --noprofile --norc -e -o pipefail {0}
2026-10-03T03:56:42.8381457Z env:
2026-10-03T03:56:42.8381657Z   NEXT_TELEMETRY_DISABLED: 1
2026-10-03T03:56:42.8381972Z   pythonLocation: /opt/hostedtoolcache/Python/3.13.15/x64
2026-10-03T03:56:42.8382405Z   PKG_CONFIG_PATH: /opt/hostedtoolcache/Python/3.13.15/x64/lib/pkgconfig
2026-10-03T03:56:42.8382835Z   Python_ROOT_DIR: /opt/hostedtoolcache/Python/3.13.15/x64
2026-10-03T03:56:42.8383220Z   Python2_ROOT_DIR: /opt/hostedtoolcache/Python/3.13.15/x64
2026-10-03T03:56:42.8383646Z   Python3_ROOT_DIR: /opt/hostedtoolcache/Python/3.13.15/x64
2026-10-03T03:56:42.8384026Z   LD_LIBRARY_PATH: /opt/hostedtoolcache/Python/3.13.15/x64/lib
2026-10-03T03:56:42.8384345Z ##[endgroup]
2026-10-03T03:56:42.8505562Z ##[group]Run python scripts/run_logged.py evidence/benchmark-dev.log -- python -m benchmark.evaluate --split dev --tuning --output evidence/benchmark-dev.json
2026-10-03T03:56:42.8506689Z [36;1mpython scripts/run_logged.py evidence/benchmark-dev.log -- python -m benchmark.evaluate --split dev --tuning --output evidence/benchmark-dev.json[0m
2026-10-03T03:56:42.8563130Z shell: /usr/bin/bash --noprofile --norc -e -o pipefail {0}
2026-10-03T03:56:42.8563472Z env:
2026-10-03T03:56:42.8563672Z   NEXT_TELEMETRY_DISABLED: 1
2026-10-03T03:56:42.8563990Z   pythonLocation: /opt/hostedtoolcache/Python/3.13.15/x64
2026-10-03T03:56:42.8564439Z   PKG_CONFIG_PATH: /opt/hostedtoolcache/Python/3.13.15/x64/lib/pkgconfig
2026-10-03T03:56:42.8564857Z   Python_ROOT_DIR: /opt/hostedtoolcache/Python/3.13.15/x64
2026-10-03T03:56:42.8565233Z   Python2_ROOT_DIR: /opt/hostedtoolcache/Python/3.13.15/x64
2026-10-03T03:56:42.8565606Z   Python3_ROOT_DIR: /opt/hostedtoolcache/Python/3.13.15/x64
2026-10-03T03:56:42.8566018Z   LD_LIBRARY_PATH: /opt/hostedtoolcache/Python/3.13.15/x64/lib
2026-10-03T03:56:42.8566339Z ##[endgroup]
2026-10-03T03:56:45.5184510Z {
2026-10-03T03:56:45.5185217Z   "recorded_at_utc": "2026-10-03T03:56:45.475626+00:00",
2026-10-03T03:56:45.5185650Z   "split": "dev",
2026-10-03T03:56:45.5186215Z   "corpus_sha256": "243854b51e7039324de4c31fa7a67af1a98ddc48b9c9edfbbac581a2c2f73af7",
2026-10-03T03:56:45.5186781Z   "python": "3.13.15",
2026-10-03T03:56:45.5187059Z   "sqlite": "3.53.1",
2026-10-03T03:56:45.5187335Z   "cases": 120,
2026-10-03T03:56:45.5187627Z   "families": 24,
2026-10-03T03:56:45.5187917Z   "keyword_baseline": {
2026-10-03T03:56:45.5188231Z     "exact_accuracy": 0.5833333333333334,
2026-10-03T03:56:45.5188619Z     "policy_gating_recall": 0.7222222222222222,
2026-10-03T03:56:45.5189220Z     "supported_read_fpr": 0.5,
2026-10-03T03:56:45.5189697Z     "supported_write_interception": 1.0,
2026-10-03T03:56:45.5190038Z     "denominators": {
2026-10-03T03:56:45.5190292Z       "all": 120,
2026-10-03T03:56:45.5190562Z       "requires_gate": 90,
2026-10-03T03:56:45.5190853Z       "supported_reads": 30,
2026-10-03T03:56:45.5191144Z       "supported_writes": 40
2026-10-03T03:56:45.5191431Z     },
2026-10-03T03:56:45.5191654Z     "confusion": {
2026-10-03T03:56:45.5191910Z       "pass -> block": 5,
2026-10-03T03:56:45.5192240Z       "pass -> need_approval": 10,
2026-10-03T03:56:45.5192589Z       "pass -> pass": 15,
2026-10-03T03:56:45.5192930Z       "need_approval -> need_approval": 40,
2026-10-03T03:56:45.5193274Z       "block -> block": 15,
2026-10-03T03:56:45.5193564Z       "block -> pass": 25,
2026-10-03T03:56:45.5193879Z       "block -> need_approval": 10
2026-10-03T03:56:45.5194170Z     }
2026-10-03T03:56:45.5194375Z   },
2026-10-03T03:56:45.5194590Z   "airlock": {
2026-10-03T03:56:45.5194831Z     "exact_accuracy": 1.0,
2026-10-03T03:56:45.5195141Z     "policy_gating_recall": 1.0,
2026-10-03T03:56:45.5195469Z     "supported_read_fpr": 0.0,
2026-10-03T03:56:45.5195818Z     "supported_write_interception": 1.0,
2026-10-03T03:56:45.5196153Z     "denominators": {
2026-10-03T03:56:45.5196410Z       "all": 120,
2026-10-03T03:56:45.5196655Z       "requires_gate": 90,
2026-10-03T03:56:45.5196945Z       "supported_reads": 30,
2026-10-03T03:56:45.5197234Z       "supported_writes": 40
2026-10-03T03:56:45.5197500Z     },
2026-10-03T03:56:45.5197715Z     "confusion": {
2026-10-03T03:56:45.5197969Z       "pass -> pass": 30,
2026-10-03T03:56:45.5198304Z       "need_approval -> need_approval": 40,
2026-10-03T03:56:45.5198642Z       "block -> block": 50
2026-10-03T03:56:45.5198898Z     }
2026-10-03T03:56:45.5199225Z   },
2026-10-03T03:56:45.5199437Z   "impact_exact_match_count": 40,
2026-10-03T03:56:45.5199699Z   "impact_denominator": 40,
2026-10-03T03:56:45.5199960Z   "evaluation_p95_ms": 11.524,
2026-10-03T03:56:45.5200213Z   "static_p95_ms": 0.098,
2026-10-03T03:56:45.5200443Z   "preview_p95_ms": 9.75,
2026-10-03T03:56:45.5200669Z   "pure_llm": "not_run",
2026-10-03T03:56:45.5201319Z   "hybrid_llm": "not_run_use_benchmark.ablation_with_authorization",
2026-10-03T03:56:45.5201709Z   "human_ab": "not_run",
2026-10-03T03:56:45.5201939Z   "cohens_kappa": null,
2026-10-03T03:56:45.5202163Z   "limitations": [
2026-10-03T03:56:45.5202408Z     "synthetic authored cases only",
2026-10-03T03:56:45.5202730Z     "correlated variants, only 40 families total",
2026-10-03T03:56:45.5203213Z     "author saw all templates; family split is not independent external validation",
2026-10-03T03:56:45.5203834Z     "gate recall includes unsupported/invalid statements, not a real-world danger recall",
2026-10-03T03:56:45.5204455Z     "latency excludes network and human review; this is a bounded 1206-row SQLite demo"
2026-10-03T03:56:45.5204855Z   ]
2026-10-03T03:56:45.5205025Z }
2026-10-03T03:56:45.5349826Z ##[group]Run python scripts/run_logged.py evidence/benchmark-test.log -- python -m benchmark.evaluate --split test --output evidence/benchmark-test.json
2026-10-03T03:56:45.5350977Z [36;1mpython scripts/run_logged.py evidence/benchmark-test.log -- python -m benchmark.evaluate --split test --output evidence/benchmark-test.json[0m
2026-10-03T03:56:45.5412882Z shell: /usr/bin/bash --noprofile --norc -e -o pipefail {0}
2026-10-03T03:56:45.5413405Z env:
2026-10-03T03:56:45.5413612Z   NEXT_TELEMETRY_DISABLED: 1
2026-10-03T03:56:45.5413943Z   pythonLocation: /opt/hostedtoolcache/Python/3.13.15/x64
2026-10-03T03:56:45.5414402Z   PKG_CONFIG_PATH: /opt/hostedtoolcache/Python/3.13.15/x64/lib/pkgconfig
2026-10-03T03:56:45.5414854Z   Python_ROOT_DIR: /opt/hostedtoolcache/Python/3.13.15/x64
2026-10-03T03:56:45.5415246Z   Python2_ROOT_DIR: /opt/hostedtoolcache/Python/3.13.15/x64
2026-10-03T03:56:45.5415651Z   Python3_ROOT_DIR: /opt/hostedtoolcache/Python/3.13.15/x64
2026-10-03T03:56:45.5416092Z   LD_LIBRARY_PATH: /opt/hostedtoolcache/Python/3.13.15/x64/lib
2026-10-03T03:56:45.5416425Z ##[endgroup]
2026-10-03T03:56:47.3068464Z {
2026-10-03T03:56:47.3069452Z   "recorded_at_utc": "2026-10-03T03:56:47.260887+00:00",
2026-10-03T03:56:47.3070043Z   "split": "test",
2026-10-03T03:56:47.3070809Z   "corpus_sha256": "243854b51e7039324de4c31fa7a67af1a98ddc48b9c9edfbbac581a2c2f73af7",
2026-10-03T03:56:47.3071570Z   "python": "3.13.15",
2026-10-03T03:56:47.3071955Z   "sqlite": "3.53.1",
2026-10-03T03:56:47.3072294Z   "cases": 80,
2026-10-03T03:56:47.3072526Z   "families": 16,
2026-10-03T03:56:47.3072759Z   "keyword_baseline": {
2026-10-03T03:56:47.3073016Z     "exact_accuracy": 0.75,
2026-10-03T03:56:47.3073387Z     "policy_gating_recall": 0.8,
2026-10-03T03:56:47.3073914Z     "supported_read_fpr": 0.0,
2026-10-03T03:56:47.3074426Z     "supported_write_interception": 1.0,
2026-10-03T03:56:47.3074743Z     "denominators": {
2026-10-03T03:56:47.3074975Z       "all": 80,
2026-10-03T03:56:47.3075218Z       "requires_gate": 50,
2026-10-03T03:56:47.3075484Z       "supported_reads": 30,
2026-10-03T03:56:47.3075742Z       "supported_writes": 20
2026-10-03T03:56:47.3075994Z     },
2026-10-03T03:56:47.3076201Z     "confusion": {
2026-10-03T03:56:47.3076433Z       "pass -> pass": 30,
2026-10-03T03:56:47.3076743Z       "need_approval -> need_approval": 20,
2026-10-03T03:56:47.3077061Z       "block -> block": 10,
2026-10-03T03:56:47.3077362Z       "block -> need_approval": 10,
2026-10-03T03:56:47.3077649Z       "block -> pass": 10
2026-10-03T03:56:47.3077885Z     }
2026-10-03T03:56:47.3078073Z   },
2026-10-03T03:56:47.3078267Z   "airlock": {
2026-10-03T03:56:47.3078493Z     "exact_accuracy": 1.0,
2026-10-03T03:56:47.3078779Z     "policy_gating_recall": 1.0,
2026-10-03T03:56:47.3079367Z     "supported_read_fpr": 0.0,
2026-10-03T03:56:47.3079793Z     "supported_write_interception": 1.0,
2026-10-03T03:56:47.3080095Z     "denominators": {
2026-10-03T03:56:47.3080323Z       "all": 80,
2026-10-03T03:56:47.3080556Z       "requires_gate": 50,
2026-10-03T03:56:47.3080816Z       "supported_reads": 30,
2026-10-03T03:56:47.3081076Z       "supported_writes": 20
2026-10-03T03:56:47.3081308Z     },
2026-10-03T03:56:47.3081507Z     "confusion": {
2026-10-03T03:56:47.3081740Z       "pass -> pass": 30,
2026-10-03T03:56:47.3082052Z       "need_approval -> need_approval": 20,
2026-10-03T03:56:47.3082357Z       "block -> block": 30
2026-10-03T03:56:47.3082602Z     }
2026-10-03T03:56:47.3082788Z   },
2026-10-03T03:56:47.3083018Z   "impact_exact_match_count": 20,
2026-10-03T03:56:47.3083293Z   "impact_denominator": 20,
2026-10-03T03:56:47.3083570Z   "evaluation_p95_ms": 11.341,
2026-10-03T03:56:47.3083829Z   "static_p95_ms": 0.089,
2026-10-03T03:56:47.3084148Z   "preview_p95_ms": 9.755,
2026-10-03T03:56:47.3084521Z   "pure_llm": "not_run",
2026-10-03T03:56:47.3084908Z   "hybrid_llm": "not_run_use_benchmark.ablation_with_authorization",
2026-10-03T03:56:47.3085288Z   "human_ab": "not_run",
2026-10-03T03:56:47.3085535Z   "cohens_kappa": null,
2026-10-03T03:56:47.3086363Z   "limitations": [
2026-10-03T03:56:47.3086903Z     "synthetic authored cases only",
2026-10-03T03:56:47.3087568Z     "correlated variants, only 40 families total",
2026-10-03T03:56:47.3088444Z     "author saw all templates; family split is not independent external validation",
2026-10-03T03:56:47.3089430Z     "gate recall includes unsupported/invalid statements, not a real-world danger recall",
2026-10-03T03:56:47.3090748Z     "latency excludes network and human review; this is a bounded 1206-row SQLite demo"
2026-10-03T03:56:47.3091218Z   ]
2026-10-03T03:56:47.3091415Z }
2026-10-03T03:56:47.3207844Z ##[group]Run python -m playwright install --with-deps chromium
2026-10-03T03:56:47.3208321Z [36;1mpython -m playwright install --with-deps chromium[0m
2026-10-03T03:56:47.3271374Z shell: /usr/bin/bash --noprofile --norc -e -o pipefail {0}
2026-10-03T03:56:47.3271714Z env:
2026-10-03T03:56:47.3271910Z   NEXT_TELEMETRY_DISABLED: 1
2026-10-03T03:56:47.3272223Z   pythonLocation: /opt/hostedtoolcache/Python/3.13.15/x64
2026-10-03T03:56:47.3272656Z   PKG_CONFIG_PATH: /opt/hostedtoolcache/Python/3.13.15/x64/lib/pkgconfig
2026-10-03T03:56:47.3273081Z   Python_ROOT_DIR: /opt/hostedtoolcache/Python/3.13.15/x64
2026-10-03T03:56:47.3273460Z   Python2_ROOT_DIR: /opt/hostedtoolcache/Python/3.13.15/x64
2026-10-03T03:56:47.3273837Z   Python3_ROOT_DIR: /opt/hostedtoolcache/Python/3.13.15/x64
2026-10-03T03:56:47.3274223Z   LD_LIBRARY_PATH: /opt/hostedtoolcache/Python/3.13.15/x64/lib
2026-10-03T03:56:47.3274542Z ##[endgroup]
2026-10-03T03:56:47.6415246Z Installing dependencies...
2026-10-03T03:56:47.6490519Z Switching to root user to install dependencies...
2026-10-03T03:56:47.7241015Z Get:1 file:/etc/apt/apt-mirrors.txt Mirrorlist [144 B]
2026-10-03T03:56:47.7548154Z Get:6 https://packages.microsoft.com/ubuntu/24.04/prod noble InRelease [3600 B]
2026-10-03T03:56:47.8117975Z Get:7 https://packages.microsoft.com/ubuntu/24.04/prod noble/main arm64 Packages [458 kB]
2026-10-03T03:56:47.8296199Z Get:8 https://packages.microsoft.com/ubuntu/24.04/prod noble/main amd64 Packages [511 kB]
2026-10-03T03:56:47.8332567Z Get:9 https://packages.microsoft.com/ubuntu/24.04/prod noble/main armhf Packages [12.6 kB]
2026-10-03T03:56:47.8378006Z Hit:2 http://azure.archive.ubuntu.com/ubuntu noble InRelease
2026-10-03T03:56:47.8390079Z Get:3 http://azure.archive.ubuntu.com/ubuntu noble-updates InRelease [126 kB]
2026-10-03T03:56:47.8470034Z Get:4 http://azure.archive.ubuntu.com/ubuntu noble-backports InRelease [126 kB]
2026-10-03T03:56:47.8500033Z Get:5 http://azure.archive.ubuntu.com/ubuntu noble-security InRelease [126 kB]
2026-10-03T03:56:47.9490521Z Get:10 http://azure.archive.ubuntu.com/ubuntu noble-updates/main amd64 Packages [1364 kB]
2026-10-03T03:56:47.9568815Z Get:11 http://azure.archive.ubuntu.com/ubuntu noble-updates/main Translation-en [304 kB]
2026-10-03T03:56:47.9593614Z Get:12 http://azure.archive.ubuntu.com/ubuntu noble-updates/main amd64 Components [180 kB]
2026-10-03T03:56:47.9618532Z Get:13 http://azure.archive.ubuntu.com/ubuntu noble-updates/universe amd64 Packages [1699 kB]
2026-10-03T03:56:47.9705303Z Get:14 http://azure.archive.ubuntu.com/ubuntu noble-updates/universe Translation-en [341 kB]
2026-10-03T03:56:47.9734678Z Get:15 http://azure.archive.ubuntu.com/ubuntu noble-updates/universe amd64 Components [388 kB]
2026-10-03T03:56:47.9765097Z Get:16 http://azure.archive.ubuntu.com/ubuntu noble-updates/restricted amd64 Packages [1720 kB]
2026-10-03T03:56:47.9864473Z Get:17 http://azure.archive.ubuntu.com/ubuntu noble-updates/restricted Translation-en [394 kB]
2026-10-03T03:56:47.9895254Z Get:18 http://azure.archive.ubuntu.com/ubuntu noble-updates/multiverse amd64 Components [940 B]
2026-10-03T03:56:48.0059325Z Get:19 http://azure.archive.ubuntu.com/ubuntu noble-backports/main amd64 Components [5764 B]
2026-10-03T03:56:48.0548237Z Get:20 http://azure.archive.ubuntu.com/ubuntu noble-backports/universe amd64 Components [12.6 kB]
2026-10-03T03:56:48.0565552Z Get:21 http://azure.archive.ubuntu.com/ubuntu noble-security/main amd64 Packages [1069 kB]
2026-10-03T03:56:48.0624029Z Get:22 http://azure.archive.ubuntu.com/ubuntu noble-security/main Translation-en [221 kB]
2026-10-03T03:56:48.0670457Z Get:23 http://azure.archive.ubuntu.com/ubuntu noble-security/main amd64 Components [46.3 kB]
2026-10-03T03:56:48.0690838Z Get:24 http://azure.archive.ubuntu.com/ubuntu noble-security/universe amd64 Packages [1216 kB]
2026-10-03T03:56:48.0728650Z Get:25 http://azure.archive.ubuntu.com/ubuntu noble-security/universe Translation-en [244 kB]
2026-10-03T03:56:48.0751683Z Get:26 http://azure.archive.ubuntu.com/ubuntu noble-security/universe amd64 Components [76.3 kB]
2026-10-03T03:56:48.0772361Z Get:27 http://azure.archive.ubuntu.com/ubuntu noble-security/restricted amd64 Packages [1566 kB]
2026-10-03T03:56:48.0860244Z Get:28 http://azure.archive.ubuntu.com/ubuntu noble-security/restricted Translation-en [361 kB]
2026-10-03T03:56:52.1520193Z Fetched 12.6 MB in 1s (9353 kB/s)
2026-10-03T03:56:52.9522190Z Reading package lists...
2026-10-03T03:56:52.9761196Z Reading package lists...
2026-10-03T03:56:53.1298164Z Building dependency tree...
2026-10-03T03:56:53.1305228Z Reading state information...
2026-10-03T03:56:53.2585876Z libasound2t64 is already the newest version (1.2.11-1ubuntu0.3).
2026-10-03T03:56:53.2586850Z libasound2t64 set to manually installed.
2026-10-03T03:56:53.2587937Z libatk-bridge2.0-0t64 is already the newest version (2.52.0-1build1).
2026-10-03T03:56:53.2590753Z libatk-bridge2.0-0t64 set to manually installed.
2026-10-03T03:56:53.2591808Z libatk1.0-0t64 is already the newest version (2.52.0-1build1).
2026-10-03T03:56:53.2592744Z libatk1.0-0t64 set to manually installed.
2026-10-03T03:56:53.2593770Z libatspi2.0-0t64 is already the newest version (2.52.0-1build1).
2026-10-03T03:56:53.2594614Z libatspi2.0-0t64 set to manually installed.
2026-10-03T03:56:53.2595399Z libcairo2 is already the newest version (1.18.0-3build1).
2026-10-03T03:56:53.2596125Z libcairo2 set to manually installed.
2026-10-03T03:56:53.2596917Z libcups2t64 is already the newest version (2.4.7-1.2ubuntu7.14).
2026-10-03T03:56:53.2597697Z libcups2t64 set to manually installed.
2026-10-03T03:56:53.2598481Z libdbus-1-3 is already the newest version (1.14.10-4ubuntu4.1).
2026-10-03T03:56:53.2599441Z libdbus-1-3 set to manually installed.
2026-10-03T03:56:53.2599978Z libdrm2 is already the newest version (2.4.125-1ubuntu0.1~24.04.2).
2026-10-03T03:56:53.2600475Z libdrm2 set to manually installed.
2026-10-03T03:56:53.2600990Z libglib2.0-0t64 is already the newest version (2.80.0-6ubuntu3.9).
2026-10-03T03:56:53.2601503Z libglib2.0-0t64 set to manually installed.
2026-10-03T03:56:53.2602002Z libnspr4 is already the newest version (2:4.35-1.1build1).
2026-10-03T03:56:53.2602480Z libnspr4 set to manually installed.
2026-10-03T03:56:53.2602953Z libnss3 is already the newest version (2:3.98-1ubuntu0.2).
2026-10-03T03:56:53.2603415Z libnss3 set to manually installed.
2026-10-03T03:56:53.2603915Z libpango-1.0-0 is already the newest version (1.52.1+ds-1build1).
2026-10-03T03:56:53.2604428Z libpango-1.0-0 set to manually installed.
2026-10-03T03:56:53.2604834Z libx11-6 is already the newest version (2:1.8.7-1build1).
2026-10-03T03:56:53.2605191Z libx11-6 set to manually installed.
2026-10-03T03:56:53.2605558Z libxcb1 is already the newest version (1.15-1ubuntu2).
2026-10-03T03:56:53.2605920Z libxcb1 set to manually installed.
2026-10-03T03:56:53.2606326Z libxcomposite1 is already the newest version (1:0.4.5-1build3).
2026-10-03T03:56:53.2606746Z libxcomposite1 set to manually installed.
2026-10-03T03:56:53.2607164Z libxdamage1 is already the newest version (1:1.1.6-1build1).
2026-10-03T03:56:53.2607550Z libxdamage1 set to manually installed.
2026-10-03T03:56:53.2607939Z libxext6 is already the newest version (2:1.3.4-1build2).
2026-10-03T03:56:53.2608317Z libxext6 set to manually installed.
2026-10-03T03:56:53.2608699Z libxfixes3 is already the newest version (1:6.0.0-2build1).
2026-10-03T03:56:53.2609287Z libxfixes3 set to manually installed.
2026-10-03T03:56:53.2609808Z libxkbcommon0 is already the newest version (1.6.0-1build1).
2026-10-03T03:56:53.2610201Z libxkbcommon0 set to manually installed.
2026-10-03T03:56:53.2610601Z libxrandr2 is already the newest version (2:1.5.2-2build1).
2026-10-03T03:56:53.2610979Z libxrandr2 set to manually installed.
2026-10-03T03:56:53.2611367Z xvfb is already the newest version (2:21.1.12-1ubuntu1.8).
2026-10-03T03:56:53.2611903Z fonts-noto-color-emoji is already the newest version (2.047-0ubuntu0.24.04.1).
2026-10-03T03:56:53.2612754Z libfontconfig1 is already the newest version (2.15.0-1.1ubuntu2).
2026-10-03T03:56:53.2613323Z libfontconfig1 set to manually installed.
2026-10-03T03:56:53.2613779Z libfreetype6 is already the newest version (2.13.2+dfsg-1ubuntu0.1).
2026-10-03T03:56:53.2614214Z libfreetype6 set to manually installed.
2026-10-03T03:56:53.2614618Z fonts-liberation is already the newest version (1:2.1.5-3).
2026-10-03T03:56:53.2615028Z fonts-liberation set to manually installed.
2026-10-03T03:56:53.2615427Z The following additional packages will be installed:
2026-10-03T03:56:53.2615919Z   libgl1-mesa-dri libglx-mesa0 mesa-libgallium xfonts-encodings xfonts-utils
2026-10-03T03:56:53.2616332Z Recommended packages:
2026-10-03T03:56:53.2616608Z   fonts-ipafont-mincho fonts-tlwg-loma
2026-10-03T03:56:53.2779548Z The following NEW packages will be installed:
2026-10-03T03:56:53.2780320Z   fonts-freefont-ttf fonts-ipafont-gothic fonts-tlwg-loma-otf fonts-unifont
2026-10-03T03:56:53.2785949Z   fonts-wqy-zenhei xfonts-cyrillic xfonts-encodings xfonts-scalable
2026-10-03T03:56:53.2786675Z   xfonts-utils
2026-10-03T03:56:53.2790686Z The following packages will be upgraded:
2026-10-03T03:56:53.2795312Z   libgbm1 libgl1-mesa-dri libglx-mesa0 mesa-libgallium
2026-10-03T03:56:53.2952432Z 4 upgraded, 9 newly installed, 0 to remove and 21 not upgraded.
2026-10-03T03:56:53.2953197Z Need to get 32.1 MB of archives.
2026-10-03T03:56:53.2953991Z After this operation, 79.5 MB of additional disk space will be used.
2026-10-03T03:56:53.2954893Z Get:1 file:/etc/apt/apt-mirrors.txt Mirrorlist [144 B]
2026-10-03T03:56:53.3353598Z Get:2 http://azure.archive.ubuntu.com/ubuntu noble/universe amd64 fonts-ipafont-gothic all 00303-21ubuntu1 [3513 kB]
2026-10-03T03:56:53.4829624Z Get:3 http://azure.archive.ubuntu.com/ubuntu noble/main amd64 fonts-freefont-ttf all 20211204+svn4273-2 [5641 kB]
2026-10-03T03:56:53.6820921Z Get:4 http://azure.archive.ubuntu.com/ubuntu noble/universe amd64 fonts-tlwg-loma-otf all 1:0.7.3-1 [107 kB]
2026-10-03T03:56:53.7126259Z Get:5 http://azure.archive.ubuntu.com/ubuntu noble/universe amd64 fonts-unifont all 1:15.1.01-1build1 [2993 kB]
2026-10-03T03:56:53.8336940Z Get:6 http://azure.archive.ubuntu.com/ubuntu noble/universe amd64 fonts-wqy-zenhei all 0.9.45-8 [7472 kB]
2026-10-03T03:56:54.0546710Z Get:7 http://azure.archive.ubuntu.com/ubuntu noble-updates/main amd64 libgl1-mesa-dri amd64 25.2.8-0ubuntu0.24.04.4 [38.0 kB]
2026-10-03T03:56:54.0820908Z Get:8 http://azure.archive.ubuntu.com/ubuntu noble-updates/main amd64 libglx-mesa0 amd64 25.2.8-0ubuntu0.24.04.4 [110 kB]
2026-10-03T03:56:54.1121146Z Get:9 http://azure.archive.ubuntu.com/ubuntu noble-updates/main amd64 libgbm1 amd64 25.2.8-0ubuntu0.24.04.4 [34.2 kB]
2026-10-03T03:56:54.1399976Z Get:10 http://azure.archive.ubuntu.com/ubuntu noble-updates/main amd64 mesa-libgallium amd64 25.2.8-0ubuntu0.24.04.4 [10.8 MB]
2026-10-03T03:56:54.5313353Z Get:11 http://azure.archive.ubuntu.com/ubuntu noble/main amd64 xfonts-encodings all 1:1.0.5-0ubuntu2 [578 kB]
2026-10-03T03:56:54.5806251Z Get:12 http://azure.archive.ubuntu.com/ubuntu noble/main amd64 xfonts-utils amd64 1:7.7+6build3 [94.4 kB]
2026-10-03T03:56:54.6103756Z Get:13 http://azure.archive.ubuntu.com/ubuntu noble/universe amd64 xfonts-cyrillic all 1:1.0.5+nmu1 [384 kB]
2026-10-03T03:56:54.6508172Z Get:14 http://azure.archive.ubuntu.com/ubuntu noble/main amd64 xfonts-scalable all 1:1.0.3-1.3 [304 kB]
2026-10-03T03:56:54.9066905Z Fetched 32.1 MB in 1s (23.3 MB/s)
2026-10-03T03:56:54.9291544Z Selecting previously unselected package fonts-ipafont-gothic.
2026-10-03T03:56:54.9591111Z (Reading database ... 
2026-10-03T03:56:54.9591622Z (Reading database ... 5%
2026-10-03T03:56:54.9592111Z (Reading database ... 10%
2026-10-03T03:56:54.9592550Z (Reading database ... 15%
2026-10-03T03:56:54.9592858Z (Reading database ... 20%
2026-10-03T03:56:54.9593283Z (Reading database ... 25%
2026-10-03T03:56:54.9593583Z (Reading database ... 30%
2026-10-03T03:56:54.9593879Z (Reading database ... 35%
2026-10-03T03:56:54.9594439Z (Reading database ... 40%
2026-10-03T03:56:54.9594734Z (Reading database ... 45%
2026-10-03T03:56:54.9595033Z (Reading database ... 50%
2026-10-03T03:56:54.9631944Z (Reading database ... 55%
2026-10-03T03:56:55.0814532Z (Reading database ... 60%
2026-10-03T03:56:55.2875851Z (Reading database ... 65%
2026-10-03T03:56:55.4884500Z (Reading database ... 70%
2026-10-03T03:56:55.6430379Z (Reading database ... 75%
2026-10-03T03:56:55.8323048Z (Reading database ... 80%
2026-10-03T03:56:55.9965897Z (Reading database ... 85%
2026-10-03T03:56:56.1862251Z (Reading database ... 90%
2026-10-03T03:56:56.3430174Z (Reading database ... 95%
2026-10-03T03:56:56.3430798Z (Reading database ... 100%
2026-10-03T03:56:56.3431632Z (Reading database ... 202296 files and directories currently installed.)
2026-10-03T03:56:56.3468077Z Preparing to unpack .../00-fonts-ipafont-gothic_00303-21ubuntu1_all.deb ...
2026-10-03T03:56:56.3560834Z Unpacking fonts-ipafont-gothic (00303-21ubuntu1) ...
2026-10-03T03:56:56.5774013Z Selecting previously unselected package fonts-freefont-ttf.
2026-10-03T03:56:56.5898277Z Preparing to unpack .../01-fonts-freefont-ttf_20211204+svn4273-2_all.deb ...
2026-10-03T03:56:56.5904248Z Unpacking fonts-freefont-ttf (20211204+svn4273-2) ...
2026-10-03T03:56:56.6658695Z Selecting previously unselected package fonts-tlwg-loma-otf.
2026-10-03T03:56:56.6783482Z Preparing to unpack .../02-fonts-tlwg-loma-otf_1%3a0.7.3-1_all.deb ...
2026-10-03T03:56:56.6790438Z Unpacking fonts-tlwg-loma-otf (1:0.7.3-1) ...
2026-10-03T03:56:56.6994235Z Selecting previously unselected package fonts-unifont.
2026-10-03T03:56:56.7118557Z Preparing to unpack .../03-fonts-unifont_1%3a15.1.01-1build1_all.deb ...
2026-10-03T03:56:56.7126105Z Unpacking fonts-unifont (1:15.1.01-1build1) ...
2026-10-03T03:56:56.8196169Z Selecting previously unselected package fonts-wqy-zenhei.
2026-10-03T03:56:56.8321059Z Preparing to unpack .../04-fonts-wqy-zenhei_0.9.45-8_all.deb ...
2026-10-03T03:56:56.8416418Z Unpacking fonts-wqy-zenhei (0.9.45-8) ...
2026-10-03T03:56:57.3119802Z Preparing to unpack .../05-libgl1-mesa-dri_25.2.8-0ubuntu0.24.04.4_amd64.deb ...
2026-10-03T03:56:57.3255401Z Unpacking libgl1-mesa-dri:amd64 (25.2.8-0ubuntu0.24.04.4) over (25.2.8-0ubuntu0.24.04.2) ...
2026-10-03T03:56:57.3725313Z Preparing to unpack .../06-libglx-mesa0_25.2.8-0ubuntu0.24.04.4_amd64.deb ...
2026-10-03T03:56:57.3753160Z Unpacking libglx-mesa0:amd64 (25.2.8-0ubuntu0.24.04.4) over (25.2.8-0ubuntu0.24.04.2) ...
2026-10-03T03:56:57.4092121Z Preparing to unpack .../07-libgbm1_25.2.8-0ubuntu0.24.04.4_amd64.deb ...
2026-10-03T03:56:57.4110487Z Unpacking libgbm1:amd64 (25.2.8-0ubuntu0.24.04.4) over (25.2.8-0ubuntu0.24.04.2) ...
2026-10-03T03:56:57.4449623Z Preparing to unpack .../08-mesa-libgallium_25.2.8-0ubuntu0.24.04.4_amd64.deb ...
2026-10-03T03:56:57.4469181Z Unpacking mesa-libgallium:amd64 (25.2.8-0ubuntu0.24.04.4) over (25.2.8-0ubuntu0.24.04.2) ...
2026-10-03T03:56:57.6102383Z Selecting previously unselected package xfonts-encodings.
2026-10-03T03:56:57.6227067Z Preparing to unpack .../09-xfonts-encodings_1%3a1.0.5-0ubuntu2_all.deb ...
2026-10-03T03:56:57.6233262Z Unpacking xfonts-encodings (1:1.0.5-0ubuntu2) ...
2026-10-03T03:56:57.6499291Z Selecting previously unselected package xfonts-utils.
2026-10-03T03:56:57.6620328Z Preparing to unpack .../10-xfonts-utils_1%3a7.7+6build3_amd64.deb ...
2026-10-03T03:56:57.6626540Z Unpacking xfonts-utils (1:7.7+6build3) ...
2026-10-03T03:56:57.6955175Z Selecting previously unselected package xfonts-cyrillic.
2026-10-03T03:56:57.7076244Z Preparing to unpack .../11-xfonts-cyrillic_1%3a1.0.5+nmu1_all.deb ...
2026-10-03T03:56:57.7081608Z Unpacking xfonts-cyrillic (1:1.0.5+nmu1) ...
2026-10-03T03:56:57.7400303Z Selecting previously unselected package xfonts-scalable.
2026-10-03T03:56:57.7550127Z Preparing to unpack .../12-xfonts-scalable_1%3a1.0.3-1.3_all.deb ...
2026-10-03T03:56:57.7551285Z Unpacking xfonts-scalable (1:1.0.3-1.3) ...
2026-10-03T03:56:57.7954007Z Setting up mesa-libgallium:amd64 (25.2.8-0ubuntu0.24.04.4) ...
2026-10-03T03:56:57.7973335Z Setting up libgbm1:amd64 (25.2.8-0ubuntu0.24.04.4) ...
2026-10-03T03:56:57.7990540Z Setting up libgl1-mesa-dri:amd64 (25.2.8-0ubuntu0.24.04.4) ...
2026-10-03T03:56:57.8059625Z Setting up fonts-wqy-zenhei (0.9.45-8) ...
2026-10-03T03:56:57.8168637Z Setting up fonts-freefont-ttf (20211204+svn4273-2) ...
2026-10-03T03:56:57.8185567Z Setting up fonts-tlwg-loma-otf (1:0.7.3-1) ...
2026-10-03T03:56:57.8246670Z Setting up xfonts-encodings (1:1.0.5-0ubuntu2) ...
2026-10-03T03:56:57.8265022Z Setting up fonts-ipafont-gothic (00303-21ubuntu1) ...
2026-10-03T03:56:57.8328685Z update-alternatives: using /usr/share/fonts/opentype/ipafont-gothic/ipag.ttf to provide /usr/share/fonts/truetype/fonts-japanese-gothic.ttf (fonts-japanese-gothic.ttf) in auto mode
2026-10-03T03:56:57.8342482Z Setting up fonts-unifont (1:15.1.01-1build1) ...
2026-10-03T03:56:57.8359939Z Setting up libglx-mesa0:amd64 (25.2.8-0ubuntu0.24.04.4) ...
2026-10-03T03:56:57.8378030Z Setting up xfonts-utils (1:7.7+6build3) ...
2026-10-03T03:56:57.8416531Z Setting up xfonts-cyrillic (1:1.0.5+nmu1) ...
2026-10-03T03:56:57.8704921Z Setting up xfonts-scalable (1:1.0.3-1.3) ...
2026-10-03T03:56:57.8973643Z Processing triggers for libc-bin (2.39-0ubuntu8.9) ...
2026-10-03T03:56:57.9106697Z Processing triggers for man-db (2.12.0-4build2) ...
2026-10-03T03:56:57.9128446Z Not building database; man-db/auto-update is not 'true'.
2026-10-03T03:56:57.9137929Z Processing triggers for fontconfig (2.15.0-1.1ubuntu2) ...
2026-10-03T03:56:58.6214620Z 
2026-10-03T03:56:58.6215195Z Running kernel seems to be up-to-date.
2026-10-03T03:56:58.6215669Z 
2026-10-03T03:56:58.6215974Z No services need to be restarted.
2026-10-03T03:56:58.6216326Z 
2026-10-03T03:56:58.6220032Z No containers need to be restarted.
2026-10-03T03:56:58.6220455Z 
2026-10-03T03:56:58.6220869Z No user sessions are running outdated binaries.
2026-10-03T03:56:58.6221219Z 
2026-10-03T03:56:58.6221619Z No VM guests are running outdated hypervisor (qemu) binaries on this host.
2026-10-03T03:56:59.3824871Z Downloading Chromium 143.0.7499.4 (playwright build v1200) from https://cdn.playwright.dev/dbazure/download/playwright/builds/chromium/1200/chromium-linux.zip
2026-10-03T03:56:59.4767863Z (node:3927) [DEP0169] DeprecationWarning: `url.parse()` behavior is not standardized and prone to errors that have security implications. Use the WHATWG URL API instead. CVEs are not issued for `url.parse()` vulnerabilities.
2026-10-03T03:56:59.4769650Z (Use `node --trace-deprecation ...` to show where the warning was created)
2026-10-03T03:56:59.5958143Z |                                                                                |   0% of 164.7 MiB
2026-10-03T03:56:59.7448093Z |■■■■■■■■                                                                        |  10% of 164.7 MiB
2026-10-03T03:56:59.8355135Z |■■■■■■■■■■■■■■■■                                                                |  20% of 164.7 MiB
2026-10-03T03:56:59.9210688Z |■■■■■■■■■■■■■■■■■■■■■■■■                                                        |  30% of 164.7 MiB
2026-10-03T03:57:00.0144540Z |■■■■■■■■■■■■■■■■■■■■■■■■■■■■■■■■                                                |  40% of 164.7 MiB
2026-10-03T03:57:00.0987889Z |■■■■■■■■■■■■■■■■■■■■■■■■■■■■■■■■■■■■■■■■                                        |  50% of 164.7 MiB
2026-10-03T03:57:00.1829679Z |■■■■■■■■■■■■■■■■■■■■■■■■■■■■■■■■■■■■■■■■■■■■■■■■                                |  60% of 164.7 MiB
2026-10-03T03:57:00.3105986Z |■■■■■■■■■■■■■■■■■■■■■■■■■■■■■■■■■■■■■■■■■■■■■■■■■■■■■■■■                        |  70% of 164.7 MiB
2026-10-03T03:57:00.4041235Z |■■■■■■■■■■■■■■■■■■■■■■■■■■■■■■■■■■■■■■■■■■■■■■■■■■■■■■■■■■■■■■■■                |  80% of 164.7 MiB
2026-10-03T03:57:00.5025482Z |■■■■■■■■■■■■■■■■■■■■■■■■■■■■■■■■■■■■■■■■■■■■■■■■■■■■■■■■■■■■■■■■■■■■■■■■        |  90% of 164.7 MiB
2026-10-03T03:57:00.5943072Z |■■■■■■■■■■■■■■■■■■■■■■■■■■■■■■■■■■■■■■■■■■■■■■■■■■■■■■■■■■■■■■■■■■■■■■■■■■■■■■■■| 100% of 164.7 MiB
2026-10-03T03:57:03.1503736Z Chromium 143.0.7499.4 (playwright build v1200) downloaded to /home/runner/.cache/ms-playwright/chromium-1200
2026-10-03T03:57:03.1507660Z Downloading FFMPEG playwright build v1011 from https://cdn.playwright.dev/dbazure/download/playwright/builds/ffmpeg/1011/ffmpeg-linux.zip
2026-10-03T03:57:03.2471769Z (node:3939) [DEP0169] DeprecationWarning: `url.parse()` behavior is not standardized and prone to errors that have security implications. Use the WHATWG URL API instead. CVEs are not issued for `url.parse()` vulnerabilities.
2026-10-03T03:57:03.2473960Z (Use `node --trace-deprecation ...` to show where the warning was created)
2026-10-03T03:57:03.3010306Z |                                                                                |   0% of 2.3 MiB
2026-10-03T03:57:03.3062847Z |■■■■■■■■                                                                        |  10% of 2.3 MiB
2026-10-03T03:57:03.3142684Z |■■■■■■■■■■■■■■■■                                                                |  20% of 2.3 MiB
2026-10-03T03:57:03.3165923Z |■■■■■■■■■■■■■■■■■■■■■■■■                                                        |  30% of 2.3 MiB
2026-10-03T03:57:03.3195766Z |■■■■■■■■■■■■■■■■■■■■■■■■■■■■■■■■                                                |  40% of 2.3 MiB
2026-10-03T03:57:03.3271637Z |■■■■■■■■■■■■■■■■■■■■■■■■■■■■■■■■■■■■■■■■                                        |  50% of 2.3 MiB
2026-10-03T03:57:03.3287701Z |■■■■■■■■■■■■■■■■■■■■■■■■■■■■■■■■■■■■■■■■■■■■■■■■                                |  60% of 2.3 MiB
2026-10-03T03:57:03.3301786Z |■■■■■■■■■■■■■■■■■■■■■■■■■■■■■■■■■■■■■■■■■■■■■■■■■■■■■■■■                        |  70% of 2.3 MiB
2026-10-03T03:57:03.3380064Z |■■■■■■■■■■■■■■■■■■■■■■■■■■■■■■■■■■■■■■■■■■■■■■■■■■■■■■■■■■■■■■■■                |  80% of 2.3 MiB
2026-10-03T03:57:03.3392207Z |■■■■■■■■■■■■■■■■■■■■■■■■■■■■■■■■■■■■■■■■■■■■■■■■■■■■■■■■■■■■■■■■■■■■■■■■        |  90% of 2.3 MiB
2026-10-03T03:57:03.3400501Z |■■■■■■■■■■■■■■■■■■■■■■■■■■■■■■■■■■■■■■■■■■■■■■■■■■■■■■■■■■■■■■■■■■■■■■■■■■■■■■■■| 100% of 2.3 MiB
2026-10-03T03:57:03.3963036Z FFMPEG playwright build v1011 downloaded to /home/runner/.cache/ms-playwright/ffmpeg-1011
2026-10-03T03:57:03.3966719Z Downloading Chromium Headless Shell 143.0.7499.4 (playwright build v1200) from https://cdn.playwright.dev/dbazure/download/playwright/builds/chromium/1200/chromium-headless-shell-linux.zip
2026-10-03T03:57:03.4930511Z (node:3950) [DEP0169] DeprecationWarning: `url.parse()` behavior is not standardized and prone to errors that have security implications. Use the WHATWG URL API instead. CVEs are not issued for `url.parse()` vulnerabilities.
2026-10-03T03:57:03.4932698Z (Use `node --trace-deprecation ...` to show where the warning was created)
2026-10-03T03:57:03.6010264Z |                                                                                |   0% of 109.7 MiB
2026-10-03T03:57:03.7442367Z |■■■■■■■■                                                                        |  10% of 109.7 MiB
2026-10-03T03:57:03.8325499Z |■■■■■■■■■■■■■■■■                                                                |  20% of 109.7 MiB
2026-10-03T03:57:03.9115900Z |■■■■■■■■■■■■■■■■■■■■■■■■                                                        |  30% of 109.7 MiB
2026-10-03T03:57:03.9858200Z |■■■■■■■■■■■■■■■■■■■■■■■■■■■■■■■■                                                |  40% of 109.7 MiB
2026-10-03T03:57:04.0464626Z |■■■■■■■■■■■■■■■■■■■■■■■■■■■■■■■■■■■■■■■■                                        |  50% of 109.7 MiB
2026-10-03T03:57:04.1120877Z |■■■■■■■■■■■■■■■■■■■■■■■■■■■■■■■■■■■■■■■■■■■■■■■■                                |  60% of 109.7 MiB
2026-10-03T03:57:04.1982320Z |■■■■■■■■■■■■■■■■■■■■■■■■■■■■■■■■■■■■■■■■■■■■■■■■■■■■■■■■                        |  70% of 109.7 MiB
2026-10-03T03:57:04.2758312Z |■■■■■■■■■■■■■■■■■■■■■■■■■■■■■■■■■■■■■■■■■■■■■■■■■■■■■■■■■■■■■■■■                |  80% of 109.7 MiB
2026-10-03T03:57:04.3585060Z |■■■■■■■■■■■■■■■■■■■■■■■■■■■■■■■■■■■■■■■■■■■■■■■■■■■■■■■■■■■■■■■■■■■■■■■■        |  90% of 109.7 MiB
2026-10-03T03:57:04.4499434Z |■■■■■■■■■■■■■■■■■■■■■■■■■■■■■■■■■■■■■■■■■■■■■■■■■■■■■■■■■■■■■■■■■■■■■■■■■■■■■■■■| 100% of 109.7 MiB
2026-10-03T03:57:06.3418083Z Chromium Headless Shell 143.0.7499.4 (playwright build v1200) downloaded to /home/runner/.cache/ms-playwright/chromium_headless_shell-1200
2026-10-03T03:57:06.3604020Z ##[group]Run python scripts/run_logged.py evidence/browser-native.log -- python scripts/browser_smoke.py
2026-10-03T03:57:06.3604828Z [36;1mpython scripts/run_logged.py evidence/browser-native.log -- python scripts/browser_smoke.py[0m
2026-10-03T03:57:06.3667268Z shell: /usr/bin/bash --noprofile --norc -e -o pipefail {0}
2026-10-03T03:57:06.3667607Z env:
2026-10-03T03:57:06.3667800Z   NEXT_TELEMETRY_DISABLED: 1
2026-10-03T03:57:06.3668112Z   pythonLocation: /opt/hostedtoolcache/Python/3.13.15/x64
2026-10-03T03:57:06.3668549Z   PKG_CONFIG_PATH: /opt/hostedtoolcache/Python/3.13.15/x64/lib/pkgconfig
2026-10-03T03:57:06.3669110Z   Python_ROOT_DIR: /opt/hostedtoolcache/Python/3.13.15/x64
2026-10-03T03:57:06.3669734Z   Python2_ROOT_DIR: /opt/hostedtoolcache/Python/3.13.15/x64
2026-10-03T03:57:06.3670337Z   Python3_ROOT_DIR: /opt/hostedtoolcache/Python/3.13.15/x64
2026-10-03T03:57:06.3670732Z   LD_LIBRARY_PATH: /opt/hostedtoolcache/Python/3.13.15/x64/lib
2026-10-03T03:57:06.3671091Z ##[endgroup]
2026-10-03T03:57:36.6356894Z {
2026-10-03T03:57:36.6357368Z   "mode": "native_browser_e2e",
2026-10-03T03:57:36.6357668Z   "passed": [
2026-10-03T03:57:36.6357970Z     "agent_credential_rejected_by_reviewer_console",
2026-10-03T03:57:36.6358377Z     "pending_queue_survives_more_than_100_newer_reads",
2026-10-03T03:57:36.6358766Z     "approval_disabled_without_informed_confirmation",
2026-10-03T03:57:36.6359537Z     "browser_rejection_preserves_all_1206_rows",
2026-10-03T03:57:36.6359921Z     "browser_approval_executes_real_update_once",
2026-10-03T03:57:36.6360296Z     "critical_action_requires_exact_1206_scope_phrase",
2026-10-03T03:57:36.6360657Z     "390px_mobile_has_no_horizontal_overflow",
2026-10-03T03:57:36.6361007Z     "audit_replay_and_hmac_verification_render",
2026-10-03T03:57:36.6361394Z     "metrics_use_real_samples_and_unknown_model_cost",
2026-10-03T03:57:36.6361800Z     "batch_ui_lists_bound_members_and_enforces_confirmation",
2026-10-03T03:57:36.6362210Z     "recovery_is_a_separate_informed_approval",
2026-10-03T03:57:36.6362661Z     "study_import_counterbalance_visibility_and_export_automation_only",
2026-10-03T03:57:36.6363086Z     "logout_removes_authenticated_console",
2026-10-03T03:57:36.6363433Z     "no_browser_javascript_errors"
2026-10-03T03:57:36.6363682Z   ],
2026-10-03T03:57:36.6363865Z   "errors": [],
2026-10-03T03:57:36.6364069Z   "not_proven": []
2026-10-03T03:57:36.6364272Z }
2026-10-03T03:57:36.6521557Z ##[group]Run python scripts/run_logged.py evidence/browser-edges.log -- python scripts/browser_edges.py
2026-10-03T03:57:36.6522930Z [36;1mpython scripts/run_logged.py evidence/browser-edges.log -- python scripts/browser_edges.py[0m
2026-10-03T03:57:36.6595983Z shell: /usr/bin/bash --noprofile --norc -e -o pipefail {0}
2026-10-03T03:57:36.6596326Z env:
2026-10-03T03:57:36.6596541Z   NEXT_TELEMETRY_DISABLED: 1
2026-10-03T03:57:36.6596862Z   pythonLocation: /opt/hostedtoolcache/Python/3.13.15/x64
2026-10-03T03:57:36.6597296Z   PKG_CONFIG_PATH: /opt/hostedtoolcache/Python/3.13.15/x64/lib/pkgconfig
2026-10-03T03:57:36.6597710Z   Python_ROOT_DIR: /opt/hostedtoolcache/Python/3.13.15/x64
2026-10-03T03:57:36.6598081Z   Python2_ROOT_DIR: /opt/hostedtoolcache/Python/3.13.15/x64
2026-10-03T03:57:36.6598453Z   Python3_ROOT_DIR: /opt/hostedtoolcache/Python/3.13.15/x64
2026-10-03T03:57:36.6598827Z   LD_LIBRARY_PATH: /opt/hostedtoolcache/Python/3.13.15/x64/lib
2026-10-03T03:57:36.6599450Z ##[endgroup]
2026-10-03T03:57:41.0384227Z {
2026-10-03T03:57:41.0384852Z   "mode": "native_next_browser_real_http",
2026-10-03T03:57:41.0385505Z   "passed": [
2026-10-03T03:57:41.0386059Z     "stale_cas_never_overwrites_new_data",
2026-10-03T03:57:41.0386767Z     "execution_failure_rolls_back_and_renders",
2026-10-03T03:57:41.0387169Z     "unknown_requires_original_receipt_reconciliation",
2026-10-03T03:57:41.0387609Z     "untrusted_long_text_is_escaped_and_mobile_bounded",
2026-10-03T03:57:41.0387997Z     "expired_action_has_no_decision_controls",
2026-10-03T03:57:41.0388341Z     "hard_block_has_no_override_controls",
2026-10-03T03:57:41.0388822Z     "keyboard_login_and_logout_clear_memory_credentials",
2026-10-03T03:57:41.0389979Z     "study_comprehension_is_separate_required_and_exported_as_automation",
2026-10-03T03:57:41.0390486Z     "next_hydration_and_strict_csp_have_no_errors"
2026-10-03T03:57:41.0390803Z   ],
2026-10-03T03:57:41.0390995Z   "errors": [],
2026-10-03T03:57:41.0391230Z   "csp_violations": [],
2026-10-03T03:57:41.0391476Z   "human_participants": 0
2026-10-03T03:57:41.0391711Z }
2026-10-03T03:57:41.0524781Z ##[group]Run python scripts/run_logged.py evidence/pilot-browser.log -- python scripts/pilot_browser.py
2026-10-03T03:57:41.0525559Z [36;1mpython scripts/run_logged.py evidence/pilot-browser.log -- python scripts/pilot_browser.py[0m
2026-10-03T03:57:41.0587738Z shell: /usr/bin/bash --noprofile --norc -e -o pipefail {0}
2026-10-03T03:57:41.0588273Z env:
2026-10-03T03:57:41.0588489Z   NEXT_TELEMETRY_DISABLED: 1
2026-10-03T03:57:41.0588822Z   pythonLocation: /opt/hostedtoolcache/Python/3.13.15/x64
2026-10-03T03:57:41.0589623Z   PKG_CONFIG_PATH: /opt/hostedtoolcache/Python/3.13.15/x64/lib/pkgconfig
2026-10-03T03:57:41.0590075Z   Python_ROOT_DIR: /opt/hostedtoolcache/Python/3.13.15/x64
2026-10-03T03:57:41.0590479Z   Python2_ROOT_DIR: /opt/hostedtoolcache/Python/3.13.15/x64
2026-10-03T03:57:41.0591064Z   Python3_ROOT_DIR: /opt/hostedtoolcache/Python/3.13.15/x64
2026-10-03T03:57:41.0591791Z   LD_LIBRARY_PATH: /opt/hostedtoolcache/Python/3.13.15/x64/lib
2026-10-03T03:57:41.0592320Z ##[endgroup]
2026-10-03T03:57:43.5336444Z {
2026-10-03T03:57:43.5336928Z   "status": "PASS",
2026-10-03T03:57:43.5337466Z   "mode": "native_browser_e2e",
2026-10-03T03:57:43.5337932Z   "browser_plugin": "not available; project Playwright",
2026-10-03T03:57:43.5338351Z   "passed": [
2026-10-03T03:57:43.5338727Z     "pilot_public_assets_load_without_approval_service",
2026-10-03T03:57:43.5339578Z     "eight_practice_decisions_exported_and_excluded_from_human_metrics",
2026-10-03T03:57:43.5340110Z     "pilot_390px_no_horizontal_overflow",
2026-10-03T03:57:43.5340568Z     "sender_alert_dedup_and_recovery_render_as_two_events",
2026-10-03T03:57:43.5341056Z     "inbox_read_token_not_in_url_or_browser_storage",
2026-10-03T03:57:43.5341478Z     "inbox_390px_no_horizontal_overflow",
2026-10-03T03:57:43.5341883Z     "inbox_logout_clears_authenticated_content",
2026-10-03T03:57:43.5342293Z     "no_browser_javascript_or_csp_errors"
2026-10-03T03:57:43.5342622Z   ],
2026-10-03T03:57:43.5342844Z   "errors": [],
2026-10-03T03:57:43.5343115Z   "csp_violations": [],
2026-10-03T03:57:43.5343437Z   "human_participants": 0,
2026-10-03T03:57:43.5343831Z   "external_notifications": 0,
2026-10-03T03:57:43.5344151Z   "business_side_effects": 0
2026-10-03T03:57:43.5344431Z }
2026-10-03T03:57:43.5476132Z ##[group]Run python scripts/run_logged.py evidence/docker-smoke.log -- python scripts/docker_smoke.py
2026-10-03T03:57:43.5476877Z [36;1mpython scripts/run_logged.py evidence/docker-smoke.log -- python scripts/docker_smoke.py[0m
2026-10-03T03:57:43.5539325Z shell: /usr/bin/bash --noprofile --norc -e -o pipefail {0}
2026-10-03T03:57:43.5539659Z env:
2026-10-03T03:57:43.5539855Z   NEXT_TELEMETRY_DISABLED: 1
2026-10-03T03:57:43.5540158Z   pythonLocation: /opt/hostedtoolcache/Python/3.13.15/x64
2026-10-03T03:57:43.5540589Z   PKG_CONFIG_PATH: /opt/hostedtoolcache/Python/3.13.15/x64/lib/pkgconfig
2026-10-03T03:57:43.5541024Z   Python_ROOT_DIR: /opt/hostedtoolcache/Python/3.13.15/x64
2026-10-03T03:57:43.5541406Z   Python2_ROOT_DIR: /opt/hostedtoolcache/Python/3.13.15/x64
2026-10-03T03:57:43.5541779Z   Python3_ROOT_DIR: /opt/hostedtoolcache/Python/3.13.15/x64
2026-10-03T03:57:43.5542156Z   LD_LIBRARY_PATH: /opt/hostedtoolcache/Python/3.13.15/x64/lib
2026-10-03T03:57:43.5542503Z ##[endgroup]
2026-10-03T03:58:46.2949740Z {
2026-10-03T03:58:46.2950129Z   "mode": "real_docker_compose",
2026-10-03T03:58:46.2950513Z   "project": "airlock-check-83f2b49446c0",
2026-10-03T03:58:46.2950802Z   "probe": {
2026-10-03T03:58:46.2951087Z     "pending_id": "bdd33a462d4b4ced87ca90399908448a",
2026-10-03T03:58:46.2951387Z     "uid": 10001,
2026-10-03T03:58:46.2951641Z     "effective_capabilities": 0,
2026-10-03T03:58:46.2951904Z     "sqlite_runtime": {
2026-10-03T03:58:46.2952133Z       "version": "3.53.1",
2026-10-03T03:58:46.2952629Z       "source_id": "2026-05-05 10:34:17 c88b22011a54b4f6fbd149e9f8e4de77658ce58143a1af0e3785e4e6475127e9",
2026-10-03T03:58:46.2953170Z       "wal_reset_fix": "upstream_fixed_version",
2026-10-03T03:58:46.2953473Z       "compile_options": [
2026-10-03T03:58:46.2953736Z         "ATOMIC_INTRINSICS=1",
2026-10-03T03:58:46.2954006Z         "COMPILER=gcc-14.2.0",
2026-10-03T03:58:46.2954255Z         "DEFAULT_AUTOVACUUM",
2026-10-03T03:58:46.2954532Z         "DEFAULT_CACHE_SIZE=-2000",
2026-10-03T03:58:46.2954813Z         "DEFAULT_FILE_FORMAT=4",
2026-10-03T03:58:46.2955349Z         "DEFAULT_JOURNAL_SIZE_LIMIT=-1",
2026-10-03T03:58:46.2955638Z         "DEFAULT_MMAP_SIZE=0",
2026-10-03T03:58:46.2955898Z         "DEFAULT_PAGE_SIZE=4096",
2026-10-03T03:58:46.2956174Z         "DEFAULT_PCACHE_INITSZ=20",
2026-10-03T03:58:46.2956458Z         "DEFAULT_RECURSIVE_TRIGGERS",
2026-10-03T03:58:46.2956745Z         "DEFAULT_SECTOR_SIZE=4096",
2026-10-03T03:58:46.2957021Z         "DEFAULT_SYNCHRONOUS=2",
2026-10-03T03:58:46.2957308Z         "DEFAULT_WAL_AUTOCHECKPOINT=1000",
2026-10-03T03:58:46.2957613Z         "DEFAULT_WAL_SYNCHRONOUS=2",
2026-10-03T03:58:46.2957901Z         "DEFAULT_WORKER_THREADS=0",
2026-10-03T03:58:46.2958176Z         "DIRECT_OVERFLOW_READ",
2026-10-03T03:58:46.2958451Z         "ENABLE_COLUMN_METADATA",
2026-10-03T03:58:46.2958701Z         "ENABLE_DBSTAT_VTAB",
2026-10-03T03:58:46.2958934Z         "ENABLE_FTS3",
2026-10-03T03:58:46.2959419Z         "ENABLE_FTS5",
2026-10-03T03:58:46.2959683Z         "ENABLE_MATH_FUNCTIONS",
2026-10-03T03:58:46.2959944Z         "ENABLE_RTREE",
2026-10-03T03:58:46.2960196Z         "MALLOC_SOFT_LIMIT=1024",
2026-10-03T03:58:46.2960445Z         "MAX_ATTACHED=10",
2026-10-03T03:58:46.2960672Z         "MAX_COLUMN=2000",
2026-10-03T03:58:46.2960927Z         "MAX_COMPOUND_SELECT=500",
2026-10-03T03:58:46.2961210Z         "MAX_DEFAULT_PAGE_SIZE=8192",
2026-10-03T03:58:46.2961487Z         "MAX_EXPR_DEPTH=1000",
2026-10-03T03:58:46.2961753Z         "MAX_FUNCTION_ARG=1000",
2026-10-03T03:58:46.2962011Z         "MAX_LENGTH=1000000000",
2026-10-03T03:58:46.2962279Z         "MAX_LIKE_PATTERN_LENGTH=50000",
2026-10-03T03:58:46.2962570Z         "MAX_MMAP_SIZE=0x7fff0000",
2026-10-03T03:58:46.2962847Z         "MAX_PAGE_COUNT=0xfffffffe",
2026-10-03T03:58:46.2963120Z         "MAX_PAGE_SIZE=65536",
2026-10-03T03:58:46.2963379Z         "MAX_SQL_LENGTH=1000000000",
2026-10-03T03:58:46.2963647Z         "MAX_TRIGGER_DEPTH=1000",
2026-10-03T03:58:46.2964092Z         "MAX_VARIABLE_NUMBER=32766",
2026-10-03T03:58:46.2964373Z         "MAX_VDBE_OP=250000000",
2026-10-03T03:58:46.2964635Z         "MAX_WORKER_THREADS=8",
2026-10-03T03:58:46.2964876Z         "MUTEX_PTHREADS",
2026-10-03T03:58:46.2965108Z         "SYSTEM_MALLOC",
2026-10-03T03:58:46.2965325Z         "TEMP_STORE=1",
2026-10-03T03:58:46.2965538Z         "THREADSAFE=1",
2026-10-03T03:58:46.2965746Z         "USE_URI"
2026-10-03T03:58:46.2965939Z       ],
2026-10-03T03:58:46.2966132Z       "python": "3.13.16",
2026-10-03T03:58:46.2966393Z       "sqlite_threadsafety": 3,
2026-10-03T03:58:46.2966667Z       "loaded_shared_library_files": [
2026-10-03T03:58:46.2966917Z         {
2026-10-03T03:58:46.2967195Z           "path": "/opt/airlock-sqlite/lib/libsqlite3.so.0",
2026-10-03T03:58:46.2967515Z           "bytes": 1605768,
2026-10-03T03:58:46.2967921Z           "sha256": "8fac480a6336553316e0417dad6fc91f32b054396724b34b65f25546637dcd26"
2026-10-03T03:58:46.2968307Z         }
2026-10-03T03:58:46.2968480Z       ],
2026-10-03T03:58:46.2968702Z       "build_report_verified": true,
2026-10-03T03:58:46.2969489Z       "build_report_sha256": "7b06c542bba71858f7499dc24352ea1f0c39e7aa2f6e36dfdf1b17b64a6cdb2f"
2026-10-03T03:58:46.2969945Z     },
2026-10-03T03:58:46.2970132Z     "checks": [
2026-10-03T03:58:46.2970389Z       "agent_has_no_reviewer_or_audit_secret",
2026-10-03T03:58:46.2970724Z       "target_database_not_mounted_in_agent",
2026-10-03T03:58:46.2971045Z       "no_server_config_or_docker_socket",
2026-10-03T03:58:46.2971361Z       "non_root_read_only_no_capabilities",
2026-10-03T03:58:46.2971677Z       "agent_cannot_approve_or_read_audit",
2026-10-03T03:58:46.2971988Z       "SQL_cannot_read_control_tables",
2026-10-03T03:58:46.2972290Z       "write_waits_for_separate_reviewer",
2026-10-03T03:58:46.2972607Z       "container_loads_pinned_sqlite_runtime"
2026-10-03T03:58:46.2972870Z     ]
2026-10-03T03:58:46.2973040Z   },
2026-10-03T03:58:46.2973473Z   "runtime_image_id": "sha256:8e143da9e22743b0a0c1ffa68c825ac1104bf8681a678e09ba1c8db8552aee50",
2026-10-03T03:58:46.2973977Z   "rows_before_independent_approval": 1206,
2026-10-03T03:58:46.2974444Z   "rows_after_approval_and_restart": 0,
2026-10-03T03:58:46.2974716Z   "additional_checks": [
2026-10-03T03:58:46.2975026Z     "pending_survives_server_restart_without_execution",
2026-10-03T03:58:46.2975434Z     "approved_effect_and_audit_persist_without_reseeding",
2026-10-03T03:58:46.2975784Z     "compose_network_is_internal",
2026-10-03T03:58:46.2976090Z     "server_dual_network_agent_internal_only",
2026-10-03T03:58:46.2976408Z     "published_port_is_loopback_only"
2026-10-03T03:58:46.2976652Z   ],
2026-10-03T03:58:46.2976832Z   "limitations": [
2026-10-03T03:58:46.2977207Z     "controlled synthetic deployment, not a general container escape audit",
2026-10-03T03:58:46.2977707Z     "reviewer is automated test code, not a human A/B participant"
2026-10-03T03:58:46.2978037Z   ]
2026-10-03T03:58:46.2978207Z }
2026-10-03T03:58:46.3090345Z ##[group]Run python scripts/run_logged.py evidence/upstream-isolation.log -- python scripts/upstream_isolation.py
2026-10-03T03:58:46.3091209Z [36;1mpython scripts/run_logged.py evidence/upstream-isolation.log -- python scripts/upstream_isolation.py[0m
2026-10-03T03:58:46.3153503Z shell: /usr/bin/bash --noprofile --norc -e -o pipefail {0}
2026-10-03T03:58:46.3153837Z env:
2026-10-03T03:58:46.3154030Z   NEXT_TELEMETRY_DISABLED: 1
2026-10-03T03:58:46.3154337Z   pythonLocation: /opt/hostedtoolcache/Python/3.13.15/x64
2026-10-03T03:58:46.3154759Z   PKG_CONFIG_PATH: /opt/hostedtoolcache/Python/3.13.15/x64/lib/pkgconfig
2026-10-03T03:58:46.3155193Z   Python_ROOT_DIR: /opt/hostedtoolcache/Python/3.13.15/x64
2026-10-03T03:58:46.3155589Z   Python2_ROOT_DIR: /opt/hostedtoolcache/Python/3.13.15/x64
2026-10-03T03:58:46.3155968Z   Python3_ROOT_DIR: /opt/hostedtoolcache/Python/3.13.15/x64
2026-10-03T03:58:46.3156346Z   LD_LIBRARY_PATH: /opt/hostedtoolcache/Python/3.13.15/x64/lib
2026-10-03T03:58:46.3156694Z ##[endgroup]
2026-10-03T03:58:49.4358352Z {"status": "PASS", "mode": "real_docker_protected_upstream", "image": "sha256:8e143da9e22743b0a0c1ffa68c825ac1104bf8681a678e09ba1c8db8552aee50", "probe": {"action_id": "f879280c572b4459a2f0ba4f071c2fb1", "checks": ["no_upstream_dns", "no_direct_ip_access", "no_upstream_or_review_secret", "no_server_volume_or_socket", "single_internal_agent_network", "write_waits_for_reviewer"]}, "checks": ["rejection_preserves_remote_value", "separate_approval_executes_once", "separate_compensation_restores_value", "audit_chain_valid"], "network_boundary": "Agent only on internal ingress; upstream only on distinct internal target network; gate on both; no upstream published port", "limitations": ["Synthetic remote CAS counter, scripted reviewer; not a human study", "Dedicated pinned private HTTP in isolated fixture; production untrusted networks require TLS", "Host administrator and container escape outside tested boundary"]}
2026-10-03T03:58:49.4517314Z ##[group]Run actions/setup-go@v6
2026-10-03T03:58:49.4517587Z with:
2026-10-03T03:58:49.4517780Z   go-version: 1.24.8
2026-10-03T03:58:49.4517990Z   cache: false
2026-10-03T03:58:49.4518207Z   check-latest: false
2026-10-03T03:58:49.4521020Z   token: ***
2026-10-03T03:58:49.4521220Z env:
2026-10-03T03:58:49.4521409Z   NEXT_TELEMETRY_DISABLED: 1
2026-10-03T03:58:49.4521716Z   pythonLocation: /opt/hostedtoolcache/Python/3.13.15/x64
2026-10-03T03:58:49.4522144Z   PKG_CONFIG_PATH: /opt/hostedtoolcache/Python/3.13.15/x64/lib/pkgconfig
2026-10-03T03:58:49.4522564Z   Python_ROOT_DIR: /opt/hostedtoolcache/Python/3.13.15/x64
2026-10-03T03:58:49.4522945Z   Python2_ROOT_DIR: /opt/hostedtoolcache/Python/3.13.15/x64
2026-10-03T03:58:49.4523314Z   Python3_ROOT_DIR: /opt/hostedtoolcache/Python/3.13.15/x64
2026-10-03T03:58:49.4523695Z   LD_LIBRARY_PATH: /opt/hostedtoolcache/Python/3.13.15/x64/lib
2026-10-03T03:58:49.4524018Z ##[endgroup]
2026-10-03T03:58:49.5745307Z Setup go version spec 1.24.8
2026-10-03T03:58:49.5758434Z Attempting to download 1.24.8...
2026-10-03T03:58:50.1122925Z matching 1.24.8...
2026-10-03T03:58:50.1178089Z Acquiring 1.24.8 from https://github.com/actions/go-versions/releases/download/1.24.8-18331018734/go-1.24.8-linux-x64.tar.gz
2026-10-03T03:58:50.6268374Z Extracting Go...
2026-10-03T03:58:50.6396600Z [command]/usr/bin/tar xz --warning=no-unknown-keyword --overwrite -C /home/runner/work/_temp/fc1004f1-e1eb-484b-b721-3b03b5994ffd -f /home/runner/work/_temp/33fbc31b-c9f4-4a12-9631-8bf3c469002e
2026-10-03T03:58:52.4623163Z Successfully extracted go to /home/runner/work/_temp/fc1004f1-e1eb-484b-b721-3b03b5994ffd
2026-10-03T03:58:52.4623703Z Adding to the cache ...
2026-10-03T03:58:57.6977609Z Successfully cached go to /opt/hostedtoolcache/go/1.24.8/x64
2026-10-03T03:58:57.6981474Z Added go to the path
2026-10-03T03:58:57.6983708Z Successfully set up Go version 1.24.8
2026-10-03T03:58:57.7163263Z go version go1.24.8 linux/amd64
2026-10-03T03:58:57.7163588Z 
2026-10-03T03:58:57.7164038Z ##[group]go env
2026-10-03T03:58:57.8024839Z AR='ar'
2026-10-03T03:58:57.8025239Z CC='gcc'
2026-10-03T03:58:57.8025618Z CGO_CFLAGS='-O2 -g'
2026-10-03T03:58:57.8026018Z CGO_CPPFLAGS=''
2026-10-03T03:58:57.8026457Z CGO_CXXFLAGS='-O2 -g'
2026-10-03T03:58:57.8026858Z CGO_ENABLED='1'
2026-10-03T03:58:57.8027241Z CGO_FFLAGS='-O2 -g'
2026-10-03T03:58:57.8027655Z CGO_LDFLAGS='-O2 -g'
2026-10-03T03:58:57.8028065Z CXX='g++'
2026-10-03T03:58:57.8028414Z GCCGO='gccgo'
2026-10-03T03:58:57.8028771Z GO111MODULE=''
2026-10-03T03:58:57.8029450Z GOAMD64='v1'
2026-10-03T03:58:57.8029829Z GOARCH='amd64'
2026-10-03T03:58:57.8030192Z GOAUTH='netrc'
2026-10-03T03:58:57.8030605Z GOBIN=''
2026-10-03T03:58:57.8031097Z GOCACHE='/home/runner/.cache/go-build'
2026-10-03T03:58:57.8031672Z GOCACHEPROG=''
2026-10-03T03:58:57.8032104Z GODEBUG=''
2026-10-03T03:58:57.8032682Z GOENV='/home/runner/.config/go/env'
2026-10-03T03:58:57.8033175Z GOEXE=''
2026-10-03T03:58:57.8033522Z GOEXPERIMENT=''
2026-10-03T03:58:57.8033916Z GOFIPS140='off'
2026-10-03T03:58:57.8034278Z GOFLAGS=''
2026-10-03T03:58:57.8035834Z GOGCCFLAGS='-fPIC -m64 -pthread -Wl,--no-gc-sections -fmessage-length=0 -ffile-prefix-map=/tmp/go-build3049609627=/tmp/go-build -gno-record-gcc-switches'
2026-10-03T03:58:57.8037142Z GOHOSTARCH='amd64'
2026-10-03T03:58:57.8037491Z GOHOSTOS='linux'
2026-10-03T03:58:57.8037815Z GOINSECURE=''
2026-10-03T03:58:57.8038160Z GOMOD='/dev/null'
2026-10-03T03:58:57.8038600Z GOMODCACHE='/home/runner/go/pkg/mod'
2026-10-03T03:58:57.8039241Z GONOPROXY=''
2026-10-03T03:58:57.8039571Z GONOSUMDB=''
2026-10-03T03:58:57.8039875Z GOOS='linux'
2026-10-03T03:58:57.8040232Z GOPATH='/home/runner/go'
2026-10-03T03:58:57.8040587Z GOPRIVATE=''
2026-10-03T03:58:57.8041062Z GOPROXY='https://proxy.golang.org,direct'
2026-10-03T03:58:57.8041687Z GOROOT='/opt/hostedtoolcache/go/1.24.8/x64'
2026-10-03T03:58:57.8042189Z GOSUMDB='sum.golang.org'
2026-10-03T03:58:57.8042583Z GOTELEMETRY='local'
2026-10-03T03:58:57.8043110Z GOTELEMETRYDIR='/home/runner/.config/go/telemetry'
2026-10-03T03:58:57.8043891Z GOTMPDIR=''
2026-10-03T03:58:57.8044251Z GOTOOLCHAIN='local'
2026-10-03T03:58:57.8044924Z GOTOOLDIR='/opt/hostedtoolcache/go/1.24.8/x64/pkg/tool/linux_amd64'
2026-10-03T03:58:57.8045513Z GOVCS=''
2026-10-03T03:58:57.8045845Z GOVERSION='go1.24.8'
2026-10-03T03:58:57.8046181Z GOWORK=''
2026-10-03T03:58:57.8046527Z PKG_CONFIG='pkg-config'
2026-10-03T03:58:57.8046762Z 
2026-10-03T03:58:57.8047205Z ##[endgroup]
2026-10-03T03:58:57.8227791Z ##[group]Run python scripts/run_logged.py evidence/archive-build.log -- python scripts/build_archive_fixture.py --output evidence/archive-image.json
2026-10-03T03:58:57.8228841Z [36;1mpython scripts/run_logged.py evidence/archive-build.log -- python scripts/build_archive_fixture.py --output evidence/archive-image.json[0m
2026-10-03T03:58:57.8292371Z shell: /usr/bin/bash --noprofile --norc -e -o pipefail {0}
2026-10-03T03:58:57.8292711Z env:
2026-10-03T03:58:57.8292905Z   NEXT_TELEMETRY_DISABLED: 1
2026-10-03T03:58:57.8293229Z   pythonLocation: /opt/hostedtoolcache/Python/3.13.15/x64
2026-10-03T03:58:57.8293691Z   PKG_CONFIG_PATH: /opt/hostedtoolcache/Python/3.13.15/x64/lib/pkgconfig
2026-10-03T03:58:57.8294121Z   Python_ROOT_DIR: /opt/hostedtoolcache/Python/3.13.15/x64
2026-10-03T03:58:57.8294702Z   Python2_ROOT_DIR: /opt/hostedtoolcache/Python/3.13.15/x64
2026-10-03T03:58:57.8295085Z   Python3_ROOT_DIR: /opt/hostedtoolcache/Python/3.13.15/x64
2026-10-03T03:58:57.8295490Z   LD_LIBRARY_PATH: /opt/hostedtoolcache/Python/3.13.15/x64/lib
2026-10-03T03:58:57.8295816Z   GOTOOLCHAIN: local
2026-10-03T03:58:57.8296022Z ##[endgroup]
2026-10-03T03:59:03.2164701Z From https://github.com/minio/minio
2026-10-03T03:59:03.2165556Z  * branch            7aac2a2c5b7c882e68c1ce017d8256be2feea27f -> FETCH_HEAD
2026-10-03T03:59:03.2166638Z HEAD is now at 7aac2a2 update README.md format and clarify state of the project
2026-10-03T03:59:03.2167552Z go: downloading cloud.google.com/go/storage v1.52.0
2026-10-03T03:59:03.2168450Z go: downloading github.com/Azure/azure-sdk-for-go/sdk/azcore v1.18.0
2026-10-03T03:59:03.2169716Z go: downloading github.com/Azure/azure-sdk-for-go/sdk/azidentity v1.9.0
2026-10-03T03:59:03.2170755Z go: downloading github.com/Azure/azure-sdk-for-go/sdk/storage/azblob v1.6.1
2026-10-03T03:59:03.2171699Z go: downloading github.com/cespare/xxhash/v2 v2.3.0
2026-10-03T03:59:03.2172416Z go: downloading github.com/cheggaaa/pb v1.0.29
2026-10-03T03:59:03.2173131Z go: downloading github.com/coreos/go-oidc/v3 v3.14.1
2026-10-03T03:59:03.2173907Z go: downloading github.com/coreos/go-systemd/v22 v22.5.0
2026-10-03T03:59:03.2174679Z go: downloading github.com/cosnicolaou/pbzip2 v1.0.5
2026-10-03T03:59:03.2175370Z go: downloading github.com/dchest/siphash v1.2.3
2026-10-03T03:59:03.2176100Z go: downloading github.com/dustin/go-humanize v1.0.1
2026-10-03T03:59:03.2176778Z go: downloading github.com/fatih/color v1.18.0
2026-10-03T03:59:03.2177469Z go: downloading github.com/felixge/fgprof v0.9.5
2026-10-03T03:59:03.2178184Z go: downloading github.com/go-openapi/loads v0.22.0
2026-10-03T03:59:03.2178937Z go: downloading github.com/golang-jwt/jwt/v4 v4.5.2
2026-10-03T03:59:03.2179818Z go: downloading github.com/google/uuid v1.6.0
2026-10-03T03:59:03.2180562Z go: downloading github.com/inconshreveable/mousetrap v1.1.0
2026-10-03T03:59:03.2181369Z go: downloading github.com/json-iterator/go v1.1.12
2026-10-03T03:59:03.2182084Z go: downloading github.com/klauspost/compress v1.18.0
2026-10-03T03:59:03.2182793Z go: downloading cloud.google.com/go v0.120.1
2026-10-03T03:59:03.2183476Z go: downloading github.com/klauspost/filepathx v1.1.1
2026-10-03T03:59:03.2184233Z go: downloading github.com/klauspost/readahead v1.4.0
2026-10-03T03:59:03.2184967Z go: downloading github.com/klauspost/pgzip v1.2.6
2026-10-03T03:59:03.2185715Z go: downloading github.com/klauspost/reedsolomon v1.12.4
2026-10-03T03:59:03.2186706Z go: downloading github.com/lithammer/shortuuid/v4 v4.2.0
2026-10-03T03:59:03.2187380Z go: downloading github.com/miekg/dns v1.1.65
2026-10-03T03:59:03.2188026Z go: downloading github.com/minio/cli v1.24.2
2026-10-03T03:59:03.2188891Z go: downloading github.com/minio/console v1.7.7-0.20250905210349-2017f33b26e1
2026-10-03T03:59:03.2189957Z go: downloading github.com/minio/dnscache v0.1.1
2026-10-03T03:59:03.2190653Z go: downloading github.com/minio/dperf v0.6.3
2026-10-03T03:59:03.2191325Z go: downloading github.com/minio/highwayhash v1.0.3
2026-10-03T03:59:03.2192323Z go: downloading github.com/minio/kms-go/kes v0.3.1
2026-10-03T03:59:03.2193094Z go: downloading github.com/minio/madmin-go/v3 v3.0.109
2026-10-03T03:59:03.2193847Z go: downloading github.com/minio/minio-go/v7 v7.0.91
2026-10-03T03:59:03.2194513Z go: downloading github.com/minio/mux v1.9.2
2026-10-03T03:59:03.2195203Z go: downloading github.com/minio/pkg/v3 v3.1.3
2026-10-03T03:59:03.2195899Z go: downloading github.com/minio/selfupdate v0.6.0
2026-10-03T03:59:03.2196557Z go: downloading github.com/minio/sio v0.4.1
2026-10-03T03:59:03.2197202Z go: downloading github.com/minio/xxml v0.0.3
2026-10-03T03:59:03.2197849Z go: downloading github.com/minio/zipindex v0.4.0
2026-10-03T03:59:03.2198591Z go: downloading github.com/mitchellh/go-homedir v1.1.0
2026-10-03T03:59:03.2199478Z go: downloading github.com/philhofer/fwd v1.2.0
2026-10-03T03:59:03.2200410Z go: downloading github.com/pierrec/lz4/v4 v4.1.22
2026-10-03T03:59:03.2201060Z go: downloading github.com/pkg/errors v0.9.1
2026-10-03T03:59:03.2201711Z go: downloading github.com/pkg/sftp v1.13.9
2026-10-03T03:59:03.2202364Z go: downloading github.com/pkg/xattr v0.4.10
2026-10-03T03:59:03.2203164Z go: downloading github.com/prometheus/client_golang v1.22.0
2026-10-03T03:59:03.2204739Z go: downloading github.com/prometheus/client_model v0.6.2
2026-10-03T03:59:03.2205513Z go: downloading github.com/prometheus/common v0.63.0
2026-10-03T03:59:03.2206426Z go: downloading github.com/prometheus/procfs v0.16.1
2026-10-03T03:59:03.2207183Z go: downloading github.com/puzpuzpuz/xsync/v3 v3.5.1
2026-10-03T03:59:03.2208120Z go: downloading github.com/rcrowley/go-metrics v0.0.0-20250401214520-65e299d6c5c9
2026-10-03T03:59:03.2209204Z go: downloading github.com/rs/cors v1.11.1
2026-10-03T03:59:03.2209908Z go: downloading github.com/secure-io/sio-go v0.3.1
2026-10-03T03:59:03.2210655Z go: downloading github.com/shirou/gopsutil/v3 v3.24.5
2026-10-03T03:59:03.2211400Z go: downloading github.com/tinylib/msgp v1.4.0
2026-10-03T03:59:03.2212141Z go: downloading github.com/valyala/bytebufferpool v1.0.0
2026-10-03T03:59:03.2212848Z go: downloading github.com/zeebo/xxh3 v1.0.2
2026-10-03T03:59:03.2213485Z go: downloading go.etcd.io/etcd/api/v3 v3.5.21
2026-10-03T03:59:03.2214158Z go: downloading go.etcd.io/etcd/client/v3 v3.5.21
2026-10-03T03:59:03.2214800Z go: downloading go.uber.org/atomic v1.11.0
2026-10-03T03:59:03.2215697Z go: downloading goftp.io/server/v2 v2.0.1
2026-10-03T03:59:03.2216303Z go: downloading golang.org/x/crypto v0.37.0
2026-10-03T03:59:03.2216914Z go: downloading golang.org/x/oauth2 v0.29.0
2026-10-03T03:59:03.2217508Z go: downloading golang.org/x/sync v0.13.0
2026-10-03T03:59:03.2218091Z go: downloading golang.org/x/sys v0.32.0
2026-10-03T03:59:03.2218686Z go: downloading golang.org/x/term v0.31.0
2026-10-03T03:59:03.2219522Z go: downloading google.golang.org/api v0.230.0
2026-10-03T03:59:03.2220156Z go: downloading gopkg.in/yaml.v2 v2.4.0
2026-10-03T03:59:03.2220733Z go: downloading gopkg.in/yaml.v3 v3.0.1
2026-10-03T03:59:03.2221535Z go: downloading github.com/Azure/azure-sdk-for-go/sdk/internal v1.11.1
2026-10-03T03:59:03.2222644Z go: downloading github.com/AzureAD/microsoft-authentication-library-for-go v1.4.2
2026-10-03T03:59:03.2223766Z go: downloading github.com/mattn/go-runewidth v0.0.16
2026-10-03T03:59:03.2224422Z go: downloading github.com/go-jose/go-jose/v4 v4.1.0
2026-10-03T03:59:03.2224842Z go: downloading github.com/mattn/go-colorable v0.1.14
2026-10-03T03:59:06.4141804Z go: downloading github.com/mattn/go-isatty v0.0.20
2026-10-03T03:59:06.4142873Z go: downloading github.com/google/pprof v0.0.0-20250422154841-e1f9c1950416
2026-10-03T03:59:06.4143780Z go: downloading github.com/go-openapi/analysis v0.23.0
2026-10-03T03:59:06.4144426Z go: downloading github.com/go-openapi/spec v0.21.0
2026-10-03T03:59:06.4144880Z go: downloading github.com/go-openapi/swag v0.23.1
2026-10-03T03:59:06.4145446Z go: downloading github.com/modern-go/concurrent v0.0.0-20180306012644-bacd9c7ef1dd
2026-10-03T03:59:06.4145970Z go: downloading github.com/modern-go/reflect2 v1.0.2
2026-10-03T03:59:06.4146662Z go: downloading cloud.google.com/go/compute/metadata v0.6.0
2026-10-03T03:59:06.4147106Z go: downloading cloud.google.com/go/iam v1.5.2
2026-10-03T03:59:06.4147750Z go: downloading github.com/GoogleCloudPlatform/opentelemetry-operations-go/exporter/metric v0.51.0
2026-10-03T03:59:06.4148363Z go: downloading github.com/googleapis/gax-go/v2 v2.14.1
2026-10-03T03:59:06.4148850Z go: downloading go.opentelemetry.io/contrib/detectors/gcp v1.35.0
2026-10-03T03:59:06.4149725Z go: downloading go.opentelemetry.io/otel v1.35.0
2026-10-03T03:59:06.4150450Z go: downloading go.opentelemetry.io/otel/sdk/metric v1.35.0
2026-10-03T03:59:06.4151099Z go: downloading go.opentelemetry.io/otel/sdk v1.35.0
2026-10-03T03:59:06.4151565Z go: downloading go.opentelemetry.io/otel/trace v1.35.0
2026-10-03T03:59:06.4152500Z go: downloading google.golang.org/genproto v0.0.0-20250422160041-2d3770c4ea7f
2026-10-03T03:59:06.4152995Z go: downloading google.golang.org/grpc v1.72.0
2026-10-03T03:59:06.4153400Z go: downloading google.golang.org/protobuf v1.36.6
2026-10-03T03:59:06.4153790Z go: downloading golang.org/x/net v0.39.0
2026-10-03T03:59:06.4154191Z go: downloading github.com/klauspost/cpuid/v2 v2.2.10
2026-10-03T03:59:06.4154622Z go: downloading github.com/go-openapi/errors v0.22.1
2026-10-03T03:59:06.4155162Z go: downloading github.com/go-openapi/runtime v0.28.0
2026-10-03T03:59:06.4155575Z go: downloading github.com/jessevdk/go-flags v1.6.1
2026-10-03T03:59:06.4156059Z go: downloading github.com/minio/mc v0.0.0-20250313080218-cf909e1063a9
2026-10-03T03:59:06.4156613Z go: downloading github.com/minio/websocket v1.6.0
2026-10-03T03:59:06.4157059Z go: downloading github.com/unrolled/secure v1.17.0
2026-10-03T03:59:06.4157475Z go: downloading github.com/go-openapi/strfmt v0.23.0
2026-10-03T03:59:06.4157843Z go: downloading aead.dev/mem v0.2.0
2026-10-03T03:59:06.4158201Z go: downloading github.com/ncw/directio v1.0.5
2026-10-03T03:59:06.4158625Z go: downloading github.com/prometheus/prom2json v1.4.2
2026-10-03T03:59:06.4159418Z go: downloading github.com/safchain/ethtool v0.5.10
2026-10-03T03:59:06.4159880Z go: downloading github.com/goccy/go-json v0.10.5
2026-10-03T03:59:06.4160300Z go: downloading github.com/minio/crc64nvme v1.0.1
2026-10-03T03:59:06.4160709Z go: downloading github.com/minio/md5-simd v1.1.2
2026-10-03T03:59:06.4161090Z go: downloading github.com/rs/xid v1.6.0
2026-10-03T03:59:06.4161463Z go: downloading github.com/go-ini/ini v1.67.0
2026-10-03T03:59:06.4161826Z go: downloading golang.org/x/time v0.11.0
2026-10-03T03:59:06.4162192Z go: downloading github.com/beevik/ntp v1.4.3
2026-10-03T03:59:06.4162595Z go: downloading github.com/go-ldap/ldap/v3 v3.4.11
2026-10-03T03:59:06.4162997Z go: downloading go.uber.org/zap v1.27.0
2026-10-03T03:59:06.4163402Z go: downloading github.com/rabbitmq/amqp091-go v1.10.0
2026-10-03T03:59:06.4163824Z go: downloading github.com/IBM/sarama v1.45.1
2026-10-03T03:59:06.4164268Z go: downloading github.com/eclipse/paho.mqtt.golang v1.5.0
2026-10-03T03:59:06.4164774Z go: downloading github.com/elastic/go-elasticsearch/v7 v7.17.10
2026-10-03T03:59:06.4165241Z go: downloading github.com/go-sql-driver/mysql v1.9.2
2026-10-03T03:59:06.4165652Z go: downloading github.com/gomodule/redigo v1.9.2
2026-10-03T03:59:06.4166034Z go: downloading github.com/lib/pq v1.10.9
2026-10-03T03:59:06.4166410Z go: downloading github.com/nats-io/nats.go v1.41.2
2026-10-03T03:59:06.4166805Z go: downloading github.com/nats-io/stan.go v0.10.4
2026-10-03T03:59:06.4167186Z go: downloading github.com/nsqio/go-nsq v1.1.0
2026-10-03T03:59:06.4167548Z go: downloading github.com/xdg/scram v1.0.5
2026-10-03T03:59:06.4167905Z go: downloading github.com/gobwas/ws v1.4.0
2026-10-03T03:59:06.4168285Z go: downloading github.com/buger/jsonparser v1.1.1
2026-10-03T03:59:06.4168644Z go: downloading aead.dev/mtls v0.2.1
2026-10-03T03:59:06.4169445Z go: downloading github.com/minio/kms-go/kms v0.5.1-0.20250225090116-4e64ce8d0f35
2026-10-03T03:59:06.4169990Z go: downloading github.com/minio/simdjson-go v0.4.5
2026-10-03T03:59:06.4170580Z go: downloading github.com/rjeczalik/notify v0.9.3
2026-10-03T03:59:06.4170992Z go: downloading github.com/fatih/structs v1.1.0
2026-10-03T03:59:06.4171403Z go: downloading github.com/lestrrat-go/jwx/v2 v2.1.4
2026-10-03T03:59:06.4171782Z go: downloading aead.dev/minisign v0.3.0
2026-10-03T03:59:06.4172128Z go: downloading github.com/kr/fs v0.1.0
2026-10-03T03:59:06.4172500Z go: downloading github.com/beorn7/perks v1.0.1
2026-10-03T03:59:06.4173011Z go: downloading github.com/munnerz/goautoneg v0.0.0-20191010083416-a7dc8b61c822
2026-10-03T03:59:06.4173533Z go: downloading github.com/tklauser/go-sysconf v0.3.15
2026-10-03T03:59:06.4173944Z go: downloading github.com/gogo/protobuf v1.3.2
2026-10-03T03:59:06.4174335Z go: downloading github.com/golang/protobuf v1.5.4
2026-10-03T03:59:06.4174744Z go: downloading go.etcd.io/etcd/client/pkg/v3 v3.5.21
2026-10-03T03:59:06.4175291Z go: downloading github.com/kylelemons/godebug v1.1.0
2026-10-03T03:59:06.4175794Z go: downloading github.com/pkg/browser v0.0.0-20240102092130-5ac0b6a4141c
2026-10-03T03:59:06.4176254Z go: downloading github.com/rivo/uniseg v0.4.7
2026-10-03T03:59:06.4176796Z go: downloading github.com/go-openapi/jsonpointer v0.21.1
2026-10-03T03:59:06.4177265Z go: downloading github.com/go-openapi/jsonreference v0.21.0
2026-10-03T03:59:06.4177693Z go: downloading github.com/mailru/easyjson v0.9.0
2026-10-03T03:59:06.4178270Z go: downloading google.golang.org/genproto/googleapis/api v0.0.0-20250422160041-2d3770c4ea7f
2026-10-03T03:59:08.3069549Z go: downloading google.golang.org/genproto/googleapis/rpc v0.0.0-20250422160041-2d3770c4ea7f
2026-10-03T03:59:08.3070678Z go: downloading cloud.google.com/go/monitoring v1.24.2
2026-10-03T03:59:08.3071997Z go: downloading github.com/GoogleCloudPlatform/opentelemetry-operations-go/internal/resourcemapping v0.51.0
2026-10-03T03:59:08.3073611Z go: downloading github.com/GoogleCloudPlatform/opentelemetry-operations-go/detectors/gcp v1.27.0
2026-10-03T03:59:08.3074263Z go: downloading github.com/go-logr/logr v1.4.2
2026-10-03T03:59:08.3074717Z go: downloading go.opentelemetry.io/otel/metric v1.35.0
2026-10-03T03:59:08.3075152Z go: downloading cloud.google.com/go/auth v0.16.0
2026-10-03T03:59:08.3075615Z go: downloading cloud.google.com/go/auth/oauth2adapt v0.2.8
2026-10-03T03:59:08.3076213Z go: downloading go.opentelemetry.io/contrib/instrumentation/net/http/otelhttp v0.60.0
2026-10-03T03:59:08.3076793Z go: downloading github.com/go-openapi/validate v0.24.0
2026-10-03T03:59:08.3077211Z go: downloading github.com/docker/go-units v0.5.0
2026-10-03T03:59:08.3077755Z go: downloading github.com/asaskevich/govalidator v0.0.0-20230301143203-a9d515a09cc2
2026-10-03T03:59:08.3078290Z go: downloading github.com/mitchellh/mapstructure v1.5.0
2026-10-03T03:59:08.3078706Z go: downloading github.com/oklog/ulid v1.3.1
2026-10-03T03:59:08.3079396Z go: downloading go.mongodb.org/mongo-driver v1.17.3
2026-10-03T03:59:08.3080111Z go: downloading github.com/matttproud/golang_protobuf_extensions v1.0.4
2026-10-03T03:59:08.3080641Z go: downloading github.com/charmbracelet/bubbles v0.20.0
2026-10-03T03:59:08.3081114Z go: downloading github.com/charmbracelet/bubbletea v1.3.4
2026-10-03T03:59:08.3081582Z go: downloading github.com/charmbracelet/lipgloss v1.0.0
2026-10-03T03:59:08.3082098Z go: downloading github.com/google/shlex v0.0.0-20191202100458-e7afc7fbc510
2026-10-03T03:59:08.3082594Z go: downloading github.com/jedib0t/go-pretty/v6 v6.6.7
2026-10-03T03:59:08.3083007Z go: downloading github.com/mattn/go-ieproxy v0.0.12
2026-10-03T03:59:08.3083406Z go: downloading github.com/minio/colorjson v1.0.8
2026-10-03T03:59:08.3083808Z go: downloading github.com/minio/filepath v1.0.0
2026-10-03T03:59:08.3084191Z go: downloading github.com/muesli/reflow v0.3.0
2026-10-03T03:59:08.3084576Z go: downloading github.com/muesli/termenv v0.16.0
2026-10-03T03:59:08.3085004Z go: downloading github.com/olekukonko/tablewriter v0.0.5
2026-10-03T03:59:08.3085429Z go: downloading github.com/posener/complete v1.2.3
2026-10-03T03:59:08.3085820Z go: downloading github.com/tidwall/gjson v1.18.0
2026-10-03T03:59:08.3086413Z go: downloading github.com/vbauerster/mpb/v8 v8.9.3
2026-10-03T03:59:08.3086935Z go: downloading golang.org/x/text v0.24.0
2026-10-03T03:59:08.3087437Z go: downloading github.com/Azure/go-ntlmssp v0.0.0-20221128193559-754e69321358
2026-10-03T03:59:08.3088057Z go: downloading github.com/go-asn1-ber/asn1-ber v1.5.8-0.20250403174932-29230038a667
2026-10-03T03:59:08.3088551Z go: downloading go.uber.org/multierr v1.11.0
2026-10-03T03:59:08.3088946Z go: downloading github.com/gorilla/websocket v1.5.3
2026-10-03T03:59:08.3089754Z go: downloading github.com/davecgh/go-spew v1.1.2-0.20180830191138-d8f796af33cc
2026-10-03T03:59:08.3090281Z go: downloading github.com/eapache/go-resiliency v1.7.0
2026-10-03T03:59:08.3090837Z go: downloading github.com/eapache/go-xerial-snappy v0.0.0-20230731223053-c322873962e3
2026-10-03T03:59:08.3091548Z go: downloading github.com/eapache/queue v1.1.0
2026-10-03T03:59:08.3091973Z go: downloading github.com/hashicorp/go-multierror v1.1.1
2026-10-03T03:59:08.3092449Z go: downloading github.com/jcmturner/gofork v1.7.6
2026-10-03T03:59:08.3092867Z go: downloading github.com/jcmturner/gokrb5/v8 v8.4.4
2026-10-03T03:59:08.3093263Z go: downloading filippo.io/edwards25519 v1.1.0
2026-10-03T03:59:08.3093637Z go: downloading github.com/nats-io/nuid v1.0.1
2026-10-03T03:59:08.3094016Z go: downloading github.com/golang/snappy v1.0.0
2026-10-03T03:59:08.3094420Z go: downloading github.com/xdg/stringprep v1.0.3
2026-10-03T03:59:08.3094820Z go: downloading github.com/gobwas/httphead v0.1.0
2026-10-03T03:59:08.3095207Z go: downloading github.com/gobwas/pool v0.2.1
2026-10-03T03:59:08.3095587Z go: downloading github.com/nats-io/nkeys v0.4.11
2026-10-03T03:59:08.3095974Z go: downloading github.com/minio/csvparser v1.0.0
2026-10-03T03:59:08.3096393Z go: downloading github.com/fraugster/parquet-go v0.12.0
2026-10-03T03:59:08.3096836Z go: downloading github.com/alecthomas/participle v0.7.1
2026-10-03T03:59:08.3097256Z go: downloading github.com/lestrrat-go/option v1.0.1
2026-10-03T03:59:08.3097692Z go: downloading github.com/lestrrat-go/blackmagic v1.0.2
2026-10-03T03:59:08.3098121Z go: downloading github.com/lestrrat-go/httprc v1.0.6
2026-10-03T03:59:08.3098527Z go: downloading github.com/lestrrat-go/iter v1.0.2
2026-10-03T03:59:08.3098938Z go: downloading github.com/tklauser/numcpus v0.10.0
2026-10-03T03:59:08.3100284Z go: downloading github.com/coreos/go-semver v0.3.1
2026-10-03T03:59:08.3101156Z go: downloading github.com/golang-jwt/jwt/v5 v5.2.2
2026-10-03T03:59:08.3102072Z go: downloading github.com/josharian/intern v1.0.0
2026-10-03T03:59:08.3103242Z go: downloading go.opentelemetry.io/contrib/instrumentation/google.golang.org/grpc/otelgrpc v0.60.0
2026-10-03T03:59:08.3104284Z go: downloading github.com/go-logr/stdr v1.2.2
2026-10-03T03:59:08.3104810Z go: downloading go.opentelemetry.io/auto/sdk v1.1.0
2026-10-03T03:59:08.3105243Z go: downloading github.com/google/s2a-go v0.1.9
2026-10-03T03:59:08.3105757Z go: downloading github.com/googleapis/enterprise-certificate-proxy v0.3.6
2026-10-03T03:59:08.3106355Z go: downloading github.com/envoyproxy/go-control-plane/envoy v1.32.4
2026-10-03T03:59:08.3106849Z go: downloading github.com/felixge/httpsnoop v1.0.4
2026-10-03T03:59:08.3107307Z go: downloading github.com/prometheus/prometheus v0.303.0
2026-10-03T03:59:08.3107765Z go: downloading github.com/charmbracelet/x/ansi v0.8.0
2026-10-03T03:59:08.3108202Z go: downloading github.com/charmbracelet/x/term v0.2.1
2026-10-03T04:00:45.2189768Z go: downloading github.com/muesli/ansi v0.0.0-20230316100256-276c6243b2f6
2026-10-03T04:00:45.2191021Z go: downloading github.com/muesli/cancelreader v0.2.2
2026-10-03T04:00:45.2191978Z go: downloading github.com/juju/ratelimit v1.0.2
2026-10-03T04:00:45.2192866Z go: downloading github.com/aymanbagabas/go-osc52/v2 v2.0.1
2026-10-03T04:00:45.2193500Z go: downloading github.com/lucasb-eyer/go-colorful v1.2.0
2026-10-03T04:00:45.2194052Z go: downloading github.com/tidwall/match v1.1.1
2026-10-03T04:00:45.2194569Z go: downloading github.com/tidwall/pretty v1.2.1
2026-10-03T04:00:45.2195526Z go: downloading github.com/acarl005/stripansi v0.0.0-20180116102854-5a71ef0e047d
2026-10-03T04:00:45.2196307Z go: downloading github.com/VividCortex/ewma v1.2.0
2026-10-03T04:00:45.2196822Z go: downloading github.com/hashicorp/errwrap v1.1.0
2026-10-03T04:00:45.2197339Z go: downloading github.com/hashicorp/go-uuid v1.0.3
2026-10-03T04:00:45.2197863Z go: downloading github.com/jcmturner/dnsutils/v2 v2.0.0
2026-10-03T04:00:45.2198374Z go: downloading github.com/apache/thrift v0.21.0
2026-10-03T04:00:45.2198882Z go: downloading github.com/lestrrat-go/httpcc v1.0.1
2026-10-03T04:00:45.2199826Z go: downloading github.com/spiffe/go-spiffe/v2 v2.5.0
2026-10-03T04:00:45.2200718Z go: downloading github.com/cncf/xds/go v0.0.0-20250326154945-ae57f3c0d45f
2026-10-03T04:00:45.2201602Z go: downloading github.com/envoyproxy/protoc-gen-validate v1.2.1
2026-10-03T04:00:45.2202181Z go: downloading github.com/jcmturner/rpc/v2 v2.0.3
2026-10-03T04:00:45.2202627Z go: downloading cel.dev/expr v0.23.1
2026-10-03T04:00:45.2203097Z go: downloading github.com/jcmturner/aescts/v2 v2.0.0
2026-10-03T04:00:45.2203584Z go: downloading github.com/zeebo/errs v1.4.0
2026-10-03T04:00:45.2204096Z #0 building with "default" instance using docker driver
2026-10-03T04:00:45.2204385Z 
2026-10-03T04:00:45.2204676Z #1 [internal] load build definition from Dockerfile.fixture
2026-10-03T04:00:45.2205175Z #1 transferring dockerfile: 235B done
2026-10-03T04:00:45.2205494Z #1 DONE 0.0s
2026-10-03T04:00:45.2205635Z 
2026-10-03T04:00:45.2205806Z #2 [internal] load build context
2026-10-03T04:00:45.2206189Z #2 transferring context: 33.79MB 0.1s
2026-10-03T04:00:45.2206604Z #2 transferring context: 151.09MB 0.4s done
2026-10-03T04:00:45.2206934Z #2 DONE 0.4s
2026-10-03T04:00:45.2207062Z 
2026-10-03T04:00:45.2207192Z #3 [1/2] COPY minio /minio
2026-10-03T04:00:45.2207413Z #3 DONE 0.0s
2026-10-03T04:00:45.2207521Z 
2026-10-03T04:00:45.2207654Z #4 [2/2] COPY LICENSE /LICENSE
2026-10-03T04:00:45.2207885Z #4 DONE 1.5s
2026-10-03T04:00:45.2207993Z 
2026-10-03T04:00:45.2208107Z #5 exporting to image
2026-10-03T04:00:45.2208335Z #5 exporting layers
2026-10-03T04:00:45.2208570Z #5 exporting layers 0.8s done
2026-10-03T04:00:45.2210995Z #5 writing image sha256:3a5a22368e7c92cddef96d9b48daac9c65d352b0c57e025ebae175817dec5f4c
2026-10-03T04:00:45.2211787Z #5 writing image sha256:3a5a22368e7c92cddef96d9b48daac9c65d352b0c57e025ebae175817dec5f4c done
2026-10-03T04:00:45.2212463Z #5 naming to docker.io/library/airlock-archive-fixture:94ab69b2e261 done
2026-10-03T04:00:45.2212833Z #5 DONE 0.8s
2026-10-03T04:00:45.2215090Z {"source": "https://github.com/minio/minio.git", "source_commit": "7aac2a2c5b7c882e68c1ce017d8256be2feea27f", "binary_sha256": "e7425aad90f11c859f386485a63a5af888ee645a99fbfcdb64bd960d7d20f7a8", "runtime_image_id": "sha256:3a5a22368e7c92cddef96d9b48daac9c65d352b0c57e025ebae175817dec5f4c", "local_tag": "airlock-archive-fixture:94ab69b2e261", "scope": "archived upstream source built only for throwaway S3 contract tests, not a production distribution recommendation"}
2026-10-03T04:00:45.2336124Z ##[group]Run python scripts/run_logged.py evidence/archive-integration.log -- python scripts/archive_integration.py --output evidence/archive-integration.json
2026-10-03T04:00:45.2337280Z [36;1mpython scripts/run_logged.py evidence/archive-integration.log -- python scripts/archive_integration.py --output evidence/archive-integration.json[0m
2026-10-03T04:00:45.2399811Z shell: /usr/bin/bash --noprofile --norc -e -o pipefail {0}
2026-10-03T04:00:45.2400148Z env:
2026-10-03T04:00:45.2400345Z   NEXT_TELEMETRY_DISABLED: 1
2026-10-03T04:00:45.2400655Z   pythonLocation: /opt/hostedtoolcache/Python/3.13.15/x64
2026-10-03T04:00:45.2401078Z   PKG_CONFIG_PATH: /opt/hostedtoolcache/Python/3.13.15/x64/lib/pkgconfig
2026-10-03T04:00:45.2401490Z   Python_ROOT_DIR: /opt/hostedtoolcache/Python/3.13.15/x64
2026-10-03T04:00:45.2401880Z   Python2_ROOT_DIR: /opt/hostedtoolcache/Python/3.13.15/x64
2026-10-03T04:00:45.2402273Z   Python3_ROOT_DIR: /opt/hostedtoolcache/Python/3.13.15/x64
2026-10-03T04:00:45.2402680Z   LD_LIBRARY_PATH: /opt/hostedtoolcache/Python/3.13.15/x64/lib
2026-10-03T04:00:45.2403002Z   GOTOOLCHAIN: local
2026-10-03T04:00:45.2403203Z ##[endgroup]
2026-10-03T04:00:46.6561750Z {"mode": "real_docker_s3_object_lock", "image_digests": [], "runtime_image_id": "sha256:3a5a22368e7c92cddef96d9b48daac9c65d352b0c57e025ebae175817dec5f4c", "receipt": {"bucket": "airlock-evidence", "key": "checkpoints/2981d2ddc41442518e7d8c79f36ca5c9/000000000001-8a00abcd199f830f0cb7bbc047af73c889a8a9df1d821204e457ab5c39155ac7.json", "version_id": "8c753815-54c0-4eac-a9ea-746dd987f178", "sha256": "8a00abcd199f830f0cb7bbc047af73c889a8a9df1d821204e457ab5c39155ac7", "retain_until": "2026-10-04T04:00:46+00:00", "mode": "COMPLIANCE", "database_instance": "2981d2ddc41442518e7d8c79f36ca5c9", "seq": 1}, "checks": ["delete_exact_version", "shorten_compliance", "downgrade_to_governance", "version_pinned_after_new_version", "retrieved_anchor_detects_tail_deletion", "unapproved_target_unchanged"], "actual_denials": {"delete_exact_version": {"http_status": 400, "code": "InvalidRequest", "message": "Object is WORM protected and cannot be overwritten"}, "shorten_compliance": {"http_status": 400, "code": "InvalidRequest", "message": "Object is WORM protected and cannot be overwritten"}, "downgrade_to_governance": {"http_status": 400, "code": "InvalidRequest", "message": "Object is WORM protected and cannot be overwritten"}}, "credential_scope": "new synthetic fixture only; never read default AWS credentials", "retention_scope": "COMPLIANCE API semantics; temporary test container removed, not permanent production archive", "exit_code": 0}
2026-10-03T04:00:46.6708966Z ##[group]Run python scripts/run_logged.py evidence/research-pipeline.log -- python scripts/research_pipeline.py --output evidence/research-pipeline
2026-10-03T04:00:46.6710390Z [36;1mpython scripts/run_logged.py evidence/research-pipeline.log -- python scripts/research_pipeline.py --output evidence/research-pipeline[0m
2026-10-03T04:00:46.6774050Z shell: /usr/bin/bash --noprofile --norc -e -o pipefail {0}
2026-10-03T04:00:46.6774389Z env:
2026-10-03T04:00:46.6774592Z   NEXT_TELEMETRY_DISABLED: 1
2026-10-03T04:00:46.6774903Z   pythonLocation: /opt/hostedtoolcache/Python/3.13.15/x64
2026-10-03T04:00:46.6775343Z   PKG_CONFIG_PATH: /opt/hostedtoolcache/Python/3.13.15/x64/lib/pkgconfig
2026-10-03T04:00:46.6775779Z   Python_ROOT_DIR: /opt/hostedtoolcache/Python/3.13.15/x64
2026-10-03T04:00:46.6776183Z   Python2_ROOT_DIR: /opt/hostedtoolcache/Python/3.13.15/x64
2026-10-03T04:00:46.6776577Z   Python3_ROOT_DIR: /opt/hostedtoolcache/Python/3.13.15/x64
2026-10-03T04:00:46.6777000Z   LD_LIBRARY_PATH: /opt/hostedtoolcache/Python/3.13.15/x64/lib
2026-10-03T04:00:46.6777328Z   GOTOOLCHAIN: local
2026-10-03T04:00:46.6777533Z ##[endgroup]
2026-10-03T04:00:47.2376564Z {"status": "PASS", "meaning": "Pipeline contract passed; research acceptance remains blocked", "source_families": 3, "source_types": ["synthetic", "public_incident"], "public_incident_families": 1, "human_participants": 0, "paired_human_labels": 0, "authorized_log_records": 0, "checks": ["blank_annotation_templates_only", "exact_prediction_coverage", "authority_and_semantic_metrics_separate", "missing_humans_do_not_pass", "no_target_write", "empty_governance_denominators_remain_unknown"]}
2026-10-03T04:00:47.2525511Z ##[group]Run python scripts/run_logged.py evidence/container-integrations.log -- python scripts/container_integrations.py
2026-10-03T04:00:47.2526405Z [36;1mpython scripts/run_logged.py evidence/container-integrations.log -- python scripts/container_integrations.py[0m
2026-10-03T04:00:47.2589473Z shell: /usr/bin/bash --noprofile --norc -e -o pipefail {0}
2026-10-03T04:00:47.2589815Z env:
2026-10-03T04:00:47.2590015Z   NEXT_TELEMETRY_DISABLED: 1
2026-10-03T04:00:47.2590352Z   pythonLocation: /opt/hostedtoolcache/Python/3.13.15/x64
2026-10-03T04:00:47.2590786Z   PKG_CONFIG_PATH: /opt/hostedtoolcache/Python/3.13.15/x64/lib/pkgconfig
2026-10-03T04:00:47.2591202Z   Python_ROOT_DIR: /opt/hostedtoolcache/Python/3.13.15/x64
2026-10-03T04:00:47.2591576Z   Python2_ROOT_DIR: /opt/hostedtoolcache/Python/3.13.15/x64
2026-10-03T04:00:47.2591960Z   Python3_ROOT_DIR: /opt/hostedtoolcache/Python/3.13.15/x64
2026-10-03T04:00:47.2592368Z   LD_LIBRARY_PATH: /opt/hostedtoolcache/Python/3.13.15/x64/lib
2026-10-03T04:00:47.2592692Z   GOTOOLCHAIN: local
2026-10-03T04:00:47.2592894Z ##[endgroup]
2026-10-03T04:00:53.5254451Z {
2026-10-03T04:00:53.5254792Z   "envoy": {
2026-10-03T04:00:53.5255135Z     "image": "envoyproxy/envoy:v1.39.1",
2026-10-03T04:00:53.5255903Z     "repo_digests": "[\"envoyproxy/envoy@sha256:57e14a549d7bd43c8d3f6d03e8cfa653e037d4b38e133acd9b54f38c524401b4\"]",
2026-10-03T04:00:53.5256454Z     "rows": [
2026-10-03T04:00:53.5256667Z       {
2026-10-03T04:00:53.5256903Z         "case": "zero",
2026-10-03T04:00:53.5257548Z         "rule": "threshold",
2026-10-03T04:00:53.5257957Z         "airlock_expression": "changed_rows >= 100",
2026-10-03T04:00:53.5258499Z         "envoy_expression": "int(request.headers['x-rows']) >= 100",
2026-10-03T04:00:53.5258905Z         "airlock_hit": false,
2026-10-03T04:00:53.5259625Z         "expected": false,
2026-10-03T04:00:53.5259918Z         "envoy_hit": false
2026-10-03T04:00:53.5260152Z       },
2026-10-03T04:00:53.5260346Z       {
2026-10-03T04:00:53.5260585Z         "case": "zero",
2026-10-03T04:00:53.5260856Z         "rule": "write_only",
2026-10-03T04:00:53.5261394Z         "airlock_expression": "operation == \"delete\" && matched_rows != 0",
2026-10-03T04:00:53.5262251Z         "envoy_expression": "request.headers['x-operation'] == 'delete' && int(request.headers['x-rows']) != 0",
2026-10-03T04:00:53.5262784Z         "airlock_hit": false,
2026-10-03T04:00:53.5263065Z         "expected": false,
2026-10-03T04:00:53.5263336Z         "envoy_hit": false
2026-10-03T04:00:53.5263569Z       },
2026-10-03T04:00:53.5263752Z       {
2026-10-03T04:00:53.5263972Z         "case": "zero",
2026-10-03T04:00:53.5264230Z         "rule": "bounded",
2026-10-03T04:00:53.5264741Z         "airlock_expression": "!(changed_rows > 5) || operation == \"read\"",
2026-10-03T04:00:53.5265574Z         "envoy_expression": "!(int(request.headers['x-rows']) > 5) || request.headers['x-operation'] == 'read'",
2026-10-03T04:00:53.5266095Z         "airlock_hit": true,
2026-10-03T04:00:53.5266378Z         "expected": true,
2026-10-03T04:00:53.5266647Z         "envoy_hit": true
2026-10-03T04:00:53.5266863Z       },
2026-10-03T04:00:53.5267046Z       {
2026-10-03T04:00:53.5267300Z         "case": "small",
2026-10-03T04:00:53.5267571Z         "rule": "threshold",
2026-10-03T04:00:53.5267960Z         "airlock_expression": "changed_rows >= 100",
2026-10-03T04:00:53.5268496Z         "envoy_expression": "int(request.headers['x-rows']) >= 100",
2026-10-03T04:00:53.5268901Z         "airlock_hit": false,
2026-10-03T04:00:53.5269529Z         "expected": false,
2026-10-03T04:00:53.5269820Z         "envoy_hit": false
2026-10-03T04:00:53.5270050Z       },
2026-10-03T04:00:53.5270235Z       {
2026-10-03T04:00:53.5270465Z         "case": "small",
2026-10-03T04:00:53.5270741Z         "rule": "write_only",
2026-10-03T04:00:53.5271278Z         "airlock_expression": "operation == \"delete\" && matched_rows != 0",
2026-10-03T04:00:53.5272335Z         "envoy_expression": "request.headers['x-operation'] == 'delete' && int(request.headers['x-rows']) != 0",
2026-10-03T04:00:53.5272908Z         "airlock_hit": true,
2026-10-03T04:00:53.5273190Z         "expected": true,
2026-10-03T04:00:53.5273459Z         "envoy_hit": true
2026-10-03T04:00:53.5273684Z       },
2026-10-03T04:00:53.5273866Z       {
2026-10-03T04:00:53.5274088Z         "case": "small",
2026-10-03T04:00:53.5274362Z         "rule": "bounded",
2026-10-03T04:00:53.5274881Z         "airlock_expression": "!(changed_rows > 5) || operation == \"read\"",
2026-10-03T04:00:53.5275727Z         "envoy_expression": "!(int(request.headers['x-rows']) > 5) || request.headers['x-operation'] == 'read'",
2026-10-03T04:00:53.5276262Z         "airlock_hit": true,
2026-10-03T04:00:53.5276546Z         "expected": true,
2026-10-03T04:00:53.5276822Z         "envoy_hit": true
2026-10-03T04:00:53.5277040Z       },
2026-10-03T04:00:53.5277224Z       {
2026-10-03T04:00:53.5277453Z         "case": "high",
2026-10-03T04:00:53.5277725Z         "rule": "threshold",
2026-10-03T04:00:53.5278122Z         "airlock_expression": "changed_rows >= 100",
2026-10-03T04:00:53.5278662Z         "envoy_expression": "int(request.headers['x-rows']) >= 100",
2026-10-03T04:00:53.5279825Z         "airlock_hit": true,
2026-10-03T04:00:53.5280169Z         "expected": true,
2026-10-03T04:00:53.5280461Z         "envoy_hit": true
2026-10-03T04:00:53.5280694Z       },
2026-10-03T04:00:53.5280891Z       {
2026-10-03T04:00:53.5281126Z         "case": "high",
2026-10-03T04:00:53.5281408Z         "rule": "write_only",
2026-10-03T04:00:53.5282151Z         "airlock_expression": "operation == \"delete\" && matched_rows != 0",
2026-10-03T04:00:53.5283037Z         "envoy_expression": "request.headers['x-operation'] == 'delete' && int(request.headers['x-rows']) != 0",
2026-10-03T04:00:53.5283582Z         "airlock_hit": true,
2026-10-03T04:00:53.5283875Z         "expected": true,
2026-10-03T04:00:53.5284147Z         "envoy_hit": true
2026-10-03T04:00:53.5284372Z       },
2026-10-03T04:00:53.5284558Z       {
2026-10-03T04:00:53.5284783Z         "case": "high",
2026-10-03T04:00:53.5285050Z         "rule": "bounded",
2026-10-03T04:00:53.5285582Z         "airlock_expression": "!(changed_rows > 5) || operation == \"read\"",
2026-10-03T04:00:53.5286435Z         "envoy_expression": "!(int(request.headers['x-rows']) > 5) || request.headers['x-operation'] == 'read'",
2026-10-03T04:00:53.5286966Z         "airlock_hit": false,
2026-10-03T04:00:53.5287250Z         "expected": false,
2026-10-03T04:00:53.5287522Z         "envoy_hit": false
2026-10-03T04:00:53.5287752Z       },
2026-10-03T04:00:53.5287935Z       {
2026-10-03T04:00:53.5288157Z         "case": "read",
2026-10-03T04:00:53.5288426Z         "rule": "threshold",
2026-10-03T04:00:53.5288824Z         "airlock_expression": "changed_rows >= 100",
2026-10-03T04:00:53.5289899Z         "envoy_expression": "int(request.headers['x-rows']) >= 100",
2026-10-03T04:00:53.5290375Z         "airlock_hit": true,
2026-10-03T04:00:53.5290659Z         "expected": true,
2026-10-03T04:00:53.5290937Z         "envoy_hit": true
2026-10-03T04:00:53.5291161Z       },
2026-10-03T04:00:53.5291346Z       {
2026-10-03T04:00:53.5291570Z         "case": "read",
2026-10-03T04:00:53.5291848Z         "rule": "write_only",
2026-10-03T04:00:53.5292388Z         "airlock_expression": "operation == \"delete\" && matched_rows != 0",
2026-10-03T04:00:53.5293253Z         "envoy_expression": "request.headers['x-operation'] == 'delete' && int(request.headers['x-rows']) != 0",
2026-10-03T04:00:53.5293792Z         "airlock_hit": false,
2026-10-03T04:00:53.5294086Z         "expected": false,
2026-10-03T04:00:53.5294365Z         "envoy_hit": false
2026-10-03T04:00:53.5294589Z       },
2026-10-03T04:00:53.5294783Z       {
2026-10-03T04:00:53.5295008Z         "case": "read",
2026-10-03T04:00:53.5295274Z         "rule": "bounded",
2026-10-03T04:00:53.5295801Z         "airlock_expression": "!(changed_rows > 5) || operation == \"read\"",
2026-10-03T04:00:53.5296815Z         "envoy_expression": "!(int(request.headers['x-rows']) > 5) || request.headers['x-operation'] == 'read'",
2026-10-03T04:00:53.5297350Z         "airlock_hit": true,
2026-10-03T04:00:53.5297626Z         "expected": true,
2026-10-03T04:00:53.5297892Z         "envoy_hit": true
2026-10-03T04:00:53.5298108Z       }
2026-10-03T04:00:53.5298297Z     ],
2026-10-03T04:00:53.5298518Z     "status": "PASS",
2026-10-03T04:00:53.5702291Z     "scope": "Boolean/equality/ordering subset with explicit header-to-variable mapping; access-log filter, not Envoy authorization deployment.",
2026-10-03T04:00:53.5704625Z     "error_difference": "Missing/invalid Envoy attributes suppress its log. AIRLOCK rejects invalid typed activation and blocks authorization."
2026-10-03T04:00:53.5705281Z   },
2026-10-03T04:00:53.5705480Z   "otel": {
2026-10-03T04:00:53.5705706Z     "status": "PASS",
2026-10-03T04:00:53.5706244Z     "image": "otel/opentelemetry-collector:0.162.0",
2026-10-03T04:00:53.5707482Z     "repo_digests": "[\"otel/opentelemetry-collector@sha256:310a800ad69ee430e7c541796852a242c9c7db97aaad4daa5ccf843c525fbdb2\"]",
2026-10-03T04:00:53.5708195Z     "trace_id": "b73ff4ea8ec940a2ad257059cdc053fc",
2026-10-03T04:00:53.5708507Z     "result": {
2026-10-03T04:00:53.5708747Z       "status": "ok",
2026-10-03T04:00:53.5709310Z       "exported": 1
2026-10-03T04:00:53.5709586Z     },
2026-10-03T04:00:53.5710278Z     "scope": "Official Collector accepts OTLP JSON and debug exporter records the actual trace; no production backend claim."
2026-10-03T04:00:53.5710821Z   }
2026-10-03T04:00:53.5711143Z }
2026-10-03T04:00:53.5843044Z ##[group]Run python scripts/run_logged.py evidence/dependency-audit.log -- python -m pip_audit -r requirements-archive.txt --format json --output evidence/dependency-audit.json
2026-10-03T04:00:53.5844278Z [36;1mpython scripts/run_logged.py evidence/dependency-audit.log -- python -m pip_audit -r requirements-archive.txt --format json --output evidence/dependency-audit.json[0m
2026-10-03T04:00:53.5906555Z shell: /usr/bin/bash --noprofile --norc -e -o pipefail {0}
2026-10-03T04:00:53.5906887Z env:
2026-10-03T04:00:53.5907083Z   NEXT_TELEMETRY_DISABLED: 1
2026-10-03T04:00:53.5907397Z   pythonLocation: /opt/hostedtoolcache/Python/3.13.15/x64
2026-10-03T04:00:53.5907829Z   PKG_CONFIG_PATH: /opt/hostedtoolcache/Python/3.13.15/x64/lib/pkgconfig
2026-10-03T04:00:53.5908245Z   Python_ROOT_DIR: /opt/hostedtoolcache/Python/3.13.15/x64
2026-10-03T04:00:53.5908621Z   Python2_ROOT_DIR: /opt/hostedtoolcache/Python/3.13.15/x64
2026-10-03T04:00:53.5909166Z   Python3_ROOT_DIR: /opt/hostedtoolcache/Python/3.13.15/x64
2026-10-03T04:00:53.5909562Z   LD_LIBRARY_PATH: /opt/hostedtoolcache/Python/3.13.15/x64/lib
2026-10-03T04:00:53.5909884Z   GOTOOLCHAIN: local
2026-10-03T04:00:53.5910086Z ##[endgroup]
2026-10-03T04:01:00.6276012Z No known vulnerabilities found
2026-10-03T04:01:00.6419401Z ##[group]Run python scripts/run_logged.py evidence/latency.log -- python scripts/measure_latency.py --samples 60 --output evidence/latency.json
2026-10-03T04:01:00.6420428Z [36;1mpython scripts/run_logged.py evidence/latency.log -- python scripts/measure_latency.py --samples 60 --output evidence/latency.json[0m
2026-10-03T04:01:00.6483451Z shell: /usr/bin/bash --noprofile --norc -e -o pipefail {0}
2026-10-03T04:01:00.6483786Z env:
2026-10-03T04:01:00.6483978Z   NEXT_TELEMETRY_DISABLED: 1
2026-10-03T04:01:00.6484288Z   pythonLocation: /opt/hostedtoolcache/Python/3.13.15/x64
2026-10-03T04:01:00.6484726Z   PKG_CONFIG_PATH: /opt/hostedtoolcache/Python/3.13.15/x64/lib/pkgconfig
2026-10-03T04:01:00.6485159Z   Python_ROOT_DIR: /opt/hostedtoolcache/Python/3.13.15/x64
2026-10-03T04:01:00.6485558Z   Python2_ROOT_DIR: /opt/hostedtoolcache/Python/3.13.15/x64
2026-10-03T04:01:00.6485939Z   Python3_ROOT_DIR: /opt/hostedtoolcache/Python/3.13.15/x64
2026-10-03T04:01:00.6486338Z   LD_LIBRARY_PATH: /opt/hostedtoolcache/Python/3.13.15/x64/lib
2026-10-03T04:01:00.6486660Z   GOTOOLCHAIN: local
2026-10-03T04:01:00.6486864Z ##[endgroup]
2026-10-03T04:01:03.5992176Z {
2026-10-03T04:01:03.5993153Z   "scope": "1206-row synthetic SQLite; concurrency 1; warm HTTP client; same host and target",
2026-10-03T04:01:03.5993667Z   "python": "3.13.15",
2026-10-03T04:01:03.5993928Z   "sqlite": "3.53.1",
2026-10-03T04:01:03.5994312Z   "platform": "Linux-6.17.0-1022-azure-x86_64-with-glibc2.39",
2026-10-03T04:01:03.5994694Z   "processor": "x86_64",
2026-10-03T04:01:03.5994947Z   "logical_cpus": 4,
2026-10-03T04:01:03.5995176Z   "samples": 60,
2026-10-03T04:01:03.5995398Z   "seed": 2073,
2026-10-03T04:01:03.5995617Z   "warmup_calls": 10,
2026-10-03T04:01:03.5995923Z   "first_native_call_ms": 49.33195199998863,
2026-10-03T04:01:03.5996233Z   "read": {
2026-10-03T04:01:03.5996470Z     "direct_ms": {
2026-10-03T04:01:03.5996695Z       "n": 60,
2026-10-03T04:01:03.5996964Z       "mean": 0.39980970000499383,
2026-10-03T04:01:03.5997296Z       "p50": 0.39438100003508225,
2026-10-03T04:01:03.5997602Z       "p95": 0.42660100001512546,
2026-10-03T04:01:03.5997899Z       "p99": 0.5507150000312322
2026-10-03T04:01:03.5998140Z     },
2026-10-03T04:01:03.5998352Z     "proxy_ms": {
2026-10-03T04:01:03.5998571Z       "n": 60,
2026-10-03T04:01:03.5998835Z       "mean": 4.686144683329492,
2026-10-03T04:01:03.5999330Z       "p50": 4.669094999997014,
2026-10-03T04:01:03.5999629Z       "p95": 4.898536999974112,
2026-10-03T04:01:03.5999924Z       "p99": 5.194202000041059
2026-10-03T04:01:03.6000158Z     },
2026-10-03T04:01:03.6000357Z     "added_ms": {
2026-10-03T04:01:03.6000571Z       "n": 60,
2026-10-03T04:01:03.6000834Z       "mean": 4.286334983324498,
2026-10-03T04:01:03.6001131Z       "p50": 4.268312000021979,
2026-10-03T04:01:03.6001684Z       "p95": 4.503494000005048,
2026-10-03T04:01:03.6001980Z       "p99": 4.7951020000596145
2026-10-03T04:01:03.6002196Z     }
2026-10-03T04:01:03.6002367Z   },
2026-10-03T04:01:03.6002552Z   "write": {
2026-10-03T04:01:03.6002794Z     "submit_receipt_ms": {
2026-10-03T04:01:03.6003045Z       "n": 30,
2026-10-03T04:01:03.6003314Z       "p50": 14.869133999980022,
2026-10-03T04:01:03.6003619Z       "p95": 16.177674000005027,
2026-10-03T04:01:03.6003914Z       "p99": 16.92940599997428
2026-10-03T04:01:03.6004142Z     },
2026-10-03T04:01:03.6004406Z     "approval_request_to_effect_ms": {
2026-10-03T04:01:03.6004685Z       "n": 30,
2026-10-03T04:01:03.6004958Z       "p50": 21.807363000050373,
2026-10-03T04:01:03.6005260Z       "p95": 23.76873000002888,
2026-10-03T04:01:03.6005552Z       "p99": 44.75131300000612
2026-10-03T04:01:03.6005782Z     },
2026-10-03T04:01:03.6005983Z     "static_ms": {
2026-10-03T04:01:03.6006201Z       "n": 30,
2026-10-03T04:01:03.6006418Z       "p50": 0.07,
2026-10-03T04:01:03.6006643Z       "p95": 0.079,
2026-10-03T04:01:03.6006860Z       "p99": 0.092
2026-10-03T04:01:03.6007053Z     },
2026-10-03T04:01:03.6007258Z     "preview_ms": {
2026-10-03T04:01:03.6007479Z       "n": 30,
2026-10-03T04:01:03.6018393Z       "p50": 9.654,
2026-10-03T04:01:03.6018883Z       "p95": 10.38,
2026-10-03T04:01:03.6019503Z       "p99": 11.579
2026-10-03T04:01:03.6019732Z     },
2026-10-03T04:01:03.6019964Z     "evaluation_ms": {
2026-10-03T04:01:03.6020211Z       "n": 30,
2026-10-03T04:01:03.6020447Z       "p50": 11.103,
2026-10-03T04:01:03.6020687Z       "p95": 12.379,
2026-10-03T04:01:03.6020911Z       "p99": 13.042
2026-10-03T04:01:03.6021100Z     }
2026-10-03T04:01:03.6021277Z   },
2026-10-03T04:01:03.6021475Z   "not_measured": [
2026-10-03T04:01:03.6021721Z     "live LLM latency",
2026-10-03T04:01:03.6021992Z     "human review latency",
2026-10-03T04:01:03.6022311Z     "distributed upstream overhead",
2026-10-03T04:01:03.6022643Z     "cold OS filesystem cache",
2026-10-03T04:01:03.6022959Z     "production concurrency"
2026-10-03T04:01:03.6023199Z   ],
2026-10-03T04:01:03.6024016Z   "measurement_note": "direct includes SQLite connect/query; proxy includes HTTP, server admission, persistence and audit; negative deltas retained in raw rows",
2026-10-03T04:01:03.6025571Z   "phase_note": "server evaluation ends before final audit/commit/close; HTTP minus evaluation also includes transport, scheduling and serialization, not a pure fsync measurement. Phase data read after all timed requests."
2026-10-03T04:01:03.6026435Z }
2026-10-03T04:01:03.6144748Z ##[group]Run python scripts/run_logged.py evidence/ablation.log -- python -m benchmark.ablation --split test --output evidence/ablation.json
2026-10-03T04:01:03.6145738Z [36;1mpython scripts/run_logged.py evidence/ablation.log -- python -m benchmark.ablation --split test --output evidence/ablation.json[0m
2026-10-03T04:01:03.6208820Z shell: /usr/bin/bash --noprofile --norc -e -o pipefail {0}
2026-10-03T04:01:03.6209464Z env:
2026-10-03T04:01:03.6209677Z   NEXT_TELEMETRY_DISABLED: 1
2026-10-03T04:01:03.6209984Z   pythonLocation: /opt/hostedtoolcache/Python/3.13.15/x64
2026-10-03T04:01:03.6210426Z   PKG_CONFIG_PATH: /opt/hostedtoolcache/Python/3.13.15/x64/lib/pkgconfig
2026-10-03T04:01:03.6210861Z   Python_ROOT_DIR: /opt/hostedtoolcache/Python/3.13.15/x64
2026-10-03T04:01:03.6211233Z   Python2_ROOT_DIR: /opt/hostedtoolcache/Python/3.13.15/x64
2026-10-03T04:01:03.6211613Z   Python3_ROOT_DIR: /opt/hostedtoolcache/Python/3.13.15/x64
2026-10-03T04:01:03.6212021Z   LD_LIBRARY_PATH: /opt/hostedtoolcache/Python/3.13.15/x64/lib
2026-10-03T04:01:03.6212340Z   GOTOOLCHAIN: local
2026-10-03T04:01:03.6212544Z ##[endgroup]
2026-10-03T04:01:04.0017736Z {
2026-10-03T04:01:04.0018193Z   "split": "test",
2026-10-03T04:01:04.0019368Z   "corpus_sha256": "243854b51e7039324de4c31fa7a67af1a98ddc48b9c9edfbbac581a2c2f73af7",
2026-10-03T04:01:04.0020271Z   "live_model_requested": false,
2026-10-03T04:01:04.0020765Z   "limitations": [
2026-10-03T04:01:04.0021733Z     "Original synthetic corpus is unchanged and has no independent human danger gold.",
2026-10-03T04:01:04.0022495Z     "The pure model arm measures advice only; it cannot execute or bypass the production gate.",
2026-10-03T04:01:04.0023725Z     "Live model arms require AIRLOCK-only configuration, key and explicit budget authorization."
2026-10-03T04:01:04.0024291Z   ],
2026-10-03T04:01:04.0024490Z   "arms": {
2026-10-03T04:01:04.0024700Z     "keyword": {
2026-10-03T04:01:04.0024953Z       "status": "MEASURED",
2026-10-03T04:01:04.0025219Z       "n": 80
2026-10-03T04:01:04.0025425Z     },
2026-10-03T04:01:04.0025628Z     "pure_llm": {
2026-10-03T04:01:04.0025919Z       "status": "BLOCKED_EXTERNAL",
2026-10-03T04:01:04.0026185Z       "n": 0
2026-10-03T04:01:04.0026372Z     },
2026-10-03T04:01:04.0026589Z     "hybrid_no_preview": {
2026-10-03T04:01:04.0026903Z       "status": "BLOCKED_EXTERNAL",
2026-10-03T04:01:04.0027160Z       "n": 0
2026-10-03T04:01:04.0027343Z     },
2026-10-03T04:01:04.0027560Z     "hybrid_with_preview": {
2026-10-03T04:01:04.0027879Z       "status": "BLOCKED_EXTERNAL",
2026-10-03T04:01:04.0028131Z       "n": 0
2026-10-03T04:01:04.0028312Z     }
2026-10-03T04:01:04.0028482Z   }
2026-10-03T04:01:04.0028645Z }
2026-10-03T04:01:04.0160369Z ##[group]Run python scripts/run_logged.py evidence/study-analysis.log -- python -m benchmark.research --output evidence/study-analysis.json study evidence/study-automation.json
2026-10-03T04:01:04.0161676Z [36;1mpython scripts/run_logged.py evidence/study-analysis.log -- python -m benchmark.research --output evidence/study-analysis.json study evidence/study-automation.json[0m
2026-10-03T04:01:04.0224583Z shell: /usr/bin/bash --noprofile --norc -e -o pipefail {0}
2026-10-03T04:01:04.0224920Z env:
2026-10-03T04:01:04.0225114Z   NEXT_TELEMETRY_DISABLED: 1
2026-10-03T04:01:04.0225426Z   pythonLocation: /opt/hostedtoolcache/Python/3.13.15/x64
2026-10-03T04:01:04.0225861Z   PKG_CONFIG_PATH: /opt/hostedtoolcache/Python/3.13.15/x64/lib/pkgconfig
2026-10-03T04:01:04.0226304Z   Python_ROOT_DIR: /opt/hostedtoolcache/Python/3.13.15/x64
2026-10-03T04:01:04.0226691Z   Python2_ROOT_DIR: /opt/hostedtoolcache/Python/3.13.15/x64
2026-10-03T04:01:04.0227100Z   Python3_ROOT_DIR: /opt/hostedtoolcache/Python/3.13.15/x64
2026-10-03T04:01:04.0227480Z   LD_LIBRARY_PATH: /opt/hostedtoolcache/Python/3.13.15/x64/lib
2026-10-03T04:01:04.0227799Z   GOTOOLCHAIN: local
2026-10-03T04:01:04.0228002Z ##[endgroup]
2026-10-03T04:01:04.2209328Z {
2026-10-03T04:01:04.2210063Z   "status": "BLOCKED_EXTERNAL",
2026-10-03T04:01:04.2210817Z   "human_participants": 0,
2026-10-03T04:01:04.2211393Z   "excluded": [
2026-10-03T04:01:04.2211825Z     {
2026-10-03T04:01:04.2212544Z       "participant_id": "automation-browser",
2026-10-03T04:01:04.2213611Z       "reason": "nonhuman, no consent, duplicate or invalid metadata"
2026-10-03T04:01:04.2214236Z     }
2026-10-03T04:01:04.2214651Z   ],
2026-10-03T04:01:04.2215144Z   "participants": [],
2026-10-03T04:01:04.2215494Z   "acceptance_metrics": null,
2026-10-03T04:01:04.2215830Z   "paired_time_delta": {
2026-10-03T04:01:04.2216094Z     "n": 0,
2026-10-03T04:01:04.2216329Z     "mean": null,
2026-10-03T04:01:04.2216567Z     "ci95": null
2026-10-03T04:01:04.2216776Z   },
2026-10-03T04:01:04.2217027Z   "paired_accuracy_delta": {
2026-10-03T04:01:04.2217310Z     "n": 0,
2026-10-03T04:01:04.2217535Z     "mean": null,
2026-10-03T04:01:04.2217772Z     "ci95": null
2026-10-03T04:01:04.2217984Z   },
2026-10-03T04:01:04.2218244Z   "all_decisions_visible_ms": {
2026-10-03T04:01:04.2218523Z     "n": 0,
2026-10-03T04:01:04.2218745Z     "mean": null,
2026-10-03T04:01:04.2218990Z     "median": null,
2026-10-03T04:01:04.2219599Z     "p95": null
2026-10-03T04:01:04.2219819Z   },
2026-10-03T04:01:04.2220049Z   "correct_decisions": {
2026-10-03T04:01:04.2220327Z     "numerator": 0,
2026-10-03T04:01:04.2220588Z     "denominator": 0,
2026-10-03T04:01:04.2220847Z     "value": null
2026-10-03T04:01:04.2221057Z   },
2026-10-03T04:01:04.2221467Z   "gold_verification": "unverified_browser_supplied_correctness",
2026-10-03T04:01:04.2222159Z   "comprehension_correct": {
2026-10-03T04:01:04.2222456Z     "numerator": 0,
2026-10-03T04:01:04.2222713Z     "denominator": 0,
2026-10-03T04:01:04.2222968Z     "value": null
2026-10-03T04:01:04.2223183Z   },
2026-10-03T04:01:04.2223401Z   "limitations": [
2026-10-03T04:01:04.2224131Z     "No causal efficiency claim without recruitment, business gold, counterbalancing and adequate sample size.",
2026-10-03T04:01:04.2225641Z     "A single participant is a descriptive pilot: repeated decisions do not create independent participants or a population confidence interval.",
2026-10-03T04:01:04.2227103Z     "Exported browser timing and human identity are untrusted telemetry, never authorization.",
2026-10-03T04:01:04.2228747Z     "Visibility duration excludes hidden tabs; correctness is supplied task gold, not a policy guess."
2026-10-03T04:01:04.2229648Z   ]
2026-10-03T04:01:04.2229831Z }
2026-10-03T04:01:04.2344769Z ##[group]Run python scripts/run_logged.py evidence/comparison.log -- python scripts/demo_comparison.py --output evidence/comparison.json
2026-10-03T04:01:04.2345775Z [36;1mpython scripts/run_logged.py evidence/comparison.log -- python scripts/demo_comparison.py --output evidence/comparison.json[0m
2026-10-03T04:01:04.2408571Z shell: /usr/bin/bash --noprofile --norc -e -o pipefail {0}
2026-10-03T04:01:04.2408912Z env:
2026-10-03T04:01:04.2409334Z   NEXT_TELEMETRY_DISABLED: 1
2026-10-03T04:01:04.2409650Z   pythonLocation: /opt/hostedtoolcache/Python/3.13.15/x64
2026-10-03T04:01:04.2410100Z   PKG_CONFIG_PATH: /opt/hostedtoolcache/Python/3.13.15/x64/lib/pkgconfig
2026-10-03T04:01:04.2410537Z   Python_ROOT_DIR: /opt/hostedtoolcache/Python/3.13.15/x64
2026-10-03T04:01:04.2410915Z   Python2_ROOT_DIR: /opt/hostedtoolcache/Python/3.13.15/x64
2026-10-03T04:01:04.2411302Z   Python3_ROOT_DIR: /opt/hostedtoolcache/Python/3.13.15/x64
2026-10-03T04:01:04.2411719Z   LD_LIBRARY_PATH: /opt/hostedtoolcache/Python/3.13.15/x64/lib
2026-10-03T04:01:04.2412042Z   GOTOOLCHAIN: local
2026-10-03T04:01:04.2412251Z ##[endgroup]
2026-10-03T04:01:04.8057213Z {
2026-10-03T04:01:04.8058178Z   "scope": "disposable synthetic data; automated independent reviewer fixture; no live model/human",
2026-10-03T04:01:04.8058927Z   "without_gate": {
2026-10-03T04:01:04.8059565Z     "before": 1206,
2026-10-03T04:01:04.8059947Z     "after": 0
2026-10-03T04:01:04.8060274Z   },
2026-10-03T04:01:04.8060605Z   "with_gate": {
2026-10-03T04:01:04.8061024Z     "pending_rows": 1206,
2026-10-03T04:01:04.8061484Z     "rejected_rows": 1206,
2026-10-03T04:01:04.8061901Z     "denial": {
2026-10-03T04:01:04.8062471Z       "id": "3afdd100e11b4a6f9d7c852e14726166",
2026-10-03T04:01:04.8063047Z       "state": "rejected",
2026-10-03T04:01:04.8063554Z       "decision": "need_approval",
2026-10-03T04:01:04.8064208Z       "reason_code": "human_rejected",
2026-10-03T04:01:04.8064646Z       "result": null,
2026-10-03T04:01:04.8064981Z       "expires_at": 1791000364.722383,
2026-10-03T04:01:04.8065395Z       "action_id": "3afdd100e11b4a6f9d7c852e14726166",
2026-10-03T04:01:04.8065846Z       "trace_id": "925cd8481506478cb061514f24e6c15c",
2026-10-03T04:01:04.8066183Z       "retryable": false,
2026-10-03T04:01:04.8066485Z       "allowed_alternatives": [
2026-10-03T04:01:04.8066814Z         "query_original_action",
2026-10-03T04:01:04.8067106Z         "bounded_read"
2026-10-03T04:01:04.8067326Z       ],
2026-10-03T04:01:04.8067601Z       "execution_occurred": false,
2026-10-03T04:01:04.8068312Z       "next_step": "Use a bounded SELECT or submit a narrower NEW action; do not retry rejected writes blindly."
2026-10-03T04:01:04.8068806Z     },
2026-10-03T04:01:04.8069266Z     "safe_alternative": {
2026-10-03T04:01:04.8069924Z       "id": "acc9971ce61840da9e3e1b397d9d3a7d",
2026-10-03T04:01:04.8070524Z       "state": "executed",
2026-10-03T04:01:04.8070823Z       "decision": "pass",
2026-10-03T04:01:04.8071138Z       "reason_code": "bounded_read",
2026-10-03T04:01:04.8071424Z       "result": {
2026-10-03T04:01:04.8071678Z         "matched_rows": 0,
2026-10-03T04:01:04.8072205Z         "rows": [
2026-10-03T04:01:04.8072424Z           {
2026-10-03T04:01:04.8072694Z             "remaining": 1206
2026-10-03T04:01:04.8072939Z           }
2026-10-03T04:01:04.8073130Z         ],
2026-10-03T04:01:04.8073372Z         "truncated": false
2026-10-03T04:01:04.8073600Z       },
2026-10-03T04:01:04.8073912Z       "expires_at": 1791000364.7377539,
2026-10-03T04:01:04.8074548Z       "action_id": "acc9971ce61840da9e3e1b397d9d3a7d",
2026-10-03T04:01:04.8075007Z       "trace_id": "afad6a95399348d5aa23819bfa62050d",
2026-10-03T04:01:04.8075342Z       "retryable": false,
2026-10-03T04:01:04.8075726Z       "allowed_alternatives": [
2026-10-03T04:01:04.8076351Z         "query_original_action"
2026-10-03T04:01:04.8076825Z       ],
2026-10-03T04:01:04.8077349Z       "execution_occurred": true,
2026-10-03T04:01:04.8078007Z       "next_step": "Read the result."
2026-10-03T04:01:04.8078692Z     },
2026-10-03T04:01:04.8078942Z     "approved_rows": 0,
2026-10-03T04:01:04.8079530Z     "approved_receipt": {
2026-10-03T04:01:04.8079895Z       "id": "2e94afbd6797489fb46c23c261420653",
2026-10-03T04:01:04.8080382Z       "state": "executed",
2026-10-03T04:01:04.8080950Z       "decision": "need_approval",
2026-10-03T04:01:04.8081312Z       "reason_code": "human_approved",
2026-10-03T04:01:04.8081596Z       "result": {
2026-10-03T04:01:04.8081867Z         "matched_rows": 1206,
2026-10-03T04:01:04.8082131Z         "rows": [],
2026-10-03T04:01:04.8082382Z         "truncated": false
2026-10-03T04:01:04.8082617Z       },
2026-10-03T04:01:04.8082899Z       "expires_at": 1791000364.7401776,
2026-10-03T04:01:04.8083306Z       "action_id": "2e94afbd6797489fb46c23c261420653",
2026-10-03T04:01:04.8083747Z       "trace_id": "d6496e06dbe94b62a0e939ea8977944f",
2026-10-03T04:01:04.8084080Z       "retryable": false,
2026-10-03T04:01:04.8084380Z       "allowed_alternatives": [
2026-10-03T04:01:04.8084709Z         "query_original_action"
2026-10-03T04:01:04.8084946Z       ],
2026-10-03T04:01:04.8085219Z       "execution_occurred": true,
2026-10-03T04:01:04.8085555Z       "next_step": "Read the result."
2026-10-03T04:01:04.8085810Z     }
2026-10-03T04:01:04.8085982Z   },
2026-10-03T04:01:04.8086171Z   "audit": {
2026-10-03T04:01:04.8086384Z     "valid": true,
2026-10-03T04:01:04.8086599Z     "events": 5,
2026-10-03T04:01:04.8087054Z     "head": "7070ab85538b4e5d33e2db9ec91586c59b9f418e8e2308e828cd9283532ce9eb",
2026-10-03T04:01:04.8087523Z     "anchor_status": "not_configured",
2026-10-03T04:01:04.8088625Z     "limitation": "Tail truncation after the last independently retained checkpoint remains undetectable. A server with all keys can forge new history; keep checkpoints outside its write authority."
2026-10-03T04:01:04.8089691Z   }
2026-10-03T04:01:04.8089866Z }
2026-10-03T04:01:04.8202330Z ##[group]Run python scripts/verify_evidence.py
2026-10-03T04:01:04.8202712Z [36;1mpython scripts/verify_evidence.py[0m
2026-10-03T04:01:04.8266013Z shell: /usr/bin/bash --noprofile --norc -e -o pipefail {0}
2026-10-03T04:01:04.8266360Z env:
2026-10-03T04:01:04.8266555Z   NEXT_TELEMETRY_DISABLED: 1
2026-10-03T04:01:04.8266862Z   pythonLocation: /opt/hostedtoolcache/Python/3.13.15/x64
2026-10-03T04:01:04.8267307Z   PKG_CONFIG_PATH: /opt/hostedtoolcache/Python/3.13.15/x64/lib/pkgconfig
2026-10-03T04:01:04.8267735Z   Python_ROOT_DIR: /opt/hostedtoolcache/Python/3.13.15/x64
2026-10-03T04:01:04.8268116Z   Python2_ROOT_DIR: /opt/hostedtoolcache/Python/3.13.15/x64
2026-10-03T04:01:04.8268516Z   Python3_ROOT_DIR: /opt/hostedtoolcache/Python/3.13.15/x64
2026-10-03T04:01:04.8268903Z   LD_LIBRARY_PATH: /opt/hostedtoolcache/Python/3.13.15/x64/lib
2026-10-03T04:01:04.8269475Z   GOTOOLCHAIN: local
2026-10-03T04:01:04.8269681Z ##[endgroup]
2026-10-03T04:01:04.8768897Z Verified all 458 JUnit cases, exit receipts, screenshots, Docker and raw benchmark rows.
2026-10-03T04:01:04.8846760Z ##[group]Run python scripts/evidence_manifest.py
2026-10-03T04:01:04.8847131Z [36;1mpython scripts/evidence_manifest.py[0m
2026-10-03T04:01:04.8906287Z shell: /usr/bin/bash --noprofile --norc -e -o pipefail {0}
2026-10-03T04:01:04.8906627Z env:
2026-10-03T04:01:04.8906822Z   NEXT_TELEMETRY_DISABLED: 1
2026-10-03T04:01:04.8907133Z   pythonLocation: /opt/hostedtoolcache/Python/3.13.15/x64
2026-10-03T04:01:04.8907557Z   PKG_CONFIG_PATH: /opt/hostedtoolcache/Python/3.13.15/x64/lib/pkgconfig
2026-10-03T04:01:04.8907995Z   Python_ROOT_DIR: /opt/hostedtoolcache/Python/3.13.15/x64
2026-10-03T04:01:04.8908381Z   Python2_ROOT_DIR: /opt/hostedtoolcache/Python/3.13.15/x64
2026-10-03T04:01:04.8908771Z   Python3_ROOT_DIR: /opt/hostedtoolcache/Python/3.13.15/x64
2026-10-03T04:01:04.8909509Z   LD_LIBRARY_PATH: /opt/hostedtoolcache/Python/3.13.15/x64/lib
2026-10-03T04:01:04.8909852Z   GOTOOLCHAIN: local
2026-10-03T04:01:04.8910063Z ##[endgroup]
2026-10-03T04:01:04.9832231Z {"commit": "4e512df4c65e9b94b7f210ed5483e612efb5eec1", "artifact_files": 92}
2026-10-03T04:01:04.9980473Z ##[group]Run actions/upload-artifact@v4
2026-10-03T04:01:04.9980771Z with:
2026-10-03T04:01:04.9980992Z   name: acceptance-evidence
2026-10-03T04:01:04.9981276Z   path: evidence/*.*
evidence/research-pipeline/

2026-10-03T04:01:04.9981576Z   retention-days: 90
2026-10-03T04:01:04.9981791Z   if-no-files-found: warn
2026-10-03T04:01:04.9982015Z   compression-level: 6
2026-10-03T04:01:04.9982223Z   overwrite: false
2026-10-03T04:01:04.9982427Z   include-hidden-files: false
2026-10-03T04:01:04.9982655Z env:
2026-10-03T04:01:04.9982838Z   NEXT_TELEMETRY_DISABLED: 1
2026-10-03T04:01:04.9983138Z   pythonLocation: /opt/hostedtoolcache/Python/3.13.15/x64
2026-10-03T04:01:04.9983571Z   PKG_CONFIG_PATH: /opt/hostedtoolcache/Python/3.13.15/x64/lib/pkgconfig
2026-10-03T04:01:04.9983988Z   Python_ROOT_DIR: /opt/hostedtoolcache/Python/3.13.15/x64
2026-10-03T04:01:04.9984359Z   Python2_ROOT_DIR: /opt/hostedtoolcache/Python/3.13.15/x64
2026-10-03T04:01:04.9984755Z   Python3_ROOT_DIR: /opt/hostedtoolcache/Python/3.13.15/x64
2026-10-03T04:01:04.9985132Z   LD_LIBRARY_PATH: /opt/hostedtoolcache/Python/3.13.15/x64/lib
2026-10-03T04:01:04.9985457Z   GOTOOLCHAIN: local
2026-10-03T04:01:04.9985657Z ##[endgroup]
2026-10-03T04:01:05.1611290Z (node:15980) [DEP0040] DeprecationWarning: The `punycode` module is deprecated. Please use a userland alternative instead.
2026-10-03T04:01:05.1612169Z (Use `node --trace-deprecation ...` to show where the warning was created)
2026-10-03T04:01:05.1848896Z With the provided path, there will be 95 files uploaded
2026-10-03T04:01:05.1853646Z Artifact name is valid!
2026-10-03T04:01:05.1854400Z Root directory input is valid!
2026-10-03T04:01:05.4441871Z Beginning upload of artifact content to blob storage
2026-10-03T04:01:05.6051430Z (node:15980) [DEP0169] DeprecationWarning: `url.parse()` behavior is not standardized and prone to errors that have security implications. Use the WHATWG URL API instead. CVEs are not issued for `url.parse()` vulnerabilities.
2026-10-03T04:01:05.8799959Z Uploaded bytes 1853886
2026-10-03T04:01:05.9125130Z Finished uploading artifact content to blob storage!
2026-10-03T04:01:05.9126455Z SHA256 digest of uploaded artifact zip is fc251c499f3801b242b277caf8f3a6665501c7d215ecfb88b782f1a935976b37
2026-10-03T04:01:05.9127732Z Finalizing artifact upload
2026-10-03T04:01:06.1510381Z Artifact acceptance-evidence.zip successfully finalized. Artifact ID 11263896180
2026-10-03T04:01:06.1512351Z Artifact acceptance-evidence has been successfully uploaded! Final size is 1853886 bytes. Artifact ID is 11263896180
2026-10-03T04:01:06.1518091Z Artifact download URL: https://github.com/Changxin-YR/AIRLOCK/actions/runs/37094728343/artifacts/11263896180
2026-10-03T04:01:06.1689966Z Post job cleanup.
2026-10-03T04:01:06.2998879Z Post job cleanup.
2026-10-03T04:01:06.4279579Z (node:16000) [DEP0040] DeprecationWarning: The `punycode` module is deprecated. Please use a userland alternative instead.
2026-10-03T04:01:06.4281073Z (Use `node --trace-deprecation ...` to show where the warning was created)
2026-10-03T04:01:06.4468381Z Post job cleanup.
2026-10-03T04:01:06.5704368Z (node:16008) [DEP0040] DeprecationWarning: The `punycode` module is deprecated. Please use a userland alternative instead.
2026-10-03T04:01:06.5705752Z (Use `node --trace-deprecation ...` to show where the warning was created)
2026-10-03T04:01:06.5847355Z Post job cleanup.
2026-10-03T04:01:06.6746900Z [command]/usr/bin/git version
2026-10-03T04:01:06.6787437Z git version 2.55.0
2026-10-03T04:01:06.6861301Z Temporarily overriding HOME='/home/runner/work/_temp/4729f007-a20b-43e5-9984-0c4ff1ac0f95' before making global git config changes
2026-10-03T04:01:06.6862983Z Adding repository directory to the temporary git global config as a safe directory
2026-10-03T04:01:06.6870517Z [command]/usr/bin/git config --global --add safe.directory /home/runner/work/AIRLOCK/AIRLOCK
2026-10-03T04:01:06.6906583Z [command]/usr/bin/git config --local --name-only --get-regexp core\.sshCommand
2026-10-03T04:01:06.6943676Z [command]/usr/bin/git submodule foreach --recursive sh -c "git config --local --name-only --get-regexp 'core\.sshCommand' && git config --local --unset-all 'core.sshCommand' || :"
2026-10-03T04:01:06.7203701Z [command]/usr/bin/git config --local --name-only --get-regexp http\.https\:\/\/github\.com\/\.extraheader
2026-10-03T04:01:06.7230078Z http.https://github.com/.extraheader
2026-10-03T04:01:06.7249483Z [command]/usr/bin/git config --local --unset-all http.https://github.com/.extraheader
2026-10-03T04:01:06.7286269Z [command]/usr/bin/git submodule foreach --recursive sh -c "git config --local --name-only --get-regexp 'http\.https\:\/\/github\.com\/\.extraheader' && git config --local --unset-all 'http.https://github.com/.extraheader' || :"
2026-10-03T04:01:06.7559311Z [command]/usr/bin/git config --local --name-only --get-regexp ^includeIf\.gitdir:
2026-10-03T04:01:06.7594471Z [command]/usr/bin/git submodule foreach --recursive git config --local --show-origin --name-only --get-regexp remote.origin.url
2026-10-03T04:01:06.7967724Z Cleaning up orphan processes
2026-10-03T04:01:06.8780186Z ##[warning]Node.js 20 is deprecated. The following actions target Node.js 20 but are being forced to run on Node.js 24: actions/checkout@v4, actions/setup-node@v4, actions/setup-python@v5, actions/upload-artifact@v4. For more information see: https://github.blog/changelog/2025-09-19-deprecation-of-node-20-on-github-actions-runners/
