2026-10-04T01:40:22.0808012Z Current runner version: '2.337.0'
2026-10-04T01:40:22.0832844Z ##[group]Runner Image Provisioner
2026-10-04T01:40:22.0834921Z Hosted Compute Agent
2026-10-04T01:40:22.0835830Z Version: 20260901.588
2026-10-04T01:40:22.0836655Z Commit: f88ec8081b781fac6c440065ac7ff9e710ce3d0b
2026-10-04T01:40:22.0837507Z Build Date: 2026-09-01T19:56:44Z
2026-10-04T01:40:22.0838313Z Worker ID: {a3701530-f1d4-44b1-bb44-69e4d819671a}
2026-10-04T01:40:22.0839325Z Azure Region: centralus
2026-10-04T01:40:22.0839964Z ##[endgroup]
2026-10-04T01:40:22.0841771Z ##[group]Operating System
2026-10-04T01:40:22.0842504Z Ubuntu
2026-10-04T01:40:22.0843101Z 24.04.5
2026-10-04T01:40:22.0843626Z LTS
2026-10-04T01:40:22.0844253Z ##[endgroup]
2026-10-04T01:40:22.0844858Z ##[group]Runner Image
2026-10-04T01:40:22.0845590Z Image: ubuntu-24.04
2026-10-04T01:40:22.0846299Z Version: 20260927.320.1
2026-10-04T01:40:22.0847570Z Included Software: https://github.com/actions/runner-images/blob/ubuntu24/20260927.320/images/ubuntu/Ubuntu2404-Readme.md
2026-10-04T01:40:22.0849410Z Image Release: https://github.com/actions/runner-images/releases/tag/ubuntu24%2F20260927.320
2026-10-04T01:40:22.0850541Z ##[endgroup]
2026-10-04T01:40:22.0851652Z ##[group]GITHUB_TOKEN Permissions
2026-10-04T01:40:22.0854432Z Contents: read
2026-10-04T01:40:22.0855071Z Metadata: read
2026-10-04T01:40:22.0855641Z ##[endgroup]
2026-10-04T01:40:22.0857905Z Secret source: Actions
2026-10-04T01:40:22.0859145Z Cache mode: write
2026-10-04T01:40:22.0860345Z Prepare workflow directory
2026-10-04T01:40:22.1270774Z Prepare all required actions
2026-10-04T01:40:22.1321665Z Getting action download info
2026-10-04T01:40:22.4209626Z Download action repository 'actions/checkout@v4' (SHA:11d5960a326750d5838078e36cf38b85af677262)
2026-10-04T01:40:22.5067336Z Download action repository 'actions/setup-python@v5' (SHA:a26af69be951a213d495a4c3e4e4022e16d87065)
2026-10-04T01:40:22.5985625Z Download action repository 'actions/setup-node@v4' (SHA:49933ea5288caeca8642d1e84afbd3f7d6820020)
2026-10-04T01:40:22.6913108Z Download action repository 'actions/setup-go@v6' (SHA:924ae3a1cded613372ab5595356fb5720e22ba16)
2026-10-04T01:40:23.1932559Z Download action repository 'actions/upload-artifact@v4' (SHA:ea165f8d65b6e75b540449e92b4886f43607fa02)
2026-10-04T01:40:23.4184181Z Complete job name: verify
2026-10-04T01:40:23.5174750Z ##[group]Run actions/checkout@v4
2026-10-04T01:40:23.5175600Z with:
2026-10-04T01:40:23.5176082Z   ref: 7088ffbb9a5b38636240f226a885f1467b58f7b9
2026-10-04T01:40:23.5176690Z   repository: Changxin-YR/AIRLOCK
2026-10-04T01:40:23.5181031Z   token: ***
2026-10-04T01:40:23.5181464Z   ssh-strict: true
2026-10-04T01:40:23.5181903Z   ssh-user: git
2026-10-04T01:40:23.5182356Z   persist-credentials: true
2026-10-04T01:40:23.5182854Z   clean: true
2026-10-04T01:40:23.5183314Z   sparse-checkout-cone-mode: true
2026-10-04T01:40:23.5183819Z   fetch-depth: 1
2026-10-04T01:40:23.5184246Z   fetch-tags: false
2026-10-04T01:40:23.5184697Z   show-progress: true
2026-10-04T01:40:23.5185147Z   lfs: false
2026-10-04T01:40:23.5185604Z   submodules: false
2026-10-04T01:40:23.5186065Z   set-safe-directory: true
2026-10-04T01:40:23.5186562Z   allow-unsafe-pr-checkout: false
2026-10-04T01:40:23.5187256Z env:
2026-10-04T01:40:23.5187673Z   NEXT_TELEMETRY_DISABLED: 1
2026-10-04T01:40:23.5188202Z ##[endgroup]
2026-10-04T01:40:23.6231808Z Syncing repository: Changxin-YR/AIRLOCK
2026-10-04T01:40:23.6233927Z ##[group]Getting Git version info
2026-10-04T01:40:23.6234640Z Working directory is '/home/runner/work/AIRLOCK/AIRLOCK'
2026-10-04T01:40:23.6235745Z [command]/usr/bin/git version
2026-10-04T01:40:23.6291978Z git version 2.55.0
2026-10-04T01:40:23.6313132Z ##[endgroup]
2026-10-04T01:40:23.6329175Z Temporarily overriding HOME='/home/runner/work/_temp/f011e7c6-f9cc-47ba-8f01-e15f55ac06a9' before making global git config changes
2026-10-04T01:40:23.6332032Z Adding repository directory to the temporary git global config as a safe directory
2026-10-04T01:40:23.6337068Z [command]/usr/bin/git config --global --add safe.directory /home/runner/work/AIRLOCK/AIRLOCK
2026-10-04T01:40:23.6398067Z Deleting the contents of '/home/runner/work/AIRLOCK/AIRLOCK'
2026-10-04T01:40:23.6402775Z ##[group]Initializing the repository
2026-10-04T01:40:23.6406955Z [command]/usr/bin/git init /home/runner/work/AIRLOCK/AIRLOCK
2026-10-04T01:40:23.6501933Z hint: Using 'master' as the name for the initial branch. This default branch name
2026-10-04T01:40:23.6503558Z hint: will change to "main" in Git 3.0. To configure the initial branch name
2026-10-04T01:40:23.6504524Z hint: to use in all of your new repositories, which will suppress this warning,
2026-10-04T01:40:23.6505261Z hint: call:
2026-10-04T01:40:23.6505678Z hint:
2026-10-04T01:40:23.6506249Z hint: 	git config --global init.defaultBranch <name>
2026-10-04T01:40:23.6506890Z hint:
2026-10-04T01:40:23.6507487Z hint: Names commonly chosen instead of 'master' are 'main', 'trunk' and
2026-10-04T01:40:23.6508412Z hint: 'development'. The just-created branch can be renamed via this command:
2026-10-04T01:40:23.6509710Z hint:
2026-10-04T01:40:23.6510372Z hint: 	git branch -m <name>
2026-10-04T01:40:23.6511105Z hint:
2026-10-04T01:40:23.6512087Z hint: Disable this message with "git config set advice.defaultBranchName false"
2026-10-04T01:40:23.6513749Z Initialized empty Git repository in /home/runner/work/AIRLOCK/AIRLOCK/.git/
2026-10-04T01:40:23.6527325Z [command]/usr/bin/git remote add origin https://github.com/Changxin-YR/AIRLOCK
2026-10-04T01:40:23.6575644Z ##[endgroup]
2026-10-04T01:40:23.6576879Z ##[group]Disabling automatic garbage collection
2026-10-04T01:40:23.6581969Z [command]/usr/bin/git config --local gc.auto 0
2026-10-04T01:40:23.6615934Z ##[endgroup]
2026-10-04T01:40:23.6617107Z ##[group]Setting up auth
2026-10-04T01:40:23.6623376Z [command]/usr/bin/git config --local --name-only --get-regexp core\.sshCommand
2026-10-04T01:40:23.6661941Z [command]/usr/bin/git submodule foreach --recursive sh -c "git config --local --name-only --get-regexp 'core\.sshCommand' && git config --local --unset-all 'core.sshCommand' || :"
2026-10-04T01:40:23.7047006Z [command]/usr/bin/git config --local --name-only --get-regexp http\.https\:\/\/github\.com\/\.extraheader
2026-10-04T01:40:23.7101607Z [command]/usr/bin/git submodule foreach --recursive sh -c "git config --local --name-only --get-regexp 'http\.https\:\/\/github\.com\/\.extraheader' && git config --local --unset-all 'http.https://github.com/.extraheader' || :"
2026-10-04T01:40:23.7340209Z [command]/usr/bin/git config --local --name-only --get-regexp ^includeIf\.gitdir:
2026-10-04T01:40:23.7378196Z [command]/usr/bin/git submodule foreach --recursive git config --local --show-origin --name-only --get-regexp remote.origin.url
2026-10-04T01:40:23.7627572Z [command]/usr/bin/git config --local http.https://github.com/.extraheader AUTHORIZATION: basic ***
2026-10-04T01:40:23.7671268Z ##[endgroup]
2026-10-04T01:40:23.7681286Z ##[group]Fetching the repository
2026-10-04T01:40:23.7683460Z [command]/usr/bin/git -c protocol.version=2 fetch --no-tags --prune --no-recurse-submodules --depth=1 origin 7088ffbb9a5b38636240f226a885f1467b58f7b9
2026-10-04T01:40:26.2480565Z From https://github.com/Changxin-YR/AIRLOCK
2026-10-04T01:40:26.2482295Z  * branch            7088ffbb9a5b38636240f226a885f1467b58f7b9 -> FETCH_HEAD
2026-10-04T01:40:26.2486590Z ##[endgroup]
2026-10-04T01:40:26.2487533Z ##[group]Determining the checkout info
2026-10-04T01:40:26.2488410Z ##[endgroup]
2026-10-04T01:40:26.2494946Z [command]/usr/bin/git sparse-checkout disable
2026-10-04T01:40:26.2551914Z [command]/usr/bin/git config --local --unset-all extensions.worktreeConfig
2026-10-04T01:40:26.2588307Z ##[group]Checking out the ref
2026-10-04T01:40:26.2592513Z [command]/usr/bin/git checkout --progress --force 7088ffbb9a5b38636240f226a885f1467b58f7b9
2026-10-04T01:40:26.4792369Z Note: switching to '7088ffbb9a5b38636240f226a885f1467b58f7b9'.
2026-10-04T01:40:26.4793269Z 
2026-10-04T01:40:26.4793680Z You are in 'detached HEAD' state. You can look around, make experimental
2026-10-04T01:40:26.4794703Z changes and commit them, and you can discard any commits you make in this
2026-10-04T01:40:26.4796245Z state without impacting any branches by switching back to a branch.
2026-10-04T01:40:26.4796930Z 
2026-10-04T01:40:26.4797383Z If you want to create a new branch to retain commits you create, you may
2026-10-04T01:40:26.4798234Z do so (now or later) by using -c with the switch command. Example:
2026-10-04T01:40:26.4799051Z 
2026-10-04T01:40:26.4799397Z   git switch -c <new-branch-name>
2026-10-04T01:40:26.4799751Z 
2026-10-04T01:40:26.4799969Z Or undo this operation with:
2026-10-04T01:40:26.4800285Z 
2026-10-04T01:40:26.4800451Z   git switch -
2026-10-04T01:40:26.4800728Z 
2026-10-04T01:40:26.4801436Z Turn off this advice by setting config variable advice.detachedHead to false
2026-10-04T01:40:26.4802029Z 
2026-10-04T01:40:26.4802553Z HEAD is now at 7088ffb Archive startup preflight evidence and refresh complete target acceptance
2026-10-04T01:40:26.4818550Z ##[endgroup]
2026-10-04T01:40:26.4868778Z [command]/usr/bin/git log -1 --format=%H
2026-10-04T01:40:26.4898452Z 7088ffbb9a5b38636240f226a885f1467b58f7b9
2026-10-04T01:40:26.5133766Z ##[group]Run mkdir -p evidence
2026-10-04T01:40:26.5134212Z [36;1mmkdir -p evidence[0m
2026-10-04T01:40:26.5134588Z [36;1mpython3 scripts/archive_source.py[0m
2026-10-04T01:40:26.5135005Z [36;1mgit rev-parse HEAD > evidence/commit.txt[0m
2026-10-04T01:40:26.5397025Z shell: /usr/bin/bash --noprofile --norc -e -o pipefail {0}
2026-10-04T01:40:26.5397473Z env:
2026-10-04T01:40:26.5397757Z   NEXT_TELEMETRY_DISABLED: 1
2026-10-04T01:40:26.5398108Z ##[endgroup]
2026-10-04T01:40:26.6663584Z Archived tracked source and documentation; historical evidence remains separately versioned in Git.
2026-10-04T01:40:26.6843885Z ##[group]Run actions/setup-python@v5
2026-10-04T01:40:26.6844256Z with:
2026-10-04T01:40:26.6844540Z   python-version: 3.13
2026-10-04T01:40:26.6844833Z   check-latest: false
2026-10-04T01:40:26.6847578Z   token: ***
2026-10-04T01:40:26.6847865Z   update-environment: true
2026-10-04T01:40:26.6848211Z   allow-prereleases: false
2026-10-04T01:40:26.6848520Z   freethreaded: false
2026-10-04T01:40:26.6848929Z env:
2026-10-04T01:40:26.6849204Z   NEXT_TELEMETRY_DISABLED: 1
2026-10-04T01:40:26.6849510Z ##[endgroup]
2026-10-04T01:40:26.8164992Z ##[group]Installed versions
2026-10-04T01:40:26.8300995Z (node:2399) [DEP0040] DeprecationWarning: The `punycode` module is deprecated. Please use a userland alternative instead.
2026-10-04T01:40:26.8303425Z Successfully set up CPython (3.13.15)
2026-10-04T01:40:26.8304316Z ##[endgroup]
2026-10-04T01:40:26.8330579Z (Use `node --trace-deprecation ...` to show where the warning was created)
2026-10-04T01:40:26.8436089Z ##[group]Run python scripts/run_logged.py evidence/sqlite-runtime-build.log -- python scripts/build_sqlite_runtime.py --prefix "$RUNNER_TEMP/airlock-sqlite-runtime" --output evidence/sqlite-runtime-build.json
2026-10-04T01:40:26.8437679Z [36;1mpython scripts/run_logged.py evidence/sqlite-runtime-build.log -- python scripts/build_sqlite_runtime.py --prefix "$RUNNER_TEMP/airlock-sqlite-runtime" --output evidence/sqlite-runtime-build.json[0m
2026-10-04T01:40:26.8439397Z [36;1mprintf '%s\n' "$RUNNER_TEMP/airlock-sqlite-runtime/lib" | sudo tee /etc/ld.so.conf.d/00-airlock-sqlite.conf > /dev/null[0m
2026-10-04T01:40:26.8440121Z [36;1msudo ldconfig[0m
2026-10-04T01:40:26.8525484Z shell: /usr/bin/bash --noprofile --norc -e -o pipefail {0}
2026-10-04T01:40:26.8525933Z env:
2026-10-04T01:40:26.8526213Z   NEXT_TELEMETRY_DISABLED: 1
2026-10-04T01:40:26.8526631Z   pythonLocation: /opt/hostedtoolcache/Python/3.13.15/x64
2026-10-04T01:40:26.8527216Z   PKG_CONFIG_PATH: /opt/hostedtoolcache/Python/3.13.15/x64/lib/pkgconfig
2026-10-04T01:40:26.8527740Z   Python_ROOT_DIR: /opt/hostedtoolcache/Python/3.13.15/x64
2026-10-04T01:40:26.8528195Z   Python2_ROOT_DIR: /opt/hostedtoolcache/Python/3.13.15/x64
2026-10-04T01:40:26.8528924Z   Python3_ROOT_DIR: /opt/hostedtoolcache/Python/3.13.15/x64
2026-10-04T01:40:26.8529435Z   LD_LIBRARY_PATH: /opt/hostedtoolcache/Python/3.13.15/x64/lib
2026-10-04T01:40:26.8530069Z ##[endgroup]
2026-10-04T01:41:00.4252622Z {
2026-10-04T01:41:00.4260898Z   "mode": "official_source_shared_runtime",
2026-10-04T01:41:00.4261574Z   "platform": "Linux-6.17.0-1022-azure-x86_64-with-glibc2.39",
2026-10-04T01:41:00.4262170Z   "pin": {
2026-10-04T01:41:00.4262471Z     "version": "3.53.1",
2026-10-04T01:41:00.4263165Z     "source_id": "2026-05-05 10:34:17 c88b22011a54b4f6fbd149e9f8e4de77658ce58143a1af0e3785e4e6475127e9",
2026-10-04T01:41:00.4264125Z     "archive_url": "https://sqlite.org/2026/sqlite-autoconf-3530100.tar.gz",
2026-10-04T01:41:00.4265058Z     "archive_sha256": "83e6b2020a034e9a7ad4a72feea59e1ad52f162e09cbd26735a3ffb98359fc4f",
2026-10-04T01:41:00.4265868Z     "amalgamation_path": "sqlite-autoconf-3530100/sqlite3.c",
2026-10-04T01:41:00.4266712Z     "amalgamation_sha3_256": "414432ae5719f6cdc485f3927e12c7ad107e2b8c6b434e5df2eadb5312bfabb5",
2026-10-04T01:41:00.4267629Z     "release_reference": "https://sqlite.org/releaselog/3_53_1.html",
2026-10-04T01:41:00.4268315Z     "fix_reference": "https://sqlite.org/wal.html#walresetbug"
2026-10-04T01:41:00.4269139Z   },
2026-10-04T01:41:00.4269514Z   "compiler": "cc (Ubuntu 13.3.0-6ubuntu2~24.04.1) 13.3.0",
2026-10-04T01:41:00.4270037Z   "compiler_flags": [
2026-10-04T01:41:00.4270376Z     "-O2",
2026-10-04T01:41:00.4270668Z     "-fPIC",
2026-10-04T01:41:00.4270962Z     "-shared",
2026-10-04T01:41:00.4271310Z     "-Wl,-soname,libsqlite3.so.0",
2026-10-04T01:41:00.4271742Z     "-DSQLITE_THREADSAFE=1",
2026-10-04T01:41:00.4272146Z     "-DSQLITE_ENABLE_COLUMN_METADATA",
2026-10-04T01:41:00.4272429Z     "-DSQLITE_ENABLE_FTS3",
2026-10-04T01:41:00.4272684Z     "-DSQLITE_ENABLE_FTS5",
2026-10-04T01:41:00.4272923Z     "-DSQLITE_ENABLE_RTREE",
2026-10-04T01:41:00.4273172Z     "-DSQLITE_ENABLE_DBSTAT_VTAB",
2026-10-04T01:41:00.4273444Z     "-DSQLITE_ENABLE_MATH_FUNCTIONS",
2026-10-04T01:41:00.4273713Z     "-DSQLITE_USE_URI=1"
2026-10-04T01:41:00.4273943Z   ],
2026-10-04T01:41:00.4274297Z   "library": "/home/runner/work/_temp/airlock-sqlite-runtime/lib/libsqlite3.so.0",
2026-10-04T01:41:00.4274904Z   "library_sha256": "f826cb46ed8fb7b0c33f603eb8b8e8cf6026031f3dc455aa87b0032cf8a9dee2",
2026-10-04T01:41:00.4275361Z   "verified_python_runtime": {
2026-10-04T01:41:00.4275623Z     "version": "3.53.1",
2026-10-04T01:41:00.4276056Z     "source_id": "2026-05-05 10:34:17 c88b22011a54b4f6fbd149e9f8e4de77658ce58143a1af0e3785e4e6475127e9",
2026-10-04T01:41:00.4276518Z     "compile_options": [
2026-10-04T01:41:00.4276759Z       "ATOMIC_INTRINSICS=1",
2026-10-04T01:41:00.4277013Z       "COMPILER=gcc-13.3.0",
2026-10-04T01:41:00.4277551Z       "DEFAULT_AUTOVACUUM",
2026-10-04T01:41:00.4277819Z       "DEFAULT_CACHE_SIZE=-2000",
2026-10-04T01:41:00.4278086Z       "DEFAULT_FILE_FORMAT=4",
2026-10-04T01:41:00.4278349Z       "DEFAULT_JOURNAL_SIZE_LIMIT=-1",
2026-10-04T01:41:00.4278845Z       "DEFAULT_MMAP_SIZE=0",
2026-10-04T01:41:00.4279203Z       "DEFAULT_PAGE_SIZE=4096",
2026-10-04T01:41:00.4279568Z       "DEFAULT_PCACHE_INITSZ=20",
2026-10-04T01:41:00.4279972Z       "DEFAULT_RECURSIVE_TRIGGERS",
2026-10-04T01:41:00.4280375Z       "DEFAULT_SECTOR_SIZE=4096",
2026-10-04T01:41:00.4280755Z       "DEFAULT_SYNCHRONOUS=2",
2026-10-04T01:41:00.4281132Z       "DEFAULT_WAL_AUTOCHECKPOINT=1000",
2026-10-04T01:41:00.4281573Z       "DEFAULT_WAL_SYNCHRONOUS=2",
2026-10-04T01:41:00.4281976Z       "DEFAULT_WORKER_THREADS=0",
2026-10-04T01:41:00.4282384Z       "DIRECT_OVERFLOW_READ",
2026-10-04T01:41:00.4282790Z       "ENABLE_COLUMN_METADATA",
2026-10-04T01:41:00.4283184Z       "ENABLE_DBSTAT_VTAB",
2026-10-04T01:41:00.4283552Z       "ENABLE_FTS3",
2026-10-04T01:41:00.4283897Z       "ENABLE_FTS5",
2026-10-04T01:41:00.4284235Z       "ENABLE_MATH_FUNCTIONS",
2026-10-04T01:41:00.4284616Z       "ENABLE_RTREE",
2026-10-04T01:41:00.4284966Z       "MALLOC_SOFT_LIMIT=1024",
2026-10-04T01:41:00.4285337Z       "MAX_ATTACHED=10",
2026-10-04T01:41:00.4285697Z       "MAX_COLUMN=2000",
2026-10-04T01:41:00.4286054Z       "MAX_COMPOUND_SELECT=500",
2026-10-04T01:41:00.4286729Z       "MAX_DEFAULT_PAGE_SIZE=8192",
2026-10-04T01:41:00.4287151Z       "MAX_EXPR_DEPTH=1000",
2026-10-04T01:41:00.4287531Z       "MAX_FUNCTION_ARG=1000",
2026-10-04T01:41:00.4287908Z       "MAX_LENGTH=1000000000",
2026-10-04T01:41:00.4288307Z       "MAX_LIKE_PATTERN_LENGTH=50000",
2026-10-04T01:41:00.4289049Z       "MAX_MMAP_SIZE=0x7fff0000",
2026-10-04T01:41:00.4289499Z       "MAX_PAGE_COUNT=0xfffffffe",
2026-10-04T01:41:00.4289895Z       "MAX_PAGE_SIZE=65536",
2026-10-04T01:41:00.4290232Z       "MAX_SQL_LENGTH=1000000000",
2026-10-04T01:41:00.4290636Z       "MAX_TRIGGER_DEPTH=1000",
2026-10-04T01:41:00.4291056Z       "MAX_VARIABLE_NUMBER=32766",
2026-10-04T01:41:00.4291460Z       "MAX_VDBE_OP=250000000",
2026-10-04T01:41:00.4291838Z       "MAX_WORKER_THREADS=8",
2026-10-04T01:41:00.4292224Z       "MUTEX_PTHREADS",
2026-10-04T01:41:00.4292580Z       "SYSTEM_MALLOC",
2026-10-04T01:41:00.4292932Z       "TEMP_STORE=1",
2026-10-04T01:41:00.4293287Z       "THREADSAFE=1",
2026-10-04T01:41:00.4293621Z       "USE_URI"
2026-10-04T01:41:00.4293945Z     ]
2026-10-04T01:41:00.4294231Z   },
2026-10-04T01:41:00.4294561Z   "child_exit_code": 0,
2026-10-04T01:41:00.4294952Z   "system_library_replaced": false
2026-10-04T01:41:00.4295353Z }
2026-10-04T01:41:00.7133541Z ##[group]Run python scripts/run_logged.py evidence/sqlite-runtime-linked.log -- env -u LD_LIBRARY_PATH python -m airlock.sqlite_runtime --pin-file configs/sqlite-runtime.json --build-report evidence/sqlite-runtime-build.json --output evidence/sqlite-runtime-linked.json
2026-10-04T01:41:00.7135391Z [36;1mpython scripts/run_logged.py evidence/sqlite-runtime-linked.log -- env -u LD_LIBRARY_PATH python -m airlock.sqlite_runtime --pin-file configs/sqlite-runtime.json --build-report evidence/sqlite-runtime-build.json --output evidence/sqlite-runtime-linked.json[0m
2026-10-04T01:41:00.7204757Z shell: /usr/bin/bash --noprofile --norc -e -o pipefail {0}
2026-10-04T01:41:00.7205101Z env:
2026-10-04T01:41:00.7205315Z   NEXT_TELEMETRY_DISABLED: 1
2026-10-04T01:41:00.7205655Z   pythonLocation: /opt/hostedtoolcache/Python/3.13.15/x64
2026-10-04T01:41:00.7206098Z   PKG_CONFIG_PATH: /opt/hostedtoolcache/Python/3.13.15/x64/lib/pkgconfig
2026-10-04T01:41:00.7206558Z   Python_ROOT_DIR: /opt/hostedtoolcache/Python/3.13.15/x64
2026-10-04T01:41:00.7206963Z   Python2_ROOT_DIR: /opt/hostedtoolcache/Python/3.13.15/x64
2026-10-04T01:41:00.7207338Z   Python3_ROOT_DIR: /opt/hostedtoolcache/Python/3.13.15/x64
2026-10-04T01:41:00.7207716Z   LD_LIBRARY_PATH: /opt/hostedtoolcache/Python/3.13.15/x64/lib
2026-10-04T01:41:00.7208038Z ##[endgroup]
2026-10-04T01:41:00.8201729Z {
2026-10-04T01:41:00.8202088Z   "version": "3.53.1",
2026-10-04T01:41:00.8202817Z   "source_id": "2026-05-05 10:34:17 c88b22011a54b4f6fbd149e9f8e4de77658ce58143a1af0e3785e4e6475127e9",
2026-10-04T01:41:00.8203610Z   "wal_reset_fix": "upstream_fixed_version",
2026-10-04T01:41:00.8203973Z   "compile_options": [
2026-10-04T01:41:00.8204213Z     "ATOMIC_INTRINSICS=1",
2026-10-04T01:41:00.8204469Z     "COMPILER=gcc-13.3.0",
2026-10-04T01:41:00.8204753Z     "DEFAULT_AUTOVACUUM",
2026-10-04T01:41:00.8204988Z     "DEFAULT_CACHE_SIZE=-2000",
2026-10-04T01:41:00.8205241Z     "DEFAULT_FILE_FORMAT=4",
2026-10-04T01:41:00.8205507Z     "DEFAULT_JOURNAL_SIZE_LIMIT=-1",
2026-10-04T01:41:00.8205786Z     "DEFAULT_MMAP_SIZE=0",
2026-10-04T01:41:00.8206073Z     "DEFAULT_PAGE_SIZE=4096",
2026-10-04T01:41:00.8206460Z     "DEFAULT_PCACHE_INITSZ=20",
2026-10-04T01:41:00.8206835Z     "DEFAULT_RECURSIVE_TRIGGERS",
2026-10-04T01:41:00.8207196Z     "DEFAULT_SECTOR_SIZE=4096",
2026-10-04T01:41:00.8207462Z     "DEFAULT_SYNCHRONOUS=2",
2026-10-04T01:41:00.8207718Z     "DEFAULT_WAL_AUTOCHECKPOINT=1000",
2026-10-04T01:41:00.8208000Z     "DEFAULT_WAL_SYNCHRONOUS=2",
2026-10-04T01:41:00.8208257Z     "DEFAULT_WORKER_THREADS=0",
2026-10-04T01:41:00.8208497Z     "DIRECT_OVERFLOW_READ",
2026-10-04T01:41:00.8208985Z     "ENABLE_COLUMN_METADATA",
2026-10-04T01:41:00.8209221Z     "ENABLE_DBSTAT_VTAB",
2026-10-04T01:41:00.8209449Z     "ENABLE_FTS3",
2026-10-04T01:41:00.8209906Z     "ENABLE_FTS5",
2026-10-04T01:41:00.8210118Z     "ENABLE_MATH_FUNCTIONS",
2026-10-04T01:41:00.8210346Z     "ENABLE_RTREE",
2026-10-04T01:41:00.8210558Z     "MALLOC_SOFT_LIMIT=1024",
2026-10-04T01:41:00.8210800Z     "MAX_ATTACHED=10",
2026-10-04T01:41:00.8211051Z     "MAX_COLUMN=2000",
2026-10-04T01:41:00.8211272Z     "MAX_COMPOUND_SELECT=500",
2026-10-04T01:41:00.8211519Z     "MAX_DEFAULT_PAGE_SIZE=8192",
2026-10-04T01:41:00.8211769Z     "MAX_EXPR_DEPTH=1000",
2026-10-04T01:41:00.8211998Z     "MAX_FUNCTION_ARG=1000",
2026-10-04T01:41:00.8212229Z     "MAX_LENGTH=1000000000",
2026-10-04T01:41:00.8212464Z     "MAX_LIKE_PATTERN_LENGTH=50000",
2026-10-04T01:41:00.8212724Z     "MAX_MMAP_SIZE=0x7fff0000",
2026-10-04T01:41:00.8212964Z     "MAX_PAGE_COUNT=0xfffffffe",
2026-10-04T01:41:00.8213209Z     "MAX_PAGE_SIZE=65536",
2026-10-04T01:41:00.8213434Z     "MAX_SQL_LENGTH=1000000000",
2026-10-04T01:41:00.8213667Z     "MAX_TRIGGER_DEPTH=1000",
2026-10-04T01:41:00.8213901Z     "MAX_VARIABLE_NUMBER=32766",
2026-10-04T01:41:00.8214143Z     "MAX_VDBE_OP=250000000",
2026-10-04T01:41:00.8214374Z     "MAX_WORKER_THREADS=8",
2026-10-04T01:41:00.8214605Z     "MUTEX_PTHREADS",
2026-10-04T01:41:00.8214831Z     "SYSTEM_MALLOC",
2026-10-04T01:41:00.8215238Z     "TEMP_STORE=1",
2026-10-04T01:41:00.8215447Z     "THREADSAFE=1",
2026-10-04T01:41:00.8215646Z     "USE_URI"
2026-10-04T01:41:00.8215864Z   ],
2026-10-04T01:41:00.8216054Z   "python": "3.13.15",
2026-10-04T01:41:00.8216283Z   "sqlite_threadsafety": 3,
2026-10-04T01:41:00.8216518Z   "pin_verified": true,
2026-10-04T01:41:00.8216907Z   "archive_sha256": "83e6b2020a034e9a7ad4a72feea59e1ad52f162e09cbd26735a3ffb98359fc4f",
2026-10-04T01:41:00.8217706Z   "amalgamation_sha3_256": "414432ae5719f6cdc485f3927e12c7ad107e2b8c6b434e5df2eadb5312bfabb5",
2026-10-04T01:41:00.8218187Z   "loaded_shared_library_files": [
2026-10-04T01:41:00.8218443Z     {
2026-10-04T01:41:00.8218951Z       "path": "/home/runner/work/_temp/airlock-sqlite-runtime/lib/libsqlite3.so.0",
2026-10-04T01:41:00.8219563Z       "bytes": 1591216,
2026-10-04T01:41:00.8220122Z       "sha256": "f826cb46ed8fb7b0c33f603eb8b8e8cf6026031f3dc455aa87b0032cf8a9dee2"
2026-10-04T01:41:00.8220753Z     }
2026-10-04T01:41:00.8221022Z   ],
2026-10-04T01:41:00.8221352Z   "loaded_shared_libraries": [
2026-10-04T01:41:00.8221921Z     "/home/runner/work/_temp/airlock-sqlite-runtime/lib/libsqlite3.so.0"
2026-10-04T01:41:00.8222303Z   ],
2026-10-04T01:41:00.8222505Z   "build_report_verified": true,
2026-10-04T01:41:00.8222948Z   "build_report_sha256": "df942eb5a313c85336ab90b038173f4d07778024674bed89ebec429d2846269d"
2026-10-04T01:41:00.8223373Z }
2026-10-04T01:41:00.8410327Z ##[group]Run actions/setup-node@v4
2026-10-04T01:41:00.8410610Z with:
2026-10-04T01:41:00.8410813Z   node-version: 22
2026-10-04T01:41:00.8411035Z   always-auth: false
2026-10-04T01:41:00.8411260Z   check-latest: false
2026-10-04T01:41:00.8413864Z   token: ***
2026-10-04T01:41:00.8414073Z env:
2026-10-04T01:41:00.8414278Z   NEXT_TELEMETRY_DISABLED: 1
2026-10-04T01:41:00.8414623Z   pythonLocation: /opt/hostedtoolcache/Python/3.13.15/x64
2026-10-04T01:41:00.8415083Z   PKG_CONFIG_PATH: /opt/hostedtoolcache/Python/3.13.15/x64/lib/pkgconfig
2026-10-04T01:41:00.8415519Z   Python_ROOT_DIR: /opt/hostedtoolcache/Python/3.13.15/x64
2026-10-04T01:41:00.8415909Z   Python2_ROOT_DIR: /opt/hostedtoolcache/Python/3.13.15/x64
2026-10-04T01:41:00.8416326Z   Python3_ROOT_DIR: /opt/hostedtoolcache/Python/3.13.15/x64
2026-10-04T01:41:00.8416717Z   LD_LIBRARY_PATH: /opt/hostedtoolcache/Python/3.13.15/x64/lib
2026-10-04T01:41:00.8417038Z ##[endgroup]
2026-10-04T01:41:00.9935675Z Found in cache @ /opt/hostedtoolcache/node/22.23.3/x64
2026-10-04T01:41:00.9939447Z (node:2446) [DEP0040] DeprecationWarning: The `punycode` module is deprecated. Please use a userland alternative instead.
2026-10-04T01:41:00.9940292Z (Use `node --trace-deprecation ...` to show where the warning was created)
2026-10-04T01:41:00.9941846Z ##[group]Environment details
2026-10-04T01:41:01.3687268Z node: v22.23.3
2026-10-04T01:41:01.3687974Z npm: 10.9.9
2026-10-04T01:41:01.3688188Z yarn: 1.22.22
2026-10-04T01:41:01.3689161Z ##[endgroup]
2026-10-04T01:41:01.3814828Z ##[group]Run python -m pip install -r requirements-dev.txt
2026-10-04T01:41:01.3815296Z [36;1mpython -m pip install -r requirements-dev.txt[0m
2026-10-04T01:41:01.3890448Z shell: /usr/bin/bash --noprofile --norc -e -o pipefail {0}
2026-10-04T01:41:01.3890813Z env:
2026-10-04T01:41:01.3891028Z   NEXT_TELEMETRY_DISABLED: 1
2026-10-04T01:41:01.3891346Z   pythonLocation: /opt/hostedtoolcache/Python/3.13.15/x64
2026-10-04T01:41:01.3891789Z   PKG_CONFIG_PATH: /opt/hostedtoolcache/Python/3.13.15/x64/lib/pkgconfig
2026-10-04T01:41:01.3892212Z   Python_ROOT_DIR: /opt/hostedtoolcache/Python/3.13.15/x64
2026-10-04T01:41:01.3892598Z   Python2_ROOT_DIR: /opt/hostedtoolcache/Python/3.13.15/x64
2026-10-04T01:41:01.3892996Z   Python3_ROOT_DIR: /opt/hostedtoolcache/Python/3.13.15/x64
2026-10-04T01:41:01.3893379Z   LD_LIBRARY_PATH: /opt/hostedtoolcache/Python/3.13.15/x64/lib
2026-10-04T01:41:01.3893724Z ##[endgroup]
2026-10-04T01:41:03.1363115Z Collecting fastapi==0.142.2 (from -r /home/runner/work/AIRLOCK/AIRLOCK/requirements.txt (line 1))
2026-10-04T01:41:03.2240828Z   Downloading fastapi-0.142.2-py3-none-any.whl.metadata (27 kB)
2026-10-04T01:41:03.2755258Z Collecting starlette==1.7.0 (from -r /home/runner/work/AIRLOCK/AIRLOCK/requirements.txt (line 2))
2026-10-04T01:41:03.2838900Z   Downloading starlette-1.7.0-py3-none-any.whl.metadata (6.6 kB)
2026-10-04T01:41:03.4130858Z Collecting pydantic==2.13.5 (from -r /home/runner/work/AIRLOCK/AIRLOCK/requirements.txt (line 3))
2026-10-04T01:41:03.4237978Z   Downloading pydantic-2.13.5-py3-none-any.whl.metadata (110 kB)
2026-10-04T01:41:03.4771007Z Collecting uvicorn==0.48.0 (from -r /home/runner/work/AIRLOCK/AIRLOCK/requirements.txt (line 4))
2026-10-04T01:41:03.4884608Z   Downloading uvicorn-0.48.0-py3-none-any.whl.metadata (6.7 kB)
2026-10-04T01:41:03.5168386Z Collecting httpx==0.28.1 (from -r /home/runner/work/AIRLOCK/AIRLOCK/requirements.txt (line 5))
2026-10-04T01:41:03.5272805Z   Downloading httpx-0.28.1-py3-none-any.whl.metadata (7.1 kB)
2026-10-04T01:41:03.5602081Z Collecting httpcore==1.0.9 (from -r /home/runner/work/AIRLOCK/AIRLOCK/requirements.txt (line 6))
2026-10-04T01:41:03.5705912Z   Downloading httpcore-1.0.9-py3-none-any.whl.metadata (21 kB)
2026-10-04T01:41:03.5978431Z Collecting cel-python==0.4.0 (from -r /home/runner/work/AIRLOCK/AIRLOCK/requirements.txt (line 7))
2026-10-04T01:41:03.6089891Z   Downloading cel_python-0.4.0-py3-none-any.whl.metadata (8.5 kB)
2026-10-04T01:41:03.6582702Z Collecting PyYAML==6.0.3 (from -r /home/runner/work/AIRLOCK/AIRLOCK/requirements.txt (line 8))
2026-10-04T01:41:03.6693408Z   Downloading pyyaml-6.0.3-cp313-cp313-manylinux2014_x86_64.manylinux_2_17_x86_64.manylinux_2_28_x86_64.whl.metadata (2.4 kB)
2026-10-04T01:41:03.6960074Z Collecting PyJWT==2.15.1 (from -r /home/runner/work/AIRLOCK/AIRLOCK/requirements.txt (line 9))
2026-10-04T01:41:03.7065472Z   Downloading pyjwt-2.15.1-py3-none-any.whl.metadata (3.5 kB)
2026-10-04T01:41:03.9141295Z Collecting cryptography==50.0.2 (from -r /home/runner/work/AIRLOCK/AIRLOCK/requirements.txt (line 10))
2026-10-04T01:41:03.9279126Z   Downloading cryptography-50.0.2-cp311-abi3-manylinux_2_34_x86_64.whl.metadata (4.4 kB)
2026-10-04T01:41:04.1467821Z Collecting boto3==1.43.107 (from -r /home/runner/work/AIRLOCK/AIRLOCK/requirements-archive.txt (line 2))
2026-10-04T01:41:04.1588406Z   Downloading boto3-1.43.107-py3-none-any.whl.metadata (6.6 kB)
2026-10-04T01:41:04.4037839Z Collecting botocore==1.43.107 (from -r /home/runner/work/AIRLOCK/AIRLOCK/requirements-archive.txt (line 3))
2026-10-04T01:41:04.4165773Z   Downloading botocore-1.43.107-py3-none-any.whl.metadata (5.6 kB)
2026-10-04T01:41:04.4434408Z Collecting s3transfer==0.19.2 (from -r /home/runner/work/AIRLOCK/AIRLOCK/requirements-archive.txt (line 4))
2026-10-04T01:41:04.4538306Z   Downloading s3transfer-0.19.2-py3-none-any.whl.metadata (1.7 kB)
2026-10-04T01:41:04.4909337Z Collecting pytest==9.0.2 (from -r requirements-dev.txt (line 3))
2026-10-04T01:41:04.5016476Z   Downloading pytest-9.0.2-py3-none-any.whl.metadata (7.6 kB)
2026-10-04T01:41:04.5575401Z Collecting playwright==1.57.0 (from -r requirements-dev.txt (line 4))
2026-10-04T01:41:04.5685684Z   Downloading playwright-1.57.0-py3-none-manylinux1_x86_64.whl.metadata (3.5 kB)
2026-10-04T01:41:04.5975654Z Collecting mcp==1.26.0 (from -r requirements-dev.txt (line 5))
2026-10-04T01:41:04.6083756Z   Downloading mcp-1.26.0-py3-none-any.whl.metadata (89 kB)
2026-10-04T01:41:04.6411816Z Collecting pip-audit==2.10.1 (from -r requirements-dev.txt (line 6))
2026-10-04T01:41:04.6527474Z   Downloading pip_audit-2.10.1-py3-none-any.whl.metadata (28 kB)
2026-10-04T01:41:04.6844190Z Collecting typing-extensions>=4.8.0 (from fastapi==0.142.2->-r /home/runner/work/AIRLOCK/AIRLOCK/requirements.txt (line 1))
2026-10-04T01:41:04.6947081Z   Downloading typing_extensions-4.16.0-py3-none-any.whl.metadata (3.3 kB)
2026-10-04T01:41:04.7166127Z Collecting typing-inspection>=0.4.2 (from fastapi==0.142.2->-r /home/runner/work/AIRLOCK/AIRLOCK/requirements.txt (line 1))
2026-10-04T01:41:04.7276792Z   Downloading typing_inspection-0.4.4-py3-none-any.whl.metadata (2.6 kB)
2026-10-04T01:41:04.7505372Z Collecting annotated-doc>=0.0.2 (from fastapi==0.142.2->-r /home/runner/work/AIRLOCK/AIRLOCK/requirements.txt (line 1))
2026-10-04T01:41:04.7610933Z   Downloading annotated_doc-0.0.5-py3-none-any.whl.metadata (6.5 kB)
2026-10-04T01:41:04.7910485Z Collecting opentelemetry-api>=1.44.0 (from fastapi==0.142.2->-r /home/runner/work/AIRLOCK/AIRLOCK/requirements.txt (line 1))
2026-10-04T01:41:04.8015530Z   Downloading opentelemetry_api-1.45.0-py3-none-any.whl.metadata (1.4 kB)
2026-10-04T01:41:04.8310614Z Collecting anyio<5,>=4.0.0 (from starlette==1.7.0->-r /home/runner/work/AIRLOCK/AIRLOCK/requirements.txt (line 2))
2026-10-04T01:41:04.8414841Z   Downloading anyio-4.15.1-py3-none-any.whl.metadata (4.7 kB)
2026-10-04T01:41:04.8640801Z Collecting annotated-types>=0.6.0 (from pydantic==2.13.5->-r /home/runner/work/AIRLOCK/AIRLOCK/requirements.txt (line 3))
2026-10-04T01:41:04.8749240Z   Downloading annotated_types-0.8.0-py3-none-any.whl.metadata (15 kB)
2026-10-04T01:41:05.5498460Z Collecting pydantic-core==2.46.5 (from pydantic==2.13.5->-r /home/runner/work/AIRLOCK/AIRLOCK/requirements.txt (line 3))
2026-10-04T01:41:05.5607429Z   Downloading pydantic_core-2.46.5-cp313-cp313-manylinux_2_17_x86_64.manylinux2014_x86_64.whl.metadata (6.6 kB)
2026-10-04T01:41:05.5901911Z Collecting click>=7.0 (from uvicorn==0.48.0->-r /home/runner/work/AIRLOCK/AIRLOCK/requirements.txt (line 4))
2026-10-04T01:41:05.6006320Z   Downloading click-8.5.0-py3-none-any.whl.metadata (2.6 kB)
2026-10-04T01:41:05.6238961Z Collecting h11>=0.8 (from uvicorn==0.48.0->-r /home/runner/work/AIRLOCK/AIRLOCK/requirements.txt (line 4))
2026-10-04T01:41:05.6345449Z   Downloading h11-0.16.0-py3-none-any.whl.metadata (8.3 kB)
2026-10-04T01:41:05.6638845Z Collecting certifi (from httpx==0.28.1->-r /home/runner/work/AIRLOCK/AIRLOCK/requirements.txt (line 5))
2026-10-04T01:41:05.6743848Z   Downloading certifi-2026.7.22-py3-none-any.whl.metadata (2.5 kB)
2026-10-04T01:41:05.7006150Z Collecting idna (from httpx==0.28.1->-r /home/runner/work/AIRLOCK/AIRLOCK/requirements.txt (line 5))
2026-10-04T01:41:05.7110760Z   Downloading idna-3.20-py3-none-any.whl.metadata (7.2 kB)
2026-10-04T01:41:05.7755177Z Collecting google-re2>=1.1.20240702 (from cel-python==0.4.0->-r /home/runner/work/AIRLOCK/AIRLOCK/requirements.txt (line 7))
2026-10-04T01:41:05.7879996Z   Downloading google_re2-1.1.20251105-1-cp313-cp313-manylinux_2_27_x86_64.manylinux_2_28_x86_64.whl.metadata (2.4 kB)
2026-10-04T01:41:05.8130207Z Collecting jmespath>=1.0.1 (from cel-python==0.4.0->-r /home/runner/work/AIRLOCK/AIRLOCK/requirements.txt (line 7))
2026-10-04T01:41:05.8234083Z   Downloading jmespath-1.1.0-py3-none-any.whl.metadata (7.6 kB)
2026-10-04T01:41:05.8477748Z Collecting lark>=1.2.2 (from cel-python==0.4.0->-r /home/runner/work/AIRLOCK/AIRLOCK/requirements.txt (line 7))
2026-10-04T01:41:05.8581600Z   Downloading lark-1.3.1-py3-none-any.whl.metadata (1.8 kB)
2026-10-04T01:41:05.9142088Z Collecting pendulum>=3.1.0 (from cel-python==0.4.0->-r /home/runner/work/AIRLOCK/AIRLOCK/requirements.txt (line 7))
2026-10-04T01:41:05.9256606Z   Downloading pendulum-3.2.0-cp313-cp313-manylinux_2_17_x86_64.manylinux2014_x86_64.whl.metadata (6.8 kB)
2026-10-04T01:41:06.0369265Z Collecting cffi>=2.0.0 (from cryptography==50.0.2->-r /home/runner/work/AIRLOCK/AIRLOCK/requirements.txt (line 10))
2026-10-04T01:41:06.0477888Z   Downloading cffi-2.1.1-cp313-cp313-manylinux2014_x86_64.manylinux_2_17_x86_64.whl.metadata (2.5 kB)
2026-10-04T01:41:06.0838132Z Collecting python-dateutil<3.0.0,>=2.1 (from botocore==1.43.107->-r /home/runner/work/AIRLOCK/AIRLOCK/requirements-archive.txt (line 3))
2026-10-04T01:41:06.0945510Z   Downloading python_dateutil-2.9.0.post0-py2.py3-none-any.whl.metadata (8.4 kB)
2026-10-04T01:41:06.1292887Z Collecting urllib3!=2.2.0,<3,>=1.25.4 (from botocore==1.43.107->-r /home/runner/work/AIRLOCK/AIRLOCK/requirements-archive.txt (line 3))
2026-10-04T01:41:06.1403655Z   Downloading urllib3-2.8.0-py3-none-any.whl.metadata (7.4 kB)
2026-10-04T01:41:06.1747425Z Collecting iniconfig>=1.0.1 (from pytest==9.0.2->-r requirements-dev.txt (line 3))
2026-10-04T01:41:06.1855034Z   Downloading iniconfig-2.3.0-py3-none-any.whl.metadata (2.5 kB)
2026-10-04T01:41:06.2136438Z Collecting packaging>=22 (from pytest==9.0.2->-r requirements-dev.txt (line 3))
2026-10-04T01:41:06.2244404Z   Downloading packaging-26.3-py3-none-any.whl.metadata (3.5 kB)
2026-10-04T01:41:06.2495107Z Collecting pluggy<2,>=1.5 (from pytest==9.0.2->-r requirements-dev.txt (line 3))
2026-10-04T01:41:06.2603251Z   Downloading pluggy-1.6.0-py3-none-any.whl.metadata (4.8 kB)
2026-10-04T01:41:06.2905118Z Collecting pygments>=2.7.2 (from pytest==9.0.2->-r requirements-dev.txt (line 3))
2026-10-04T01:41:06.3013455Z   Downloading pygments-2.21.0-py3-none-any.whl.metadata (2.5 kB)
2026-10-04T01:41:06.3272093Z Collecting pyee<14,>=13 (from playwright==1.57.0->-r requirements-dev.txt (line 4))
2026-10-04T01:41:06.3378087Z   Downloading pyee-13.0.1-py3-none-any.whl.metadata (3.0 kB)
2026-10-04T01:41:06.4917540Z Collecting greenlet<4.0.0,>=3.1.1 (from playwright==1.57.0->-r requirements-dev.txt (line 4))
2026-10-04T01:41:06.5027420Z   Downloading greenlet-3.5.6-cp313-cp313-manylinux_2_24_x86_64.manylinux_2_28_x86_64.whl.metadata (3.8 kB)
2026-10-04T01:41:06.5278405Z Collecting httpx-sse>=0.4 (from mcp==1.26.0->-r requirements-dev.txt (line 5))
2026-10-04T01:41:06.5386385Z   Downloading httpx_sse-0.4.3-py3-none-any.whl.metadata (9.7 kB)
2026-10-04T01:41:06.5701159Z Collecting jsonschema>=4.20.0 (from mcp==1.26.0->-r requirements-dev.txt (line 5))
2026-10-04T01:41:06.5807867Z   Downloading jsonschema-4.26.0-py3-none-any.whl.metadata (7.6 kB)
2026-10-04T01:41:06.6076557Z Collecting pydantic-settings>=2.5.2 (from mcp==1.26.0->-r requirements-dev.txt (line 5))
2026-10-04T01:41:06.6181655Z   Downloading pydantic_settings-2.15.0-py3-none-any.whl.metadata (3.9 kB)
2026-10-04T01:41:06.6447737Z Collecting python-multipart>=0.0.9 (from mcp==1.26.0->-r requirements-dev.txt (line 5))
2026-10-04T01:41:06.6553137Z   Downloading python_multipart-0.0.32-py3-none-any.whl.metadata (2.1 kB)
2026-10-04T01:41:06.6832177Z Collecting sse-starlette>=1.6.1 (from mcp==1.26.0->-r requirements-dev.txt (line 5))
2026-10-04T01:41:06.6938249Z   Downloading sse_starlette-3.5.0-py3-none-any.whl.metadata (15 kB)
2026-10-04T01:41:06.7353059Z Collecting CacheControl>=0.13.0 (from CacheControl[filecache]>=0.13.0->pip-audit==2.10.1->-r requirements-dev.txt (line 6))
2026-10-04T01:41:06.7494174Z   Downloading cachecontrol-0.14.4-py3-none-any.whl.metadata (3.1 kB)
2026-10-04T01:41:06.7866466Z Collecting cyclonedx-python-lib<12,>=5 (from pip-audit==2.10.1->-r requirements-dev.txt (line 6))
2026-10-04T01:41:06.7971481Z   Downloading cyclonedx_python_lib-11.12.0-py3-none-any.whl.metadata (6.9 kB)
2026-10-04T01:41:06.8237909Z Collecting pip-api>=0.0.28 (from pip-audit==2.10.1->-r requirements-dev.txt (line 6))
2026-10-04T01:41:06.8352051Z   Downloading pip_api-0.0.35-py3-none-any.whl.metadata (17 kB)
2026-10-04T01:41:06.8600802Z Collecting pip-requirements-parser>=32.0.0 (from pip-audit==2.10.1->-r requirements-dev.txt (line 6))
2026-10-04T01:41:06.8703821Z   Downloading pip_requirements_parser-32.0.1-py3-none-any.whl.metadata (9.3 kB)
2026-10-04T01:41:06.9027302Z Collecting requests>=2.31.0 (from pip-audit==2.10.1->-r requirements-dev.txt (line 6))
2026-10-04T01:41:06.9135396Z   Downloading requests-2.34.2-py3-none-any.whl.metadata (4.8 kB)
2026-10-04T01:41:06.9518270Z Collecting rich>=12.4 (from pip-audit==2.10.1->-r requirements-dev.txt (line 6))
2026-10-04T01:41:06.9628872Z   Downloading rich-15.0.0-py3-none-any.whl.metadata (18 kB)
2026-10-04T01:41:06.9958096Z Collecting tomli>=2.2.1 (from pip-audit==2.10.1->-r requirements-dev.txt (line 6))
2026-10-04T01:41:07.0064109Z   Downloading tomli-2.4.1-cp313-cp313-manylinux2014_x86_64.manylinux_2_17_x86_64.manylinux_2_28_x86_64.whl.metadata (10 kB)
2026-10-04T01:41:07.0319217Z Collecting tomli-w>=1.2.0 (from pip-audit==2.10.1->-r requirements-dev.txt (line 6))
2026-10-04T01:41:07.0423649Z   Downloading tomli_w-1.2.0-py3-none-any.whl.metadata (5.7 kB)
2026-10-04T01:41:07.0713097Z Collecting platformdirs>=4.2.0 (from pip-audit==2.10.1->-r requirements-dev.txt (line 6))
2026-10-04T01:41:07.0824476Z   Downloading platformdirs-4.12.3-py3-none-any.whl.metadata (5.5 kB)
2026-10-04T01:41:07.1125124Z Collecting license-expression<31,>=30 (from cyclonedx-python-lib<12,>=5->pip-audit==2.10.1->-r requirements-dev.txt (line 6))
2026-10-04T01:41:07.1232021Z   Downloading license_expression-30.4.4-py3-none-any.whl.metadata (11 kB)
2026-10-04T01:41:07.1554571Z Collecting packageurl-python<2,>=0.11 (from cyclonedx-python-lib<12,>=5->pip-audit==2.10.1->-r requirements-dev.txt (line 6))
2026-10-04T01:41:07.1659154Z   Downloading packageurl_python-0.17.6-py3-none-any.whl.metadata (5.1 kB)
2026-10-04T01:41:07.1938351Z Collecting py-serializable<3.0.0,>=2.1.0 (from cyclonedx-python-lib<12,>=5->pip-audit==2.10.1->-r requirements-dev.txt (line 6))
2026-10-04T01:41:07.2042824Z   Downloading py_serializable-2.1.0-py3-none-any.whl.metadata (4.3 kB)
2026-10-04T01:41:07.2280551Z Collecting sortedcontainers<3.0.0,>=2.4.0 (from cyclonedx-python-lib<12,>=5->pip-audit==2.10.1->-r requirements-dev.txt (line 6))
2026-10-04T01:41:07.2385291Z   Downloading sortedcontainers-2.4.0-py2.py3-none-any.whl.metadata (10 kB)
2026-10-04T01:41:07.2885136Z Collecting boolean.py>=4.0 (from license-expression<31,>=30->cyclonedx-python-lib<12,>=5->pip-audit==2.10.1->-r requirements-dev.txt (line 6))
2026-10-04T01:41:07.2989060Z   Downloading boolean_py-5.0-py3-none-any.whl.metadata (2.3 kB)
2026-10-04T01:41:07.3258126Z Collecting defusedxml<0.8.0,>=0.7.1 (from py-serializable<3.0.0,>=2.1.0->cyclonedx-python-lib<12,>=5->pip-audit==2.10.1->-r requirements-dev.txt (line 6))
2026-10-04T01:41:07.3365885Z   Downloading defusedxml-0.7.1-py2.py3-none-any.whl.metadata (32 kB)
2026-10-04T01:41:07.3649732Z Collecting six>=1.5 (from python-dateutil<3.0.0,>=2.1->botocore==1.43.107->-r /home/runner/work/AIRLOCK/AIRLOCK/requirements-archive.txt (line 3))
2026-10-04T01:41:07.3753270Z   Downloading six-1.17.0-py2.py3-none-any.whl.metadata (1.7 kB)
2026-10-04T01:41:07.4639037Z Collecting msgpack<2.0.0,>=0.5.2 (from CacheControl>=0.13.0->CacheControl[filecache]>=0.13.0->pip-audit==2.10.1->-r requirements-dev.txt (line 6))
2026-10-04T01:41:07.4745265Z   Downloading msgpack-1.2.3-cp313-cp313-manylinux2014_x86_64.manylinux_2_17_x86_64.manylinux_2_28_x86_64.whl.metadata (8.3 kB)
2026-10-04T01:41:07.5155391Z Collecting filelock>=3.8.0 (from CacheControl[filecache]>=0.13.0->pip-audit==2.10.1->-r requirements-dev.txt (line 6))
2026-10-04T01:41:07.5260847Z   Downloading filelock-4.0.10-py3-none-any.whl.metadata (2.0 kB)
2026-10-04T01:41:07.5500308Z Collecting pycparser (from cffi>=2.0.0->cryptography==50.0.2->-r /home/runner/work/AIRLOCK/AIRLOCK/requirements.txt (line 10))
2026-10-04T01:41:07.5603581Z   Downloading pycparser-3.0-py3-none-any.whl.metadata (8.2 kB)
2026-10-04T01:41:07.5888869Z Collecting attrs>=22.2.0 (from jsonschema>=4.20.0->mcp==1.26.0->-r requirements-dev.txt (line 5))
2026-10-04T01:41:07.5995841Z   Downloading attrs-26.1.0-py3-none-any.whl.metadata (8.8 kB)
2026-10-04T01:41:07.6277881Z Collecting jsonschema-specifications>=2023.03.6 (from jsonschema>=4.20.0->mcp==1.26.0->-r requirements-dev.txt (line 5))
2026-10-04T01:41:07.6388279Z   Downloading jsonschema_specifications-2025.9.1-py3-none-any.whl.metadata (2.9 kB)
2026-10-04T01:41:07.6681217Z Collecting referencing>=0.28.4 (from jsonschema>=4.20.0->mcp==1.26.0->-r requirements-dev.txt (line 5))
2026-10-04T01:41:07.6787106Z   Downloading referencing-0.37.0-py3-none-any.whl.metadata (2.8 kB)
2026-10-04T01:41:07.9197721Z Collecting rpds-py>=0.25.0 (from jsonschema>=4.20.0->mcp==1.26.0->-r requirements-dev.txt (line 5))
2026-10-04T01:41:07.9312005Z   Downloading rpds_py-2026.6.3-cp313-cp313-manylinux_2_17_x86_64.manylinux2014_x86_64.whl.metadata (4.1 kB)
2026-10-04T01:41:07.9675756Z Collecting tzdata>=2020.1 (from pendulum>=3.1.0->cel-python==0.4.0->-r /home/runner/work/AIRLOCK/AIRLOCK/requirements.txt (line 7))
2026-10-04T01:41:07.9782173Z   Downloading tzdata-2026.5-py2.py3-none-any.whl.metadata (1.4 kB)
2026-10-04T01:41:07.9822206Z Requirement already satisfied: pip in /opt/hostedtoolcache/Python/3.13.15/x64/lib/python3.13/site-packages (from pip-api>=0.0.28->pip-audit==2.10.1->-r requirements-dev.txt (line 6)) (26.2.1)
2026-10-04T01:41:08.0139826Z Collecting pyparsing (from pip-requirements-parser>=32.0.0->pip-audit==2.10.1->-r requirements-dev.txt (line 6))
2026-10-04T01:41:08.0245125Z   Downloading pyparsing-3.3.3-py3-none-any.whl.metadata (5.9 kB)
2026-10-04T01:41:08.0536810Z Collecting python-dotenv>=0.21.0 (from pydantic-settings>=2.5.2->mcp==1.26.0->-r requirements-dev.txt (line 5))
2026-10-04T01:41:08.0642381Z   Downloading python_dotenv-1.2.4-py3-none-any.whl.metadata (29 kB)
2026-10-04T01:41:08.2005330Z Collecting charset_normalizer<4,>=2 (from requests>=2.31.0->pip-audit==2.10.1->-r requirements-dev.txt (line 6))
2026-10-04T01:41:08.2114804Z   Downloading charset_normalizer-3.5.2-cp313-cp313-manylinux2014_x86_64.manylinux_2_17_x86_64.manylinux_2_28_x86_64.whl.metadata (46 kB)
2026-10-04T01:41:08.2467703Z Collecting markdown-it-py>=2.2.0 (from rich>=12.4->pip-audit==2.10.1->-r requirements-dev.txt (line 6))
2026-10-04T01:41:08.2576312Z   Downloading markdown_it_py-4.2.0-py3-none-any.whl.metadata (7.4 kB)
2026-10-04T01:41:08.2839887Z Collecting mdurl~=0.1 (from markdown-it-py>=2.2.0->rich>=12.4->pip-audit==2.10.1->-r requirements-dev.txt (line 6))
2026-10-04T01:41:08.2949855Z   Downloading mdurl-0.1.2-py3-none-any.whl.metadata (1.6 kB)
2026-10-04T01:41:08.3252665Z Downloading fastapi-0.142.2-py3-none-any.whl (144 kB)
2026-10-04T01:41:08.3402212Z Downloading starlette-1.7.0-py3-none-any.whl (78 kB)
2026-10-04T01:41:08.3531288Z Downloading pydantic-2.13.5-py3-none-any.whl (472 kB)
2026-10-04T01:41:08.3763354Z Downloading uvicorn-0.48.0-py3-none-any.whl (71 kB)
2026-10-04T01:41:08.3885301Z Downloading httpx-0.28.1-py3-none-any.whl (73 kB)
2026-10-04T01:41:08.4012077Z Downloading httpcore-1.0.9-py3-none-any.whl (78 kB)
2026-10-04T01:41:08.4138140Z Downloading cel_python-0.4.0-py3-none-any.whl (85 kB)
2026-10-04T01:41:08.4263861Z Downloading pyyaml-6.0.3-cp313-cp313-manylinux2014_x86_64.manylinux_2_17_x86_64.manylinux_2_28_x86_64.whl (801 kB)
2026-10-04T01:41:08.4411509Z    ━━━━━━━━━━━━━━━━━━━━━━━━━━━━━━━━━━━━━━━━ 801.6/801.6 kB 46.1 MB/s  0:00:00
2026-10-04T01:41:08.4518000Z Downloading pyjwt-2.15.1-py3-none-any.whl (33 kB)
2026-10-04T01:41:08.4641494Z Downloading cryptography-50.0.2-cp311-abi3-manylinux_2_34_x86_64.whl (4.8 MB)
2026-10-04T01:41:08.4989576Z    ━━━━━━━━━━━━━━━━━━━━━━━━━━━━━━━━━━━━━━━━ 4.8/4.8 MB 140.8 MB/s  0:00:00
2026-10-04T01:41:08.5095584Z Downloading boto3-1.43.107-py3-none-any.whl (140 kB)
2026-10-04T01:41:08.5234958Z Downloading botocore-1.43.107-py3-none-any.whl (16.0 MB)
2026-10-04T01:41:08.5775618Z    ━━━━━━━━━━━━━━━━━━━━━━━━━━━━━━━━━━━━━━━━ 16.0/16.0 MB 305.2 MB/s  0:00:00
2026-10-04T01:41:08.5884126Z Downloading s3transfer-0.19.2-py3-none-any.whl (90 kB)
2026-10-04T01:41:08.6013293Z Downloading pytest-9.0.2-py3-none-any.whl (374 kB)
2026-10-04T01:41:08.6146226Z Downloading playwright-1.57.0-py3-none-manylinux1_x86_64.whl (46.0 MB)
2026-10-04T01:41:08.7995547Z    ━━━━━━━━━━━━━━━━━━━━━━━━━━━━━━━━━━━━━━━━ 46.0/46.0 MB 251.4 MB/s  0:00:00
2026-10-04T01:41:08.8110813Z Downloading mcp-1.26.0-py3-none-any.whl (233 kB)
2026-10-04T01:41:08.8231149Z Downloading pip_audit-2.10.1-py3-none-any.whl (62 kB)
2026-10-04T01:41:08.8361470Z Downloading pydantic_core-2.46.5-cp313-cp313-manylinux_2_17_x86_64.manylinux2014_x86_64.whl (2.1 MB)
2026-10-04T01:41:08.8472536Z    ━━━━━━━━━━━━━━━━━━━━━━━━━━━━━━━━━━━━━━━━ 2.1/2.1 MB 219.6 MB/s  0:00:00
2026-10-04T01:41:08.8581641Z Downloading anyio-4.15.1-py3-none-any.whl (132 kB)
2026-10-04T01:41:08.8706544Z Downloading cyclonedx_python_lib-11.12.0-py3-none-any.whl (529 kB)
2026-10-04T01:41:08.8751480Z    ━━━━━━━━━━━━━━━━━━━━━━━━━━━━━━━━━━━━━━━━ 529.5/529.5 kB 115.5 MB/s  0:00:00
2026-10-04T01:41:08.8856413Z Downloading greenlet-3.5.6-cp313-cp313-manylinux_2_24_x86_64.manylinux_2_28_x86_64.whl (623 kB)
2026-10-04T01:41:08.8901518Z    ━━━━━━━━━━━━━━━━━━━━━━━━━━━━━━━━━━━━━━━━ 623.8/623.8 kB 142.5 MB/s  0:00:00
2026-10-04T01:41:08.9005174Z Downloading jmespath-1.1.0-py3-none-any.whl (20 kB)
2026-10-04T01:41:08.9125178Z Downloading license_expression-30.4.4-py3-none-any.whl (120 kB)
2026-10-04T01:41:08.9253956Z Downloading packageurl_python-0.17.6-py3-none-any.whl (36 kB)
2026-10-04T01:41:08.9376442Z Downloading pluggy-1.6.0-py3-none-any.whl (20 kB)
2026-10-04T01:41:08.9496770Z Downloading py_serializable-2.1.0-py3-none-any.whl (23 kB)
2026-10-04T01:41:08.9616864Z Downloading defusedxml-0.7.1-py2.py3-none-any.whl (25 kB)
2026-10-04T01:41:08.9738210Z Downloading pyee-13.0.1-py3-none-any.whl (15 kB)
2026-10-04T01:41:08.9860992Z Downloading python_dateutil-2.9.0.post0-py2.py3-none-any.whl (229 kB)
2026-10-04T01:41:08.9985893Z Downloading sortedcontainers-2.4.0-py2.py3-none-any.whl (29 kB)
2026-10-04T01:41:09.0106276Z Downloading urllib3-2.8.0-py3-none-any.whl (135 kB)
2026-10-04T01:41:09.0229081Z Downloading annotated_doc-0.0.5-py3-none-any.whl (5.3 kB)
2026-10-04T01:41:09.0350748Z Downloading annotated_types-0.8.0-py3-none-any.whl (13 kB)
2026-10-04T01:41:09.0474474Z Downloading boolean_py-5.0-py3-none-any.whl (26 kB)
2026-10-04T01:41:09.0597750Z Downloading cachecontrol-0.14.4-py3-none-any.whl (22 kB)
2026-10-04T01:41:09.0722575Z Downloading msgpack-1.2.3-cp313-cp313-manylinux2014_x86_64.manylinux_2_17_x86_64.manylinux_2_28_x86_64.whl (466 kB)
2026-10-04T01:41:09.0856215Z Downloading cffi-2.1.1-cp313-cp313-manylinux2014_x86_64.manylinux_2_17_x86_64.whl (221 kB)
2026-10-04T01:41:09.0982795Z Downloading click-8.5.0-py3-none-any.whl (125 kB)
2026-10-04T01:41:09.1107163Z Downloading filelock-4.0.10-py3-none-any.whl (111 kB)
2026-10-04T01:41:09.1237100Z Downloading google_re2-1.1.20251105-1-cp313-cp313-manylinux_2_27_x86_64.manylinux_2_28_x86_64.whl (591 kB)
2026-10-04T01:41:09.1286701Z    ━━━━━━━━━━━━━━━━━━━━━━━━━━━━━━━━━━━━━━━━ 591.4/591.4 kB 124.8 MB/s  0:00:00
2026-10-04T01:41:09.1392511Z Downloading h11-0.16.0-py3-none-any.whl (37 kB)
2026-10-04T01:41:09.1515347Z Downloading httpx_sse-0.4.3-py3-none-any.whl (9.0 kB)
2026-10-04T01:41:09.1640817Z Downloading idna-3.20-py3-none-any.whl (69 kB)
2026-10-04T01:41:09.1763964Z Downloading iniconfig-2.3.0-py3-none-any.whl (7.5 kB)
2026-10-04T01:41:09.1888445Z Downloading jsonschema-4.26.0-py3-none-any.whl (90 kB)
2026-10-04T01:41:09.2018768Z Downloading attrs-26.1.0-py3-none-any.whl (67 kB)
2026-10-04T01:41:09.2140130Z Downloading jsonschema_specifications-2025.9.1-py3-none-any.whl (18 kB)
2026-10-04T01:41:09.2260895Z Downloading lark-1.3.1-py3-none-any.whl (113 kB)
2026-10-04T01:41:09.2383214Z Downloading opentelemetry_api-1.45.0-py3-none-any.whl (60 kB)
2026-10-04T01:41:09.2505213Z Downloading packaging-26.3-py3-none-any.whl (129 kB)
2026-10-04T01:41:09.2631511Z Downloading pendulum-3.2.0-cp313-cp313-manylinux_2_17_x86_64.manylinux2014_x86_64.whl (348 kB)
2026-10-04T01:41:09.2760381Z Downloading pip_api-0.0.35-py3-none-any.whl (123 kB)
2026-10-04T01:41:09.2894948Z Downloading pip_requirements_parser-32.0.1-py3-none-any.whl (35 kB)
2026-10-04T01:41:09.3016545Z Downloading platformdirs-4.12.3-py3-none-any.whl (32 kB)
2026-10-04T01:41:09.3137782Z Downloading pydantic_settings-2.15.0-py3-none-any.whl (69 kB)
2026-10-04T01:41:09.3332829Z Downloading pygments-2.21.0-py3-none-any.whl (1.3 MB)
2026-10-04T01:41:09.3409857Z    ━━━━━━━━━━━━━━━━━━━━━━━━━━━━━━━━━━━━━━━━ 1.3/1.3 MB 181.4 MB/s  0:00:00
2026-10-04T01:41:09.3516999Z Downloading python_dotenv-1.2.4-py3-none-any.whl (23 kB)
2026-10-04T01:41:09.3650753Z Downloading python_multipart-0.0.32-py3-none-any.whl (30 kB)
2026-10-04T01:41:09.3774158Z Downloading referencing-0.37.0-py3-none-any.whl (26 kB)
2026-10-04T01:41:09.3896787Z Downloading requests-2.34.2-py3-none-any.whl (73 kB)
2026-10-04T01:41:09.4020790Z Downloading charset_normalizer-3.5.2-cp313-cp313-manylinux2014_x86_64.manylinux_2_17_x86_64.manylinux_2_28_x86_64.whl (254 kB)
2026-10-04T01:41:09.4146168Z Downloading certifi-2026.7.22-py3-none-any.whl (136 kB)
2026-10-04T01:41:09.4273632Z Downloading rich-15.0.0-py3-none-any.whl (310 kB)
2026-10-04T01:41:09.4404548Z Downloading markdown_it_py-4.2.0-py3-none-any.whl (91 kB)
2026-10-04T01:41:09.4528368Z Downloading mdurl-0.1.2-py3-none-any.whl (10.0 kB)
2026-10-04T01:41:09.4651361Z Downloading rpds_py-2026.6.3-cp313-cp313-manylinux_2_17_x86_64.manylinux2014_x86_64.whl (365 kB)
2026-10-04T01:41:09.4783670Z Downloading six-1.17.0-py2.py3-none-any.whl (11 kB)
2026-10-04T01:41:09.4904703Z Downloading sse_starlette-3.5.0-py3-none-any.whl (17 kB)
2026-10-04T01:41:09.5028086Z Downloading tomli-2.4.1-cp313-cp313-manylinux2014_x86_64.manylinux_2_17_x86_64.manylinux_2_28_x86_64.whl (251 kB)
2026-10-04T01:41:09.5186805Z Downloading tomli_w-1.2.0-py3-none-any.whl (6.7 kB)
2026-10-04T01:41:09.5307433Z Downloading typing_extensions-4.16.0-py3-none-any.whl (45 kB)
2026-10-04T01:41:09.5430410Z Downloading typing_inspection-0.4.4-py3-none-any.whl (14 kB)
2026-10-04T01:41:09.5550198Z Downloading tzdata-2026.5-py2.py3-none-any.whl (347 kB)
2026-10-04T01:41:09.5680210Z Downloading pycparser-3.0-py3-none-any.whl (48 kB)
2026-10-04T01:41:09.5800265Z Downloading pyparsing-3.3.3-py3-none-any.whl (126 kB)
2026-10-04T01:41:10.0769288Z Installing collected packages: sortedcontainers, boolean.py, urllib3, tzdata, typing-extensions, tomli-w, tomli, six, rpds-py, PyYAML, python-multipart, python-dotenv, pyparsing, PyJWT, pygments, pycparser, pluggy, platformdirs, pip-api, packaging, packageurl-python, msgpack, mdurl, license-expression, lark, jmespath, iniconfig, idna, httpx-sse, h11, greenlet, google-re2, filelock, defusedxml, click, charset_normalizer, certifi, attrs, annotated-types, annotated-doc, uvicorn, typing-inspection, requests, referencing, python-dateutil, pytest, pyee, pydantic-core, py-serializable, pip-requirements-parser, opentelemetry-api, markdown-it-py, httpcore, cffi, anyio, starlette, rich, pydantic, playwright, pendulum, jsonschema-specifications, httpx, cyclonedx-python-lib, cryptography, CacheControl, botocore, sse-starlette, s3transfer, pydantic-settings, jsonschema, fastapi, cel-python, pip-audit, mcp, boto3
2026-10-04T01:41:16.0395450Z 
2026-10-04T01:41:16.0470159Z Successfully installed CacheControl-0.14.4 PyJWT-2.15.1 PyYAML-6.0.3 annotated-doc-0.0.5 annotated-types-0.8.0 anyio-4.15.1 attrs-26.1.0 boolean.py-5.0 boto3-1.43.107 botocore-1.43.107 cel-python-0.4.0 certifi-2026.7.22 cffi-2.1.1 charset_normalizer-3.5.2 click-8.5.0 cryptography-50.0.2 cyclonedx-python-lib-11.12.0 defusedxml-0.7.1 fastapi-0.142.2 filelock-4.0.10 google-re2-1.1.20251105 greenlet-3.5.6 h11-0.16.0 httpcore-1.0.9 httpx-0.28.1 httpx-sse-0.4.3 idna-3.20 iniconfig-2.3.0 jmespath-1.1.0 jsonschema-4.26.0 jsonschema-specifications-2025.9.1 lark-1.3.1 license-expression-30.4.4 markdown-it-py-4.2.0 mcp-1.26.0 mdurl-0.1.2 msgpack-1.2.3 opentelemetry-api-1.45.0 packageurl-python-0.17.6 packaging-26.3 pendulum-3.2.0 pip-api-0.0.35 pip-audit-2.10.1 pip-requirements-parser-32.0.1 platformdirs-4.12.3 playwright-1.57.0 pluggy-1.6.0 py-serializable-2.1.0 pycparser-3.0 pydantic-2.13.5 pydantic-core-2.46.5 pydantic-settings-2.15.0 pyee-13.0.1 pygments-2.21.0 pyparsing-3.3.3 pytest-9.0.2 python-dateutil-2.9.0.post0 python-dotenv-1.2.4 python-multipart-0.0.32 referencing-0.37.0 requests-2.34.2 rich-15.0.0 rpds-py-2026.6.3 s3transfer-0.19.2 six-1.17.0 sortedcontainers-2.4.0 sse-starlette-3.5.0 starlette-1.7.0 tomli-2.4.1 tomli-w-1.2.0 typing-extensions-4.16.0 typing-inspection-0.4.4 tzdata-2026.5 urllib3-2.8.0 uvicorn-0.48.0
2026-10-04T01:41:16.3967804Z ##[group]Run npm ci
2026-10-04T01:41:16.3968077Z [36;1mnpm ci[0m
2026-10-04T01:41:16.4038004Z shell: /usr/bin/bash --noprofile --norc -e -o pipefail {0}
2026-10-04T01:41:16.4038370Z env:
2026-10-04T01:41:16.4038589Z   NEXT_TELEMETRY_DISABLED: 1
2026-10-04T01:41:16.4039142Z   pythonLocation: /opt/hostedtoolcache/Python/3.13.15/x64
2026-10-04T01:41:16.4039576Z   PKG_CONFIG_PATH: /opt/hostedtoolcache/Python/3.13.15/x64/lib/pkgconfig
2026-10-04T01:41:16.4040018Z   Python_ROOT_DIR: /opt/hostedtoolcache/Python/3.13.15/x64
2026-10-04T01:41:16.4040394Z   Python2_ROOT_DIR: /opt/hostedtoolcache/Python/3.13.15/x64
2026-10-04T01:41:16.4040776Z   Python3_ROOT_DIR: /opt/hostedtoolcache/Python/3.13.15/x64
2026-10-04T01:41:16.4041155Z   LD_LIBRARY_PATH: /opt/hostedtoolcache/Python/3.13.15/x64/lib
2026-10-04T01:41:16.4041491Z ##[endgroup]
2026-10-04T01:41:23.0922433Z 
2026-10-04T01:41:23.0923072Z added 24 packages, and audited 25 packages in 7s
2026-10-04T01:41:23.0923521Z 
2026-10-04T01:41:23.0923854Z 6 packages are looking for funding
2026-10-04T01:41:23.0924263Z   run `npm fund` for details
2026-10-04T01:41:23.0933644Z 
2026-10-04T01:41:23.0934026Z found 0 vulnerabilities
2026-10-04T01:41:23.1462704Z ##[group]Run python scripts/run_logged.py evidence/next-build.log -- npm run build
2026-10-04T01:41:23.1463355Z [36;1mpython scripts/run_logged.py evidence/next-build.log -- npm run build[0m
2026-10-04T01:41:23.1534304Z shell: /usr/bin/bash --noprofile --norc -e -o pipefail {0}
2026-10-04T01:41:23.1534688Z env:
2026-10-04T01:41:23.1534905Z   NEXT_TELEMETRY_DISABLED: 1
2026-10-04T01:41:23.1535234Z   pythonLocation: /opt/hostedtoolcache/Python/3.13.15/x64
2026-10-04T01:41:23.1535679Z   PKG_CONFIG_PATH: /opt/hostedtoolcache/Python/3.13.15/x64/lib/pkgconfig
2026-10-04T01:41:23.1536102Z   Python_ROOT_DIR: /opt/hostedtoolcache/Python/3.13.15/x64
2026-10-04T01:41:23.1536493Z   Python2_ROOT_DIR: /opt/hostedtoolcache/Python/3.13.15/x64
2026-10-04T01:41:23.1536876Z   Python3_ROOT_DIR: /opt/hostedtoolcache/Python/3.13.15/x64
2026-10-04T01:41:23.1537283Z   LD_LIBRARY_PATH: /opt/hostedtoolcache/Python/3.13.15/x64/lib
2026-10-04T01:41:23.1537619Z ##[endgroup]
2026-10-04T01:41:38.9016412Z 
2026-10-04T01:41:38.9017318Z > airlock-review-console@0.1.0 build
2026-10-04T01:41:38.9017945Z > next build frontend --webpack && node scripts/package_console.mjs
2026-10-04T01:41:38.9018252Z 
2026-10-04T01:41:38.9018850Z ▲ Next.js 16.3.8 (webpack)
2026-10-04T01:41:38.9019253Z ✓ Running next.config.mjs took 12ms
2026-10-04T01:41:38.9020583Z ⚠ No build cache found. Please configure build caching for faster rebuilds. Read more: https://nextjs.org/docs/messages/no-cache
2026-10-04T01:41:38.9021361Z 
2026-10-04T01:41:38.9021537Z   Creating an optimized production build ...
2026-10-04T01:41:38.9021941Z ✓ Compiled successfully in 4.6s
2026-10-04T01:41:38.9022224Z   Running TypeScript ...
2026-10-04T01:41:38.9022504Z   Finished TypeScript in 1ms ...
2026-10-04T01:41:38.9022822Z   Collecting page data using 3 workers ...
2026-10-04T01:41:38.9023177Z   Generating static pages using 3 workers (0/3) ...
2026-10-04T01:41:38.9023670Z ✓ Generating static pages using 3 workers (3/3) in 476ms
2026-10-04T01:41:38.9024046Z   Finalizing page optimization ...
2026-10-04T01:41:38.9024331Z   Collecting build traces ...
2026-10-04T01:41:38.9024499Z 
2026-10-04T01:41:38.9024592Z Route (app)
2026-10-04T01:41:38.9024814Z ┌ ○ /
2026-10-04T01:41:38.9025037Z └ ○ /_not-found
2026-10-04T01:41:38.9025504Z 
2026-10-04T01:41:38.9025511Z 
2026-10-04T01:41:38.9025717Z ○  (Static)  prerendered as static content
2026-10-04T01:41:38.9025915Z 
2026-10-04T01:41:38.9026434Z {"framework":"Next.js static export","inline_script_hashes":2,"destination":"/home/runner/work/AIRLOCK/AIRLOCK/airlock/console"}
2026-10-04T01:41:38.9181292Z ##[group]Run python scripts/run_logged.py evidence/npm-audit.log -- npm audit --omit=dev
2026-10-04T01:41:38.9181926Z [36;1mpython scripts/run_logged.py evidence/npm-audit.log -- npm audit --omit=dev[0m
2026-10-04T01:41:38.9252528Z shell: /usr/bin/bash --noprofile --norc -e -o pipefail {0}
2026-10-04T01:41:38.9252882Z env:
2026-10-04T01:41:38.9253096Z   NEXT_TELEMETRY_DISABLED: 1
2026-10-04T01:41:38.9253419Z   pythonLocation: /opt/hostedtoolcache/Python/3.13.15/x64
2026-10-04T01:41:38.9253866Z   PKG_CONFIG_PATH: /opt/hostedtoolcache/Python/3.13.15/x64/lib/pkgconfig
2026-10-04T01:41:38.9254298Z   Python_ROOT_DIR: /opt/hostedtoolcache/Python/3.13.15/x64
2026-10-04T01:41:38.9254711Z   Python2_ROOT_DIR: /opt/hostedtoolcache/Python/3.13.15/x64
2026-10-04T01:41:38.9255088Z   Python3_ROOT_DIR: /opt/hostedtoolcache/Python/3.13.15/x64
2026-10-04T01:41:38.9255468Z   LD_LIBRARY_PATH: /opt/hostedtoolcache/Python/3.13.15/x64/lib
2026-10-04T01:41:38.9255801Z ##[endgroup]
2026-10-04T01:41:39.4570490Z found 0 vulnerabilities
2026-10-04T01:41:39.4733396Z ##[group]Run python scripts/run_logged.py evidence/pytest.log -- python -m pytest -q --junitxml=evidence/pytest.xml
2026-10-04T01:41:39.4734198Z [36;1mpython scripts/run_logged.py evidence/pytest.log -- python -m pytest -q --junitxml=evidence/pytest.xml[0m
2026-10-04T01:41:39.4804408Z shell: /usr/bin/bash --noprofile --norc -e -o pipefail {0}
2026-10-04T01:41:39.4804888Z env:
2026-10-04T01:41:39.4805319Z   NEXT_TELEMETRY_DISABLED: 1
2026-10-04T01:41:39.4805813Z   pythonLocation: /opt/hostedtoolcache/Python/3.13.15/x64
2026-10-04T01:41:39.4806461Z   PKG_CONFIG_PATH: /opt/hostedtoolcache/Python/3.13.15/x64/lib/pkgconfig
2026-10-04T01:41:39.4807042Z   Python_ROOT_DIR: /opt/hostedtoolcache/Python/3.13.15/x64
2026-10-04T01:41:39.4807567Z   Python2_ROOT_DIR: /opt/hostedtoolcache/Python/3.13.15/x64
2026-10-04T01:41:39.4808127Z   Python3_ROOT_DIR: /opt/hostedtoolcache/Python/3.13.15/x64
2026-10-04T01:41:39.4808869Z   LD_LIBRARY_PATH: /opt/hostedtoolcache/Python/3.13.15/x64/lib
2026-10-04T01:41:39.4822021Z ##[endgroup]
2026-10-04T01:43:47.2714780Z ........................................................................ [  9%]
2026-10-04T01:43:47.2715442Z ........................................................................ [ 18%]
2026-10-04T01:43:47.2715956Z ........................................................................ [ 27%]
2026-10-04T01:43:47.2716436Z ........................................................................ [ 36%]
2026-10-04T01:43:47.2716879Z ........................................................................ [ 45%]
2026-10-04T01:43:47.2717307Z ........................................................................ [ 54%]
2026-10-04T01:43:47.2717822Z ........................................................................ [ 63%]
2026-10-04T01:43:47.2718264Z ........................................................................ [ 72%]
2026-10-04T01:43:47.2718949Z ........................................................................ [ 81%]
2026-10-04T01:43:47.2719418Z ........................................................................ [ 90%]
2026-10-04T01:43:47.2719862Z ........................................................................ [ 99%]
2026-10-04T01:43:47.2720279Z ....                                                                     [100%]
2026-10-04T01:43:47.2720737Z =============================== warnings summary ===============================
2026-10-04T01:43:47.2721431Z ../../../../../opt/hostedtoolcache/Python/3.13.15/x64/lib/python3.13/site-packages/fastapi/testclient.py:1
2026-10-04T01:43:47.2722616Z   /opt/hostedtoolcache/Python/3.13.15/x64/lib/python3.13/site-packages/fastapi/testclient.py:1: StarletteDeprecationWarning: Using `httpx` with `starlette.testclient` is deprecated; install `httpx2` instead.
2026-10-04T01:43:47.2723878Z     from starlette.testclient import TestClient as TestClient  # noqa
2026-10-04T01:43:47.2724167Z 
2026-10-04T01:43:47.2724474Z -- Docs: https://docs.pytest.org/en/stable/how-to/capture-warnings.html
2026-10-04T01:43:47.2724982Z 796 passed, 1 warning in 125.17s (0:02:05)
2026-10-04T01:43:47.2874153Z ##[group]Run python scripts/run_logged.py evidence/acceptance-matrix.log -- python docs/acceptance/validate_matrix.py
2026-10-04T01:43:47.2875073Z [36;1mpython scripts/run_logged.py evidence/acceptance-matrix.log -- python docs/acceptance/validate_matrix.py[0m
2026-10-04T01:43:47.2944752Z shell: /usr/bin/bash --noprofile --norc -e -o pipefail {0}
2026-10-04T01:43:47.2945105Z env:
2026-10-04T01:43:47.2945342Z   NEXT_TELEMETRY_DISABLED: 1
2026-10-04T01:43:47.2945668Z   pythonLocation: /opt/hostedtoolcache/Python/3.13.15/x64
2026-10-04T01:43:47.2946102Z   PKG_CONFIG_PATH: /opt/hostedtoolcache/Python/3.13.15/x64/lib/pkgconfig
2026-10-04T01:43:47.2946546Z   Python_ROOT_DIR: /opt/hostedtoolcache/Python/3.13.15/x64
2026-10-04T01:43:47.2946937Z   Python2_ROOT_DIR: /opt/hostedtoolcache/Python/3.13.15/x64
2026-10-04T01:43:47.2947321Z   Python3_ROOT_DIR: /opt/hostedtoolcache/Python/3.13.15/x64
2026-10-04T01:43:47.2947706Z   LD_LIBRARY_PATH: /opt/hostedtoolcache/Python/3.13.15/x64/lib
2026-10-04T01:43:47.2948079Z ##[endgroup]
2026-10-04T01:43:47.5432675Z {"target_records": 126, "unique_receipts_checked": 30, "counts": {"implementation": {"IMPLEMENTED": 111, "PARTIAL": 15}, "verification": {"PASS": 105, "BLOCKED_EXTERNAL": 21}}, "original_goals_all_satisfied": false, "meaning": "bidirectional structure and provenance only; not functional or human acceptance"}
2026-10-04T01:43:47.5592574Z ##[group]Run python scripts/run_logged.py evidence/frontend-check.log -- npm run check
2026-10-04T01:43:47.5593200Z [36;1mpython scripts/run_logged.py evidence/frontend-check.log -- npm run check[0m
2026-10-04T01:43:47.5663272Z shell: /usr/bin/bash --noprofile --norc -e -o pipefail {0}
2026-10-04T01:43:47.5663624Z env:
2026-10-04T01:43:47.5663835Z   NEXT_TELEMETRY_DISABLED: 1
2026-10-04T01:43:47.5664153Z   pythonLocation: /opt/hostedtoolcache/Python/3.13.15/x64
2026-10-04T01:43:47.5664587Z   PKG_CONFIG_PATH: /opt/hostedtoolcache/Python/3.13.15/x64/lib/pkgconfig
2026-10-04T01:43:47.5665007Z   Python_ROOT_DIR: /opt/hostedtoolcache/Python/3.13.15/x64
2026-10-04T01:43:47.5665389Z   Python2_ROOT_DIR: /opt/hostedtoolcache/Python/3.13.15/x64
2026-10-04T01:43:47.5665761Z   Python3_ROOT_DIR: /opt/hostedtoolcache/Python/3.13.15/x64
2026-10-04T01:43:47.5666135Z   LD_LIBRARY_PATH: /opt/hostedtoolcache/Python/3.13.15/x64/lib
2026-10-04T01:43:47.5666451Z ##[endgroup]
2026-10-04T01:43:47.8736149Z 
2026-10-04T01:43:47.8736704Z > airlock-review-console@0.1.0 check
2026-10-04T01:43:47.8737961Z > node --check airlock/static/app.js && node --check airlock/static/review.js && node --check airlock/static/api.js && node --check airlock/static/lib.js && node --check airlock/static/governance.js && node --check airlock/static/study.js
2026-10-04T01:43:47.8739004Z 
2026-10-04T01:43:47.8920815Z ##[group]Run python scripts/run_logged.py evidence/frontend-tests.log -- npm test
2026-10-04T01:43:47.8921407Z [36;1mpython scripts/run_logged.py evidence/frontend-tests.log -- npm test[0m
2026-10-04T01:43:47.8991910Z shell: /usr/bin/bash --noprofile --norc -e -o pipefail {0}
2026-10-04T01:43:47.8992275Z env:
2026-10-04T01:43:47.8992487Z   NEXT_TELEMETRY_DISABLED: 1
2026-10-04T01:43:47.8992805Z   pythonLocation: /opt/hostedtoolcache/Python/3.13.15/x64
2026-10-04T01:43:47.8993245Z   PKG_CONFIG_PATH: /opt/hostedtoolcache/Python/3.13.15/x64/lib/pkgconfig
2026-10-04T01:43:47.8993678Z   Python_ROOT_DIR: /opt/hostedtoolcache/Python/3.13.15/x64
2026-10-04T01:43:47.8994064Z   Python2_ROOT_DIR: /opt/hostedtoolcache/Python/3.13.15/x64
2026-10-04T01:43:47.8994437Z   Python3_ROOT_DIR: /opt/hostedtoolcache/Python/3.13.15/x64
2026-10-04T01:43:47.8994808Z   LD_LIBRARY_PATH: /opt/hostedtoolcache/Python/3.13.15/x64/lib
2026-10-04T01:43:47.8995374Z ##[endgroup]
2026-10-04T01:43:48.1636556Z 
2026-10-04T01:43:48.1637502Z > airlock-review-console@0.1.0 test
2026-10-04T01:43:48.1637997Z > node --test tests-js/*.test.js
2026-10-04T01:43:48.1638191Z 
2026-10-04T01:43:48.1638297Z TAP version 13
2026-10-04T01:43:48.1639039Z # Subtest: visibility timing excludes background and unselected periods
2026-10-04T01:43:48.1639935Z ok 1 - visibility timing excludes background and unselected periods
2026-10-04T01:43:48.1640317Z   ---
2026-10-04T01:43:48.1640527Z   duration_ms: 0.887662
2026-10-04T01:43:48.1640765Z   type: 'test'
2026-10-04T01:43:48.1640962Z   ...
2026-10-04T01:43:48.1641288Z # Subtest: approval requires exact scope phrase and reason
2026-10-04T01:43:48.1641730Z ok 2 - approval requires exact scope phrase and reason
2026-10-04T01:43:48.1642029Z   ---
2026-10-04T01:43:48.1642226Z   duration_ms: 0.270719
2026-10-04T01:43:48.1642458Z   type: 'test'
2026-10-04T01:43:48.1642675Z   ...
2026-10-04T01:43:48.1643026Z # Subtest: SSE framing survives partial chunks, CRLF and heartbeats
2026-10-04T01:43:48.1643534Z ok 3 - SSE framing survives partial chunks, CRLF and heartbeats
2026-10-04T01:43:48.1643854Z   ---
2026-10-04T01:43:48.1644043Z   duration_ms: 1.006853
2026-10-04T01:43:48.1644268Z   type: 'test'
2026-10-04T01:43:48.1644467Z   ...
2026-10-04T01:43:48.1644713Z # Subtest: oversized event rejected
2026-10-04T01:43:48.1645019Z ok 4 - oversized event rejected
2026-10-04T01:43:48.1645256Z   ---
2026-10-04T01:43:48.1645448Z   duration_ms: 1.198974
2026-10-04T01:43:48.1645670Z   type: 'test'
2026-10-04T01:43:48.1645871Z   ...
2026-10-04T01:43:48.1646133Z # Subtest: countdown clamps expired actions
2026-10-04T01:43:48.1646482Z ok 5 - countdown clamps expired actions
2026-10-04T01:43:48.1646741Z   ---
2026-10-04T01:43:48.1646927Z   duration_ms: 0.258441
2026-10-04T01:43:48.1647155Z   type: 'test'
2026-10-04T01:43:48.1647350Z   ...
2026-10-04T01:43:48.1647708Z # Subtest: latency formatting keeps number and unit together on mobile
2026-10-04T01:43:48.1648230Z ok 6 - latency formatting keeps number and unit together on mobile
2026-10-04T01:43:48.1648572Z   ---
2026-10-04T01:43:48.1648989Z   duration_ms: 0.181925
2026-10-04T01:43:48.1649215Z   type: 'test'
2026-10-04T01:43:48.1649410Z   ...
2026-10-04T01:43:48.1649585Z 1..6
2026-10-04T01:43:48.1649764Z # tests 6
2026-10-04T01:43:48.1649948Z # suites 0
2026-10-04T01:43:48.1650145Z # pass 6
2026-10-04T01:43:48.1650325Z # fail 0
2026-10-04T01:43:48.1650511Z # cancelled 0
2026-10-04T01:43:48.1650712Z # skipped 0
2026-10-04T01:43:48.1650895Z # todo 0
2026-10-04T01:43:48.1651102Z # duration_ms 69.437585
2026-10-04T01:43:48.1803997Z ##[group]Run python -m benchmark.generate
2026-10-04T01:43:48.1804352Z [36;1mpython -m benchmark.generate[0m
2026-10-04T01:43:48.1874535Z shell: /usr/bin/bash --noprofile --norc -e -o pipefail {0}
2026-10-04T01:43:48.1874888Z env:
2026-10-04T01:43:48.1875109Z   NEXT_TELEMETRY_DISABLED: 1
2026-10-04T01:43:48.1875427Z   pythonLocation: /opt/hostedtoolcache/Python/3.13.15/x64
2026-10-04T01:43:48.1875887Z   PKG_CONFIG_PATH: /opt/hostedtoolcache/Python/3.13.15/x64/lib/pkgconfig
2026-10-04T01:43:48.1876306Z   Python_ROOT_DIR: /opt/hostedtoolcache/Python/3.13.15/x64
2026-10-04T01:43:48.1876683Z   Python2_ROOT_DIR: /opt/hostedtoolcache/Python/3.13.15/x64
2026-10-04T01:43:48.1877057Z   Python3_ROOT_DIR: /opt/hostedtoolcache/Python/3.13.15/x64
2026-10-04T01:43:48.1877424Z   LD_LIBRARY_PATH: /opt/hostedtoolcache/Python/3.13.15/x64/lib
2026-10-04T01:43:48.1877752Z ##[endgroup]
2026-10-04T01:43:48.2349595Z {"sha256": "243854b51e7039324de4c31fa7a67af1a98ddc48b9c9edfbbac581a2c2f73af7", "cases": 200, "families": 40, "dev_cases": 120, "test_cases": 80, "source": "synthetic only", "independent_annotators": 0, "human_experiment": "not_run"}
2026-10-04T01:43:48.2436469Z ##[group]Run cp benchmark/cases.jsonl evidence/synthetic-cases.jsonl
2026-10-04T01:43:48.2436976Z [36;1mcp benchmark/cases.jsonl evidence/synthetic-cases.jsonl[0m
2026-10-04T01:43:48.2507263Z shell: /usr/bin/bash --noprofile --norc -e -o pipefail {0}
2026-10-04T01:43:48.2507607Z env:
2026-10-04T01:43:48.2507810Z   NEXT_TELEMETRY_DISABLED: 1
2026-10-04T01:43:48.2508120Z   pythonLocation: /opt/hostedtoolcache/Python/3.13.15/x64
2026-10-04T01:43:48.2508553Z   PKG_CONFIG_PATH: /opt/hostedtoolcache/Python/3.13.15/x64/lib/pkgconfig
2026-10-04T01:43:48.2509101Z   Python_ROOT_DIR: /opt/hostedtoolcache/Python/3.13.15/x64
2026-10-04T01:43:48.2509477Z   Python2_ROOT_DIR: /opt/hostedtoolcache/Python/3.13.15/x64
2026-10-04T01:43:48.2509852Z   Python3_ROOT_DIR: /opt/hostedtoolcache/Python/3.13.15/x64
2026-10-04T01:43:48.2510219Z   LD_LIBRARY_PATH: /opt/hostedtoolcache/Python/3.13.15/x64/lib
2026-10-04T01:43:48.2510530Z ##[endgroup]
2026-10-04T01:43:48.2654207Z ##[group]Run python scripts/run_logged.py evidence/benchmark-dev.log -- python -m benchmark.evaluate --split dev --tuning --output evidence/benchmark-dev.json
2026-10-04T01:43:48.2655331Z [36;1mpython scripts/run_logged.py evidence/benchmark-dev.log -- python -m benchmark.evaluate --split dev --tuning --output evidence/benchmark-dev.json[0m
2026-10-04T01:43:48.2722914Z shell: /usr/bin/bash --noprofile --norc -e -o pipefail {0}
2026-10-04T01:43:48.2723558Z env:
2026-10-04T01:43:48.2723895Z   NEXT_TELEMETRY_DISABLED: 1
2026-10-04T01:43:48.2724329Z   pythonLocation: /opt/hostedtoolcache/Python/3.13.15/x64
2026-10-04T01:43:48.2724958Z   PKG_CONFIG_PATH: /opt/hostedtoolcache/Python/3.13.15/x64/lib/pkgconfig
2026-10-04T01:43:48.2739650Z   Python_ROOT_DIR: /opt/hostedtoolcache/Python/3.13.15/x64
2026-10-04T01:43:48.2740068Z   Python2_ROOT_DIR: /opt/hostedtoolcache/Python/3.13.15/x64
2026-10-04T01:43:48.2740439Z   Python3_ROOT_DIR: /opt/hostedtoolcache/Python/3.13.15/x64
2026-10-04T01:43:48.2740856Z   LD_LIBRARY_PATH: /opt/hostedtoolcache/Python/3.13.15/x64/lib
2026-10-04T01:43:48.2741185Z ##[endgroup]
2026-10-04T01:43:50.7198090Z {
2026-10-04T01:43:50.7198565Z   "recorded_at_utc": "2026-10-04T01:43:50.659325+00:00",
2026-10-04T01:43:50.7199193Z   "split": "dev",
2026-10-04T01:43:50.7199649Z   "corpus_sha256": "243854b51e7039324de4c31fa7a67af1a98ddc48b9c9edfbbac581a2c2f73af7",
2026-10-04T01:43:50.7200095Z   "python": "3.13.15",
2026-10-04T01:43:50.7200319Z   "sqlite": "3.53.1",
2026-10-04T01:43:50.7200618Z   "cases": 120,
2026-10-04T01:43:50.7200935Z   "families": 24,
2026-10-04T01:43:50.7201235Z   "keyword_baseline": {
2026-10-04T01:43:50.7201618Z     "exact_accuracy": 0.5833333333333334,
2026-10-04T01:43:50.7202094Z     "policy_gating_recall": 0.7222222222222222,
2026-10-04T01:43:50.7202557Z     "supported_read_fpr": 0.5,
2026-10-04T01:43:50.7202937Z     "supported_write_interception": 1.0,
2026-10-04T01:43:50.7203289Z     "denominators": {
2026-10-04T01:43:50.7203557Z       "all": 120,
2026-10-04T01:43:50.7203879Z       "requires_gate": 90,
2026-10-04T01:43:50.7204239Z       "supported_reads": 30,
2026-10-04T01:43:50.7204605Z       "supported_writes": 40
2026-10-04T01:43:50.7204960Z     },
2026-10-04T01:43:50.7205263Z     "confusion": {
2026-10-04T01:43:50.7205727Z       "pass -> block": 5,
2026-10-04T01:43:50.7206120Z       "pass -> need_approval": 10,
2026-10-04T01:43:50.7206512Z       "pass -> pass": 15,
2026-10-04T01:43:50.7206929Z       "need_approval -> need_approval": 40,
2026-10-04T01:43:50.7207369Z       "block -> block": 15,
2026-10-04T01:43:50.7207733Z       "block -> pass": 25,
2026-10-04T01:43:50.7208129Z       "block -> need_approval": 10
2026-10-04T01:43:50.7208499Z     }
2026-10-04T01:43:50.7208966Z   },
2026-10-04T01:43:50.7209234Z   "airlock": {
2026-10-04T01:43:50.7209542Z     "exact_accuracy": 1.0,
2026-10-04T01:43:50.7209934Z     "policy_gating_recall": 1.0,
2026-10-04T01:43:50.7210361Z     "supported_read_fpr": 0.0,
2026-10-04T01:43:50.7210816Z     "supported_write_interception": 1.0,
2026-10-04T01:43:50.7211223Z     "denominators": {
2026-10-04T01:43:50.7211521Z       "all": 120,
2026-10-04T01:43:50.7211831Z       "requires_gate": 90,
2026-10-04T01:43:50.7212183Z       "supported_reads": 30,
2026-10-04T01:43:50.7212540Z       "supported_writes": 40
2026-10-04T01:43:50.7213219Z     },
2026-10-04T01:43:50.7213495Z     "confusion": {
2026-10-04T01:43:50.7213812Z       "pass -> pass": 30,
2026-10-04T01:43:50.7214251Z       "need_approval -> need_approval": 40,
2026-10-04T01:43:50.7214678Z       "block -> block": 50
2026-10-04T01:43:50.7215004Z     }
2026-10-04T01:43:50.7215262Z   },
2026-10-04T01:43:50.7215583Z   "impact_exact_match_count": 40,
2026-10-04T01:43:50.7215979Z   "impact_denominator": 40,
2026-10-04T01:43:50.7216380Z   "evaluation_p95_ms": 11.346,
2026-10-04T01:43:50.7216742Z   "static_p95_ms": 0.102,
2026-10-04T01:43:50.7217088Z   "preview_p95_ms": 9.981,
2026-10-04T01:43:50.7217446Z   "pure_llm": "not_run",
2026-10-04T01:43:50.7218286Z   "hybrid_llm": "not_run_use_benchmark.ablation_with_authorization",
2026-10-04T01:43:50.7219035Z   "human_ab": "not_run",
2026-10-04T01:43:50.7219395Z   "cohens_kappa": null,
2026-10-04T01:43:50.7219749Z   "limitations": [
2026-10-04T01:43:50.7220142Z     "synthetic authored cases only",
2026-10-04T01:43:50.7220680Z     "correlated variants, only 40 families total",
2026-10-04T01:43:50.7221476Z     "author saw all templates; family split is not independent external validation",
2026-10-04T01:43:50.7222277Z     "gate recall includes unsupported/invalid statements, not a real-world danger recall",
2026-10-04T01:43:50.7222891Z     "latency excludes network and human review; this is a bounded 1206-row SQLite demo"
2026-10-04T01:43:50.7223288Z   ]
2026-10-04T01:43:50.7223471Z }
2026-10-04T01:43:50.7362449Z ##[group]Run python scripts/run_logged.py evidence/benchmark-test.log -- python -m benchmark.evaluate --split test --output evidence/benchmark-test.json
2026-10-04T01:43:50.7363474Z [36;1mpython scripts/run_logged.py evidence/benchmark-test.log -- python -m benchmark.evaluate --split test --output evidence/benchmark-test.json[0m
2026-10-04T01:43:50.7433194Z shell: /usr/bin/bash --noprofile --norc -e -o pipefail {0}
2026-10-04T01:43:50.7433548Z env:
2026-10-04T01:43:50.7433756Z   NEXT_TELEMETRY_DISABLED: 1
2026-10-04T01:43:50.7434089Z   pythonLocation: /opt/hostedtoolcache/Python/3.13.15/x64
2026-10-04T01:43:50.7434531Z   PKG_CONFIG_PATH: /opt/hostedtoolcache/Python/3.13.15/x64/lib/pkgconfig
2026-10-04T01:43:50.7434957Z   Python_ROOT_DIR: /opt/hostedtoolcache/Python/3.13.15/x64
2026-10-04T01:43:50.7435332Z   Python2_ROOT_DIR: /opt/hostedtoolcache/Python/3.13.15/x64
2026-10-04T01:43:50.7435707Z   Python3_ROOT_DIR: /opt/hostedtoolcache/Python/3.13.15/x64
2026-10-04T01:43:50.7436114Z   LD_LIBRARY_PATH: /opt/hostedtoolcache/Python/3.13.15/x64/lib
2026-10-04T01:43:50.7436431Z ##[endgroup]
2026-10-04T01:43:52.4239389Z {
2026-10-04T01:43:52.4239975Z   "recorded_at_utc": "2026-10-04T01:43:52.367964+00:00",
2026-10-04T01:43:52.4240461Z   "split": "test",
2026-10-04T01:43:52.4241115Z   "corpus_sha256": "243854b51e7039324de4c31fa7a67af1a98ddc48b9c9edfbbac581a2c2f73af7",
2026-10-04T01:43:52.4241785Z   "python": "3.13.15",
2026-10-04T01:43:52.4242032Z   "sqlite": "3.53.1",
2026-10-04T01:43:52.4242257Z   "cases": 80,
2026-10-04T01:43:52.4242495Z   "families": 16,
2026-10-04T01:43:52.4242708Z   "keyword_baseline": {
2026-10-04T01:43:52.4242956Z     "exact_accuracy": 0.75,
2026-10-04T01:43:52.4243233Z     "policy_gating_recall": 0.8,
2026-10-04T01:43:52.4243516Z     "supported_read_fpr": 0.0,
2026-10-04T01:43:52.4243814Z     "supported_write_interception": 1.0,
2026-10-04T01:43:52.4244102Z     "denominators": {
2026-10-04T01:43:52.4244318Z       "all": 80,
2026-10-04T01:43:52.4244679Z       "requires_gate": 50,
2026-10-04T01:43:52.4245046Z       "supported_reads": 30,
2026-10-04T01:43:52.4245401Z       "supported_writes": 20
2026-10-04T01:43:52.4245697Z     },
2026-10-04T01:43:52.4245897Z     "confusion": {
2026-10-04T01:43:52.4246118Z       "pass -> pass": 30,
2026-10-04T01:43:52.4246407Z       "need_approval -> need_approval": 20,
2026-10-04T01:43:52.4246695Z       "block -> block": 10,
2026-10-04T01:43:52.4246958Z       "block -> need_approval": 10,
2026-10-04T01:43:52.4247218Z       "block -> pass": 10
2026-10-04T01:43:52.4247741Z     }
2026-10-04T01:43:52.4247926Z   },
2026-10-04T01:43:52.4248116Z   "airlock": {
2026-10-04T01:43:52.4248327Z     "exact_accuracy": 1.0,
2026-10-04T01:43:52.4248783Z     "policy_gating_recall": 1.0,
2026-10-04T01:43:52.4249187Z     "supported_read_fpr": 0.0,
2026-10-04T01:43:52.4249484Z     "supported_write_interception": 1.0,
2026-10-04T01:43:52.4249759Z     "denominators": {
2026-10-04T01:43:52.4249980Z       "all": 80,
2026-10-04T01:43:52.4250199Z       "requires_gate": 50,
2026-10-04T01:43:52.4250447Z       "supported_reads": 30,
2026-10-04T01:43:52.4250697Z       "supported_writes": 20
2026-10-04T01:43:52.4250916Z     },
2026-10-04T01:43:52.4251109Z     "confusion": {
2026-10-04T01:43:52.4251333Z       "pass -> pass": 30,
2026-10-04T01:43:52.4251614Z       "need_approval -> need_approval": 20,
2026-10-04T01:43:52.4251899Z       "block -> block": 30
2026-10-04T01:43:52.4252122Z     }
2026-10-04T01:43:52.4252302Z   },
2026-10-04T01:43:52.4252521Z   "impact_exact_match_count": 20,
2026-10-04T01:43:52.4252798Z   "impact_denominator": 20,
2026-10-04T01:43:52.4253065Z   "evaluation_p95_ms": 11.183,
2026-10-04T01:43:52.4253310Z   "static_p95_ms": 0.096,
2026-10-04T01:43:52.4253544Z   "preview_p95_ms": 9.75,
2026-10-04T01:43:52.4253774Z   "pure_llm": "not_run",
2026-10-04T01:43:52.4254136Z   "hybrid_llm": "not_run_use_benchmark.ablation_with_authorization",
2026-10-04T01:43:52.4254495Z   "human_ab": "not_run",
2026-10-04T01:43:52.4254727Z   "cohens_kappa": null,
2026-10-04T01:43:52.4255174Z   "limitations": [
2026-10-04T01:43:52.4255428Z     "synthetic authored cases only",
2026-10-04T01:43:52.4255749Z     "correlated variants, only 40 families total",
2026-10-04T01:43:52.4256239Z     "author saw all templates; family split is not independent external validation",
2026-10-04T01:43:52.4257049Z     "gate recall includes unsupported/invalid statements, not a real-world danger recall",
2026-10-04T01:43:52.4257670Z     "latency excludes network and human review; this is a bounded 1206-row SQLite demo"
2026-10-04T01:43:52.4258077Z   ]
2026-10-04T01:43:52.4258301Z }
2026-10-04T01:43:52.4411922Z ##[group]Run python -m playwright install --with-deps chromium
2026-10-04T01:43:52.4412667Z [36;1mpython -m playwright install --with-deps chromium[0m
2026-10-04T01:43:52.4488835Z shell: /usr/bin/bash --noprofile --norc -e -o pipefail {0}
2026-10-04T01:43:52.4489188Z env:
2026-10-04T01:43:52.4489396Z   NEXT_TELEMETRY_DISABLED: 1
2026-10-04T01:43:52.4489716Z   pythonLocation: /opt/hostedtoolcache/Python/3.13.15/x64
2026-10-04T01:43:52.4490166Z   PKG_CONFIG_PATH: /opt/hostedtoolcache/Python/3.13.15/x64/lib/pkgconfig
2026-10-04T01:43:52.4490592Z   Python_ROOT_DIR: /opt/hostedtoolcache/Python/3.13.15/x64
2026-10-04T01:43:52.4490975Z   Python2_ROOT_DIR: /opt/hostedtoolcache/Python/3.13.15/x64
2026-10-04T01:43:52.4491344Z   Python3_ROOT_DIR: /opt/hostedtoolcache/Python/3.13.15/x64
2026-10-04T01:43:52.4491712Z   LD_LIBRARY_PATH: /opt/hostedtoolcache/Python/3.13.15/x64/lib
2026-10-04T01:43:52.4492034Z ##[endgroup]
2026-10-04T01:43:52.7675976Z Installing dependencies...
2026-10-04T01:43:52.7750779Z Switching to root user to install dependencies...
2026-10-04T01:43:52.9163213Z Get:1 file:/etc/apt/apt-mirrors.txt Mirrorlist [144 B]
2026-10-04T01:43:52.9281196Z Get:6 https://packages.microsoft.com/ubuntu/24.04/prod noble InRelease [3600 B]
2026-10-04T01:43:53.0534131Z Get:7 https://packages.microsoft.com/ubuntu/24.04/prod noble/main arm64 Packages [458 kB]
2026-10-04T01:43:53.0744984Z Get:8 https://packages.microsoft.com/ubuntu/24.04/prod noble/main amd64 Packages [511 kB]
2026-10-04T01:43:53.0849928Z Get:9 https://packages.microsoft.com/ubuntu/24.04/prod noble/main armhf Packages [12.6 kB]
2026-10-04T01:43:53.1566526Z Hit:2 http://azure.archive.ubuntu.com/ubuntu noble InRelease
2026-10-04T01:43:53.1574847Z Get:3 http://azure.archive.ubuntu.com/ubuntu noble-updates InRelease [126 kB]
2026-10-04T01:43:53.1677207Z Get:4 http://azure.archive.ubuntu.com/ubuntu noble-backports InRelease [126 kB]
2026-10-04T01:43:53.1736346Z Get:5 http://azure.archive.ubuntu.com/ubuntu noble-security InRelease [126 kB]
2026-10-04T01:43:53.2900226Z Get:10 http://azure.archive.ubuntu.com/ubuntu noble-updates/main amd64 Packages [1364 kB]
2026-10-04T01:43:53.3000241Z Get:11 http://azure.archive.ubuntu.com/ubuntu noble-updates/main Translation-en [304 kB]
2026-10-04T01:43:53.3001710Z Get:12 http://azure.archive.ubuntu.com/ubuntu noble-updates/main amd64 Components [181 kB]
2026-10-04T01:43:53.3040202Z Get:13 http://azure.archive.ubuntu.com/ubuntu noble-updates/universe amd64 Packages [1699 kB]
2026-10-04T01:43:53.3110205Z Get:14 http://azure.archive.ubuntu.com/ubuntu noble-updates/universe Translation-en [341 kB]
2026-10-04T01:43:53.3131236Z Get:15 http://azure.archive.ubuntu.com/ubuntu noble-updates/universe amd64 Components [388 kB]
2026-10-04T01:43:53.3160646Z Get:16 http://azure.archive.ubuntu.com/ubuntu noble-updates/restricted amd64 Packages [1720 kB]
2026-10-04T01:43:53.3259818Z Get:17 http://azure.archive.ubuntu.com/ubuntu noble-updates/restricted Translation-en [394 kB]
2026-10-04T01:43:53.3289261Z Get:18 http://azure.archive.ubuntu.com/ubuntu noble-updates/multiverse amd64 Components [940 B]
2026-10-04T01:43:53.3522528Z Get:19 http://azure.archive.ubuntu.com/ubuntu noble-backports/main amd64 Components [5736 B]
2026-10-04T01:43:53.3959153Z Get:20 http://azure.archive.ubuntu.com/ubuntu noble-backports/universe amd64 Components [12.6 kB]
2026-10-04T01:43:53.4063900Z Get:21 http://azure.archive.ubuntu.com/ubuntu noble-security/main amd64 Packages [1069 kB]
2026-10-04T01:43:53.4124202Z Get:22 http://azure.archive.ubuntu.com/ubuntu noble-security/main Translation-en [221 kB]
2026-10-04T01:43:53.4140276Z Get:23 http://azure.archive.ubuntu.com/ubuntu noble-security/main amd64 Components [46.5 kB]
2026-10-04T01:43:53.4148961Z Get:24 http://azure.archive.ubuntu.com/ubuntu noble-security/universe amd64 Packages [1216 kB]
2026-10-04T01:43:53.4212640Z Get:25 http://azure.archive.ubuntu.com/ubuntu noble-security/universe Translation-en [244 kB]
2026-10-04T01:43:53.4231531Z Get:26 http://azure.archive.ubuntu.com/ubuntu noble-security/universe amd64 Components [76.3 kB]
2026-10-04T01:43:53.4241722Z Get:27 http://azure.archive.ubuntu.com/ubuntu noble-security/restricted amd64 Packages [1566 kB]
2026-10-04T01:43:53.4321945Z Get:28 http://azure.archive.ubuntu.com/ubuntu noble-security/restricted Translation-en [361 kB]
2026-10-04T01:44:00.8465151Z Fetched 12.6 MB in 2s (7841 kB/s)
2026-10-04T01:44:01.7154177Z Reading package lists...
2026-10-04T01:44:01.7416445Z Reading package lists...
2026-10-04T01:44:01.9691607Z Building dependency tree...
2026-10-04T01:44:01.9698862Z Reading state information...
2026-10-04T01:44:02.1372936Z libasound2t64 is already the newest version (1.2.11-1ubuntu0.3).
2026-10-04T01:44:02.1373661Z libasound2t64 set to manually installed.
2026-10-04T01:44:02.1374406Z libatk-bridge2.0-0t64 is already the newest version (2.52.0-1build1).
2026-10-04T01:44:02.1375133Z libatk-bridge2.0-0t64 set to manually installed.
2026-10-04T01:44:02.1375851Z libatk1.0-0t64 is already the newest version (2.52.0-1build1).
2026-10-04T01:44:02.1376548Z libatk1.0-0t64 set to manually installed.
2026-10-04T01:44:02.1377227Z libatspi2.0-0t64 is already the newest version (2.52.0-1build1).
2026-10-04T01:44:02.1377892Z libatspi2.0-0t64 set to manually installed.
2026-10-04T01:44:02.1378532Z libcairo2 is already the newest version (1.18.0-3build1).
2026-10-04T01:44:02.1379527Z libcairo2 set to manually installed.
2026-10-04T01:44:02.1380192Z libcups2t64 is already the newest version (2.4.7-1.2ubuntu7.14).
2026-10-04T01:44:02.1380838Z libcups2t64 set to manually installed.
2026-10-04T01:44:02.1381487Z libdbus-1-3 is already the newest version (1.14.10-4ubuntu4.1).
2026-10-04T01:44:02.1382106Z libdbus-1-3 set to manually installed.
2026-10-04T01:44:02.1382512Z libdrm2 is already the newest version (2.4.125-1ubuntu0.1~24.04.2).
2026-10-04T01:44:02.1383195Z libdrm2 set to manually installed.
2026-10-04T01:44:02.1383858Z libglib2.0-0t64 is already the newest version (2.80.0-6ubuntu3.9).
2026-10-04T01:44:02.1386722Z libglib2.0-0t64 set to manually installed.
2026-10-04T01:44:02.1387168Z libnspr4 is already the newest version (2:4.35-1.1build1).
2026-10-04T01:44:02.1387558Z libnspr4 set to manually installed.
2026-10-04T01:44:02.1387942Z libnss3 is already the newest version (2:3.98-1ubuntu0.2).
2026-10-04T01:44:02.1388310Z libnss3 set to manually installed.
2026-10-04T01:44:02.1389186Z libpango-1.0-0 is already the newest version (1.52.1+ds-1build1).
2026-10-04T01:44:02.1389604Z libpango-1.0-0 set to manually installed.
2026-10-04T01:44:02.1389992Z libx11-6 is already the newest version (2:1.8.7-1build1).
2026-10-04T01:44:02.1390351Z libx11-6 set to manually installed.
2026-10-04T01:44:02.1390702Z libxcb1 is already the newest version (1.15-1ubuntu2).
2026-10-04T01:44:02.1391058Z libxcb1 set to manually installed.
2026-10-04T01:44:02.1391467Z libxcomposite1 is already the newest version (1:0.4.5-1build3).
2026-10-04T01:44:02.1391882Z libxcomposite1 set to manually installed.
2026-10-04T01:44:02.1392327Z libxdamage1 is already the newest version (1:1.1.6-1build1).
2026-10-04T01:44:02.1392711Z libxdamage1 set to manually installed.
2026-10-04T01:44:02.1393091Z libxext6 is already the newest version (2:1.3.4-1build2).
2026-10-04T01:44:02.1393449Z libxext6 set to manually installed.
2026-10-04T01:44:02.1393826Z libxfixes3 is already the newest version (1:6.0.0-2build1).
2026-10-04T01:44:02.1394197Z libxfixes3 set to manually installed.
2026-10-04T01:44:02.1394584Z libxkbcommon0 is already the newest version (1.6.0-1build1).
2026-10-04T01:44:02.1394967Z libxkbcommon0 set to manually installed.
2026-10-04T01:44:02.1395356Z libxrandr2 is already the newest version (2:1.5.2-2build1).
2026-10-04T01:44:02.1395729Z libxrandr2 set to manually installed.
2026-10-04T01:44:02.1396120Z xvfb is already the newest version (2:21.1.12-1ubuntu1.8).
2026-10-04T01:44:02.1396649Z fonts-noto-color-emoji is already the newest version (2.047-0ubuntu0.24.04.1).
2026-10-04T01:44:02.1397198Z libfontconfig1 is already the newest version (2.15.0-1.1ubuntu2).
2026-10-04T01:44:02.1397826Z libfontconfig1 set to manually installed.
2026-10-04T01:44:02.1398264Z libfreetype6 is already the newest version (2.13.2+dfsg-1ubuntu0.1).
2026-10-04T01:44:02.1398807Z libfreetype6 set to manually installed.
2026-10-04T01:44:02.1399217Z fonts-liberation is already the newest version (1:2.1.5-3).
2026-10-04T01:44:02.1399623Z fonts-liberation set to manually installed.
2026-10-04T01:44:02.1400019Z The following additional packages will be installed:
2026-10-04T01:44:02.1400519Z   libgl1-mesa-dri libglx-mesa0 mesa-libgallium xfonts-encodings xfonts-utils
2026-10-04T01:44:02.1400944Z Recommended packages:
2026-10-04T01:44:02.1401220Z   fonts-ipafont-mincho fonts-tlwg-loma
2026-10-04T01:44:02.1764967Z The following NEW packages will be installed:
2026-10-04T01:44:02.1765956Z   fonts-freefont-ttf fonts-ipafont-gothic fonts-tlwg-loma-otf fonts-unifont
2026-10-04T01:44:02.1771503Z   fonts-wqy-zenhei xfonts-cyrillic xfonts-encodings xfonts-scalable
2026-10-04T01:44:02.1772226Z   xfonts-utils
2026-10-04T01:44:02.1776301Z The following packages will be upgraded:
2026-10-04T01:44:02.1780888Z   libgbm1 libgl1-mesa-dri libglx-mesa0 mesa-libgallium
2026-10-04T01:44:02.1968120Z 4 upgraded, 9 newly installed, 0 to remove and 21 not upgraded.
2026-10-04T01:44:02.1968974Z Need to get 32.1 MB of archives.
2026-10-04T01:44:02.1969653Z After this operation, 79.5 MB of additional disk space will be used.
2026-10-04T01:44:02.1970432Z Get:1 file:/etc/apt/apt-mirrors.txt Mirrorlist [144 B]
2026-10-04T01:44:02.2417661Z Get:2 http://azure.archive.ubuntu.com/ubuntu noble/universe amd64 fonts-ipafont-gothic all 00303-21ubuntu1 [3513 kB]
2026-10-04T01:44:02.3022138Z Get:3 http://azure.archive.ubuntu.com/ubuntu noble/main amd64 fonts-freefont-ttf all 20211204+svn4273-2 [5641 kB]
2026-10-04T01:44:02.3722029Z Get:4 http://azure.archive.ubuntu.com/ubuntu noble/universe amd64 fonts-tlwg-loma-otf all 1:0.7.3-1 [107 kB]
2026-10-04T01:44:02.4005845Z Get:5 http://azure.archive.ubuntu.com/ubuntu noble/universe amd64 fonts-unifont all 1:15.1.01-1build1 [2993 kB]
2026-10-04T01:44:02.4466348Z Get:6 http://azure.archive.ubuntu.com/ubuntu noble/universe amd64 fonts-wqy-zenhei all 0.9.45-8 [7472 kB]
2026-10-04T01:44:02.5375885Z Get:7 http://azure.archive.ubuntu.com/ubuntu noble-updates/main amd64 libgl1-mesa-dri amd64 25.2.8-0ubuntu0.24.04.4 [38.0 kB]
2026-10-04T01:44:02.5653468Z Get:8 http://azure.archive.ubuntu.com/ubuntu noble-updates/main amd64 libglx-mesa0 amd64 25.2.8-0ubuntu0.24.04.4 [110 kB]
2026-10-04T01:44:02.5936618Z Get:9 http://azure.archive.ubuntu.com/ubuntu noble-updates/main amd64 libgbm1 amd64 25.2.8-0ubuntu0.24.04.4 [34.2 kB]
2026-10-04T01:44:02.6216387Z Get:10 http://azure.archive.ubuntu.com/ubuntu noble-updates/main amd64 mesa-libgallium amd64 25.2.8-0ubuntu0.24.04.4 [10.8 MB]
2026-10-04T01:44:02.7451283Z Get:11 http://azure.archive.ubuntu.com/ubuntu noble/main amd64 xfonts-encodings all 1:1.0.5-0ubuntu2 [578 kB]
2026-10-04T01:44:02.7770498Z Get:12 http://azure.archive.ubuntu.com/ubuntu noble/main amd64 xfonts-utils amd64 1:7.7+6build3 [94.4 kB]
2026-10-04T01:44:02.8051297Z Get:13 http://azure.archive.ubuntu.com/ubuntu noble/universe amd64 xfonts-cyrillic all 1:1.0.5+nmu1 [384 kB]
2026-10-04T01:44:02.8355954Z Get:14 http://azure.archive.ubuntu.com/ubuntu noble/main amd64 xfonts-scalable all 1:1.0.3-1.3 [304 kB]
2026-10-04T01:44:03.1177508Z Fetched 32.1 MB in 1s (49.1 MB/s)
2026-10-04T01:44:03.1576891Z Selecting previously unselected package fonts-ipafont-gothic.
2026-10-04T01:44:03.2280677Z (Reading database ... 
2026-10-04T01:44:03.2281141Z (Reading database ... 5%
2026-10-04T01:44:03.2281424Z (Reading database ... 10%
2026-10-04T01:44:03.2282060Z (Reading database ... 15%
2026-10-04T01:44:03.2282324Z (Reading database ... 20%
2026-10-04T01:44:03.2282559Z (Reading database ... 25%
2026-10-04T01:44:03.2282789Z (Reading database ... 30%
2026-10-04T01:44:03.2283034Z (Reading database ... 35%
2026-10-04T01:44:03.2283375Z (Reading database ... 40%
2026-10-04T01:44:03.2283763Z (Reading database ... 45%
2026-10-04T01:44:03.2284207Z (Reading database ... 50%
2026-10-04T01:44:03.2738445Z (Reading database ... 55%
2026-10-04T01:44:03.8509896Z (Reading database ... 60%
2026-10-04T01:44:04.1961757Z (Reading database ... 65%
2026-10-04T01:44:04.5390970Z (Reading database ... 70%
2026-10-04T01:44:04.8803621Z (Reading database ... 75%
2026-10-04T01:44:05.3109701Z (Reading database ... 80%
2026-10-04T01:44:05.9586610Z (Reading database ... 85%
2026-10-04T01:44:06.8512182Z (Reading database ... 90%
2026-10-04T01:44:07.5260734Z (Reading database ... 95%
2026-10-04T01:44:07.5261107Z (Reading database ... 100%
2026-10-04T01:44:07.5261558Z (Reading database ... 202296 files and directories currently installed.)
2026-10-04T01:44:07.5310661Z Preparing to unpack .../00-fonts-ipafont-gothic_00303-21ubuntu1_all.deb ...
2026-10-04T01:44:07.5412104Z Unpacking fonts-ipafont-gothic (00303-21ubuntu1) ...
2026-10-04T01:44:07.7847870Z Selecting previously unselected package fonts-freefont-ttf.
2026-10-04T01:44:07.7985901Z Preparing to unpack .../01-fonts-freefont-ttf_20211204+svn4273-2_all.deb ...
2026-10-04T01:44:07.7992151Z Unpacking fonts-freefont-ttf (20211204+svn4273-2) ...
2026-10-04T01:44:07.8800328Z Selecting previously unselected package fonts-tlwg-loma-otf.
2026-10-04T01:44:07.8935582Z Preparing to unpack .../02-fonts-tlwg-loma-otf_1%3a0.7.3-1_all.deb ...
2026-10-04T01:44:07.8943274Z Unpacking fonts-tlwg-loma-otf (1:0.7.3-1) ...
2026-10-04T01:44:07.9202733Z Selecting previously unselected package fonts-unifont.
2026-10-04T01:44:07.9337132Z Preparing to unpack .../03-fonts-unifont_1%3a15.1.01-1build1_all.deb ...
2026-10-04T01:44:07.9343868Z Unpacking fonts-unifont (1:15.1.01-1build1) ...
2026-10-04T01:44:08.0514232Z Selecting previously unselected package fonts-wqy-zenhei.
2026-10-04T01:44:08.0648940Z Preparing to unpack .../04-fonts-wqy-zenhei_0.9.45-8_all.deb ...
2026-10-04T01:44:08.0757023Z Unpacking fonts-wqy-zenhei (0.9.45-8) ...
2026-10-04T01:44:08.5646143Z Preparing to unpack .../05-libgl1-mesa-dri_25.2.8-0ubuntu0.24.04.4_amd64.deb ...
2026-10-04T01:44:08.5791688Z Unpacking libgl1-mesa-dri:amd64 (25.2.8-0ubuntu0.24.04.4) over (25.2.8-0ubuntu0.24.04.2) ...
2026-10-04T01:44:08.6441553Z Preparing to unpack .../06-libglx-mesa0_25.2.8-0ubuntu0.24.04.4_amd64.deb ...
2026-10-04T01:44:08.6465794Z Unpacking libglx-mesa0:amd64 (25.2.8-0ubuntu0.24.04.4) over (25.2.8-0ubuntu0.24.04.2) ...
2026-10-04T01:44:08.6883506Z Preparing to unpack .../07-libgbm1_25.2.8-0ubuntu0.24.04.4_amd64.deb ...
2026-10-04T01:44:08.6957320Z Unpacking libgbm1:amd64 (25.2.8-0ubuntu0.24.04.4) over (25.2.8-0ubuntu0.24.04.2) ...
2026-10-04T01:44:08.7391609Z Preparing to unpack .../08-mesa-libgallium_25.2.8-0ubuntu0.24.04.4_amd64.deb ...
2026-10-04T01:44:08.7412805Z Unpacking mesa-libgallium:amd64 (25.2.8-0ubuntu0.24.04.4) over (25.2.8-0ubuntu0.24.04.2) ...
2026-10-04T01:44:08.9223078Z Selecting previously unselected package xfonts-encodings.
2026-10-04T01:44:08.9359302Z Preparing to unpack .../09-xfonts-encodings_1%3a1.0.5-0ubuntu2_all.deb ...
2026-10-04T01:44:08.9365418Z Unpacking xfonts-encodings (1:1.0.5-0ubuntu2) ...
2026-10-04T01:44:08.9653232Z Selecting previously unselected package xfonts-utils.
2026-10-04T01:44:08.9787378Z Preparing to unpack .../10-xfonts-utils_1%3a7.7+6build3_amd64.deb ...
2026-10-04T01:44:08.9794631Z Unpacking xfonts-utils (1:7.7+6build3) ...
2026-10-04T01:44:09.0536712Z Selecting previously unselected package xfonts-cyrillic.
2026-10-04T01:44:09.0671163Z Preparing to unpack .../11-xfonts-cyrillic_1%3a1.0.5+nmu1_all.deb ...
2026-10-04T01:44:09.0676623Z Unpacking xfonts-cyrillic (1:1.0.5+nmu1) ...
2026-10-04T01:44:09.1012269Z Selecting previously unselected package xfonts-scalable.
2026-10-04T01:44:09.1146143Z Preparing to unpack .../12-xfonts-scalable_1%3a1.0.3-1.3_all.deb ...
2026-10-04T01:44:09.1152578Z Unpacking xfonts-scalable (1:1.0.3-1.3) ...
2026-10-04T01:44:09.1605511Z Setting up mesa-libgallium:amd64 (25.2.8-0ubuntu0.24.04.4) ...
2026-10-04T01:44:09.1623052Z Setting up libgbm1:amd64 (25.2.8-0ubuntu0.24.04.4) ...
2026-10-04T01:44:09.1636609Z Setting up libgl1-mesa-dri:amd64 (25.2.8-0ubuntu0.24.04.4) ...
2026-10-04T01:44:09.1708176Z Setting up fonts-wqy-zenhei (0.9.45-8) ...
2026-10-04T01:44:09.1817169Z Setting up fonts-freefont-ttf (20211204+svn4273-2) ...
2026-10-04T01:44:09.1832481Z Setting up fonts-tlwg-loma-otf (1:0.7.3-1) ...
2026-10-04T01:44:09.1847096Z Setting up xfonts-encodings (1:1.0.5-0ubuntu2) ...
2026-10-04T01:44:09.1861443Z Setting up fonts-ipafont-gothic (00303-21ubuntu1) ...
2026-10-04T01:44:09.1926347Z update-alternatives: using /usr/share/fonts/opentype/ipafont-gothic/ipag.ttf to provide /usr/share/fonts/truetype/fonts-japanese-gothic.ttf (fonts-japanese-gothic.ttf) in auto mode
2026-10-04T01:44:09.1941361Z Setting up fonts-unifont (1:15.1.01-1build1) ...
2026-10-04T01:44:09.1956202Z Setting up libglx-mesa0:amd64 (25.2.8-0ubuntu0.24.04.4) ...
2026-10-04T01:44:09.1969770Z Setting up xfonts-utils (1:7.7+6build3) ...
2026-10-04T01:44:09.2006717Z Setting up xfonts-cyrillic (1:1.0.5+nmu1) ...
2026-10-04T01:44:09.2365398Z Setting up xfonts-scalable (1:1.0.3-1.3) ...
2026-10-04T01:44:09.2726228Z Processing triggers for libc-bin (2.39-0ubuntu8.9) ...
2026-10-04T01:44:09.2876717Z Processing triggers for man-db (2.12.0-4build2) ...
2026-10-04T01:44:09.2897364Z Not building database; man-db/auto-update is not 'true'.
2026-10-04T01:44:09.2910376Z Processing triggers for fontconfig (2.15.0-1.1ubuntu2) ...
2026-10-04T01:44:10.7849301Z 
2026-10-04T01:44:10.7850020Z Running kernel seems to be up-to-date.
2026-10-04T01:44:10.7850393Z 
2026-10-04T01:44:10.7850624Z No services need to be restarted.
2026-10-04T01:44:10.7850887Z 
2026-10-04T01:44:10.7851104Z No containers need to be restarted.
2026-10-04T01:44:10.7851384Z 
2026-10-04T01:44:10.7851655Z No user sessions are running outdated binaries.
2026-10-04T01:44:10.7851983Z 
2026-10-04T01:44:10.7852417Z No VM guests are running outdated hypervisor (qemu) binaries on this host.
2026-10-04T01:44:11.8146250Z Downloading Chromium 143.0.7499.4 (playwright build v1200) from https://cdn.playwright.dev/dbazure/download/playwright/builds/chromium/1200/chromium-linux.zip
2026-10-04T01:44:11.9141860Z (node:4272) [DEP0169] DeprecationWarning: `url.parse()` behavior is not standardized and prone to errors that have security implications. Use the WHATWG URL API instead. CVEs are not issued for `url.parse()` vulnerabilities.
2026-10-04T01:44:11.9143421Z (Use `node --trace-deprecation ...` to show where the warning was created)
2026-10-04T01:44:12.0819231Z |                                                                                |   0% of 164.7 MiB
2026-10-04T01:44:12.3437175Z |■■■■■■■■                                                                        |  10% of 164.7 MiB
2026-10-04T01:44:12.4336555Z |■■■■■■■■■■■■■■■■                                                                |  20% of 164.7 MiB
2026-10-04T01:44:12.5034593Z |■■■■■■■■■■■■■■■■■■■■■■■■                                                        |  30% of 164.7 MiB
2026-10-04T01:44:12.5641921Z |■■■■■■■■■■■■■■■■■■■■■■■■■■■■■■■■                                                |  40% of 164.7 MiB
2026-10-04T01:44:12.6364481Z |■■■■■■■■■■■■■■■■■■■■■■■■■■■■■■■■■■■■■■■■                                        |  50% of 164.7 MiB
2026-10-04T01:44:12.6964102Z |■■■■■■■■■■■■■■■■■■■■■■■■■■■■■■■■■■■■■■■■■■■■■■■■                                |  60% of 164.7 MiB
2026-10-04T01:44:12.7595191Z |■■■■■■■■■■■■■■■■■■■■■■■■■■■■■■■■■■■■■■■■■■■■■■■■■■■■■■■■                        |  70% of 164.7 MiB
2026-10-04T01:44:12.8197204Z |■■■■■■■■■■■■■■■■■■■■■■■■■■■■■■■■■■■■■■■■■■■■■■■■■■■■■■■■■■■■■■■■                |  80% of 164.7 MiB
2026-10-04T01:44:12.8801133Z |■■■■■■■■■■■■■■■■■■■■■■■■■■■■■■■■■■■■■■■■■■■■■■■■■■■■■■■■■■■■■■■■■■■■■■■■        |  90% of 164.7 MiB
2026-10-04T01:44:12.9421345Z |■■■■■■■■■■■■■■■■■■■■■■■■■■■■■■■■■■■■■■■■■■■■■■■■■■■■■■■■■■■■■■■■■■■■■■■■■■■■■■■■| 100% of 164.7 MiB
2026-10-04T01:44:15.3998981Z Chromium 143.0.7499.4 (playwright build v1200) downloaded to /home/runner/.cache/ms-playwright/chromium-1200
2026-10-04T01:44:15.4004286Z Downloading FFMPEG playwright build v1011 from https://cdn.playwright.dev/dbazure/download/playwright/builds/ffmpeg/1011/ffmpeg-linux.zip
2026-10-04T01:44:15.5015238Z (node:4283) [DEP0169] DeprecationWarning: `url.parse()` behavior is not standardized and prone to errors that have security implications. Use the WHATWG URL API instead. CVEs are not issued for `url.parse()` vulnerabilities.
2026-10-04T01:44:15.5016532Z (Use `node --trace-deprecation ...` to show where the warning was created)
2026-10-04T01:44:15.6321699Z |                                                                                |   0% of 2.3 MiB
2026-10-04T01:44:15.6584048Z |■■■■■■■■                                                                        |  10% of 2.3 MiB
2026-10-04T01:44:15.6783942Z |■■■■■■■■■■■■■■■■                                                                |  20% of 2.3 MiB
2026-10-04T01:44:15.6860244Z |■■■■■■■■■■■■■■■■■■■■■■■■                                                        |  30% of 2.3 MiB
2026-10-04T01:44:15.6939791Z |■■■■■■■■■■■■■■■■■■■■■■■■■■■■■■■■                                                |  40% of 2.3 MiB
2026-10-04T01:44:15.7027940Z |■■■■■■■■■■■■■■■■■■■■■■■■■■■■■■■■■■■■■■■■                                        |  50% of 2.3 MiB
2026-10-04T01:44:15.7060770Z |■■■■■■■■■■■■■■■■■■■■■■■■■■■■■■■■■■■■■■■■■■■■■■■■                                |  60% of 2.3 MiB
2026-10-04T01:44:15.7121423Z |■■■■■■■■■■■■■■■■■■■■■■■■■■■■■■■■■■■■■■■■■■■■■■■■■■■■■■■■                        |  70% of 2.3 MiB
2026-10-04T01:44:15.7163034Z |■■■■■■■■■■■■■■■■■■■■■■■■■■■■■■■■■■■■■■■■■■■■■■■■■■■■■■■■■■■■■■■■                |  80% of 2.3 MiB
2026-10-04T01:44:15.7190390Z |■■■■■■■■■■■■■■■■■■■■■■■■■■■■■■■■■■■■■■■■■■■■■■■■■■■■■■■■■■■■■■■■■■■■■■■■        |  90% of 2.3 MiB
2026-10-04T01:44:15.7244304Z |■■■■■■■■■■■■■■■■■■■■■■■■■■■■■■■■■■■■■■■■■■■■■■■■■■■■■■■■■■■■■■■■■■■■■■■■■■■■■■■■| 100% of 2.3 MiB
2026-10-04T01:44:15.7790507Z FFMPEG playwright build v1011 downloaded to /home/runner/.cache/ms-playwright/ffmpeg-1011
2026-10-04T01:44:15.7794693Z Downloading Chromium Headless Shell 143.0.7499.4 (playwright build v1200) from https://cdn.playwright.dev/dbazure/download/playwright/builds/chromium/1200/chromium-headless-shell-linux.zip
2026-10-04T01:44:15.8795286Z (node:4294) [DEP0169] DeprecationWarning: `url.parse()` behavior is not standardized and prone to errors that have security implications. Use the WHATWG URL API instead. CVEs are not issued for `url.parse()` vulnerabilities.
2026-10-04T01:44:15.8797183Z (Use `node --trace-deprecation ...` to show where the warning was created)
2026-10-04T01:44:16.0322625Z |                                                                                |   0% of 109.7 MiB
2026-10-04T01:44:16.3742663Z |■■■■■■■■                                                                        |  10% of 109.7 MiB
2026-10-04T01:44:16.4290662Z |■■■■■■■■■■■■■■■■                                                                |  20% of 109.7 MiB
2026-10-04T01:44:16.4803781Z |■■■■■■■■■■■■■■■■■■■■■■■■                                                        |  30% of 109.7 MiB
2026-10-04T01:44:16.5318309Z |■■■■■■■■■■■■■■■■■■■■■■■■■■■■■■■■                                                |  40% of 109.7 MiB
2026-10-04T01:44:16.5669114Z |■■■■■■■■■■■■■■■■■■■■■■■■■■■■■■■■■■■■■■■■                                        |  50% of 109.7 MiB
2026-10-04T01:44:16.6053313Z |■■■■■■■■■■■■■■■■■■■■■■■■■■■■■■■■■■■■■■■■■■■■■■■■                                |  60% of 109.7 MiB
2026-10-04T01:44:16.6409428Z |■■■■■■■■■■■■■■■■■■■■■■■■■■■■■■■■■■■■■■■■■■■■■■■■■■■■■■■■                        |  70% of 109.7 MiB
2026-10-04T01:44:16.6788461Z |■■■■■■■■■■■■■■■■■■■■■■■■■■■■■■■■■■■■■■■■■■■■■■■■■■■■■■■■■■■■■■■■                |  80% of 109.7 MiB
2026-10-04T01:44:16.7166221Z |■■■■■■■■■■■■■■■■■■■■■■■■■■■■■■■■■■■■■■■■■■■■■■■■■■■■■■■■■■■■■■■■■■■■■■■■        |  90% of 109.7 MiB
2026-10-04T01:44:16.7544906Z |■■■■■■■■■■■■■■■■■■■■■■■■■■■■■■■■■■■■■■■■■■■■■■■■■■■■■■■■■■■■■■■■■■■■■■■■■■■■■■■■| 100% of 109.7 MiB
2026-10-04T01:44:18.5882719Z Chromium Headless Shell 143.0.7499.4 (playwright build v1200) downloaded to /home/runner/.cache/ms-playwright/chromium_headless_shell-1200
2026-10-04T01:44:18.6097342Z ##[group]Run python scripts/run_logged.py evidence/browser-native.log -- python scripts/browser_smoke.py
2026-10-04T01:44:18.6098072Z [36;1mpython scripts/run_logged.py evidence/browser-native.log -- python scripts/browser_smoke.py[0m
2026-10-04T01:44:18.6167222Z shell: /usr/bin/bash --noprofile --norc -e -o pipefail {0}
2026-10-04T01:44:18.6167571Z env:
2026-10-04T01:44:18.6167776Z   NEXT_TELEMETRY_DISABLED: 1
2026-10-04T01:44:18.6168098Z   pythonLocation: /opt/hostedtoolcache/Python/3.13.15/x64
2026-10-04T01:44:18.6168530Z   PKG_CONFIG_PATH: /opt/hostedtoolcache/Python/3.13.15/x64/lib/pkgconfig
2026-10-04T01:44:18.6169132Z   Python_ROOT_DIR: /opt/hostedtoolcache/Python/3.13.15/x64
2026-10-04T01:44:18.6169525Z   Python2_ROOT_DIR: /opt/hostedtoolcache/Python/3.13.15/x64
2026-10-04T01:44:18.6169894Z   Python3_ROOT_DIR: /opt/hostedtoolcache/Python/3.13.15/x64
2026-10-04T01:44:18.6170262Z   LD_LIBRARY_PATH: /opt/hostedtoolcache/Python/3.13.15/x64/lib
2026-10-04T01:44:18.6170631Z ##[endgroup]
2026-10-04T01:44:50.2036103Z {
2026-10-04T01:44:50.2036461Z   "mode": "native_browser_e2e",
2026-10-04T01:44:50.2036766Z   "passed": [
2026-10-04T01:44:50.2037184Z     "agent_credential_rejected_by_reviewer_console",
2026-10-04T01:44:50.2037823Z     "pending_queue_survives_more_than_100_newer_reads",
2026-10-04T01:44:50.2038455Z     "approval_disabled_without_informed_confirmation",
2026-10-04T01:44:50.2039231Z     "browser_rejection_preserves_all_1206_rows",
2026-10-04T01:44:50.2039798Z     "browser_approval_executes_real_update_once",
2026-10-04T01:44:50.2040403Z     "critical_action_requires_exact_1206_scope_phrase",
2026-10-04T01:44:50.2040975Z     "390px_mobile_has_no_horizontal_overflow",
2026-10-04T01:44:50.2041515Z     "audit_replay_and_hmac_verification_render",
2026-10-04T01:44:50.2042089Z     "metrics_use_real_samples_and_unknown_model_cost",
2026-10-04T01:44:50.2042745Z     "batch_ui_lists_bound_members_and_enforces_confirmation",
2026-10-04T01:44:50.2043417Z     "recovery_is_a_separate_informed_approval",
2026-10-04T01:44:50.2043957Z     "study_import_counterbalance_visibility_and_export_automation_only",
2026-10-04T01:44:50.2044374Z     "logout_removes_authenticated_console",
2026-10-04T01:44:50.2044686Z     "no_browser_javascript_errors"
2026-10-04T01:44:50.2044946Z   ],
2026-10-04T01:44:50.2045135Z   "errors": [],
2026-10-04T01:44:50.2045340Z   "not_proven": []
2026-10-04T01:44:50.2045551Z }
2026-10-04T01:44:50.2207000Z ##[group]Run python scripts/run_logged.py evidence/browser-edges.log -- python scripts/browser_edges.py
2026-10-04T01:44:50.2208192Z [36;1mpython scripts/run_logged.py evidence/browser-edges.log -- python scripts/browser_edges.py[0m
2026-10-04T01:44:50.2284238Z shell: /usr/bin/bash --noprofile --norc -e -o pipefail {0}
2026-10-04T01:44:50.2284588Z env:
2026-10-04T01:44:50.2284793Z   NEXT_TELEMETRY_DISABLED: 1
2026-10-04T01:44:50.2285110Z   pythonLocation: /opt/hostedtoolcache/Python/3.13.15/x64
2026-10-04T01:44:50.2285758Z   PKG_CONFIG_PATH: /opt/hostedtoolcache/Python/3.13.15/x64/lib/pkgconfig
2026-10-04T01:44:50.2286188Z   Python_ROOT_DIR: /opt/hostedtoolcache/Python/3.13.15/x64
2026-10-04T01:44:50.2286572Z   Python2_ROOT_DIR: /opt/hostedtoolcache/Python/3.13.15/x64
2026-10-04T01:44:50.2286971Z   Python3_ROOT_DIR: /opt/hostedtoolcache/Python/3.13.15/x64
2026-10-04T01:44:50.2287349Z   LD_LIBRARY_PATH: /opt/hostedtoolcache/Python/3.13.15/x64/lib
2026-10-04T01:44:50.2287697Z ##[endgroup]
2026-10-04T01:44:53.9383804Z {
2026-10-04T01:44:53.9384323Z   "mode": "native_next_browser_real_http",
2026-10-04T01:44:53.9384809Z   "passed": [
2026-10-04T01:44:53.9385215Z     "stale_cas_never_overwrites_new_data",
2026-10-04T01:44:53.9385753Z     "execution_failure_rolls_back_and_renders",
2026-10-04T01:44:53.9386349Z     "unknown_requires_original_receipt_reconciliation",
2026-10-04T01:44:53.9386982Z     "untrusted_long_text_is_escaped_and_mobile_bounded",
2026-10-04T01:44:53.9387418Z     "expired_action_has_no_decision_controls",
2026-10-04T01:44:53.9387778Z     "hard_block_has_no_override_controls",
2026-10-04T01:44:53.9388138Z     "keyboard_login_and_logout_clear_memory_credentials",
2026-10-04T01:44:53.9388879Z     "study_comprehension_is_separate_required_and_exported_as_automation",
2026-10-04T01:44:53.9389386Z     "next_hydration_and_strict_csp_have_no_errors"
2026-10-04T01:44:53.9389699Z   ],
2026-10-04T01:44:53.9389897Z   "errors": [],
2026-10-04T01:44:53.9390130Z   "csp_violations": [],
2026-10-04T01:44:53.9390371Z   "human_participants": 0
2026-10-04T01:44:53.9390592Z }
2026-10-04T01:44:53.9544247Z ##[group]Run python scripts/run_logged.py evidence/pilot-browser.log -- python scripts/pilot_browser.py
2026-10-04T01:44:53.9544967Z [36;1mpython scripts/run_logged.py evidence/pilot-browser.log -- python scripts/pilot_browser.py[0m
2026-10-04T01:44:53.9614665Z shell: /usr/bin/bash --noprofile --norc -e -o pipefail {0}
2026-10-04T01:44:53.9615011Z env:
2026-10-04T01:44:53.9615222Z   NEXT_TELEMETRY_DISABLED: 1
2026-10-04T01:44:53.9615565Z   pythonLocation: /opt/hostedtoolcache/Python/3.13.15/x64
2026-10-04T01:44:53.9615996Z   PKG_CONFIG_PATH: /opt/hostedtoolcache/Python/3.13.15/x64/lib/pkgconfig
2026-10-04T01:44:53.9616410Z   Python_ROOT_DIR: /opt/hostedtoolcache/Python/3.13.15/x64
2026-10-04T01:44:53.9616784Z   Python2_ROOT_DIR: /opt/hostedtoolcache/Python/3.13.15/x64
2026-10-04T01:44:53.9617167Z   Python3_ROOT_DIR: /opt/hostedtoolcache/Python/3.13.15/x64
2026-10-04T01:44:53.9617547Z   LD_LIBRARY_PATH: /opt/hostedtoolcache/Python/3.13.15/x64/lib
2026-10-04T01:44:53.9617911Z ##[endgroup]
2026-10-04T01:44:56.4750416Z {
2026-10-04T01:44:56.4750795Z   "status": "PASS",
2026-10-04T01:44:56.4751211Z   "mode": "native_browser_e2e",
2026-10-04T01:44:56.4751744Z   "browser_plugin": "not available; project Playwright",
2026-10-04T01:44:56.4752256Z   "passed": [
2026-10-04T01:44:56.4752671Z     "pilot_public_assets_load_without_approval_service",
2026-10-04T01:44:56.4753227Z     "eight_practice_decisions_exported_and_excluded_from_human_metrics",
2026-10-04T01:44:56.4753704Z     "pilot_390px_no_horizontal_overflow",
2026-10-04T01:44:56.4754073Z     "sender_alert_dedup_and_recovery_render_as_two_events",
2026-10-04T01:44:56.4754466Z     "inbox_read_token_not_in_url_or_browser_storage",
2026-10-04T01:44:56.4754801Z     "inbox_390px_no_horizontal_overflow",
2026-10-04T01:44:56.4755127Z     "inbox_logout_clears_authenticated_content",
2026-10-04T01:44:56.4755459Z     "no_browser_javascript_or_csp_errors"
2026-10-04T01:44:56.4755846Z   ],
2026-10-04T01:44:56.4756122Z   "errors": [],
2026-10-04T01:44:56.4756437Z   "csp_violations": [],
2026-10-04T01:44:56.4756779Z   "human_participants": 0,
2026-10-04T01:44:56.4757047Z   "external_notifications": 0,
2026-10-04T01:44:56.4757308Z   "business_side_effects": 0
2026-10-04T01:44:56.4757541Z }
2026-10-04T01:44:56.4910919Z ##[group]Run python scripts/run_logged.py evidence/docker-smoke.log -- python scripts/docker_smoke.py
2026-10-04T01:44:56.4911630Z [36;1mpython scripts/run_logged.py evidence/docker-smoke.log -- python scripts/docker_smoke.py[0m
2026-10-04T01:44:56.4981129Z shell: /usr/bin/bash --noprofile --norc -e -o pipefail {0}
2026-10-04T01:44:56.4981470Z env:
2026-10-04T01:44:56.4981675Z   NEXT_TELEMETRY_DISABLED: 1
2026-10-04T01:44:56.4981989Z   pythonLocation: /opt/hostedtoolcache/Python/3.13.15/x64
2026-10-04T01:44:56.4982412Z   PKG_CONFIG_PATH: /opt/hostedtoolcache/Python/3.13.15/x64/lib/pkgconfig
2026-10-04T01:44:56.4982836Z   Python_ROOT_DIR: /opt/hostedtoolcache/Python/3.13.15/x64
2026-10-04T01:44:56.4983206Z   Python2_ROOT_DIR: /opt/hostedtoolcache/Python/3.13.15/x64
2026-10-04T01:44:56.4983572Z   Python3_ROOT_DIR: /opt/hostedtoolcache/Python/3.13.15/x64
2026-10-04T01:44:56.4983938Z   LD_LIBRARY_PATH: /opt/hostedtoolcache/Python/3.13.15/x64/lib
2026-10-04T01:44:56.4984291Z ##[endgroup]
2026-10-04T01:46:02.4157800Z {
2026-10-04T01:46:02.4158223Z   "mode": "real_docker_compose",
2026-10-04T01:46:02.4158881Z   "project": "airlock-check-08c28926a4d0",
2026-10-04T01:46:02.4159419Z   "probe": {
2026-10-04T01:46:02.4159848Z     "pending_id": "ab8cfab75711478e8b7851c8c5ad1f0f",
2026-10-04T01:46:02.4160360Z     "uid": 10001,
2026-10-04T01:46:02.4160737Z     "effective_capabilities": 0,
2026-10-04T01:46:02.4161148Z     "sqlite_runtime": {
2026-10-04T01:46:02.4161488Z       "version": "3.53.1",
2026-10-04T01:46:02.4162271Z       "source_id": "2026-05-05 10:34:17 c88b22011a54b4f6fbd149e9f8e4de77658ce58143a1af0e3785e4e6475127e9",
2026-10-04T01:46:02.4163045Z       "wal_reset_fix": "upstream_fixed_version",
2026-10-04T01:46:02.4163431Z       "compile_options": [
2026-10-04T01:46:02.4163790Z         "ATOMIC_INTRINSICS=1",
2026-10-04T01:46:02.4164198Z         "COMPILER=gcc-14.2.0",
2026-10-04T01:46:02.4164583Z         "DEFAULT_AUTOVACUUM",
2026-10-04T01:46:02.4165024Z         "DEFAULT_CACHE_SIZE=-2000",
2026-10-04T01:46:02.4165518Z         "DEFAULT_FILE_FORMAT=4",
2026-10-04T01:46:02.4166065Z         "DEFAULT_JOURNAL_SIZE_LIMIT=-1",
2026-10-04T01:46:02.4166516Z         "DEFAULT_MMAP_SIZE=0",
2026-10-04T01:46:02.4166928Z         "DEFAULT_PAGE_SIZE=4096",
2026-10-04T01:46:02.4167360Z         "DEFAULT_PCACHE_INITSZ=20",
2026-10-04T01:46:02.4167807Z         "DEFAULT_RECURSIVE_TRIGGERS",
2026-10-04T01:46:02.4168248Z         "DEFAULT_SECTOR_SIZE=4096",
2026-10-04T01:46:02.4168870Z         "DEFAULT_SYNCHRONOUS=2",
2026-10-04T01:46:02.4169316Z         "DEFAULT_WAL_AUTOCHECKPOINT=1000",
2026-10-04T01:46:02.4169781Z         "DEFAULT_WAL_SYNCHRONOUS=2",
2026-10-04T01:46:02.4170218Z         "DEFAULT_WORKER_THREADS=0",
2026-10-04T01:46:02.4170647Z         "DIRECT_OVERFLOW_READ",
2026-10-04T01:46:02.4171050Z         "ENABLE_COLUMN_METADATA",
2026-10-04T01:46:02.4171419Z         "ENABLE_DBSTAT_VTAB",
2026-10-04T01:46:02.4171761Z         "ENABLE_FTS3",
2026-10-04T01:46:02.4172087Z         "ENABLE_FTS5",
2026-10-04T01:46:02.4172456Z         "ENABLE_MATH_FUNCTIONS",
2026-10-04T01:46:02.4172816Z         "ENABLE_RTREE",
2026-10-04T01:46:02.4173176Z         "MALLOC_SOFT_LIMIT=1024",
2026-10-04T01:46:02.4173565Z         "MAX_ATTACHED=10",
2026-10-04T01:46:02.4173930Z         "MAX_COLUMN=2000",
2026-10-04T01:46:02.4174318Z         "MAX_COMPOUND_SELECT=500",
2026-10-04T01:46:02.4174750Z         "MAX_DEFAULT_PAGE_SIZE=8192",
2026-10-04T01:46:02.4175187Z         "MAX_EXPR_DEPTH=1000",
2026-10-04T01:46:02.4175581Z         "MAX_FUNCTION_ARG=1000",
2026-10-04T01:46:02.4175984Z         "MAX_LENGTH=1000000000",
2026-10-04T01:46:02.4176387Z         "MAX_LIKE_PATTERN_LENGTH=50000",
2026-10-04T01:46:02.4176837Z         "MAX_MMAP_SIZE=0x7fff0000",
2026-10-04T01:46:02.4177268Z         "MAX_PAGE_COUNT=0xfffffffe",
2026-10-04T01:46:02.4177690Z         "MAX_PAGE_SIZE=65536",
2026-10-04T01:46:02.4178106Z         "MAX_SQL_LENGTH=1000000000",
2026-10-04T01:46:02.4178519Z         "MAX_TRIGGER_DEPTH=1000",
2026-10-04T01:46:02.4179467Z         "MAX_VARIABLE_NUMBER=32766",
2026-10-04T01:46:02.4179906Z         "MAX_VDBE_OP=250000000",
2026-10-04T01:46:02.4180333Z         "MAX_WORKER_THREADS=8",
2026-10-04T01:46:02.4180724Z         "MUTEX_PTHREADS",
2026-10-04T01:46:02.4181337Z         "SYSTEM_MALLOC",
2026-10-04T01:46:02.4181693Z         "TEMP_STORE=1",
2026-10-04T01:46:02.4182059Z         "THREADSAFE=1",
2026-10-04T01:46:02.4182389Z         "USE_URI"
2026-10-04T01:46:02.4182691Z       ],
2026-10-04T01:46:02.4182981Z       "python": "3.13.16",
2026-10-04T01:46:02.4183417Z       "sqlite_threadsafety": 3,
2026-10-04T01:46:02.4183745Z       "loaded_shared_library_files": [
2026-10-04T01:46:02.4184003Z         {
2026-10-04T01:46:02.4184305Z           "path": "/opt/airlock-sqlite/lib/libsqlite3.so.0",
2026-10-04T01:46:02.4184640Z           "bytes": 1605768,
2026-10-04T01:46:02.4185050Z           "sha256": "8fac480a6336553316e0417dad6fc91f32b054396724b34b65f25546637dcd26"
2026-10-04T01:46:02.4185450Z         }
2026-10-04T01:46:02.4185627Z       ],
2026-10-04T01:46:02.4185863Z       "build_report_verified": true,
2026-10-04T01:46:02.4186360Z       "build_report_sha256": "7b06c542bba71858f7499dc24352ea1f0c39e7aa2f6e36dfdf1b17b64a6cdb2f"
2026-10-04T01:46:02.4186786Z     },
2026-10-04T01:46:02.4186975Z     "checks": [
2026-10-04T01:46:02.4187240Z       "agent_has_no_reviewer_or_audit_secret",
2026-10-04T01:46:02.4187570Z       "target_database_not_mounted_in_agent",
2026-10-04T01:46:02.4187897Z       "no_server_config_or_docker_socket",
2026-10-04T01:46:02.4188208Z       "non_root_read_only_no_capabilities",
2026-10-04T01:46:02.4188517Z       "agent_cannot_approve_or_read_audit",
2026-10-04T01:46:02.4189078Z       "SQL_cannot_read_control_tables",
2026-10-04T01:46:02.4189386Z       "write_waits_for_separate_reviewer",
2026-10-04T01:46:02.4189694Z       "container_loads_pinned_sqlite_runtime"
2026-10-04T01:46:02.4189959Z     ]
2026-10-04T01:46:02.4190138Z   },
2026-10-04T01:46:02.4190574Z   "runtime_image_id": "sha256:741b95abbb8a6d23ab05f5fba1c614a8c758717f52b7064d198ef790e9df4e01",
2026-10-04T01:46:02.4191072Z   "rows_before_independent_approval": 1206,
2026-10-04T01:46:02.4191385Z   "rows_after_approval_and_restart": 0,
2026-10-04T01:46:02.4191659Z   "additional_checks": [
2026-10-04T01:46:02.4191977Z     "pending_survives_server_restart_without_execution",
2026-10-04T01:46:02.4192376Z     "approved_effect_and_audit_persist_without_reseeding",
2026-10-04T01:46:02.4192729Z     "compose_network_is_internal",
2026-10-04T01:46:02.4193035Z     "server_dual_network_agent_internal_only",
2026-10-04T01:46:02.4193357Z     "published_port_is_loopback_only"
2026-10-04T01:46:02.4193609Z   ],
2026-10-04T01:46:02.4193795Z   "limitations": [
2026-10-04T01:46:02.4194163Z     "controlled synthetic deployment, not a general container escape audit",
2026-10-04T01:46:02.4194662Z     "reviewer is automated test code, not a human A/B participant"
2026-10-04T01:46:02.4194990Z   ]
2026-10-04T01:46:02.4195171Z }
2026-10-04T01:46:02.4328887Z ##[group]Run python scripts/run_logged.py evidence/upstream-isolation.log -- python scripts/upstream_isolation.py
2026-10-04T01:46:02.4329869Z [36;1mpython scripts/run_logged.py evidence/upstream-isolation.log -- python scripts/upstream_isolation.py[0m
2026-10-04T01:46:02.4400757Z shell: /usr/bin/bash --noprofile --norc -e -o pipefail {0}
2026-10-04T01:46:02.4401376Z env:
2026-10-04T01:46:02.4401718Z   NEXT_TELEMETRY_DISABLED: 1
2026-10-04T01:46:02.4402243Z   pythonLocation: /opt/hostedtoolcache/Python/3.13.15/x64
2026-10-04T01:46:02.4416794Z   PKG_CONFIG_PATH: /opt/hostedtoolcache/Python/3.13.15/x64/lib/pkgconfig
2026-10-04T01:46:02.4417266Z   Python_ROOT_DIR: /opt/hostedtoolcache/Python/3.13.15/x64
2026-10-04T01:46:02.4417655Z   Python2_ROOT_DIR: /opt/hostedtoolcache/Python/3.13.15/x64
2026-10-04T01:46:02.4418028Z   Python3_ROOT_DIR: /opt/hostedtoolcache/Python/3.13.15/x64
2026-10-04T01:46:02.4418397Z   LD_LIBRARY_PATH: /opt/hostedtoolcache/Python/3.13.15/x64/lib
2026-10-04T01:46:02.4418979Z ##[endgroup]
2026-10-04T01:46:05.6380546Z {"status": "PASS", "mode": "real_docker_protected_upstream", "image": "sha256:741b95abbb8a6d23ab05f5fba1c614a8c758717f52b7064d198ef790e9df4e01", "probe": {"action_id": "7af1b08b9e654d3ea23ba471d2a261e4", "checks": ["no_upstream_dns", "no_direct_ip_access", "no_upstream_or_review_secret", "no_server_volume_or_socket", "single_internal_agent_network", "write_waits_for_reviewer"]}, "checks": ["rejection_preserves_remote_value", "separate_approval_executes_once", "separate_compensation_restores_value", "audit_chain_valid"], "network_boundary": "Agent only on internal ingress; upstream only on distinct internal target network; gate on both; no upstream published port", "limitations": ["Synthetic remote CAS counter, scripted reviewer; not a human study", "Dedicated pinned private HTTP in isolated fixture; production untrusted networks require TLS", "Host administrator and container escape outside tested boundary"]}
2026-10-04T01:46:05.6565616Z ##[group]Run actions/setup-go@v6
2026-10-04T01:46:05.6565885Z with:
2026-10-04T01:46:05.6566084Z   go-version: 1.24.8
2026-10-04T01:46:05.6566297Z   cache: false
2026-10-04T01:46:05.6566503Z   check-latest: false
2026-10-04T01:46:05.6569484Z   token: ***
2026-10-04T01:46:05.6569682Z env:
2026-10-04T01:46:05.6569899Z   NEXT_TELEMETRY_DISABLED: 1
2026-10-04T01:46:05.6570216Z   pythonLocation: /opt/hostedtoolcache/Python/3.13.15/x64
2026-10-04T01:46:05.6570664Z   PKG_CONFIG_PATH: /opt/hostedtoolcache/Python/3.13.15/x64/lib/pkgconfig
2026-10-04T01:46:05.6571087Z   Python_ROOT_DIR: /opt/hostedtoolcache/Python/3.13.15/x64
2026-10-04T01:46:05.6571464Z   Python2_ROOT_DIR: /opt/hostedtoolcache/Python/3.13.15/x64
2026-10-04T01:46:05.6571827Z   Python3_ROOT_DIR: /opt/hostedtoolcache/Python/3.13.15/x64
2026-10-04T01:46:05.6572203Z   LD_LIBRARY_PATH: /opt/hostedtoolcache/Python/3.13.15/x64/lib
2026-10-04T01:46:05.6572525Z ##[endgroup]
2026-10-04T01:46:05.7837001Z Setup go version spec 1.24.8
2026-10-04T01:46:05.7849661Z Attempting to download 1.24.8...
2026-10-04T01:46:06.4376563Z matching 1.24.8...
2026-10-04T01:46:06.4427554Z Acquiring 1.24.8 from https://github.com/actions/go-versions/releases/download/1.24.8-18331018734/go-1.24.8-linux-x64.tar.gz
2026-10-04T01:46:07.0230971Z Extracting Go...
2026-10-04T01:46:07.0369782Z [command]/usr/bin/tar xz --warning=no-unknown-keyword --overwrite -C /home/runner/work/_temp/e116a6b2-cde4-4859-882f-c170b3fc82f3 -f /home/runner/work/_temp/60362ac2-b017-449e-aa9e-92844a1ee6f4
2026-10-04T01:46:08.9493359Z Successfully extracted go to /home/runner/work/_temp/e116a6b2-cde4-4859-882f-c170b3fc82f3
2026-10-04T01:46:08.9493947Z Adding to the cache ...
2026-10-04T01:46:13.3713535Z Successfully cached go to /opt/hostedtoolcache/go/1.24.8/x64
2026-10-04T01:46:13.3715886Z Added go to the path
2026-10-04T01:46:13.3718785Z Successfully set up Go version 1.24.8
2026-10-04T01:46:13.3971410Z go version go1.24.8 linux/amd64
2026-10-04T01:46:13.3971723Z 
2026-10-04T01:46:13.3972329Z ##[group]go env
2026-10-04T01:46:13.4916670Z AR='ar'
2026-10-04T01:46:13.4917024Z CC='gcc'
2026-10-04T01:46:13.4917383Z CGO_CFLAGS='-O2 -g'
2026-10-04T01:46:13.4917734Z CGO_CPPFLAGS=''
2026-10-04T01:46:13.4918115Z CGO_CXXFLAGS='-O2 -g'
2026-10-04T01:46:13.4918484Z CGO_ENABLED='1'
2026-10-04T01:46:13.4919378Z CGO_FFLAGS='-O2 -g'
2026-10-04T01:46:13.4919760Z CGO_LDFLAGS='-O2 -g'
2026-10-04T01:46:13.4920082Z CXX='g++'
2026-10-04T01:46:13.4920380Z GCCGO='gccgo'
2026-10-04T01:46:13.4920696Z GO111MODULE=''
2026-10-04T01:46:13.4921003Z GOAMD64='v1'
2026-10-04T01:46:13.4921300Z GOARCH='amd64'
2026-10-04T01:46:13.4921597Z GOAUTH='netrc'
2026-10-04T01:46:13.4921893Z GOBIN=''
2026-10-04T01:46:13.4922318Z GOCACHE='/home/runner/.cache/go-build'
2026-10-04T01:46:13.4922768Z GOCACHEPROG=''
2026-10-04T01:46:13.4923140Z GODEBUG=''
2026-10-04T01:46:13.4923540Z GOENV='/home/runner/.config/go/env'
2026-10-04T01:46:13.4923936Z GOEXE=''
2026-10-04T01:46:13.4924229Z GOEXPERIMENT=''
2026-10-04T01:46:13.4924561Z GOFIPS140='off'
2026-10-04T01:46:13.4924857Z GOFLAGS=''
2026-10-04T01:46:13.4926065Z GOGCCFLAGS='-fPIC -m64 -pthread -Wl,--no-gc-sections -fmessage-length=0 -ffile-prefix-map=/tmp/go-build4001567838=/tmp/go-build -gno-record-gcc-switches'
2026-10-04T01:46:13.4926743Z GOHOSTARCH='amd64'
2026-10-04T01:46:13.4926961Z GOHOSTOS='linux'
2026-10-04T01:46:13.4927441Z GOINSECURE=''
2026-10-04T01:46:13.4927655Z GOMOD='/dev/null'
2026-10-04T01:46:13.4927928Z GOMODCACHE='/home/runner/go/pkg/mod'
2026-10-04T01:46:13.4928197Z GONOPROXY=''
2026-10-04T01:46:13.4928392Z GONOSUMDB=''
2026-10-04T01:46:13.4928581Z GOOS='linux'
2026-10-04T01:46:13.4929033Z GOPATH='/home/runner/go'
2026-10-04T01:46:13.4929263Z GOPRIVATE=''
2026-10-04T01:46:13.4929555Z GOPROXY='https://proxy.golang.org,direct'
2026-10-04T01:46:13.4929934Z GOROOT='/opt/hostedtoolcache/go/1.24.8/x64'
2026-10-04T01:46:13.4930244Z GOSUMDB='sum.golang.org'
2026-10-04T01:46:13.4930486Z GOTELEMETRY='local'
2026-10-04T01:46:13.4930804Z GOTELEMETRYDIR='/home/runner/.config/go/telemetry'
2026-10-04T01:46:13.4931311Z GOTMPDIR=''
2026-10-04T01:46:13.4931526Z GOTOOLCHAIN='local'
2026-10-04T01:46:13.4931920Z GOTOOLDIR='/opt/hostedtoolcache/go/1.24.8/x64/pkg/tool/linux_amd64'
2026-10-04T01:46:13.4932270Z GOVCS=''
2026-10-04T01:46:13.4932482Z GOVERSION='go1.24.8'
2026-10-04T01:46:13.4932727Z GOWORK=''
2026-10-04T01:46:13.4932963Z PKG_CONFIG='pkg-config'
2026-10-04T01:46:13.4933115Z 
2026-10-04T01:46:13.4933471Z ##[endgroup]
2026-10-04T01:46:13.5160504Z ##[group]Run python scripts/run_logged.py evidence/archive-build.log -- python scripts/build_archive_fixture.py --output evidence/archive-image.json
2026-10-04T01:46:13.5161494Z [36;1mpython scripts/run_logged.py evidence/archive-build.log -- python scripts/build_archive_fixture.py --output evidence/archive-image.json[0m
2026-10-04T01:46:13.5236105Z shell: /usr/bin/bash --noprofile --norc -e -o pipefail {0}
2026-10-04T01:46:13.5236458Z env:
2026-10-04T01:46:13.5236663Z   NEXT_TELEMETRY_DISABLED: 1
2026-10-04T01:46:13.5236985Z   pythonLocation: /opt/hostedtoolcache/Python/3.13.15/x64
2026-10-04T01:46:13.5237415Z   PKG_CONFIG_PATH: /opt/hostedtoolcache/Python/3.13.15/x64/lib/pkgconfig
2026-10-04T01:46:13.5237830Z   Python_ROOT_DIR: /opt/hostedtoolcache/Python/3.13.15/x64
2026-10-04T01:46:13.5238203Z   Python2_ROOT_DIR: /opt/hostedtoolcache/Python/3.13.15/x64
2026-10-04T01:46:13.5238587Z   Python3_ROOT_DIR: /opt/hostedtoolcache/Python/3.13.15/x64
2026-10-04T01:46:13.5239222Z   LD_LIBRARY_PATH: /opt/hostedtoolcache/Python/3.13.15/x64/lib
2026-10-04T01:46:13.5239547Z   GOTOOLCHAIN: local
2026-10-04T01:46:13.5239762Z ##[endgroup]
2026-10-04T01:46:20.9349745Z From https://github.com/minio/minio
2026-10-04T01:46:20.9350334Z  * branch            7aac2a2c5b7c882e68c1ce017d8256be2feea27f -> FETCH_HEAD
2026-10-04T01:46:20.9350960Z HEAD is now at 7aac2a2 update README.md format and clarify state of the project
2026-10-04T01:46:20.9351602Z go: downloading cloud.google.com/go/storage v1.52.0
2026-10-04T01:46:20.9352135Z go: downloading github.com/Azure/azure-sdk-for-go/sdk/azcore v1.18.0
2026-10-04T01:46:20.9352717Z go: downloading github.com/Azure/azure-sdk-for-go/sdk/azidentity v1.9.0
2026-10-04T01:46:20.9353321Z go: downloading github.com/Azure/azure-sdk-for-go/sdk/storage/azblob v1.6.1
2026-10-04T01:46:20.9353842Z go: downloading github.com/cespare/xxhash/v2 v2.3.0
2026-10-04T01:46:20.9354306Z go: downloading github.com/cheggaaa/pb v1.0.29
2026-10-04T01:46:20.9354706Z go: downloading cloud.google.com/go v0.120.1
2026-10-04T01:46:20.9355117Z go: downloading github.com/coreos/go-systemd/v22 v22.5.0
2026-10-04T01:46:20.9355545Z go: downloading github.com/coreos/go-oidc/v3 v3.14.1
2026-10-04T01:46:20.9355965Z go: downloading github.com/cosnicolaou/pbzip2 v1.0.5
2026-10-04T01:46:20.9356392Z go: downloading github.com/dchest/siphash v1.2.3
2026-10-04T01:46:20.9356784Z go: downloading github.com/dustin/go-humanize v1.0.1
2026-10-04T01:46:20.9357160Z go: downloading github.com/fatih/color v1.18.0
2026-10-04T01:46:20.9357526Z go: downloading github.com/felixge/fgprof v0.9.5
2026-10-04T01:46:20.9357915Z go: downloading github.com/go-openapi/loads v0.22.0
2026-10-04T01:46:20.9358316Z go: downloading github.com/golang-jwt/jwt/v4 v4.5.2
2026-10-04T01:46:20.9358990Z go: downloading github.com/google/uuid v1.6.0
2026-10-04T01:46:20.9359687Z go: downloading github.com/inconshreveable/mousetrap v1.1.0
2026-10-04T01:46:20.9360659Z go: downloading github.com/json-iterator/go v1.1.12
2026-10-04T01:46:20.9361097Z go: downloading github.com/klauspost/compress v1.18.0
2026-10-04T01:46:20.9361521Z go: downloading github.com/klauspost/filepathx v1.1.1
2026-10-04T01:46:20.9361922Z go: downloading github.com/klauspost/readahead v1.4.0
2026-10-04T01:46:20.9362314Z go: downloading github.com/klauspost/pgzip v1.2.6
2026-10-04T01:46:20.9362736Z go: downloading github.com/klauspost/reedsolomon v1.12.4
2026-10-04T01:46:20.9363161Z go: downloading github.com/lithammer/shortuuid/v4 v4.2.0
2026-10-04T01:46:20.9363546Z go: downloading github.com/miekg/dns v1.1.65
2026-10-04T01:46:20.9363902Z go: downloading github.com/minio/cli v1.24.2
2026-10-04T01:46:20.9364380Z go: downloading github.com/minio/console v1.7.7-0.20250905210349-2017f33b26e1
2026-10-04T01:46:20.9364847Z go: downloading github.com/minio/dperf v0.6.3
2026-10-04T01:46:20.9365228Z go: downloading github.com/minio/dnscache v0.1.1
2026-10-04T01:46:20.9365663Z go: downloading github.com/minio/kms-go/kes v0.3.1
2026-10-04T01:46:20.9366246Z go: downloading github.com/minio/highwayhash v1.0.3
2026-10-04T01:46:20.9366664Z go: downloading github.com/minio/madmin-go/v3 v3.0.109
2026-10-04T01:46:20.9367069Z go: downloading github.com/minio/minio-go/v7 v7.0.91
2026-10-04T01:46:20.9367439Z go: downloading github.com/minio/mux v1.9.2
2026-10-04T01:46:20.9367802Z go: downloading github.com/minio/pkg/v3 v3.1.3
2026-10-04T01:46:20.9368162Z go: downloading github.com/minio/xxml v0.0.3
2026-10-04T01:46:20.9368508Z go: downloading github.com/minio/sio v0.4.1
2026-10-04T01:46:20.9369184Z go: downloading github.com/minio/selfupdate v0.6.0
2026-10-04T01:46:20.9369576Z go: downloading github.com/minio/zipindex v0.4.0
2026-10-04T01:46:20.9369971Z go: downloading github.com/mitchellh/go-homedir v1.1.0
2026-10-04T01:46:20.9370367Z go: downloading github.com/philhofer/fwd v1.2.0
2026-10-04T01:46:20.9370748Z go: downloading github.com/pierrec/lz4/v4 v4.1.22
2026-10-04T01:46:20.9371277Z go: downloading github.com/pkg/errors v0.9.1
2026-10-04T01:46:20.9371635Z go: downloading github.com/pkg/sftp v1.13.9
2026-10-04T01:46:20.9371992Z go: downloading github.com/pkg/xattr v0.4.10
2026-10-04T01:46:20.9372402Z go: downloading github.com/prometheus/client_golang v1.22.0
2026-10-04T01:46:20.9372861Z go: downloading github.com/prometheus/client_model v0.6.2
2026-10-04T01:46:20.9373283Z go: downloading github.com/prometheus/procfs v0.16.1
2026-10-04T01:46:20.9373678Z go: downloading github.com/prometheus/common v0.63.0
2026-10-04T01:46:20.9374064Z go: downloading github.com/puzpuzpuz/xsync/v3 v3.5.1
2026-10-04T01:46:20.9374567Z go: downloading github.com/rcrowley/go-metrics v0.0.0-20250401214520-65e299d6c5c9
2026-10-04T01:46:20.9375038Z go: downloading github.com/rs/cors v1.11.1
2026-10-04T01:46:20.9375411Z go: downloading github.com/secure-io/sio-go v0.3.1
2026-10-04T01:46:20.9375807Z go: downloading github.com/shirou/gopsutil/v3 v3.24.5
2026-10-04T01:46:20.9376187Z go: downloading github.com/tinylib/msgp v1.4.0
2026-10-04T01:46:20.9376600Z go: downloading github.com/valyala/bytebufferpool v1.0.0
2026-10-04T01:46:20.9376999Z go: downloading github.com/zeebo/xxh3 v1.0.2
2026-10-04T01:46:20.9377372Z go: downloading go.etcd.io/etcd/api/v3 v3.5.21
2026-10-04T01:46:20.9377749Z go: downloading go.etcd.io/etcd/client/v3 v3.5.21
2026-10-04T01:46:20.9378113Z go: downloading go.uber.org/atomic v1.11.0
2026-10-04T01:46:20.9378456Z go: downloading goftp.io/server/v2 v2.0.1
2026-10-04T01:46:20.9379029Z go: downloading golang.org/x/crypto v0.37.0
2026-10-04T01:46:20.9379390Z go: downloading golang.org/x/oauth2 v0.29.0
2026-10-04T01:46:20.9379726Z go: downloading golang.org/x/sync v0.13.0
2026-10-04T01:46:20.9380055Z go: downloading golang.org/x/sys v0.32.0
2026-10-04T01:46:20.9380385Z go: downloading golang.org/x/term v0.31.0
2026-10-04T01:46:20.9380737Z go: downloading google.golang.org/api v0.230.0
2026-10-04T01:46:20.9381089Z go: downloading gopkg.in/yaml.v2 v2.4.0
2026-10-04T01:46:20.9381420Z go: downloading gopkg.in/yaml.v3 v3.0.1
2026-10-04T01:46:20.9382057Z go: downloading github.com/Azure/azure-sdk-for-go/sdk/internal v1.11.1
2026-10-04T01:46:20.9382671Z go: downloading github.com/AzureAD/microsoft-authentication-library-for-go v1.4.2
2026-10-04T01:46:20.9383198Z go: downloading github.com/mattn/go-runewidth v0.0.16
2026-10-04T01:46:20.9383638Z go: downloading cloud.google.com/go/compute/metadata v0.6.0
2026-10-04T01:46:20.9384056Z go: downloading cloud.google.com/go/iam v1.5.2
2026-10-04T01:46:24.5197485Z go: downloading github.com/GoogleCloudPlatform/opentelemetry-operations-go/exporter/metric v0.51.0
2026-10-04T01:46:24.5199464Z go: downloading github.com/googleapis/gax-go/v2 v2.14.1
2026-10-04T01:46:24.5200407Z go: downloading go.opentelemetry.io/contrib/detectors/gcp v1.35.0
2026-10-04T01:46:24.5201186Z go: downloading go.opentelemetry.io/otel v1.35.0
2026-10-04T01:46:24.5201936Z go: downloading go.opentelemetry.io/otel/sdk/metric v1.35.0
2026-10-04T01:46:24.5202703Z go: downloading go.opentelemetry.io/otel/sdk v1.35.0
2026-10-04T01:46:24.5203452Z go: downloading go.opentelemetry.io/otel/trace v1.35.0
2026-10-04T01:46:24.5204606Z go: downloading google.golang.org/genproto v0.0.0-20250422160041-2d3770c4ea7f
2026-10-04T01:46:24.5205400Z go: downloading google.golang.org/grpc v1.72.0
2026-10-04T01:46:24.5206064Z go: downloading google.golang.org/protobuf v1.36.6
2026-10-04T01:46:24.5206744Z go: downloading github.com/go-jose/go-jose/v4 v4.1.0
2026-10-04T01:46:24.5207453Z go: downloading github.com/mattn/go-colorable v0.1.14
2026-10-04T01:46:24.5208186Z go: downloading github.com/mattn/go-isatty v0.0.20
2026-10-04T01:46:24.5209211Z go: downloading github.com/google/pprof v0.0.0-20250422154841-e1f9c1950416
2026-10-04T01:46:24.5210063Z go: downloading github.com/go-openapi/analysis v0.23.0
2026-10-04T01:46:24.5210746Z go: downloading github.com/go-openapi/spec v0.21.0
2026-10-04T01:46:24.5211427Z go: downloading github.com/go-openapi/swag v0.23.1
2026-10-04T01:46:24.5212302Z go: downloading github.com/modern-go/concurrent v0.0.0-20180306012644-bacd9c7ef1dd
2026-10-04T01:46:24.5213210Z go: downloading github.com/modern-go/reflect2 v1.0.2
2026-10-04T01:46:24.5213936Z go: downloading github.com/klauspost/cpuid/v2 v2.2.10
2026-10-04T01:46:24.5214563Z go: downloading golang.org/x/net v0.39.0
2026-10-04T01:46:24.5215226Z go: downloading github.com/go-openapi/errors v0.22.1
2026-10-04T01:46:24.5215913Z go: downloading github.com/go-openapi/runtime v0.28.0
2026-10-04T01:46:24.5216618Z go: downloading github.com/go-openapi/strfmt v0.23.0
2026-10-04T01:46:24.5217313Z go: downloading github.com/jessevdk/go-flags v1.6.1
2026-10-04T01:46:24.5218117Z go: downloading github.com/minio/mc v0.0.0-20250313080218-cf909e1063a9
2026-10-04T01:46:24.5219185Z go: downloading github.com/minio/websocket v1.6.0
2026-10-04T01:46:24.5219846Z go: downloading github.com/unrolled/secure v1.17.0
2026-10-04T01:46:24.5220510Z go: downloading github.com/ncw/directio v1.0.5
2026-10-04T01:46:24.5221101Z go: downloading aead.dev/mem v0.2.0
2026-10-04T01:46:24.5221759Z go: downloading github.com/prometheus/prom2json v1.4.2
2026-10-04T01:46:24.5222460Z go: downloading github.com/safchain/ethtool v0.5.10
2026-10-04T01:46:24.5223136Z go: downloading github.com/goccy/go-json v0.10.5
2026-10-04T01:46:24.5223783Z go: downloading github.com/minio/crc64nvme v1.0.1
2026-10-04T01:46:24.5224439Z go: downloading github.com/minio/md5-simd v1.1.2
2026-10-04T01:46:24.5225040Z go: downloading github.com/rs/xid v1.6.0
2026-10-04T01:46:24.5225646Z go: downloading github.com/go-ini/ini v1.67.0
2026-10-04T01:46:24.5226228Z go: downloading golang.org/x/time v0.11.0
2026-10-04T01:46:24.5226845Z go: downloading github.com/beevik/ntp v1.4.3
2026-10-04T01:46:24.5227437Z go: downloading go.uber.org/zap v1.27.0
2026-10-04T01:46:24.5228037Z go: downloading github.com/go-ldap/ldap/v3 v3.4.11
2026-10-04T01:46:24.5228937Z go: downloading github.com/rabbitmq/amqp091-go v1.10.0
2026-10-04T01:46:24.5229579Z go: downloading github.com/gobwas/ws v1.4.0
2026-10-04T01:46:24.5230204Z go: downloading github.com/IBM/sarama v1.45.1
2026-10-04T01:46:24.5231180Z go: downloading github.com/eclipse/paho.mqtt.golang v1.5.0
2026-10-04T01:46:24.5232025Z go: downloading github.com/elastic/go-elasticsearch/v7 v7.17.10
2026-10-04T01:46:24.5232789Z go: downloading github.com/go-sql-driver/mysql v1.9.2
2026-10-04T01:46:24.5233321Z go: downloading github.com/gomodule/redigo v1.9.2
2026-10-04T01:46:24.5233724Z go: downloading github.com/lib/pq v1.10.9
2026-10-04T01:46:24.5234127Z go: downloading github.com/nats-io/nats.go v1.41.2
2026-10-04T01:46:24.5234546Z go: downloading github.com/nats-io/stan.go v0.10.4
2026-10-04T01:46:24.5234933Z go: downloading github.com/nsqio/go-nsq v1.1.0
2026-10-04T01:46:24.5235296Z go: downloading github.com/xdg/scram v1.0.5
2026-10-04T01:46:24.5235676Z go: downloading github.com/buger/jsonparser v1.1.1
2026-10-04T01:46:24.5236026Z go: downloading aead.dev/mtls v0.2.1
2026-10-04T01:46:24.5236518Z go: downloading github.com/minio/kms-go/kms v0.5.1-0.20250225090116-4e64ce8d0f35
2026-10-04T01:46:24.5237023Z go: downloading github.com/minio/simdjson-go v0.4.5
2026-10-04T01:46:24.5237602Z go: downloading github.com/rjeczalik/notify v0.9.3
2026-10-04T01:46:24.5237991Z go: downloading github.com/fatih/structs v1.1.0
2026-10-04T01:46:24.5238388Z go: downloading github.com/lestrrat-go/jwx/v2 v2.1.4
2026-10-04T01:46:24.5239120Z go: downloading aead.dev/minisign v0.3.0
2026-10-04T01:46:24.5239670Z go: downloading github.com/kr/fs v0.1.0
2026-10-04T01:46:24.5240220Z go: downloading github.com/beorn7/perks v1.0.1
2026-10-04T01:46:24.5240736Z go: downloading github.com/munnerz/goautoneg v0.0.0-20191010083416-a7dc8b61c822
2026-10-04T01:46:24.5241240Z go: downloading github.com/tklauser/go-sysconf v0.3.15
2026-10-04T01:46:24.5241638Z go: downloading github.com/gogo/protobuf v1.3.2
2026-10-04T01:46:24.5242023Z go: downloading github.com/golang/protobuf v1.5.4
2026-10-04T01:46:24.5242454Z go: downloading go.etcd.io/etcd/client/pkg/v3 v3.5.21
2026-10-04T01:46:24.5242873Z go: downloading github.com/kylelemons/godebug v1.1.0
2026-10-04T01:46:24.5243377Z go: downloading github.com/pkg/browser v0.0.0-20240102092130-5ac0b6a4141c
2026-10-04T01:46:24.5243837Z go: downloading github.com/rivo/uniseg v0.4.7
2026-10-04T01:46:24.5244413Z go: downloading google.golang.org/genproto/googleapis/api v0.0.0-20250422160041-2d3770c4ea7f
2026-10-04T01:46:24.5245103Z go: downloading google.golang.org/genproto/googleapis/rpc v0.0.0-20250422160041-2d3770c4ea7f
2026-10-04T01:46:24.5245632Z go: downloading cloud.google.com/go/monitoring v1.24.2
2026-10-04T01:46:26.6264195Z go: downloading github.com/GoogleCloudPlatform/opentelemetry-operations-go/internal/resourcemapping v0.51.0
2026-10-04T01:46:26.6265149Z go: downloading github.com/GoogleCloudPlatform/opentelemetry-operations-go/detectors/gcp v1.27.0
2026-10-04T01:46:26.6265734Z go: downloading github.com/go-logr/logr v1.4.2
2026-10-04T01:46:26.6266170Z go: downloading go.opentelemetry.io/otel/metric v1.35.0
2026-10-04T01:46:26.6266589Z go: downloading cloud.google.com/go/auth v0.16.0
2026-10-04T01:46:26.6267063Z go: downloading cloud.google.com/go/auth/oauth2adapt v0.2.8
2026-10-04T01:46:26.6267669Z go: downloading go.opentelemetry.io/contrib/instrumentation/net/http/otelhttp v0.60.0
2026-10-04T01:46:26.6268256Z go: downloading github.com/go-openapi/jsonpointer v0.21.1
2026-10-04T01:46:26.6268918Z go: downloading github.com/mailru/easyjson v0.9.0
2026-10-04T01:46:26.6269418Z go: downloading github.com/go-openapi/jsonreference v0.21.0
2026-10-04T01:46:26.6269857Z go: downloading github.com/docker/go-units v0.5.0
2026-10-04T01:46:26.6270273Z go: downloading github.com/go-openapi/validate v0.24.0
2026-10-04T01:46:26.6270827Z go: downloading github.com/asaskevich/govalidator v0.0.0-20230301143203-a9d515a09cc2
2026-10-04T01:46:26.6271402Z go: downloading github.com/mitchellh/mapstructure v1.5.0
2026-10-04T01:46:26.6271808Z go: downloading github.com/oklog/ulid v1.3.1
2026-10-04T01:46:26.6272201Z go: downloading go.mongodb.org/mongo-driver v1.17.3
2026-10-04T01:46:26.6272627Z go: downloading github.com/charmbracelet/bubbles v0.20.0
2026-10-04T01:46:26.6273375Z go: downloading github.com/charmbracelet/bubbletea v1.3.4
2026-10-04T01:46:26.6273854Z go: downloading github.com/charmbracelet/lipgloss v1.0.0
2026-10-04T01:46:26.6274406Z go: downloading github.com/google/shlex v0.0.0-20191202100458-e7afc7fbc510
2026-10-04T01:46:26.6274906Z go: downloading github.com/jedib0t/go-pretty/v6 v6.6.7
2026-10-04T01:46:26.6275326Z go: downloading github.com/mattn/go-ieproxy v0.0.12
2026-10-04T01:46:26.6275726Z go: downloading github.com/minio/colorjson v1.0.8
2026-10-04T01:46:26.6276123Z go: downloading github.com/minio/filepath v1.0.0
2026-10-04T01:46:26.6276510Z go: downloading github.com/muesli/reflow v0.3.0
2026-10-04T01:46:26.6276900Z go: downloading github.com/muesli/termenv v0.16.0
2026-10-04T01:46:26.6277312Z go: downloading github.com/olekukonko/tablewriter v0.0.5
2026-10-04T01:46:26.6277732Z go: downloading github.com/posener/complete v1.2.3
2026-10-04T01:46:26.6278124Z go: downloading github.com/tidwall/gjson v1.18.0
2026-10-04T01:46:26.6278522Z go: downloading github.com/vbauerster/mpb/v8 v8.9.3
2026-10-04T01:46:26.6279250Z go: downloading golang.org/x/text v0.24.0
2026-10-04T01:46:26.6279880Z go: downloading github.com/matttproud/golang_protobuf_extensions v1.0.4
2026-10-04T01:46:26.6295601Z go: downloading go.uber.org/multierr v1.11.0
2026-10-04T01:46:26.6296260Z go: downloading github.com/Azure/go-ntlmssp v0.0.0-20221128193559-754e69321358
2026-10-04T01:46:26.6297082Z go: downloading github.com/go-asn1-ber/asn1-ber v1.5.8-0.20250403174932-29230038a667
2026-10-04T01:46:26.6297843Z go: downloading github.com/gobwas/httphead v0.1.0
2026-10-04T01:46:26.6298355Z go: downloading github.com/gobwas/pool v0.2.1
2026-10-04T01:46:26.6299080Z go: downloading github.com/gorilla/websocket v1.5.3
2026-10-04T01:46:26.6299846Z go: downloading github.com/davecgh/go-spew v1.1.2-0.20180830191138-d8f796af33cc
2026-10-04T01:46:26.6300575Z go: downloading github.com/eapache/go-resiliency v1.7.0
2026-10-04T01:46:26.6301373Z go: downloading github.com/eapache/go-xerial-snappy v0.0.0-20230731223053-c322873962e3
2026-10-04T01:46:26.6302150Z go: downloading github.com/eapache/queue v1.1.0
2026-10-04T01:46:26.6302790Z go: downloading github.com/hashicorp/go-multierror v1.1.1
2026-10-04T01:46:26.6303337Z go: downloading github.com/jcmturner/gofork v1.7.6
2026-10-04T01:46:26.6303774Z go: downloading github.com/jcmturner/gokrb5/v8 v8.4.4
2026-10-04T01:46:26.6304178Z go: downloading filippo.io/edwards25519 v1.1.0
2026-10-04T01:46:26.6304552Z go: downloading github.com/nats-io/nuid v1.0.1
2026-10-04T01:46:26.6304930Z go: downloading github.com/golang/snappy v1.0.0
2026-10-04T01:46:26.6305317Z go: downloading github.com/xdg/stringprep v1.0.3
2026-10-04T01:46:26.6305710Z go: downloading github.com/minio/csvparser v1.0.0
2026-10-04T01:46:26.6306093Z go: downloading github.com/nats-io/nkeys v0.4.11
2026-10-04T01:46:26.6306499Z go: downloading github.com/fraugster/parquet-go v0.12.0
2026-10-04T01:46:26.6306940Z go: downloading github.com/alecthomas/participle v0.7.1
2026-10-04T01:46:26.6307366Z go: downloading github.com/lestrrat-go/option v1.0.1
2026-10-04T01:46:26.6307774Z go: downloading github.com/lestrrat-go/httprc v1.0.6
2026-10-04T01:46:26.6308192Z go: downloading github.com/lestrrat-go/blackmagic v1.0.2
2026-10-04T01:46:26.6308803Z go: downloading github.com/lestrrat-go/iter v1.0.2
2026-10-04T01:46:26.6309282Z go: downloading github.com/coreos/go-semver v0.3.1
2026-10-04T01:46:26.6309682Z go: downloading github.com/tklauser/numcpus v0.10.0
2026-10-04T01:46:26.6310085Z go: downloading github.com/golang-jwt/jwt/v5 v5.2.2
2026-10-04T01:46:26.6310727Z go: downloading go.opentelemetry.io/contrib/instrumentation/google.golang.org/grpc/otelgrpc v0.60.0
2026-10-04T01:46:26.6311298Z go: downloading github.com/go-logr/stdr v1.2.2
2026-10-04T01:46:26.6311688Z go: downloading go.opentelemetry.io/auto/sdk v1.1.0
2026-10-04T01:46:26.6312078Z go: downloading github.com/google/s2a-go v0.1.9
2026-10-04T01:46:26.6312582Z go: downloading github.com/googleapis/enterprise-certificate-proxy v0.3.6
2026-10-04T01:46:26.6313423Z go: downloading github.com/envoyproxy/go-control-plane/envoy v1.32.4
2026-10-04T01:46:26.6313897Z go: downloading github.com/felixge/httpsnoop v1.0.4
2026-10-04T01:46:26.6314304Z go: downloading github.com/josharian/intern v1.0.0
2026-10-04T01:46:26.6314723Z go: downloading github.com/charmbracelet/x/ansi v0.8.0
2026-10-04T01:46:26.6315143Z go: downloading github.com/charmbracelet/x/term v0.2.1
2026-10-04T01:46:26.6315627Z go: downloading github.com/muesli/ansi v0.0.0-20230316100256-276c6243b2f6
2026-10-04T01:48:08.1890502Z go: downloading github.com/muesli/cancelreader v0.2.2
2026-10-04T01:48:08.1891184Z go: downloading github.com/juju/ratelimit v1.0.2
2026-10-04T01:48:08.1891858Z go: downloading github.com/aymanbagabas/go-osc52/v2 v2.0.1
2026-10-04T01:48:08.1892569Z go: downloading github.com/lucasb-eyer/go-colorful v1.2.0
2026-10-04T01:48:08.1893219Z go: downloading github.com/tidwall/match v1.1.1
2026-10-04T01:48:08.1893866Z go: downloading github.com/tidwall/pretty v1.2.1
2026-10-04T01:48:08.1895062Z go: downloading github.com/acarl005/stripansi v0.0.0-20180116102854-5a71ef0e047d
2026-10-04T01:48:08.1895899Z go: downloading github.com/VividCortex/ewma v1.2.0
2026-10-04T01:48:08.1896616Z go: downloading github.com/prometheus/prometheus v0.303.0
2026-10-04T01:48:08.1897218Z go: downloading github.com/hashicorp/errwrap v1.1.0
2026-10-04T01:48:08.1897799Z go: downloading github.com/hashicorp/go-uuid v1.0.3
2026-10-04T01:48:08.1898431Z go: downloading github.com/jcmturner/dnsutils/v2 v2.0.0
2026-10-04T01:48:08.1901039Z go: downloading github.com/apache/thrift v0.21.0
2026-10-04T01:48:08.1901695Z go: downloading github.com/lestrrat-go/httpcc v1.0.1
2026-10-04T01:48:08.1902367Z go: downloading github.com/spiffe/go-spiffe/v2 v2.5.0
2026-10-04T01:48:08.1903163Z go: downloading github.com/cncf/xds/go v0.0.0-20250326154945-ae57f3c0d45f
2026-10-04T01:48:08.1904037Z go: downloading github.com/envoyproxy/protoc-gen-validate v1.2.1
2026-10-04T01:48:08.1904763Z go: downloading github.com/jcmturner/rpc/v2 v2.0.3
2026-10-04T01:48:08.1905381Z go: downloading github.com/zeebo/errs v1.4.0
2026-10-04T01:48:08.1905896Z go: downloading cel.dev/expr v0.23.1
2026-10-04T01:48:08.1906479Z go: downloading github.com/jcmturner/aescts/v2 v2.0.0
2026-10-04T01:48:08.1907153Z #0 building with "default" instance using docker driver
2026-10-04T01:48:08.1907516Z 
2026-10-04T01:48:08.1907894Z #1 [internal] load build definition from Dockerfile.fixture
2026-10-04T01:48:08.1908517Z #1 transferring dockerfile: 235B done
2026-10-04T01:48:08.1909134Z #1 DONE 0.0s
2026-10-04T01:48:08.1909318Z 
2026-10-04T01:48:08.1909538Z #2 [internal] load build context
2026-10-04T01:48:08.1910021Z #2 transferring context: 33.50MB 0.1s
2026-10-04T01:48:08.1910546Z #2 transferring context: 151.09MB 0.4s done
2026-10-04T01:48:08.1910947Z #2 DONE 0.4s
2026-10-04T01:48:08.1911112Z 
2026-10-04T01:48:08.1911292Z #3 [1/2] COPY minio /minio
2026-10-04T01:48:08.1911637Z #3 DONE 0.0s
2026-10-04T01:48:08.1911808Z 
2026-10-04T01:48:08.1912027Z #4 [2/2] COPY LICENSE /LICENSE
2026-10-04T01:48:08.1912396Z #4 DONE 1.6s
2026-10-04T01:48:08.1912561Z 
2026-10-04T01:48:08.1912748Z #5 exporting to image
2026-10-04T01:48:08.1913095Z #5 exporting layers
2026-10-04T01:48:08.1913459Z #5 exporting layers 0.3s done
2026-10-04T01:48:08.1914377Z #5 writing image sha256:51485ece6a06ab1f5d7bf6d0c4665e68333379d1d528aa5ff984f25c166151f2 done
2026-10-04T01:48:08.1915492Z #5 naming to docker.io/library/airlock-archive-fixture:698b89ab4213 done
2026-10-04T01:48:08.1916175Z #5 DONE 0.3s
2026-10-04T01:48:08.1918450Z {"source": "https://github.com/minio/minio.git", "source_commit": "7aac2a2c5b7c882e68c1ce017d8256be2feea27f", "binary_sha256": "e7425aad90f11c859f386485a63a5af888ee645a99fbfcdb64bd960d7d20f7a8", "runtime_image_id": "sha256:51485ece6a06ab1f5d7bf6d0c4665e68333379d1d528aa5ff984f25c166151f2", "local_tag": "airlock-archive-fixture:698b89ab4213", "scope": "archived upstream source built only for throwaway S3 contract tests, not a production distribution recommendation"}
2026-10-04T01:48:08.2058084Z ##[group]Run python scripts/run_logged.py evidence/archive-integration.log -- python scripts/archive_integration.py --output evidence/archive-integration.json
2026-10-04T01:48:08.2059442Z [36;1mpython scripts/run_logged.py evidence/archive-integration.log -- python scripts/archive_integration.py --output evidence/archive-integration.json[0m
2026-10-04T01:48:08.2129375Z shell: /usr/bin/bash --noprofile --norc -e -o pipefail {0}
2026-10-04T01:48:08.2129729Z env:
2026-10-04T01:48:08.2129937Z   NEXT_TELEMETRY_DISABLED: 1
2026-10-04T01:48:08.2130254Z   pythonLocation: /opt/hostedtoolcache/Python/3.13.15/x64
2026-10-04T01:48:08.2130688Z   PKG_CONFIG_PATH: /opt/hostedtoolcache/Python/3.13.15/x64/lib/pkgconfig
2026-10-04T01:48:08.2131103Z   Python_ROOT_DIR: /opt/hostedtoolcache/Python/3.13.15/x64
2026-10-04T01:48:08.2131475Z   Python2_ROOT_DIR: /opt/hostedtoolcache/Python/3.13.15/x64
2026-10-04T01:48:08.2131849Z   Python3_ROOT_DIR: /opt/hostedtoolcache/Python/3.13.15/x64
2026-10-04T01:48:08.2132282Z   LD_LIBRARY_PATH: /opt/hostedtoolcache/Python/3.13.15/x64/lib
2026-10-04T01:48:08.2132610Z   GOTOOLCHAIN: local
2026-10-04T01:48:08.2132825Z ##[endgroup]
2026-10-04T01:48:09.6853359Z {"mode": "real_docker_s3_object_lock", "image_digests": [], "runtime_image_id": "sha256:51485ece6a06ab1f5d7bf6d0c4665e68333379d1d528aa5ff984f25c166151f2", "receipt": {"bucket": "airlock-evidence", "key": "checkpoints/30a7a49e630d42ab83d57a37c951611c/000000000001-303272db3b9e4ccaba399db11d762602e95f7f4230420016b51ff66bb197adf5.json", "version_id": "df6b56a9-8fa4-4649-8f69-a5a8195a77b6", "sha256": "303272db3b9e4ccaba399db11d762602e95f7f4230420016b51ff66bb197adf5", "retain_until": "2026-10-05T01:48:09+00:00", "mode": "COMPLIANCE", "database_instance": "30a7a49e630d42ab83d57a37c951611c", "seq": 1}, "checks": ["delete_exact_version", "shorten_compliance", "downgrade_to_governance", "version_pinned_after_new_version", "retrieved_anchor_detects_tail_deletion", "unapproved_target_unchanged", "receipt_sequence_substitution_rejected", "receipt_database_substitution_rejected", "expired_receipt_rejected"], "actual_denials": {"delete_exact_version": {"http_status": 400, "code": "InvalidRequest", "message": "Object is WORM protected and cannot be overwritten"}, "shorten_compliance": {"http_status": 400, "code": "InvalidRequest", "message": "Object is WORM protected and cannot be overwritten"}, "downgrade_to_governance": {"http_status": 400, "code": "InvalidRequest", "message": "Object is WORM protected and cannot be overwritten"}}, "credential_scope": "new synthetic fixture only; never read default AWS credentials", "retention_scope": "COMPLIANCE API semantics; temporary test container removed, not permanent production archive", "exit_code": 0}
2026-10-04T01:48:09.7012069Z ##[group]Run python scripts/run_logged.py evidence/research-pipeline.log -- python scripts/research_pipeline.py --output evidence/research-pipeline
2026-10-04T01:48:09.7013876Z [36;1mpython scripts/run_logged.py evidence/research-pipeline.log -- python scripts/research_pipeline.py --output evidence/research-pipeline[0m
2026-10-04T01:48:09.7093141Z shell: /usr/bin/bash --noprofile --norc -e -o pipefail {0}
2026-10-04T01:48:09.7093489Z env:
2026-10-04T01:48:09.7093694Z   NEXT_TELEMETRY_DISABLED: 1
2026-10-04T01:48:09.7094013Z   pythonLocation: /opt/hostedtoolcache/Python/3.13.15/x64
2026-10-04T01:48:09.7094445Z   PKG_CONFIG_PATH: /opt/hostedtoolcache/Python/3.13.15/x64/lib/pkgconfig
2026-10-04T01:48:09.7094859Z   Python_ROOT_DIR: /opt/hostedtoolcache/Python/3.13.15/x64
2026-10-04T01:48:09.7095236Z   Python2_ROOT_DIR: /opt/hostedtoolcache/Python/3.13.15/x64
2026-10-04T01:48:09.7095605Z   Python3_ROOT_DIR: /opt/hostedtoolcache/Python/3.13.15/x64
2026-10-04T01:48:09.7096010Z   LD_LIBRARY_PATH: /opt/hostedtoolcache/Python/3.13.15/x64/lib
2026-10-04T01:48:09.7096332Z   GOTOOLCHAIN: local
2026-10-04T01:48:09.7096545Z ##[endgroup]
2026-10-04T01:48:10.3018894Z {"status": "PASS", "meaning": "Pipeline contract passed; research acceptance remains blocked", "source_families": 3, "source_types": ["synthetic", "public_incident"], "public_incident_families": 1, "human_participants": 0, "paired_human_labels": 0, "authorized_log_records": 0, "checks": ["blank_annotation_templates_only", "exact_prediction_coverage", "authority_and_semantic_metrics_separate", "missing_humans_do_not_pass", "no_target_write", "empty_governance_denominators_remain_unknown"]}
2026-10-04T01:48:10.3194833Z ##[group]Run python scripts/run_logged.py evidence/container-integrations.log -- python scripts/container_integrations.py
2026-10-04T01:48:10.3196317Z [36;1mpython scripts/run_logged.py evidence/container-integrations.log -- python scripts/container_integrations.py[0m
2026-10-04T01:48:10.3293749Z shell: /usr/bin/bash --noprofile --norc -e -o pipefail {0}
2026-10-04T01:48:10.3294116Z env:
2026-10-04T01:48:10.3294322Z   NEXT_TELEMETRY_DISABLED: 1
2026-10-04T01:48:10.3294643Z   pythonLocation: /opt/hostedtoolcache/Python/3.13.15/x64
2026-10-04T01:48:10.3295088Z   PKG_CONFIG_PATH: /opt/hostedtoolcache/Python/3.13.15/x64/lib/pkgconfig
2026-10-04T01:48:10.3295527Z   Python_ROOT_DIR: /opt/hostedtoolcache/Python/3.13.15/x64
2026-10-04T01:48:10.3295914Z   Python2_ROOT_DIR: /opt/hostedtoolcache/Python/3.13.15/x64
2026-10-04T01:48:10.3296294Z   Python3_ROOT_DIR: /opt/hostedtoolcache/Python/3.13.15/x64
2026-10-04T01:48:10.3296716Z   LD_LIBRARY_PATH: /opt/hostedtoolcache/Python/3.13.15/x64/lib
2026-10-04T01:48:10.3297041Z   GOTOOLCHAIN: local
2026-10-04T01:48:10.3297256Z ##[endgroup]
2026-10-04T01:48:16.7076417Z {
2026-10-04T01:48:16.7076811Z   "envoy": {
2026-10-04T01:48:16.7077334Z     "image": "envoyproxy/envoy:v1.39.1",
2026-10-04T01:48:16.7078564Z     "repo_digests": "[\"envoyproxy/envoy@sha256:57e14a549d7bd43c8d3f6d03e8cfa653e037d4b38e133acd9b54f38c524401b4\"]",
2026-10-04T01:48:16.7080157Z     "rows": [
2026-10-04T01:48:16.7080370Z       {
2026-10-04T01:48:16.7080611Z         "case": "zero",
2026-10-04T01:48:16.7080905Z         "rule": "threshold",
2026-10-04T01:48:16.7081312Z         "airlock_expression": "changed_rows >= 100",
2026-10-04T01:48:16.7081889Z         "envoy_expression": "int(request.headers['x-rows']) >= 100",
2026-10-04T01:48:16.7082289Z         "airlock_hit": false,
2026-10-04T01:48:16.7082585Z         "expected": false,
2026-10-04T01:48:16.7082869Z         "envoy_hit": false
2026-10-04T01:48:16.7083105Z       },
2026-10-04T01:48:16.7083301Z       {
2026-10-04T01:48:16.7083554Z         "case": "zero",
2026-10-04T01:48:16.7083835Z         "rule": "write_only",
2026-10-04T01:48:16.7084360Z         "airlock_expression": "operation == \"delete\" && matched_rows != 0",
2026-10-04T01:48:16.7085219Z         "envoy_expression": "request.headers['x-operation'] == 'delete' && int(request.headers['x-rows']) != 0",
2026-10-04T01:48:16.7085740Z         "airlock_hit": false,
2026-10-04T01:48:16.7086025Z         "expected": false,
2026-10-04T01:48:16.7086297Z         "envoy_hit": false
2026-10-04T01:48:16.7086520Z       },
2026-10-04T01:48:16.7086712Z       {
2026-10-04T01:48:16.7086952Z         "case": "zero",
2026-10-04T01:48:16.7087226Z         "rule": "bounded",
2026-10-04T01:48:16.7087746Z         "airlock_expression": "!(changed_rows > 5) || operation == \"read\"",
2026-10-04T01:48:16.7088586Z         "envoy_expression": "!(int(request.headers['x-rows']) > 5) || request.headers['x-operation'] == 'read'",
2026-10-04T01:48:16.7089513Z         "airlock_hit": true,
2026-10-04T01:48:16.7089982Z         "expected": true,
2026-10-04T01:48:16.7090388Z         "envoy_hit": true
2026-10-04T01:48:16.7090721Z       },
2026-10-04T01:48:16.7090990Z       {
2026-10-04T01:48:16.7091328Z         "case": "small",
2026-10-04T01:48:16.7091750Z         "rule": "threshold",
2026-10-04T01:48:16.7092515Z         "airlock_expression": "changed_rows >= 100",
2026-10-04T01:48:16.7093518Z         "envoy_expression": "int(request.headers['x-rows']) >= 100",
2026-10-04T01:48:16.7094187Z         "airlock_hit": false,
2026-10-04T01:48:16.7094557Z         "expected": false,
2026-10-04T01:48:16.7094837Z         "envoy_hit": false
2026-10-04T01:48:16.7095341Z       },
2026-10-04T01:48:16.7095538Z       {
2026-10-04T01:48:16.7095774Z         "case": "small",
2026-10-04T01:48:16.7096058Z         "rule": "write_only",
2026-10-04T01:48:16.7096624Z         "airlock_expression": "operation == \"delete\" && matched_rows != 0",
2026-10-04T01:48:16.7097662Z         "envoy_expression": "request.headers['x-operation'] == 'delete' && int(request.headers['x-rows']) != 0",
2026-10-04T01:48:16.7098218Z         "airlock_hit": true,
2026-10-04T01:48:16.7098519Z         "expected": true,
2026-10-04T01:48:16.7099020Z         "envoy_hit": true
2026-10-04T01:48:16.7099248Z       },
2026-10-04T01:48:16.7099441Z       {
2026-10-04T01:48:16.7099673Z         "case": "small",
2026-10-04T01:48:16.7099947Z         "rule": "bounded",
2026-10-04T01:48:16.7100468Z         "airlock_expression": "!(changed_rows > 5) || operation == \"read\"",
2026-10-04T01:48:16.7101296Z         "envoy_expression": "!(int(request.headers['x-rows']) > 5) || request.headers['x-operation'] == 'read'",
2026-10-04T01:48:16.7101810Z         "airlock_hit": true,
2026-10-04T01:48:16.7102088Z         "expected": true,
2026-10-04T01:48:16.7102356Z         "envoy_hit": true
2026-10-04T01:48:16.7102582Z       },
2026-10-04T01:48:16.7102768Z       {
2026-10-04T01:48:16.7102993Z         "case": "high",
2026-10-04T01:48:16.7103268Z         "rule": "threshold",
2026-10-04T01:48:16.7103659Z         "airlock_expression": "changed_rows >= 100",
2026-10-04T01:48:16.7104188Z         "envoy_expression": "int(request.headers['x-rows']) >= 100",
2026-10-04T01:48:16.7104580Z         "airlock_hit": true,
2026-10-04T01:48:16.7104850Z         "expected": true,
2026-10-04T01:48:16.7105112Z         "envoy_hit": true
2026-10-04T01:48:16.7105328Z       },
2026-10-04T01:48:16.7105512Z       {
2026-10-04T01:48:16.7105735Z         "case": "high",
2026-10-04T01:48:16.7106009Z         "rule": "write_only",
2026-10-04T01:48:16.7106523Z         "airlock_expression": "operation == \"delete\" && matched_rows != 0",
2026-10-04T01:48:16.7107350Z         "envoy_expression": "request.headers['x-operation'] == 'delete' && int(request.headers['x-rows']) != 0",
2026-10-04T01:48:16.7107888Z         "airlock_hit": true,
2026-10-04T01:48:16.7108161Z         "expected": true,
2026-10-04T01:48:16.7108430Z         "envoy_hit": true
2026-10-04T01:48:16.7109161Z       },
2026-10-04T01:48:16.7109354Z       {
2026-10-04T01:48:16.7109588Z         "case": "high",
2026-10-04T01:48:16.7109853Z         "rule": "bounded",
2026-10-04T01:48:16.7110349Z         "airlock_expression": "!(changed_rows > 5) || operation == \"read\"",
2026-10-04T01:48:16.7111147Z         "envoy_expression": "!(int(request.headers['x-rows']) > 5) || request.headers['x-operation'] == 'read'",
2026-10-04T01:48:16.7111644Z         "airlock_hit": false,
2026-10-04T01:48:16.7111923Z         "expected": false,
2026-10-04T01:48:16.7112195Z         "envoy_hit": false
2026-10-04T01:48:16.7112417Z       },
2026-10-04T01:48:16.7112606Z       {
2026-10-04T01:48:16.7112828Z         "case": "read",
2026-10-04T01:48:16.7113098Z         "rule": "threshold",
2026-10-04T01:48:16.7113477Z         "airlock_expression": "changed_rows >= 100",
2026-10-04T01:48:16.7113993Z         "envoy_expression": "int(request.headers['x-rows']) >= 100",
2026-10-04T01:48:16.7114369Z         "airlock_hit": true,
2026-10-04T01:48:16.7114645Z         "expected": true,
2026-10-04T01:48:16.7114913Z         "envoy_hit": true
2026-10-04T01:48:16.7115134Z       },
2026-10-04T01:48:16.7115319Z       {
2026-10-04T01:48:16.7115539Z         "case": "read",
2026-10-04T01:48:16.7115807Z         "rule": "write_only",
2026-10-04T01:48:16.7116314Z         "airlock_expression": "operation == \"delete\" && matched_rows != 0",
2026-10-04T01:48:16.7117121Z         "envoy_expression": "request.headers['x-operation'] == 'delete' && int(request.headers['x-rows']) != 0",
2026-10-04T01:48:16.7117628Z         "airlock_hit": false,
2026-10-04T01:48:16.7117902Z         "expected": false,
2026-10-04T01:48:16.7118170Z         "envoy_hit": false
2026-10-04T01:48:16.7118587Z       },
2026-10-04T01:48:16.7119021Z       {
2026-10-04T01:48:16.7119335Z         "case": "read",
2026-10-04T01:48:16.7119606Z         "rule": "bounded",
2026-10-04T01:48:16.7120106Z         "airlock_expression": "!(changed_rows > 5) || operation == \"read\"",
2026-10-04T01:48:16.7121080Z         "envoy_expression": "!(int(request.headers['x-rows']) > 5) || request.headers['x-operation'] == 'read'",
2026-10-04T01:48:16.7121593Z         "airlock_hit": true,
2026-10-04T01:48:16.7121876Z         "expected": true,
2026-10-04T01:48:16.7122151Z         "envoy_hit": true
2026-10-04T01:48:16.7122383Z       }
2026-10-04T01:48:16.7122574Z     ],
2026-10-04T01:48:16.7122807Z     "status": "PASS",
2026-10-04T01:48:16.7631317Z     "scope": "Boolean/equality/ordering subset with explicit header-to-variable mapping; access-log filter, not Envoy authorization deployment.",
2026-10-04T01:48:16.7633264Z     "error_difference": "Missing/invalid Envoy attributes suppress its log. AIRLOCK rejects invalid typed activation and blocks authorization."
2026-10-04T01:48:16.7634285Z   },
2026-10-04T01:48:16.7634536Z   "otel": {
2026-10-04T01:48:16.7634774Z     "status": "PASS",
2026-10-04T01:48:16.7635146Z     "image": "otel/opentelemetry-collector:0.162.0",
2026-10-04T01:48:16.7635966Z     "repo_digests": "[\"otel/opentelemetry-collector@sha256:310a800ad69ee430e7c541796852a242c9c7db97aaad4daa5ccf843c525fbdb2\"]",
2026-10-04T01:48:16.7637112Z     "trace_id": "afe4a0c74225483788fbfe5af896af7b",
2026-10-04T01:48:16.7637531Z     "result": {
2026-10-04T01:48:16.7637774Z       "status": "ok",
2026-10-04T01:48:16.7638026Z       "exported": 1
2026-10-04T01:48:16.7638236Z     },
2026-10-04T01:48:16.7639127Z     "scope": "Official Collector accepts OTLP JSON and debug exporter records the actual trace; no production backend claim."
2026-10-04T01:48:16.7639671Z   }
2026-10-04T01:48:16.7639908Z }
2026-10-04T01:48:16.7805230Z ##[group]Run python scripts/run_logged.py evidence/dependency-audit.log -- python -m pip_audit -r requirements-archive.txt --format json --output evidence/dependency-audit.json
2026-10-04T01:48:16.7807426Z [36;1mpython scripts/run_logged.py evidence/dependency-audit.log -- python -m pip_audit -r requirements-archive.txt --format json --output evidence/dependency-audit.json[0m
2026-10-04T01:48:16.7906104Z shell: /usr/bin/bash --noprofile --norc -e -o pipefail {0}
2026-10-04T01:48:16.7906647Z env:
2026-10-04T01:48:16.7906961Z   NEXT_TELEMETRY_DISABLED: 1
2026-10-04T01:48:16.7907467Z   pythonLocation: /opt/hostedtoolcache/Python/3.13.15/x64
2026-10-04T01:48:16.7908184Z   PKG_CONFIG_PATH: /opt/hostedtoolcache/Python/3.13.15/x64/lib/pkgconfig
2026-10-04T01:48:16.7909165Z   Python_ROOT_DIR: /opt/hostedtoolcache/Python/3.13.15/x64
2026-10-04T01:48:16.7909770Z   Python2_ROOT_DIR: /opt/hostedtoolcache/Python/3.13.15/x64
2026-10-04T01:48:16.7910442Z   Python3_ROOT_DIR: /opt/hostedtoolcache/Python/3.13.15/x64
2026-10-04T01:48:16.7911077Z   LD_LIBRARY_PATH: /opt/hostedtoolcache/Python/3.13.15/x64/lib
2026-10-04T01:48:16.7911618Z   GOTOOLCHAIN: local
2026-10-04T01:48:16.7911946Z ##[endgroup]
2026-10-04T01:48:24.4155568Z No known vulnerabilities found
2026-10-04T01:48:24.4318110Z ##[group]Run python scripts/run_logged.py evidence/latency.log -- python scripts/measure_latency.py --samples 60 --output evidence/latency.json
2026-10-04T01:48:24.4319347Z [36;1mpython scripts/run_logged.py evidence/latency.log -- python scripts/measure_latency.py --samples 60 --output evidence/latency.json[0m
2026-10-04T01:48:24.4389171Z shell: /usr/bin/bash --noprofile --norc -e -o pipefail {0}
2026-10-04T01:48:24.4389517Z env:
2026-10-04T01:48:24.4389722Z   NEXT_TELEMETRY_DISABLED: 1
2026-10-04T01:48:24.4390039Z   pythonLocation: /opt/hostedtoolcache/Python/3.13.15/x64
2026-10-04T01:48:24.4390480Z   PKG_CONFIG_PATH: /opt/hostedtoolcache/Python/3.13.15/x64/lib/pkgconfig
2026-10-04T01:48:24.4390899Z   Python_ROOT_DIR: /opt/hostedtoolcache/Python/3.13.15/x64
2026-10-04T01:48:24.4391266Z   Python2_ROOT_DIR: /opt/hostedtoolcache/Python/3.13.15/x64
2026-10-04T01:48:24.4391853Z   Python3_ROOT_DIR: /opt/hostedtoolcache/Python/3.13.15/x64
2026-10-04T01:48:24.4392257Z   LD_LIBRARY_PATH: /opt/hostedtoolcache/Python/3.13.15/x64/lib
2026-10-04T01:48:24.4392585Z   GOTOOLCHAIN: local
2026-10-04T01:48:24.4392839Z ##[endgroup]
2026-10-04T01:48:27.3973604Z {
2026-10-04T01:48:27.3974501Z   "scope": "1206-row synthetic SQLite; concurrency 1; warm HTTP client; same host and target",
2026-10-04T01:48:27.3975005Z   "python": "3.13.15",
2026-10-04T01:48:27.3975259Z   "sqlite": "3.53.1",
2026-10-04T01:48:27.3975636Z   "platform": "Linux-6.17.0-1022-azure-x86_64-with-glibc2.39",
2026-10-04T01:48:27.3976004Z   "processor": "x86_64",
2026-10-04T01:48:27.3976259Z   "logical_cpus": 4,
2026-10-04T01:48:27.3976494Z   "samples": 60,
2026-10-04T01:48:27.3976716Z   "seed": 2073,
2026-10-04T01:48:27.3977046Z   "warmup_calls": 10,
2026-10-04T01:48:27.3977486Z   "first_native_call_ms": 40.76422899993304,
2026-10-04T01:48:27.3977919Z   "read": {
2026-10-04T01:48:27.3978242Z     "direct_ms": {
2026-10-04T01:48:27.3978558Z       "n": 60,
2026-10-04T01:48:27.3979107Z       "mean": 0.44222896666497036,
2026-10-04T01:48:27.3979442Z       "p50": 0.4376420000653525,
2026-10-04T01:48:27.3979741Z       "p95": 0.4692300000215255,
2026-10-04T01:48:27.3980028Z       "p99": 0.7312259999707749
2026-10-04T01:48:27.3980273Z     },
2026-10-04T01:48:27.3980490Z     "proxy_ms": {
2026-10-04T01:48:27.3980719Z       "n": 60,
2026-10-04T01:48:27.3980982Z       "mean": 4.209504699993734,
2026-10-04T01:48:27.3981277Z       "p50": 4.173511000090002,
2026-10-04T01:48:27.3981560Z       "p95": 4.595678999976371,
2026-10-04T01:48:27.3981840Z       "p99": 4.859627999962868
2026-10-04T01:48:27.3982079Z     },
2026-10-04T01:48:27.3982281Z     "added_ms": {
2026-10-04T01:48:27.3982494Z       "n": 60,
2026-10-04T01:48:27.3982751Z       "mean": 3.767275733328764,
2026-10-04T01:48:27.3983040Z       "p50": 3.7495389999548934,
2026-10-04T01:48:27.3983322Z       "p95": 4.1783980000218435,
2026-10-04T01:48:27.3983608Z       "p99": 4.399462000037602
2026-10-04T01:48:27.3983834Z     }
2026-10-04T01:48:27.3984013Z   },
2026-10-04T01:48:27.3984205Z   "write": {
2026-10-04T01:48:27.3984442Z     "submit_receipt_ms": {
2026-10-04T01:48:27.3984691Z       "n": 30,
2026-10-04T01:48:27.3984971Z       "p50": 14.373755000065103,
2026-10-04T01:48:27.3985294Z       "p95": 15.165060999947855,
2026-10-04T01:48:27.3985600Z       "p99": 41.34560900001816
2026-10-04T01:48:27.3985839Z     },
2026-10-04T01:48:27.3986123Z     "approval_request_to_effect_ms": {
2026-10-04T01:48:27.3986407Z       "n": 30,
2026-10-04T01:48:27.3986676Z       "p50": 21.380318999945302,
2026-10-04T01:48:27.3986975Z       "p95": 24.555831000043327,
2026-10-04T01:48:27.3987264Z       "p99": 24.57708300005379
2026-10-04T01:48:27.3987497Z     },
2026-10-04T01:48:27.3987708Z     "static_ms": {
2026-10-04T01:48:27.3987934Z       "n": 30,
2026-10-04T01:48:27.3988165Z       "p50": 0.071,
2026-10-04T01:48:27.3988405Z       "p95": 0.094,
2026-10-04T01:48:27.3988749Z       "p99": 0.101
2026-10-04T01:48:27.3988967Z     },
2026-10-04T01:48:27.3989189Z     "preview_ms": {
2026-10-04T01:48:27.3989410Z       "n": 30,
2026-10-04T01:48:27.3989931Z       "p50": 9.347,
2026-10-04T01:48:27.3990361Z       "p95": 10.391,
2026-10-04T01:48:27.3990847Z       "p99": 35.726
2026-10-04T01:48:27.3991209Z     },
2026-10-04T01:48:27.3991564Z     "evaluation_ms": {
2026-10-04T01:48:27.3992085Z       "n": 30,
2026-10-04T01:48:27.3992444Z       "p50": 10.829,
2026-10-04T01:48:27.3992838Z       "p95": 11.77,
2026-10-04T01:48:27.3993231Z       "p99": 37.295
2026-10-04T01:48:27.3993575Z     }
2026-10-04T01:48:27.3994023Z   },
2026-10-04T01:48:27.3994408Z   "not_measured": [
2026-10-04T01:48:27.3994808Z     "live LLM latency",
2026-10-04T01:48:27.3995227Z     "human review latency",
2026-10-04T01:48:27.3995671Z     "distributed upstream overhead",
2026-10-04T01:48:27.3996214Z     "cold OS filesystem cache",
2026-10-04T01:48:27.3996689Z     "production concurrency"
2026-10-04T01:48:27.3997078Z   ],
2026-10-04T01:48:27.3998024Z   "measurement_note": "direct includes SQLite connect/query; proxy includes HTTP, server admission, persistence and audit; negative deltas retained in raw rows",
2026-10-04T01:48:27.4000022Z   "phase_note": "server evaluation ends before final audit/commit/close; HTTP minus evaluation also includes transport, scheduling and serialization, not a pure fsync measurement. Phase data read after all timed requests."
2026-10-04T01:48:27.4001230Z }
2026-10-04T01:48:27.4153186Z ##[group]Run python scripts/run_logged.py evidence/ablation.log -- python -m benchmark.ablation --split test --output evidence/ablation.json
2026-10-04T01:48:27.4154364Z [36;1mpython scripts/run_logged.py evidence/ablation.log -- python -m benchmark.ablation --split test --output evidence/ablation.json[0m
2026-10-04T01:48:27.4225260Z shell: /usr/bin/bash --noprofile --norc -e -o pipefail {0}
2026-10-04T01:48:27.4225722Z env:
2026-10-04T01:48:27.4226094Z   NEXT_TELEMETRY_DISABLED: 1
2026-10-04T01:48:27.4226556Z   pythonLocation: /opt/hostedtoolcache/Python/3.13.15/x64
2026-10-04T01:48:27.4227132Z   PKG_CONFIG_PATH: /opt/hostedtoolcache/Python/3.13.15/x64/lib/pkgconfig
2026-10-04T01:48:27.4227807Z   Python_ROOT_DIR: /opt/hostedtoolcache/Python/3.13.15/x64
2026-10-04T01:48:27.4228314Z   Python2_ROOT_DIR: /opt/hostedtoolcache/Python/3.13.15/x64
2026-10-04T01:48:27.4229080Z   Python3_ROOT_DIR: /opt/hostedtoolcache/Python/3.13.15/x64
2026-10-04T01:48:27.4229802Z   LD_LIBRARY_PATH: /opt/hostedtoolcache/Python/3.13.15/x64/lib
2026-10-04T01:48:27.4230331Z   GOTOOLCHAIN: local
2026-10-04T01:48:27.4230699Z ##[endgroup]
2026-10-04T01:48:27.8309105Z {
2026-10-04T01:48:27.8310009Z   "split": "test",
2026-10-04T01:48:27.8311016Z   "corpus_sha256": "243854b51e7039324de4c31fa7a67af1a98ddc48b9c9edfbbac581a2c2f73af7",
2026-10-04T01:48:27.8312041Z   "live_model_requested": false,
2026-10-04T01:48:27.8312733Z   "limitations": [
2026-10-04T01:48:27.8313406Z     "Original synthetic corpus is unchanged and has no independent human danger gold.",
2026-10-04T01:48:27.8314378Z     "The pure model arm measures advice only; it cannot execute or bypass the production gate.",
2026-10-04T01:48:27.8315280Z     "Live model arms require AIRLOCK-only configuration, key and explicit budget authorization."
2026-10-04T01:48:27.8315951Z   ],
2026-10-04T01:48:27.8316319Z   "arms": {
2026-10-04T01:48:27.8316695Z     "keyword": {
2026-10-04T01:48:27.8317109Z       "status": "MEASURED",
2026-10-04T01:48:27.8317497Z       "n": 80
2026-10-04T01:48:27.8317876Z     },
2026-10-04T01:48:27.8318305Z     "pure_llm": {
2026-10-04T01:48:27.8318957Z       "status": "BLOCKED_EXTERNAL",
2026-10-04T01:48:27.8319391Z       "n": 0
2026-10-04T01:48:27.8319727Z     },
2026-10-04T01:48:27.8320140Z     "hybrid_no_preview": {
2026-10-04T01:48:27.8320642Z       "status": "BLOCKED_EXTERNAL",
2026-10-04T01:48:27.8321123Z       "n": 0
2026-10-04T01:48:27.8321471Z     },
2026-10-04T01:48:27.8321833Z     "hybrid_with_preview": {
2026-10-04T01:48:27.8322343Z       "status": "BLOCKED_EXTERNAL",
2026-10-04T01:48:27.8322781Z       "n": 0
2026-10-04T01:48:27.8323193Z     }
2026-10-04T01:48:27.8323530Z   }
2026-10-04T01:48:27.8323841Z }
2026-10-04T01:48:27.8469433Z ##[group]Run python scripts/run_logged.py evidence/study-analysis.log -- python -m benchmark.research --output evidence/study-analysis.json study evidence/study-automation.json
2026-10-04T01:48:27.8471286Z [36;1mpython scripts/run_logged.py evidence/study-analysis.log -- python -m benchmark.research --output evidence/study-analysis.json study evidence/study-automation.json[0m
2026-10-04T01:48:27.8543918Z shell: /usr/bin/bash --noprofile --norc -e -o pipefail {0}
2026-10-04T01:48:27.8544264Z env:
2026-10-04T01:48:27.8544470Z   NEXT_TELEMETRY_DISABLED: 1
2026-10-04T01:48:27.8544794Z   pythonLocation: /opt/hostedtoolcache/Python/3.13.15/x64
2026-10-04T01:48:27.8545241Z   PKG_CONFIG_PATH: /opt/hostedtoolcache/Python/3.13.15/x64/lib/pkgconfig
2026-10-04T01:48:27.8545660Z   Python_ROOT_DIR: /opt/hostedtoolcache/Python/3.13.15/x64
2026-10-04T01:48:27.8546034Z   Python2_ROOT_DIR: /opt/hostedtoolcache/Python/3.13.15/x64
2026-10-04T01:48:27.8546637Z   Python3_ROOT_DIR: /opt/hostedtoolcache/Python/3.13.15/x64
2026-10-04T01:48:27.8547018Z   LD_LIBRARY_PATH: /opt/hostedtoolcache/Python/3.13.15/x64/lib
2026-10-04T01:48:27.8547340Z   GOTOOLCHAIN: local
2026-10-04T01:48:27.8547552Z ##[endgroup]
2026-10-04T01:48:28.0674895Z {
2026-10-04T01:48:28.0675406Z   "status": "BLOCKED_EXTERNAL",
2026-10-04T01:48:28.0675869Z   "human_participants": 0,
2026-10-04T01:48:28.0676257Z   "excluded": [
2026-10-04T01:48:28.0676567Z     {
2026-10-04T01:48:28.0677040Z       "participant_id": "automation-browser",
2026-10-04T01:48:28.0677710Z       "reason": "nonhuman, no consent, duplicate or invalid metadata"
2026-10-04T01:48:28.0678068Z     }
2026-10-04T01:48:28.0678256Z   ],
2026-10-04T01:48:28.0678478Z   "participants": [],
2026-10-04T01:48:28.0679016Z   "acceptance_metrics": null,
2026-10-04T01:48:28.0679289Z   "paired_time_delta": {
2026-10-04T01:48:28.0679532Z     "n": 0,
2026-10-04T01:48:28.0679753Z     "mean": null,
2026-10-04T01:48:28.0680012Z     "ci95": null
2026-10-04T01:48:28.0680209Z   },
2026-10-04T01:48:28.0680490Z   "paired_accuracy_delta": {
2026-10-04T01:48:28.0680865Z     "n": 0,
2026-10-04T01:48:28.0681172Z     "mean": null,
2026-10-04T01:48:28.0681492Z     "ci95": null
2026-10-04T01:48:28.0681729Z   },
2026-10-04T01:48:28.0681975Z   "all_decisions_visible_ms": {
2026-10-04T01:48:28.0682238Z     "n": 0,
2026-10-04T01:48:28.0682446Z     "mean": null,
2026-10-04T01:48:28.0682676Z     "median": null,
2026-10-04T01:48:28.0682906Z     "p95": null
2026-10-04T01:48:28.0683102Z   },
2026-10-04T01:48:28.0683315Z   "correct_decisions": {
2026-10-04T01:48:28.0683571Z     "numerator": 0,
2026-10-04T01:48:28.0683807Z     "denominator": 0,
2026-10-04T01:48:28.0684042Z     "value": null
2026-10-04T01:48:28.0684241Z   },
2026-10-04T01:48:28.0684602Z   "gold_verification": "unverified_browser_supplied_correctness",
2026-10-04T01:48:28.0685157Z   "comprehension_verification": "unverified_browser_supplied_correctness",
2026-10-04T01:48:28.0685585Z   "comprehension_correct": {
2026-10-04T01:48:28.0685863Z     "numerator": 0,
2026-10-04T01:48:28.0686097Z     "denominator": 0,
2026-10-04T01:48:28.0686334Z     "value": null
2026-10-04T01:48:28.0686528Z   },
2026-10-04T01:48:28.0686728Z   "limitations": [
2026-10-04T01:48:28.0687355Z     "No causal efficiency claim without recruitment, business gold, counterbalancing and adequate sample size.",
2026-10-04T01:48:28.0688411Z     "A single participant is a descriptive pilot: repeated decisions do not create independent participants or a population confidence interval.",
2026-10-04T01:48:28.0689557Z     "Exported browser timing and human identity are untrusted telemetry, never authorization.",
2026-10-04T01:48:28.0690365Z     "Visibility duration excludes hidden tabs; correctness is supplied task gold, not a policy guess."
2026-10-04T01:48:28.0690838Z   ]
2026-10-04T01:48:28.0691017Z }
2026-10-04T01:48:28.0851415Z ##[group]Run python scripts/run_logged.py evidence/comparison.log -- python scripts/demo_comparison.py --output evidence/comparison.json
2026-10-04T01:48:28.0853080Z [36;1mpython scripts/run_logged.py evidence/comparison.log -- python scripts/demo_comparison.py --output evidence/comparison.json[0m
2026-10-04T01:48:28.0944787Z shell: /usr/bin/bash --noprofile --norc -e -o pipefail {0}
2026-10-04T01:48:28.0945150Z env:
2026-10-04T01:48:28.0945386Z   NEXT_TELEMETRY_DISABLED: 1
2026-10-04T01:48:28.0945712Z   pythonLocation: /opt/hostedtoolcache/Python/3.13.15/x64
2026-10-04T01:48:28.0946152Z   PKG_CONFIG_PATH: /opt/hostedtoolcache/Python/3.13.15/x64/lib/pkgconfig
2026-10-04T01:48:28.0946580Z   Python_ROOT_DIR: /opt/hostedtoolcache/Python/3.13.15/x64
2026-10-04T01:48:28.0946963Z   Python2_ROOT_DIR: /opt/hostedtoolcache/Python/3.13.15/x64
2026-10-04T01:48:28.0947353Z   Python3_ROOT_DIR: /opt/hostedtoolcache/Python/3.13.15/x64
2026-10-04T01:48:28.0947764Z   LD_LIBRARY_PATH: /opt/hostedtoolcache/Python/3.13.15/x64/lib
2026-10-04T01:48:28.0948091Z   GOTOOLCHAIN: local
2026-10-04T01:48:28.0948500Z ##[endgroup]
2026-10-04T01:48:28.6851442Z {
2026-10-04T01:48:28.6852471Z   "scope": "disposable synthetic data; automated independent reviewer fixture; no live model/human",
2026-10-04T01:48:28.6853291Z   "without_gate": {
2026-10-04T01:48:28.6853644Z     "before": 1206,
2026-10-04T01:48:28.6853977Z     "after": 0
2026-10-04T01:48:28.6854179Z   },
2026-10-04T01:48:28.6854381Z   "with_gate": {
2026-10-04T01:48:28.6854638Z     "pending_rows": 1206,
2026-10-04T01:48:28.6854919Z     "rejected_rows": 1206,
2026-10-04T01:48:28.6855169Z     "denial": {
2026-10-04T01:48:28.6855504Z       "id": "99391573d7514e2fa217dac07ad81c51",
2026-10-04T01:48:28.6855847Z       "state": "rejected",
2026-10-04T01:48:28.6856161Z       "decision": "need_approval",
2026-10-04T01:48:28.6856508Z       "reason_code": "human_rejected",
2026-10-04T01:48:28.6856958Z       "result": null,
2026-10-04T01:48:28.6857466Z       "expires_at": 1791078808.5903087,
2026-10-04T01:48:28.6858031Z       "action_id": "99391573d7514e2fa217dac07ad81c51",
2026-10-04T01:48:28.6858483Z       "trace_id": "abb0f8782d904d7b9211525258eba5bc",
2026-10-04T01:48:28.6859135Z       "retryable": false,
2026-10-04T01:48:28.6859445Z       "allowed_alternatives": [
2026-10-04T01:48:28.6859785Z         "query_original_action",
2026-10-04T01:48:28.6860079Z         "bounded_read"
2026-10-04T01:48:28.6860312Z       ],
2026-10-04T01:48:28.6860594Z       "execution_occurred": false,
2026-10-04T01:48:28.6861288Z       "next_step": "Use a bounded SELECT or submit a narrower NEW action; do not retry rejected writes blindly."
2026-10-04T01:48:28.6861769Z     },
2026-10-04T01:48:28.6861996Z     "safe_alternative": {
2026-10-04T01:48:28.6862349Z       "id": "8b6d1ecfd2134801ba8334b9ec8d7355",
2026-10-04T01:48:28.6862680Z       "state": "executed",
2026-10-04T01:48:28.6862958Z       "decision": "pass",
2026-10-04T01:48:28.6863271Z       "reason_code": "bounded_read",
2026-10-04T01:48:28.6863566Z       "result": {
2026-10-04T01:48:28.6863830Z         "matched_rows": 0,
2026-10-04T01:48:28.6864090Z         "rows": [
2026-10-04T01:48:28.6864311Z           {
2026-10-04T01:48:28.6864589Z             "remaining": 1206
2026-10-04T01:48:28.6864841Z           }
2026-10-04T01:48:28.6865046Z         ],
2026-10-04T01:48:28.6865289Z         "truncated": false
2026-10-04T01:48:28.6865521Z       },
2026-10-04T01:48:28.6865814Z       "expires_at": 1791078808.6045206,
2026-10-04T01:48:28.6866224Z       "action_id": "8b6d1ecfd2134801ba8334b9ec8d7355",
2026-10-04T01:48:28.6866669Z       "trace_id": "7927063e53e84ac3b5c9cee8810fceca",
2026-10-04T01:48:28.6867005Z       "retryable": false,
2026-10-04T01:48:28.6867312Z       "allowed_alternatives": [
2026-10-04T01:48:28.6867634Z         "query_original_action"
2026-10-04T01:48:28.6867874Z       ],
2026-10-04T01:48:28.6868144Z       "execution_occurred": true,
2026-10-04T01:48:28.6868484Z       "next_step": "Read the result."
2026-10-04T01:48:28.6869298Z     },
2026-10-04T01:48:28.6869548Z     "approved_rows": 0,
2026-10-04T01:48:28.6869819Z     "approved_receipt": {
2026-10-04T01:48:28.6870186Z       "id": "f25dd0a29d9b462b99a90c0ffd127312",
2026-10-04T01:48:28.6870608Z       "state": "executed",
2026-10-04T01:48:28.6871105Z       "decision": "need_approval",
2026-10-04T01:48:28.6871665Z       "reason_code": "human_approved",
2026-10-04T01:48:28.6872123Z       "result": {
2026-10-04T01:48:28.6872555Z         "matched_rows": 1206,
2026-10-04T01:48:28.6872980Z         "rows": [],
2026-10-04T01:48:28.6873384Z         "truncated": false
2026-10-04T01:48:28.6873626Z       },
2026-10-04T01:48:28.6873902Z       "expires_at": 1791078808.6068542,
2026-10-04T01:48:28.6874309Z       "action_id": "f25dd0a29d9b462b99a90c0ffd127312",
2026-10-04T01:48:28.6874741Z       "trace_id": "4f047c8b4e9d4b03b2bf5420d6153155",
2026-10-04T01:48:28.6875160Z       "retryable": false,
2026-10-04T01:48:28.6875656Z       "allowed_alternatives": [
2026-10-04T01:48:28.6876042Z         "query_original_action"
2026-10-04T01:48:28.6876288Z       ],
2026-10-04T01:48:28.6876561Z       "execution_occurred": true,
2026-10-04T01:48:28.6877148Z       "next_step": "Read the result."
2026-10-04T01:48:28.6877398Z     }
2026-10-04T01:48:28.6877576Z   },
2026-10-04T01:48:28.6877773Z   "audit": {
2026-10-04T01:48:28.6877993Z     "valid": true,
2026-10-04T01:48:28.6878221Z     "events": 5,
2026-10-04T01:48:28.6878885Z     "head": "dbacecfcebee44bd9606d99733845598854c7282d381351f0073da0f1bc9079f",
2026-10-04T01:48:28.6879381Z     "anchor_status": "not_configured",
2026-10-04T01:48:28.6880476Z     "limitation": "Tail truncation after the last independently retained checkpoint remains undetectable. A server with all keys can forge new history; keep checkpoints outside its write authority."
2026-10-04T01:48:28.6881224Z   }
2026-10-04T01:48:28.6881407Z }
2026-10-04T01:48:28.7024738Z ##[group]Run python scripts/verify_evidence.py
2026-10-04T01:48:28.7025101Z [36;1mpython scripts/verify_evidence.py[0m
2026-10-04T01:48:28.7094487Z shell: /usr/bin/bash --noprofile --norc -e -o pipefail {0}
2026-10-04T01:48:28.7094843Z env:
2026-10-04T01:48:28.7095049Z   NEXT_TELEMETRY_DISABLED: 1
2026-10-04T01:48:28.7095359Z   pythonLocation: /opt/hostedtoolcache/Python/3.13.15/x64
2026-10-04T01:48:28.7095783Z   PKG_CONFIG_PATH: /opt/hostedtoolcache/Python/3.13.15/x64/lib/pkgconfig
2026-10-04T01:48:28.7096209Z   Python_ROOT_DIR: /opt/hostedtoolcache/Python/3.13.15/x64
2026-10-04T01:48:28.7096586Z   Python2_ROOT_DIR: /opt/hostedtoolcache/Python/3.13.15/x64
2026-10-04T01:48:28.7096951Z   Python3_ROOT_DIR: /opt/hostedtoolcache/Python/3.13.15/x64
2026-10-04T01:48:28.7097322Z   LD_LIBRARY_PATH: /opt/hostedtoolcache/Python/3.13.15/x64/lib
2026-10-04T01:48:28.7097638Z   GOTOOLCHAIN: local
2026-10-04T01:48:28.7097850Z ##[endgroup]
2026-10-04T01:48:28.7645581Z Verified all 796 JUnit cases, exit receipts, screenshots, Docker and raw benchmark rows.
2026-10-04T01:48:28.7730741Z ##[group]Run python scripts/evidence_manifest.py
2026-10-04T01:48:28.7731108Z [36;1mpython scripts/evidence_manifest.py[0m
2026-10-04T01:48:28.7799657Z shell: /usr/bin/bash --noprofile --norc -e -o pipefail {0}
2026-10-04T01:48:28.7800014Z env:
2026-10-04T01:48:28.7800220Z   NEXT_TELEMETRY_DISABLED: 1
2026-10-04T01:48:28.7800531Z   pythonLocation: /opt/hostedtoolcache/Python/3.13.15/x64
2026-10-04T01:48:28.7800957Z   PKG_CONFIG_PATH: /opt/hostedtoolcache/Python/3.13.15/x64/lib/pkgconfig
2026-10-04T01:48:28.7801403Z   Python_ROOT_DIR: /opt/hostedtoolcache/Python/3.13.15/x64
2026-10-04T01:48:28.7801772Z   Python2_ROOT_DIR: /opt/hostedtoolcache/Python/3.13.15/x64
2026-10-04T01:48:28.7802149Z   Python3_ROOT_DIR: /opt/hostedtoolcache/Python/3.13.15/x64
2026-10-04T01:48:28.7802522Z   LD_LIBRARY_PATH: /opt/hostedtoolcache/Python/3.13.15/x64/lib
2026-10-04T01:48:28.7802857Z   GOTOOLCHAIN: local
2026-10-04T01:48:28.7803073Z ##[endgroup]
2026-10-04T01:48:28.8800612Z {"commit": "7088ffbb9a5b38636240f226a885f1467b58f7b9", "artifact_files": 94}
2026-10-04T01:48:28.8959969Z ##[group]Run actions/upload-artifact@v4
2026-10-04T01:48:28.8960264Z with:
2026-10-04T01:48:28.8960473Z   name: acceptance-evidence
2026-10-04T01:48:28.8960784Z   path: evidence/*.*
evidence/research-pipeline/

2026-10-04T01:48:28.8961086Z   retention-days: 90
2026-10-04T01:48:28.8961309Z   if-no-files-found: warn
2026-10-04T01:48:28.8961539Z   compression-level: 6
2026-10-04T01:48:28.8961756Z   overwrite: false
2026-10-04T01:48:28.8961974Z   include-hidden-files: false
2026-10-04T01:48:28.8962205Z env:
2026-10-04T01:48:28.8962397Z   NEXT_TELEMETRY_DISABLED: 1
2026-10-04T01:48:28.8962702Z   pythonLocation: /opt/hostedtoolcache/Python/3.13.15/x64
2026-10-04T01:48:28.8963124Z   PKG_CONFIG_PATH: /opt/hostedtoolcache/Python/3.13.15/x64/lib/pkgconfig
2026-10-04T01:48:28.8963545Z   Python_ROOT_DIR: /opt/hostedtoolcache/Python/3.13.15/x64
2026-10-04T01:48:28.8963918Z   Python2_ROOT_DIR: /opt/hostedtoolcache/Python/3.13.15/x64
2026-10-04T01:48:28.8964307Z   Python3_ROOT_DIR: /opt/hostedtoolcache/Python/3.13.15/x64
2026-10-04T01:48:28.8964669Z   LD_LIBRARY_PATH: /opt/hostedtoolcache/Python/3.13.15/x64/lib
2026-10-04T01:48:28.8965170Z   GOTOOLCHAIN: local
2026-10-04T01:48:28.8965380Z ##[endgroup]
2026-10-04T01:48:29.0642670Z (node:16365) [DEP0040] DeprecationWarning: The `punycode` module is deprecated. Please use a userland alternative instead.
2026-10-04T01:48:29.0643510Z (Use `node --trace-deprecation ...` to show where the warning was created)
2026-10-04T01:48:29.0855807Z With the provided path, there will be 97 files uploaded
2026-10-04T01:48:29.0860925Z Artifact name is valid!
2026-10-04T01:48:29.0861865Z Root directory input is valid!
2026-10-04T01:48:29.3746077Z Beginning upload of artifact content to blob storage
2026-10-04T01:48:29.5379721Z (node:16365) [DEP0169] DeprecationWarning: `url.parse()` behavior is not standardized and prone to errors that have security implications. Use the WHATWG URL API instead. CVEs are not issued for `url.parse()` vulnerabilities.
2026-10-04T01:48:29.8879590Z Uploaded bytes 1972472
2026-10-04T01:48:29.9265871Z Finished uploading artifact content to blob storage!
2026-10-04T01:48:29.9266691Z SHA256 digest of uploaded artifact zip is 0c5d6351923c1dda34385d4a88dc12db9bc67e45ce023a59888bc01b1fb07676
2026-10-04T01:48:29.9268076Z Finalizing artifact upload
2026-10-04T01:48:30.1518118Z Artifact acceptance-evidence.zip successfully finalized. Artifact ID 11290733328
2026-10-04T01:48:30.1519672Z Artifact acceptance-evidence has been successfully uploaded! Final size is 1972472 bytes. Artifact ID is 11290733328
2026-10-04T01:48:30.1524913Z Artifact download URL: https://github.com/Changxin-YR/AIRLOCK/actions/runs/37168715642/artifacts/11290733328
2026-10-04T01:48:30.1713853Z Post job cleanup.
2026-10-04T01:48:30.3042554Z Post job cleanup.
2026-10-04T01:48:30.4413575Z (node:16387) [DEP0040] DeprecationWarning: The `punycode` module is deprecated. Please use a userland alternative instead.
2026-10-04T01:48:30.4414869Z (Use `node --trace-deprecation ...` to show where the warning was created)
2026-10-04T01:48:30.4599700Z Post job cleanup.
2026-10-04T01:48:30.5859571Z (node:16395) [DEP0040] DeprecationWarning: The `punycode` module is deprecated. Please use a userland alternative instead.
2026-10-04T01:48:30.5860491Z (Use `node --trace-deprecation ...` to show where the warning was created)
2026-10-04T01:48:30.6025062Z Post job cleanup.
2026-10-04T01:48:30.6946041Z [command]/usr/bin/git version
2026-10-04T01:48:30.6992240Z git version 2.55.0
2026-10-04T01:48:30.7033491Z Temporarily overriding HOME='/home/runner/work/_temp/81e51dce-cbb3-4c57-8efc-701551f03bea' before making global git config changes
2026-10-04T01:48:30.7034563Z Adding repository directory to the temporary git global config as a safe directory
2026-10-04T01:48:30.7039462Z [command]/usr/bin/git config --global --add safe.directory /home/runner/work/AIRLOCK/AIRLOCK
2026-10-04T01:48:30.7082497Z [command]/usr/bin/git config --local --name-only --get-regexp core\.sshCommand
2026-10-04T01:48:30.7117720Z [command]/usr/bin/git submodule foreach --recursive sh -c "git config --local --name-only --get-regexp 'core\.sshCommand' && git config --local --unset-all 'core.sshCommand' || :"
2026-10-04T01:48:30.7393503Z [command]/usr/bin/git config --local --name-only --get-regexp http\.https\:\/\/github\.com\/\.extraheader
2026-10-04T01:48:30.7421414Z http.https://github.com/.extraheader
2026-10-04T01:48:30.7431864Z [command]/usr/bin/git config --local --unset-all http.https://github.com/.extraheader
2026-10-04T01:48:30.7477446Z [command]/usr/bin/git submodule foreach --recursive sh -c "git config --local --name-only --get-regexp 'http\.https\:\/\/github\.com\/\.extraheader' && git config --local --unset-all 'http.https://github.com/.extraheader' || :"
2026-10-04T01:48:30.7759391Z [command]/usr/bin/git config --local --name-only --get-regexp ^includeIf\.gitdir:
2026-10-04T01:48:30.7799405Z [command]/usr/bin/git submodule foreach --recursive git config --local --show-origin --name-only --get-regexp remote.origin.url
2026-10-04T01:48:30.8226285Z Cleaning up orphan processes
2026-10-04T01:48:30.8565445Z ##[warning]Node.js 20 is deprecated. The following actions target Node.js 20 but are being forced to run on Node.js 24: actions/checkout@v4, actions/setup-node@v4, actions/setup-python@v5, actions/upload-artifact@v4. For more information see: https://github.blog/changelog/2025-09-19-deprecation-of-node-20-on-github-actions-runners/
