2026-10-03T01:50:25.6066431Z Current runner version: '2.337.0'
2026-10-03T01:50:25.6101225Z ##[group]Runner Image Provisioner
2026-10-03T01:50:25.6102555Z Hosted Compute Agent
2026-10-03T01:50:25.6103652Z Version: 20260901.588
2026-10-03T01:50:25.6104732Z Commit: f88ec8081b781fac6c440065ac7ff9e710ce3d0b
2026-10-03T01:50:25.6106212Z Build Date: 2026-09-01T19:56:44Z
2026-10-03T01:50:25.6107581Z Worker ID: {d323309d-c690-4a45-a616-cf67a4da4ea6}
2026-10-03T01:50:25.6108761Z Azure Region: eastus
2026-10-03T01:50:25.6109801Z ##[endgroup]
2026-10-03T01:50:25.6112106Z ##[group]Operating System
2026-10-03T01:50:25.6113098Z Ubuntu
2026-10-03T01:50:25.6114172Z 24.04.5
2026-10-03T01:50:25.6115096Z LTS
2026-10-03T01:50:25.6116272Z ##[endgroup]
2026-10-03T01:50:25.6117202Z ##[group]Runner Image
2026-10-03T01:50:25.6118295Z Image: ubuntu-24.04
2026-10-03T01:50:25.6119299Z Version: 20260927.320.1
2026-10-03T01:50:25.6121417Z Included Software: https://github.com/actions/runner-images/blob/ubuntu24/20260927.320/images/ubuntu/Ubuntu2404-Readme.md
2026-10-03T01:50:25.6124124Z Image Release: https://github.com/actions/runner-images/releases/tag/ubuntu24%2F20260927.320
2026-10-03T01:50:25.6126366Z ##[endgroup]
2026-10-03T01:50:25.6128250Z ##[group]GITHUB_TOKEN Permissions
2026-10-03T01:50:25.6130902Z Contents: read
2026-10-03T01:50:25.6131838Z Metadata: read
2026-10-03T01:50:25.6132821Z ##[endgroup]
2026-10-03T01:50:25.6136179Z Secret source: Actions
2026-10-03T01:50:25.6137799Z Cache mode: write
2026-10-03T01:50:25.6138895Z Prepare workflow directory
2026-10-03T01:50:25.6725259Z Prepare all required actions
2026-10-03T01:50:25.6795193Z Getting action download info
2026-10-03T01:50:25.8882802Z Download action repository 'actions/checkout@v4' (SHA:11d5960a326750d5838078e36cf38b85af677262)
2026-10-03T01:50:25.9838914Z Download action repository 'actions/setup-python@v5' (SHA:a26af69be951a213d495a4c3e4e4022e16d87065)
2026-10-03T01:50:26.0695006Z Download action repository 'actions/setup-node@v4' (SHA:49933ea5288caeca8642d1e84afbd3f7d6820020)
2026-10-03T01:50:26.1614213Z Download action repository 'actions/setup-go@v6' (SHA:924ae3a1cded613372ab5595356fb5720e22ba16)
2026-10-03T01:50:26.3085111Z Download action repository 'actions/upload-artifact@v4' (SHA:ea165f8d65b6e75b540449e92b4886f43607fa02)
2026-10-03T01:50:26.5192706Z Complete job name: verify
2026-10-03T01:50:26.6194898Z ##[group]Run actions/checkout@v4
2026-10-03T01:50:26.6196007Z with:
2026-10-03T01:50:26.6196494Z   ref: 4aca4073114b5b992460903abf33c3721f4f8063
2026-10-03T01:50:26.6197107Z   repository: Changxin-YR/AIRLOCK
2026-10-03T01:50:26.6201126Z   token: ***
2026-10-03T01:50:26.6201558Z   ssh-strict: true
2026-10-03T01:50:26.6201992Z   ssh-user: git
2026-10-03T01:50:26.6202423Z   persist-credentials: true
2026-10-03T01:50:26.6202908Z   clean: true
2026-10-03T01:50:26.6203347Z   sparse-checkout-cone-mode: true
2026-10-03T01:50:26.6203866Z   fetch-depth: 1
2026-10-03T01:50:26.6204293Z   fetch-tags: false
2026-10-03T01:50:26.6204739Z   show-progress: true
2026-10-03T01:50:26.6205195Z   lfs: false
2026-10-03T01:50:26.6205768Z   submodules: false
2026-10-03T01:50:26.6206227Z   set-safe-directory: true
2026-10-03T01:50:26.6206727Z   allow-unsafe-pr-checkout: false
2026-10-03T01:50:26.6207504Z env:
2026-10-03T01:50:26.6207927Z   NEXT_TELEMETRY_DISABLED: 1
2026-10-03T01:50:26.6208451Z ##[endgroup]
2026-10-03T01:50:26.7370421Z Syncing repository: Changxin-YR/AIRLOCK
2026-10-03T01:50:26.7373401Z ##[group]Getting Git version info
2026-10-03T01:50:26.7374817Z Working directory is '/home/runner/work/AIRLOCK/AIRLOCK'
2026-10-03T01:50:26.7379660Z [command]/usr/bin/git version
2026-10-03T01:50:26.7621768Z git version 2.55.0
2026-10-03T01:50:26.7661513Z ##[endgroup]
2026-10-03T01:50:26.7703767Z Temporarily overriding HOME='/home/runner/work/_temp/a547557c-c37e-4a65-ae92-7ee5edcc8595' before making global git config changes
2026-10-03T01:50:26.7706674Z Adding repository directory to the temporary git global config as a safe directory
2026-10-03T01:50:26.7708766Z [command]/usr/bin/git config --global --add safe.directory /home/runner/work/AIRLOCK/AIRLOCK
2026-10-03T01:50:26.7741660Z Deleting the contents of '/home/runner/work/AIRLOCK/AIRLOCK'
2026-10-03T01:50:26.7743715Z ##[group]Initializing the repository
2026-10-03T01:50:26.7744906Z [command]/usr/bin/git init /home/runner/work/AIRLOCK/AIRLOCK
2026-10-03T01:50:26.8097922Z hint: Using 'master' as the name for the initial branch. This default branch name
2026-10-03T01:50:26.8100093Z hint: will change to "main" in Git 3.0. To configure the initial branch name
2026-10-03T01:50:26.8101798Z hint: to use in all of your new repositories, which will suppress this warning,
2026-10-03T01:50:26.8103203Z hint: call:
2026-10-03T01:50:26.8103882Z hint:
2026-10-03T01:50:26.8104792Z hint: 	git config --global init.defaultBranch <name>
2026-10-03T01:50:26.8106129Z hint:
2026-10-03T01:50:26.8107147Z hint: Names commonly chosen instead of 'master' are 'main', 'trunk' and
2026-10-03T01:50:26.8108740Z hint: 'development'. The just-created branch can be renamed via this command:
2026-10-03T01:50:26.8110008Z hint:
2026-10-03T01:50:26.8110671Z hint: 	git branch -m <name>
2026-10-03T01:50:26.8111510Z hint:
2026-10-03T01:50:26.8112683Z hint: Disable this message with "git config set advice.defaultBranchName false"
2026-10-03T01:50:26.8114505Z Initialized empty Git repository in /home/runner/work/AIRLOCK/AIRLOCK/.git/
2026-10-03T01:50:26.8117655Z [command]/usr/bin/git remote add origin https://github.com/Changxin-YR/AIRLOCK
2026-10-03T01:50:26.8187728Z ##[endgroup]
2026-10-03T01:50:26.8188569Z ##[group]Disabling automatic garbage collection
2026-10-03T01:50:26.8189537Z [command]/usr/bin/git config --local gc.auto 0
2026-10-03T01:50:26.8239198Z ##[endgroup]
2026-10-03T01:50:26.8240680Z ##[group]Setting up auth
2026-10-03T01:50:26.8243697Z [command]/usr/bin/git config --local --name-only --get-regexp core\.sshCommand
2026-10-03T01:50:26.8292339Z [command]/usr/bin/git submodule foreach --recursive sh -c "git config --local --name-only --get-regexp 'core\.sshCommand' && git config --local --unset-all 'core.sshCommand' || :"
2026-10-03T01:50:27.3253106Z [command]/usr/bin/git config --local --name-only --get-regexp http\.https\:\/\/github\.com\/\.extraheader
2026-10-03T01:50:27.3294526Z [command]/usr/bin/git submodule foreach --recursive sh -c "git config --local --name-only --get-regexp 'http\.https\:\/\/github\.com\/\.extraheader' && git config --local --unset-all 'http.https://github.com/.extraheader' || :"
2026-10-03T01:50:27.3536392Z [command]/usr/bin/git config --local --name-only --get-regexp ^includeIf\.gitdir:
2026-10-03T01:50:27.3578070Z [command]/usr/bin/git submodule foreach --recursive git config --local --show-origin --name-only --get-regexp remote.origin.url
2026-10-03T01:50:27.3843293Z [command]/usr/bin/git config --local http.https://github.com/.extraheader AUTHORIZATION: basic ***
2026-10-03T01:50:27.3948338Z ##[endgroup]
2026-10-03T01:50:27.3950892Z ##[group]Fetching the repository
2026-10-03T01:50:27.3961935Z [command]/usr/bin/git -c protocol.version=2 fetch --no-tags --prune --no-recurse-submodules --depth=1 origin 4aca4073114b5b992460903abf33c3721f4f8063
2026-10-03T01:50:28.3679443Z From https://github.com/Changxin-YR/AIRLOCK
2026-10-03T01:50:28.3681772Z  * branch            4aca4073114b5b992460903abf33c3721f4f8063 -> FETCH_HEAD
2026-10-03T01:50:28.3685928Z ##[endgroup]
2026-10-03T01:50:28.3686803Z ##[group]Determining the checkout info
2026-10-03T01:50:28.3688126Z ##[endgroup]
2026-10-03T01:50:28.3693209Z [command]/usr/bin/git sparse-checkout disable
2026-10-03T01:50:28.3747356Z [command]/usr/bin/git config --local --unset-all extensions.worktreeConfig
2026-10-03T01:50:28.3780375Z ##[group]Checking out the ref
2026-10-03T01:50:28.3784344Z [command]/usr/bin/git checkout --progress --force 4aca4073114b5b992460903abf33c3721f4f8063
2026-10-03T01:50:28.4647359Z Note: switching to '4aca4073114b5b992460903abf33c3721f4f8063'.
2026-10-03T01:50:28.4647922Z 
2026-10-03T01:50:28.4648271Z You are in 'detached HEAD' state. You can look around, make experimental
2026-10-03T01:50:28.4649079Z changes and commit them, and you can discard any commits you make in this
2026-10-03T01:50:28.4650216Z state without impacting any branches by switching back to a branch.
2026-10-03T01:50:28.4650678Z 
2026-10-03T01:50:28.4651000Z If you want to create a new branch to retain commits you create, you may
2026-10-03T01:50:28.4651716Z do so (now or later) by using -c with the switch command. Example:
2026-10-03T01:50:28.4652124Z 
2026-10-03T01:50:28.4652308Z   git switch -c <new-branch-name>
2026-10-03T01:50:28.4652597Z 
2026-10-03T01:50:28.4652772Z Or undo this operation with:
2026-10-03T01:50:28.4653070Z 
2026-10-03T01:50:28.4653233Z   git switch -
2026-10-03T01:50:28.4653433Z 
2026-10-03T01:50:28.4663009Z Turn off this advice by setting config variable advice.detachedHead to false
2026-10-03T01:50:28.4663722Z 
2026-10-03T01:50:28.4664314Z HEAD is now at 4aca407 Preserve durable admission with connection reuse and verified SQLite runtime
2026-10-03T01:50:28.4667387Z ##[endgroup]
2026-10-03T01:50:28.4715032Z [command]/usr/bin/git log -1 --format=%H
2026-10-03T01:50:28.4743398Z 4aca4073114b5b992460903abf33c3721f4f8063
2026-10-03T01:50:28.4965314Z ##[group]Run mkdir -p evidence
2026-10-03T01:50:28.4966069Z [36;1mmkdir -p evidence[0m
2026-10-03T01:50:28.4966412Z [36;1mpython3 scripts/archive_source.py[0m
2026-10-03T01:50:28.4966812Z [36;1mgit rev-parse HEAD > evidence/commit.txt[0m
2026-10-03T01:50:28.5218879Z shell: /usr/bin/bash --noprofile --norc -e -o pipefail {0}
2026-10-03T01:50:28.5219462Z env:
2026-10-03T01:50:28.5219812Z   NEXT_TELEMETRY_DISABLED: 1
2026-10-03T01:50:28.5220207Z ##[endgroup]
2026-10-03T01:50:28.6198755Z Archived tracked source and documentation; historical evidence remains separately versioned in Git.
2026-10-03T01:50:28.6378516Z ##[group]Run actions/setup-python@v5
2026-10-03T01:50:28.6378906Z with:
2026-10-03T01:50:28.6379159Z   python-version: 3.13
2026-10-03T01:50:28.6379442Z   check-latest: false
2026-10-03T01:50:28.6382282Z   token: ***
2026-10-03T01:50:28.6382548Z   update-environment: true
2026-10-03T01:50:28.6382870Z   allow-prereleases: false
2026-10-03T01:50:28.6383147Z   freethreaded: false
2026-10-03T01:50:28.6383399Z env:
2026-10-03T01:50:28.6383635Z   NEXT_TELEMETRY_DISABLED: 1
2026-10-03T01:50:28.6383911Z ##[endgroup]
2026-10-03T01:50:28.7740625Z ##[group]Installed versions
2026-10-03T01:50:28.7833083Z (node:2309) [DEP0040] DeprecationWarning: The `punycode` module is deprecated. Please use a userland alternative instead.
2026-10-03T01:50:28.7834590Z (Use `node --trace-deprecation ...` to show where the warning was created)
2026-10-03T01:50:28.7835442Z Successfully set up CPython (3.13.15)
2026-10-03T01:50:28.7836673Z ##[endgroup]
2026-10-03T01:50:28.8013183Z ##[group]Run python scripts/run_logged.py evidence/sqlite-runtime-build.log -- python scripts/build_sqlite_runtime.py --prefix "$RUNNER_TEMP/airlock-sqlite-runtime" --output evidence/sqlite-runtime-build.json
2026-10-03T01:50:28.8014805Z [36;1mpython scripts/run_logged.py evidence/sqlite-runtime-build.log -- python scripts/build_sqlite_runtime.py --prefix "$RUNNER_TEMP/airlock-sqlite-runtime" --output evidence/sqlite-runtime-build.json[0m
2026-10-03T01:50:28.8016323Z [36;1mprintf '%s\n' "$RUNNER_TEMP/airlock-sqlite-runtime/lib" | sudo tee /etc/ld.so.conf.d/00-airlock-sqlite.conf > /dev/null[0m
2026-10-03T01:50:28.8016944Z [36;1msudo ldconfig[0m
2026-10-03T01:50:28.8098975Z shell: /usr/bin/bash --noprofile --norc -e -o pipefail {0}
2026-10-03T01:50:28.8099681Z env:
2026-10-03T01:50:28.8100097Z   NEXT_TELEMETRY_DISABLED: 1
2026-10-03T01:50:28.8100712Z   pythonLocation: /opt/hostedtoolcache/Python/3.13.15/x64
2026-10-03T01:50:28.8101671Z   PKG_CONFIG_PATH: /opt/hostedtoolcache/Python/3.13.15/x64/lib/pkgconfig
2026-10-03T01:50:28.8102547Z   Python_ROOT_DIR: /opt/hostedtoolcache/Python/3.13.15/x64
2026-10-03T01:50:28.8103319Z   Python2_ROOT_DIR: /opt/hostedtoolcache/Python/3.13.15/x64
2026-10-03T01:50:28.8104089Z   Python3_ROOT_DIR: /opt/hostedtoolcache/Python/3.13.15/x64
2026-10-03T01:50:28.8104877Z   LD_LIBRARY_PATH: /opt/hostedtoolcache/Python/3.13.15/x64/lib
2026-10-03T01:50:28.8106075Z ##[endgroup]
2026-10-03T01:50:59.7019751Z {
2026-10-03T01:50:59.7020313Z   "mode": "official_source_shared_runtime",
2026-10-03T01:50:59.7020973Z   "platform": "Linux-6.17.0-1022-azure-x86_64-with-glibc2.39",
2026-10-03T01:50:59.7021771Z   "pin": {
2026-10-03T01:50:59.7022139Z     "version": "3.53.1",
2026-10-03T01:50:59.7022920Z     "source_id": "2026-05-05 10:34:17 c88b22011a54b4f6fbd149e9f8e4de77658ce58143a1af0e3785e4e6475127e9",
2026-10-03T01:50:59.7024039Z     "archive_url": "https://sqlite.org/2026/sqlite-autoconf-3530100.tar.gz",
2026-10-03T01:50:59.7025113Z     "archive_sha256": "83e6b2020a034e9a7ad4a72feea59e1ad52f162e09cbd26735a3ffb98359fc4f",
2026-10-03T01:50:59.7026284Z     "amalgamation_path": "sqlite-autoconf-3530100/sqlite3.c",
2026-10-03T01:50:59.7027806Z     "amalgamation_sha3_256": "414432ae5719f6cdc485f3927e12c7ad107e2b8c6b434e5df2eadb5312bfabb5",
2026-10-03T01:50:59.7028784Z     "release_reference": "https://sqlite.org/releaselog/3_53_1.html",
2026-10-03T01:50:59.7029354Z     "fix_reference": "https://sqlite.org/wal.html#walresetbug"
2026-10-03T01:50:59.7029731Z   },
2026-10-03T01:50:59.7030003Z   "compiler": "cc (Ubuntu 13.3.0-6ubuntu2~24.04.1) 13.3.0",
2026-10-03T01:50:59.7030365Z   "compiler_flags": [
2026-10-03T01:50:59.7030642Z     "-O2",
2026-10-03T01:50:59.7030842Z     "-fPIC",
2026-10-03T01:50:59.7031048Z     "-shared",
2026-10-03T01:50:59.7031291Z     "-Wl,-soname,libsqlite3.so.0",
2026-10-03T01:50:59.7031593Z     "-DSQLITE_THREADSAFE=1",
2026-10-03T01:50:59.7031880Z     "-DSQLITE_ENABLE_COLUMN_METADATA",
2026-10-03T01:50:59.7032179Z     "-DSQLITE_ENABLE_FTS3",
2026-10-03T01:50:59.7032453Z     "-DSQLITE_ENABLE_FTS5",
2026-10-03T01:50:59.7032716Z     "-DSQLITE_ENABLE_RTREE",
2026-10-03T01:50:59.7032985Z     "-DSQLITE_ENABLE_DBSTAT_VTAB",
2026-10-03T01:50:59.7033279Z     "-DSQLITE_ENABLE_MATH_FUNCTIONS",
2026-10-03T01:50:59.7033577Z     "-DSQLITE_USE_URI=1"
2026-10-03T01:50:59.7033816Z   ],
2026-10-03T01:50:59.7034191Z   "library": "/home/runner/work/_temp/airlock-sqlite-runtime/lib/libsqlite3.so.0",
2026-10-03T01:50:59.7034911Z   "library_sha256": "f826cb46ed8fb7b0c33f603eb8b8e8cf6026031f3dc455aa87b0032cf8a9dee2",
2026-10-03T01:50:59.7035452Z   "verified_python_runtime": {
2026-10-03T01:50:59.7036012Z     "version": "3.53.1",
2026-10-03T01:50:59.7036462Z     "source_id": "2026-05-05 10:34:17 c88b22011a54b4f6fbd149e9f8e4de77658ce58143a1af0e3785e4e6475127e9",
2026-10-03T01:50:59.7036921Z     "compile_options": [
2026-10-03T01:50:59.7037152Z       "ATOMIC_INTRINSICS=1",
2026-10-03T01:50:59.7037393Z       "COMPILER=gcc-13.3.0",
2026-10-03T01:50:59.7038000Z       "DEFAULT_AUTOVACUUM",
2026-10-03T01:50:59.7038267Z       "DEFAULT_CACHE_SIZE=-2000",
2026-10-03T01:50:59.7038519Z       "DEFAULT_FILE_FORMAT=4",
2026-10-03T01:50:59.7038772Z       "DEFAULT_JOURNAL_SIZE_LIMIT=-1",
2026-10-03T01:50:59.7039043Z       "DEFAULT_MMAP_SIZE=0",
2026-10-03T01:50:59.7039289Z       "DEFAULT_PAGE_SIZE=4096",
2026-10-03T01:50:59.7039550Z       "DEFAULT_PCACHE_INITSZ=20",
2026-10-03T01:50:59.7039819Z       "DEFAULT_RECURSIVE_TRIGGERS",
2026-10-03T01:50:59.7040088Z       "DEFAULT_SECTOR_SIZE=4096",
2026-10-03T01:50:59.7040446Z       "DEFAULT_SYNCHRONOUS=2",
2026-10-03T01:50:59.7040855Z       "DEFAULT_WAL_AUTOCHECKPOINT=1000",
2026-10-03T01:50:59.7041138Z       "DEFAULT_WAL_SYNCHRONOUS=2",
2026-10-03T01:50:59.7041396Z       "DEFAULT_WORKER_THREADS=0",
2026-10-03T01:50:59.7041645Z       "DIRECT_OVERFLOW_READ",
2026-10-03T01:50:59.7041887Z       "ENABLE_COLUMN_METADATA",
2026-10-03T01:50:59.7042124Z       "ENABLE_DBSTAT_VTAB",
2026-10-03T01:50:59.7042359Z       "ENABLE_FTS3",
2026-10-03T01:50:59.7042707Z       "ENABLE_FTS5",
2026-10-03T01:50:59.7043166Z       "ENABLE_MATH_FUNCTIONS",
2026-10-03T01:50:59.7043595Z       "ENABLE_RTREE",
2026-10-03T01:50:59.7044006Z       "MALLOC_SOFT_LIMIT=1024",
2026-10-03T01:50:59.7044457Z       "MAX_ATTACHED=10",
2026-10-03T01:50:59.7044876Z       "MAX_COLUMN=2000",
2026-10-03T01:50:59.7045302Z       "MAX_COMPOUND_SELECT=500",
2026-10-03T01:50:59.7046296Z       "MAX_DEFAULT_PAGE_SIZE=8192",
2026-10-03T01:50:59.7046572Z       "MAX_EXPR_DEPTH=1000",
2026-10-03T01:50:59.7046822Z       "MAX_FUNCTION_ARG=1000",
2026-10-03T01:50:59.7047054Z       "MAX_LENGTH=1000000000",
2026-10-03T01:50:59.7047297Z       "MAX_LIKE_PATTERN_LENGTH=50000",
2026-10-03T01:50:59.7047612Z       "MAX_MMAP_SIZE=0x7fff0000",
2026-10-03T01:50:59.7048098Z       "MAX_PAGE_COUNT=0xfffffffe",
2026-10-03T01:50:59.7048590Z       "MAX_PAGE_SIZE=65536",
2026-10-03T01:50:59.7048862Z       "MAX_SQL_LENGTH=1000000000",
2026-10-03T01:50:59.7049126Z       "MAX_TRIGGER_DEPTH=1000",
2026-10-03T01:50:59.7049392Z       "MAX_VARIABLE_NUMBER=32766",
2026-10-03T01:50:59.7049642Z       "MAX_VDBE_OP=250000000",
2026-10-03T01:50:59.7049879Z       "MAX_WORKER_THREADS=8",
2026-10-03T01:50:59.7050118Z       "MUTEX_PTHREADS",
2026-10-03T01:50:59.7050335Z       "SYSTEM_MALLOC",
2026-10-03T01:50:59.7050547Z       "TEMP_STORE=1",
2026-10-03T01:50:59.7050760Z       "THREADSAFE=1",
2026-10-03T01:50:59.7050959Z       "USE_URI"
2026-10-03T01:50:59.7051159Z     ]
2026-10-03T01:50:59.7051335Z   },
2026-10-03T01:50:59.7051534Z   "child_exit_code": 0,
2026-10-03T01:50:59.7051772Z   "system_library_replaced": false
2026-10-03T01:50:59.7052022Z }
2026-10-03T01:50:59.8423487Z ##[group]Run python scripts/run_logged.py evidence/sqlite-runtime-linked.log -- env -u LD_LIBRARY_PATH python -m airlock.sqlite_runtime --pin-file configs/sqlite-runtime.json --build-report evidence/sqlite-runtime-build.json --output evidence/sqlite-runtime-linked.json
2026-10-03T01:50:59.8426071Z [36;1mpython scripts/run_logged.py evidence/sqlite-runtime-linked.log -- env -u LD_LIBRARY_PATH python -m airlock.sqlite_runtime --pin-file configs/sqlite-runtime.json --build-report evidence/sqlite-runtime-build.json --output evidence/sqlite-runtime-linked.json[0m
2026-10-03T01:50:59.8494140Z shell: /usr/bin/bash --noprofile --norc -e -o pipefail {0}
2026-10-03T01:50:59.8494552Z env:
2026-10-03T01:50:59.8494787Z   NEXT_TELEMETRY_DISABLED: 1
2026-10-03T01:50:59.8495174Z   pythonLocation: /opt/hostedtoolcache/Python/3.13.15/x64
2026-10-03T01:50:59.8495955Z   PKG_CONFIG_PATH: /opt/hostedtoolcache/Python/3.13.15/x64/lib/pkgconfig
2026-10-03T01:50:59.8496509Z   Python_ROOT_DIR: /opt/hostedtoolcache/Python/3.13.15/x64
2026-10-03T01:50:59.8496998Z   Python2_ROOT_DIR: /opt/hostedtoolcache/Python/3.13.15/x64
2026-10-03T01:50:59.8497472Z   Python3_ROOT_DIR: /opt/hostedtoolcache/Python/3.13.15/x64
2026-10-03T01:50:59.8497940Z   LD_LIBRARY_PATH: /opt/hostedtoolcache/Python/3.13.15/x64/lib
2026-10-03T01:50:59.8498333Z ##[endgroup]
2026-10-03T01:50:59.9425871Z {
2026-10-03T01:50:59.9426382Z   "version": "3.53.1",
2026-10-03T01:50:59.9426998Z   "source_id": "2026-05-05 10:34:17 c88b22011a54b4f6fbd149e9f8e4de77658ce58143a1af0e3785e4e6475127e9",
2026-10-03T01:50:59.9427531Z   "wal_reset_fix": "upstream_fixed_version",
2026-10-03T01:50:59.9427836Z   "compile_options": [
2026-10-03T01:50:59.9428075Z     "ATOMIC_INTRINSICS=1",
2026-10-03T01:50:59.9428320Z     "COMPILER=gcc-13.3.0",
2026-10-03T01:50:59.9428587Z     "DEFAULT_AUTOVACUUM",
2026-10-03T01:50:59.9428828Z     "DEFAULT_CACHE_SIZE=-2000",
2026-10-03T01:50:59.9429082Z     "DEFAULT_FILE_FORMAT=4",
2026-10-03T01:50:59.9429347Z     "DEFAULT_JOURNAL_SIZE_LIMIT=-1",
2026-10-03T01:50:59.9429617Z     "DEFAULT_MMAP_SIZE=0",
2026-10-03T01:50:59.9429858Z     "DEFAULT_PAGE_SIZE=4096",
2026-10-03T01:50:59.9430110Z     "DEFAULT_PCACHE_INITSZ=20",
2026-10-03T01:50:59.9430368Z     "DEFAULT_RECURSIVE_TRIGGERS",
2026-10-03T01:50:59.9430642Z     "DEFAULT_SECTOR_SIZE=4096",
2026-10-03T01:50:59.9430892Z     "DEFAULT_SYNCHRONOUS=2",
2026-10-03T01:50:59.9431149Z     "DEFAULT_WAL_AUTOCHECKPOINT=1000",
2026-10-03T01:50:59.9431432Z     "DEFAULT_WAL_SYNCHRONOUS=2",
2026-10-03T01:50:59.9431689Z     "DEFAULT_WORKER_THREADS=0",
2026-10-03T01:50:59.9431940Z     "DIRECT_OVERFLOW_READ",
2026-10-03T01:50:59.9432186Z     "ENABLE_COLUMN_METADATA",
2026-10-03T01:50:59.9432429Z     "ENABLE_DBSTAT_VTAB",
2026-10-03T01:50:59.9432653Z     "ENABLE_FTS3",
2026-10-03T01:50:59.9433124Z     "ENABLE_FTS5",
2026-10-03T01:50:59.9433335Z     "ENABLE_MATH_FUNCTIONS",
2026-10-03T01:50:59.9433577Z     "ENABLE_RTREE",
2026-10-03T01:50:59.9433788Z     "MALLOC_SOFT_LIMIT=1024",
2026-10-03T01:50:59.9434034Z     "MAX_ATTACHED=10",
2026-10-03T01:50:59.9434249Z     "MAX_COLUMN=2000",
2026-10-03T01:50:59.9434477Z     "MAX_COMPOUND_SELECT=500",
2026-10-03T01:50:59.9434735Z     "MAX_DEFAULT_PAGE_SIZE=8192",
2026-10-03T01:50:59.9434990Z     "MAX_EXPR_DEPTH=1000",
2026-10-03T01:50:59.9435226Z     "MAX_FUNCTION_ARG=1000",
2026-10-03T01:50:59.9435461Z     "MAX_LENGTH=1000000000",
2026-10-03T01:50:59.9435989Z     "MAX_LIKE_PATTERN_LENGTH=50000",
2026-10-03T01:50:59.9436270Z     "MAX_MMAP_SIZE=0x7fff0000",
2026-10-03T01:50:59.9436537Z     "MAX_PAGE_COUNT=0xfffffffe",
2026-10-03T01:50:59.9436793Z     "MAX_PAGE_SIZE=65536",
2026-10-03T01:50:59.9437034Z     "MAX_SQL_LENGTH=1000000000",
2026-10-03T01:50:59.9437286Z     "MAX_TRIGGER_DEPTH=1000",
2026-10-03T01:50:59.9437532Z     "MAX_VARIABLE_NUMBER=32766",
2026-10-03T01:50:59.9437789Z     "MAX_VDBE_OP=250000000",
2026-10-03T01:50:59.9438026Z     "MAX_WORKER_THREADS=8",
2026-10-03T01:50:59.9438259Z     "MUTEX_PTHREADS",
2026-10-03T01:50:59.9438472Z     "SYSTEM_MALLOC",
2026-10-03T01:50:59.9438895Z     "TEMP_STORE=1",
2026-10-03T01:50:59.9439111Z     "THREADSAFE=1",
2026-10-03T01:50:59.9439318Z     "USE_URI"
2026-10-03T01:50:59.9439506Z   ],
2026-10-03T01:50:59.9439690Z   "python": "3.13.15",
2026-10-03T01:50:59.9439912Z   "sqlite_threadsafety": 3,
2026-10-03T01:50:59.9440148Z   "pin_verified": true,
2026-10-03T01:50:59.9440557Z   "archive_sha256": "83e6b2020a034e9a7ad4a72feea59e1ad52f162e09cbd26735a3ffb98359fc4f",
2026-10-03T01:50:59.9441184Z   "amalgamation_sha3_256": "414432ae5719f6cdc485f3927e12c7ad107e2b8c6b434e5df2eadb5312bfabb5",
2026-10-03T01:50:59.9441657Z   "loaded_shared_library_files": [
2026-10-03T01:50:59.9441900Z     {
2026-10-03T01:50:59.9442219Z       "path": "/home/runner/work/_temp/airlock-sqlite-runtime/lib/libsqlite3.so.0",
2026-10-03T01:50:59.9442625Z       "bytes": 1591216,
2026-10-03T01:50:59.9442977Z       "sha256": "f826cb46ed8fb7b0c33f603eb8b8e8cf6026031f3dc455aa87b0032cf8a9dee2"
2026-10-03T01:50:59.9443362Z     }
2026-10-03T01:50:59.9443532Z   ],
2026-10-03T01:50:59.9443734Z   "loaded_shared_libraries": [
2026-10-03T01:50:59.9444089Z     "/home/runner/work/_temp/airlock-sqlite-runtime/lib/libsqlite3.so.0"
2026-10-03T01:50:59.9444447Z   ],
2026-10-03T01:50:59.9444634Z   "build_report_verified": true,
2026-10-03T01:50:59.9445053Z   "build_report_sha256": "df942eb5a313c85336ab90b038173f4d07778024674bed89ebec429d2846269d"
2026-10-03T01:50:59.9445474Z }
2026-10-03T01:50:59.9654242Z ##[group]Run actions/setup-node@v4
2026-10-03T01:50:59.9654525Z with:
2026-10-03T01:50:59.9654721Z   node-version: 22
2026-10-03T01:50:59.9654929Z   always-auth: false
2026-10-03T01:50:59.9655143Z   check-latest: false
2026-10-03T01:50:59.9658219Z   token: ***
2026-10-03T01:50:59.9658421Z env:
2026-10-03T01:50:59.9658614Z   NEXT_TELEMETRY_DISABLED: 1
2026-10-03T01:50:59.9658946Z   pythonLocation: /opt/hostedtoolcache/Python/3.13.15/x64
2026-10-03T01:50:59.9659404Z   PKG_CONFIG_PATH: /opt/hostedtoolcache/Python/3.13.15/x64/lib/pkgconfig
2026-10-03T01:50:59.9659833Z   Python_ROOT_DIR: /opt/hostedtoolcache/Python/3.13.15/x64
2026-10-03T01:50:59.9660217Z   Python2_ROOT_DIR: /opt/hostedtoolcache/Python/3.13.15/x64
2026-10-03T01:50:59.9660597Z   Python3_ROOT_DIR: /opt/hostedtoolcache/Python/3.13.15/x64
2026-10-03T01:50:59.9660981Z   LD_LIBRARY_PATH: /opt/hostedtoolcache/Python/3.13.15/x64/lib
2026-10-03T01:50:59.9661318Z ##[endgroup]
2026-10-03T01:51:00.1132051Z Found in cache @ /opt/hostedtoolcache/node/22.23.3/x64
2026-10-03T01:51:00.1136699Z (node:2352) [DEP0040] DeprecationWarning: The `punycode` module is deprecated. Please use a userland alternative instead.
2026-10-03T01:51:00.1137825Z (Use `node --trace-deprecation ...` to show where the warning was created)
2026-10-03T01:51:00.1139417Z ##[group]Environment details
2026-10-03T01:51:00.5253495Z node: v22.23.3
2026-10-03T01:51:00.5254072Z npm: 10.9.9
2026-10-03T01:51:00.5254292Z yarn: 1.22.22
2026-10-03T01:51:00.5255280Z ##[endgroup]
2026-10-03T01:51:00.5380874Z ##[group]Run python -m pip install -r requirements-dev.txt
2026-10-03T01:51:00.5381411Z [36;1mpython -m pip install -r requirements-dev.txt[0m
2026-10-03T01:51:00.5450194Z shell: /usr/bin/bash --noprofile --norc -e -o pipefail {0}
2026-10-03T01:51:00.5450597Z env:
2026-10-03T01:51:00.5450823Z   NEXT_TELEMETRY_DISABLED: 1
2026-10-03T01:51:00.5451190Z   pythonLocation: /opt/hostedtoolcache/Python/3.13.15/x64
2026-10-03T01:51:00.5451712Z   PKG_CONFIG_PATH: /opt/hostedtoolcache/Python/3.13.15/x64/lib/pkgconfig
2026-10-03T01:51:00.5452234Z   Python_ROOT_DIR: /opt/hostedtoolcache/Python/3.13.15/x64
2026-10-03T01:51:00.5452692Z   Python2_ROOT_DIR: /opt/hostedtoolcache/Python/3.13.15/x64
2026-10-03T01:51:00.5453151Z   Python3_ROOT_DIR: /opt/hostedtoolcache/Python/3.13.15/x64
2026-10-03T01:51:00.5453612Z   LD_LIBRARY_PATH: /opt/hostedtoolcache/Python/3.13.15/x64/lib
2026-10-03T01:51:00.5454021Z ##[endgroup]
2026-10-03T01:51:01.9771416Z Collecting fastapi==0.142.2 (from -r /home/runner/work/AIRLOCK/AIRLOCK/requirements.txt (line 1))
2026-10-03T01:51:02.0264306Z   Downloading fastapi-0.142.2-py3-none-any.whl.metadata (27 kB)
2026-10-03T01:51:02.0639817Z Collecting starlette==1.7.0 (from -r /home/runner/work/AIRLOCK/AIRLOCK/requirements.txt (line 2))
2026-10-03T01:51:02.0678691Z   Downloading starlette-1.7.0-py3-none-any.whl.metadata (6.6 kB)
2026-10-03T01:51:02.1750703Z Collecting pydantic==2.13.5 (from -r /home/runner/work/AIRLOCK/AIRLOCK/requirements.txt (line 3))
2026-10-03T01:51:02.1795882Z   Downloading pydantic-2.13.5-py3-none-any.whl.metadata (110 kB)
2026-10-03T01:51:02.2130427Z Collecting uvicorn==0.48.0 (from -r /home/runner/work/AIRLOCK/AIRLOCK/requirements.txt (line 4))
2026-10-03T01:51:02.2182484Z   Downloading uvicorn-0.48.0-py3-none-any.whl.metadata (6.7 kB)
2026-10-03T01:51:02.2365264Z Collecting httpx==0.28.1 (from -r /home/runner/work/AIRLOCK/AIRLOCK/requirements.txt (line 5))
2026-10-03T01:51:02.2402340Z   Downloading httpx-0.28.1-py3-none-any.whl.metadata (7.1 kB)
2026-10-03T01:51:02.2540389Z Collecting cel-python==0.4.0 (from -r /home/runner/work/AIRLOCK/AIRLOCK/requirements.txt (line 6))
2026-10-03T01:51:02.2589269Z   Downloading cel_python-0.4.0-py3-none-any.whl.metadata (8.5 kB)
2026-10-03T01:51:02.2949129Z Collecting PyYAML==6.0.3 (from -r /home/runner/work/AIRLOCK/AIRLOCK/requirements.txt (line 7))
2026-10-03T01:51:02.2988288Z   Downloading pyyaml-6.0.3-cp313-cp313-manylinux2014_x86_64.manylinux_2_17_x86_64.manylinux_2_28_x86_64.whl.metadata (2.4 kB)
2026-10-03T01:51:02.3141196Z Collecting PyJWT==2.15.1 (from -r /home/runner/work/AIRLOCK/AIRLOCK/requirements.txt (line 8))
2026-10-03T01:51:02.3179672Z   Downloading pyjwt-2.15.1-py3-none-any.whl.metadata (3.5 kB)
2026-10-03T01:51:02.4900435Z Collecting cryptography==50.0.2 (from -r /home/runner/work/AIRLOCK/AIRLOCK/requirements.txt (line 9))
2026-10-03T01:51:02.4944795Z   Downloading cryptography-50.0.2-cp311-abi3-manylinux_2_34_x86_64.whl.metadata (4.4 kB)
2026-10-03T01:51:02.6801818Z Collecting boto3==1.43.107 (from -r /home/runner/work/AIRLOCK/AIRLOCK/requirements-archive.txt (line 2))
2026-10-03T01:51:02.6859734Z   Downloading boto3-1.43.107-py3-none-any.whl.metadata (6.6 kB)
2026-10-03T01:51:02.9019396Z Collecting botocore==1.43.107 (from -r /home/runner/work/AIRLOCK/AIRLOCK/requirements-archive.txt (line 3))
2026-10-03T01:51:02.9099315Z   Downloading botocore-1.43.107-py3-none-any.whl.metadata (5.6 kB)
2026-10-03T01:51:02.9287489Z Collecting s3transfer==0.19.2 (from -r /home/runner/work/AIRLOCK/AIRLOCK/requirements-archive.txt (line 4))
2026-10-03T01:51:02.9335128Z   Downloading s3transfer-0.19.2-py3-none-any.whl.metadata (1.7 kB)
2026-10-03T01:51:02.9614974Z Collecting pytest==9.0.2 (from -r requirements-dev.txt (line 3))
2026-10-03T01:51:02.9664948Z   Downloading pytest-9.0.2-py3-none-any.whl.metadata (7.6 kB)
2026-10-03T01:51:03.0029293Z Collecting playwright==1.57.0 (from -r requirements-dev.txt (line 4))
2026-10-03T01:51:03.0068015Z   Downloading playwright-1.57.0-py3-none-manylinux1_x86_64.whl.metadata (3.5 kB)
2026-10-03T01:51:03.0254260Z Collecting mcp==1.26.0 (from -r requirements-dev.txt (line 5))
2026-10-03T01:51:03.0292938Z   Downloading mcp-1.26.0-py3-none-any.whl.metadata (89 kB)
2026-10-03T01:51:03.0529134Z Collecting pip-audit==2.10.1 (from -r requirements-dev.txt (line 6))
2026-10-03T01:51:03.0571855Z   Downloading pip_audit-2.10.1-py3-none-any.whl.metadata (28 kB)
2026-10-03T01:51:03.0781352Z Collecting typing-extensions>=4.8.0 (from fastapi==0.142.2->-r /home/runner/work/AIRLOCK/AIRLOCK/requirements.txt (line 1))
2026-10-03T01:51:03.0818518Z   Downloading typing_extensions-4.16.0-py3-none-any.whl.metadata (3.3 kB)
2026-10-03T01:51:03.0942384Z Collecting typing-inspection>=0.4.2 (from fastapi==0.142.2->-r /home/runner/work/AIRLOCK/AIRLOCK/requirements.txt (line 1))
2026-10-03T01:51:03.0985943Z   Downloading typing_inspection-0.4.4-py3-none-any.whl.metadata (2.6 kB)
2026-10-03T01:51:03.1091674Z Collecting annotated-doc>=0.0.2 (from fastapi==0.142.2->-r /home/runner/work/AIRLOCK/AIRLOCK/requirements.txt (line 1))
2026-10-03T01:51:03.1127688Z   Downloading annotated_doc-0.0.5-py3-none-any.whl.metadata (6.5 kB)
2026-10-03T01:51:03.1306939Z Collecting opentelemetry-api>=1.44.0 (from fastapi==0.142.2->-r /home/runner/work/AIRLOCK/AIRLOCK/requirements.txt (line 1))
2026-10-03T01:51:03.1352581Z   Downloading opentelemetry_api-1.45.0-py3-none-any.whl.metadata (1.4 kB)
2026-10-03T01:51:03.1562263Z Collecting anyio<5,>=4.0.0 (from starlette==1.7.0->-r /home/runner/work/AIRLOCK/AIRLOCK/requirements.txt (line 2))
2026-10-03T01:51:03.1599973Z   Downloading anyio-4.15.1-py3-none-any.whl.metadata (4.7 kB)
2026-10-03T01:51:03.1720797Z Collecting annotated-types>=0.6.0 (from pydantic==2.13.5->-r /home/runner/work/AIRLOCK/AIRLOCK/requirements.txt (line 3))
2026-10-03T01:51:03.1757512Z   Downloading annotated_types-0.8.0-py3-none-any.whl.metadata (15 kB)
2026-10-03T01:51:03.8680504Z Collecting pydantic-core==2.46.5 (from pydantic==2.13.5->-r /home/runner/work/AIRLOCK/AIRLOCK/requirements.txt (line 3))
2026-10-03T01:51:03.8727002Z   Downloading pydantic_core-2.46.5-cp313-cp313-manylinux_2_17_x86_64.manylinux2014_x86_64.whl.metadata (6.6 kB)
2026-10-03T01:51:03.8961432Z Collecting click>=7.0 (from uvicorn==0.48.0->-r /home/runner/work/AIRLOCK/AIRLOCK/requirements.txt (line 4))
2026-10-03T01:51:03.8999981Z   Downloading click-8.5.0-py3-none-any.whl.metadata (2.6 kB)
2026-10-03T01:51:03.9142581Z Collecting h11>=0.8 (from uvicorn==0.48.0->-r /home/runner/work/AIRLOCK/AIRLOCK/requirements.txt (line 4))
2026-10-03T01:51:03.9182419Z   Downloading h11-0.16.0-py3-none-any.whl.metadata (8.3 kB)
2026-10-03T01:51:03.9386952Z Collecting certifi (from httpx==0.28.1->-r /home/runner/work/AIRLOCK/AIRLOCK/requirements.txt (line 5))
2026-10-03T01:51:03.9427779Z   Downloading certifi-2026.7.22-py3-none-any.whl.metadata (2.5 kB)
2026-10-03T01:51:03.9584242Z Collecting httpcore==1.* (from httpx==0.28.1->-r /home/runner/work/AIRLOCK/AIRLOCK/requirements.txt (line 5))
2026-10-03T01:51:03.9621792Z   Downloading httpcore-1.0.9-py3-none-any.whl.metadata (21 kB)
2026-10-03T01:51:03.9781717Z Collecting idna (from httpx==0.28.1->-r /home/runner/work/AIRLOCK/AIRLOCK/requirements.txt (line 5))
2026-10-03T01:51:03.9817617Z   Downloading idna-3.20-py3-none-any.whl.metadata (7.2 kB)
2026-10-03T01:51:04.0362254Z Collecting google-re2>=1.1.20240702 (from cel-python==0.4.0->-r /home/runner/work/AIRLOCK/AIRLOCK/requirements.txt (line 6))
2026-10-03T01:51:04.0412102Z   Downloading google_re2-1.1.20251105-1-cp313-cp313-manylinux_2_27_x86_64.manylinux_2_28_x86_64.whl.metadata (2.4 kB)
2026-10-03T01:51:04.0535462Z Collecting jmespath>=1.0.1 (from cel-python==0.4.0->-r /home/runner/work/AIRLOCK/AIRLOCK/requirements.txt (line 6))
2026-10-03T01:51:04.0572342Z   Downloading jmespath-1.1.0-py3-none-any.whl.metadata (7.6 kB)
2026-10-03T01:51:04.0696352Z Collecting lark>=1.2.2 (from cel-python==0.4.0->-r /home/runner/work/AIRLOCK/AIRLOCK/requirements.txt (line 6))
2026-10-03T01:51:04.0733215Z   Downloading lark-1.3.1-py3-none-any.whl.metadata (1.8 kB)
2026-10-03T01:51:04.1164151Z Collecting pendulum>=3.1.0 (from cel-python==0.4.0->-r /home/runner/work/AIRLOCK/AIRLOCK/requirements.txt (line 6))
2026-10-03T01:51:04.1210092Z   Downloading pendulum-3.2.0-cp313-cp313-manylinux_2_17_x86_64.manylinux2014_x86_64.whl.metadata (6.8 kB)
2026-10-03T01:51:04.2248420Z Collecting cffi>=2.0.0 (from cryptography==50.0.2->-r /home/runner/work/AIRLOCK/AIRLOCK/requirements.txt (line 9))
2026-10-03T01:51:04.2294436Z   Downloading cffi-2.1.1-cp313-cp313-manylinux2014_x86_64.manylinux_2_17_x86_64.whl.metadata (2.5 kB)
2026-10-03T01:51:04.2538887Z Collecting python-dateutil<3.0.0,>=2.1 (from botocore==1.43.107->-r /home/runner/work/AIRLOCK/AIRLOCK/requirements-archive.txt (line 3))
2026-10-03T01:51:04.2576593Z   Downloading python_dateutil-2.9.0.post0-py2.py3-none-any.whl.metadata (8.4 kB)
2026-10-03T01:51:04.2797486Z Collecting urllib3!=2.2.0,<3,>=1.25.4 (from botocore==1.43.107->-r /home/runner/work/AIRLOCK/AIRLOCK/requirements-archive.txt (line 3))
2026-10-03T01:51:04.2834642Z   Downloading urllib3-2.8.0-py3-none-any.whl.metadata (7.4 kB)
2026-10-03T01:51:04.3047014Z Collecting iniconfig>=1.0.1 (from pytest==9.0.2->-r requirements-dev.txt (line 3))
2026-10-03T01:51:04.3083277Z   Downloading iniconfig-2.3.0-py3-none-any.whl.metadata (2.5 kB)
2026-10-03T01:51:04.3250409Z Collecting packaging>=22 (from pytest==9.0.2->-r requirements-dev.txt (line 3))
2026-10-03T01:51:04.3289157Z   Downloading packaging-26.3-py3-none-any.whl.metadata (3.5 kB)
2026-10-03T01:51:04.3417667Z Collecting pluggy<2,>=1.5 (from pytest==9.0.2->-r requirements-dev.txt (line 3))
2026-10-03T01:51:04.3452878Z   Downloading pluggy-1.6.0-py3-none-any.whl.metadata (4.8 kB)
2026-10-03T01:51:04.3751318Z Collecting pygments>=2.7.2 (from pytest==9.0.2->-r requirements-dev.txt (line 3))
2026-10-03T01:51:04.3790098Z   Downloading pygments-2.21.0-py3-none-any.whl.metadata (2.5 kB)
2026-10-03T01:51:04.3976781Z Collecting pyee<14,>=13 (from playwright==1.57.0->-r requirements-dev.txt (line 4))
2026-10-03T01:51:04.4016476Z   Downloading pyee-13.0.1-py3-none-any.whl.metadata (3.0 kB)
2026-10-03T01:51:04.5505483Z Collecting greenlet<4.0.0,>=3.1.1 (from playwright==1.57.0->-r requirements-dev.txt (line 4))
2026-10-03T01:51:04.5546649Z   Downloading greenlet-3.5.6-cp313-cp313-manylinux_2_24_x86_64.manylinux_2_28_x86_64.whl.metadata (3.8 kB)
2026-10-03T01:51:04.5692139Z Collecting httpx-sse>=0.4 (from mcp==1.26.0->-r requirements-dev.txt (line 5))
2026-10-03T01:51:04.5732603Z   Downloading httpx_sse-0.4.3-py3-none-any.whl.metadata (9.7 kB)
2026-10-03T01:51:04.5959273Z Collecting jsonschema>=4.20.0 (from mcp==1.26.0->-r requirements-dev.txt (line 5))
2026-10-03T01:51:04.5994870Z   Downloading jsonschema-4.26.0-py3-none-any.whl.metadata (7.6 kB)
2026-10-03T01:51:04.6159591Z Collecting pydantic-settings>=2.5.2 (from mcp==1.26.0->-r requirements-dev.txt (line 5))
2026-10-03T01:51:04.6196155Z   Downloading pydantic_settings-2.15.0-py3-none-any.whl.metadata (3.9 kB)
2026-10-03T01:51:04.6378713Z Collecting python-multipart>=0.0.9 (from mcp==1.26.0->-r requirements-dev.txt (line 5))
2026-10-03T01:51:04.6416108Z   Downloading python_multipart-0.0.32-py3-none-any.whl.metadata (2.1 kB)
2026-10-03T01:51:04.6598876Z Collecting sse-starlette>=1.6.1 (from mcp==1.26.0->-r requirements-dev.txt (line 5))
2026-10-03T01:51:04.6635114Z   Downloading sse_starlette-3.5.0-py3-none-any.whl.metadata (15 kB)
2026-10-03T01:51:04.6823162Z Collecting CacheControl>=0.13.0 (from CacheControl[filecache]>=0.13.0->pip-audit==2.10.1->-r requirements-dev.txt (line 6))
2026-10-03T01:51:04.6859871Z   Downloading cachecontrol-0.14.4-py3-none-any.whl.metadata (3.1 kB)
2026-10-03T01:51:04.7146207Z Collecting cyclonedx-python-lib<12,>=5 (from pip-audit==2.10.1->-r requirements-dev.txt (line 6))
2026-10-03T01:51:04.7186394Z   Downloading cyclonedx_python_lib-11.12.0-py3-none-any.whl.metadata (6.9 kB)
2026-10-03T01:51:04.7338918Z Collecting pip-api>=0.0.28 (from pip-audit==2.10.1->-r requirements-dev.txt (line 6))
2026-10-03T01:51:04.7373980Z   Downloading pip_api-0.0.35-py3-none-any.whl.metadata (17 kB)
2026-10-03T01:51:04.7547257Z Collecting pip-requirements-parser>=32.0.0 (from pip-audit==2.10.1->-r requirements-dev.txt (line 6))
2026-10-03T01:51:04.7582565Z   Downloading pip_requirements_parser-32.0.1-py3-none-any.whl.metadata (9.3 kB)
2026-10-03T01:51:04.7809299Z Collecting requests>=2.31.0 (from pip-audit==2.10.1->-r requirements-dev.txt (line 6))
2026-10-03T01:51:04.7844792Z   Downloading requests-2.34.2-py3-none-any.whl.metadata (4.8 kB)
2026-10-03T01:51:04.8152651Z Collecting rich>=12.4 (from pip-audit==2.10.1->-r requirements-dev.txt (line 6))
2026-10-03T01:51:04.8190977Z   Downloading rich-15.0.0-py3-none-any.whl.metadata (18 kB)
2026-10-03T01:51:04.8417074Z Collecting tomli>=2.2.1 (from pip-audit==2.10.1->-r requirements-dev.txt (line 6))
2026-10-03T01:51:04.8455426Z   Downloading tomli-2.4.1-cp313-cp313-manylinux2014_x86_64.manylinux_2_17_x86_64.manylinux_2_28_x86_64.whl.metadata (10 kB)
2026-10-03T01:51:04.8609964Z Collecting tomli-w>=1.2.0 (from pip-audit==2.10.1->-r requirements-dev.txt (line 6))
2026-10-03T01:51:04.8652505Z   Downloading tomli_w-1.2.0-py3-none-any.whl.metadata (5.7 kB)
2026-10-03T01:51:04.8858584Z Collecting platformdirs>=4.2.0 (from pip-audit==2.10.1->-r requirements-dev.txt (line 6))
2026-10-03T01:51:04.8894510Z   Downloading platformdirs-4.12.2-py3-none-any.whl.metadata (5.5 kB)
2026-10-03T01:51:04.9116851Z Collecting license-expression<31,>=30 (from cyclonedx-python-lib<12,>=5->pip-audit==2.10.1->-r requirements-dev.txt (line 6))
2026-10-03T01:51:04.9155343Z   Downloading license_expression-30.4.4-py3-none-any.whl.metadata (11 kB)
2026-10-03T01:51:04.9332415Z Collecting packageurl-python<2,>=0.11 (from cyclonedx-python-lib<12,>=5->pip-audit==2.10.1->-r requirements-dev.txt (line 6))
2026-10-03T01:51:04.9369614Z   Downloading packageurl_python-0.17.6-py3-none-any.whl.metadata (5.1 kB)
2026-10-03T01:51:04.9521418Z Collecting py-serializable<3.0.0,>=2.1.0 (from cyclonedx-python-lib<12,>=5->pip-audit==2.10.1->-r requirements-dev.txt (line 6))
2026-10-03T01:51:04.9583204Z   Downloading py_serializable-2.1.0-py3-none-any.whl.metadata (4.3 kB)
2026-10-03T01:51:04.9733715Z Collecting sortedcontainers<3.0.0,>=2.4.0 (from cyclonedx-python-lib<12,>=5->pip-audit==2.10.1->-r requirements-dev.txt (line 6))
2026-10-03T01:51:04.9773659Z   Downloading sortedcontainers-2.4.0-py2.py3-none-any.whl.metadata (10 kB)
2026-10-03T01:51:04.9927333Z Collecting boolean.py>=4.0 (from license-expression<31,>=30->cyclonedx-python-lib<12,>=5->pip-audit==2.10.1->-r requirements-dev.txt (line 6))
2026-10-03T01:51:04.9966695Z   Downloading boolean_py-5.0-py3-none-any.whl.metadata (2.3 kB)
2026-10-03T01:51:05.0112078Z Collecting defusedxml<0.8.0,>=0.7.1 (from py-serializable<3.0.0,>=2.1.0->cyclonedx-python-lib<12,>=5->pip-audit==2.10.1->-r requirements-dev.txt (line 6))
2026-10-03T01:51:05.0148426Z   Downloading defusedxml-0.7.1-py2.py3-none-any.whl.metadata (32 kB)
2026-10-03T01:51:05.0324781Z Collecting six>=1.5 (from python-dateutil<3.0.0,>=2.1->botocore==1.43.107->-r /home/runner/work/AIRLOCK/AIRLOCK/requirements-archive.txt (line 3))
2026-10-03T01:51:05.0362680Z   Downloading six-1.17.0-py2.py3-none-any.whl.metadata (1.7 kB)
2026-10-03T01:51:05.1214445Z Collecting msgpack<2.0.0,>=0.5.2 (from CacheControl>=0.13.0->CacheControl[filecache]>=0.13.0->pip-audit==2.10.1->-r requirements-dev.txt (line 6))
2026-10-03T01:51:05.1267256Z   Downloading msgpack-1.2.3-cp313-cp313-manylinux2014_x86_64.manylinux_2_17_x86_64.manylinux_2_28_x86_64.whl.metadata (8.3 kB)
2026-10-03T01:51:05.1511329Z Collecting filelock>=3.8.0 (from CacheControl[filecache]>=0.13.0->pip-audit==2.10.1->-r requirements-dev.txt (line 6))
2026-10-03T01:51:05.1548237Z   Downloading filelock-4.0.9-py3-none-any.whl.metadata (2.0 kB)
2026-10-03T01:51:05.1669905Z Collecting pycparser (from cffi>=2.0.0->cryptography==50.0.2->-r /home/runner/work/AIRLOCK/AIRLOCK/requirements.txt (line 9))
2026-10-03T01:51:05.1734741Z   Downloading pycparser-3.0-py3-none-any.whl.metadata (8.2 kB)
2026-10-03T01:51:05.1930167Z Collecting attrs>=22.2.0 (from jsonschema>=4.20.0->mcp==1.26.0->-r requirements-dev.txt (line 5))
2026-10-03T01:51:05.1976199Z   Downloading attrs-26.1.0-py3-none-any.whl.metadata (8.8 kB)
2026-10-03T01:51:05.2111739Z Collecting jsonschema-specifications>=2023.03.6 (from jsonschema>=4.20.0->mcp==1.26.0->-r requirements-dev.txt (line 5))
2026-10-03T01:51:05.2148256Z   Downloading jsonschema_specifications-2025.9.1-py3-none-any.whl.metadata (2.9 kB)
2026-10-03T01:51:05.2368224Z Collecting referencing>=0.28.4 (from jsonschema>=4.20.0->mcp==1.26.0->-r requirements-dev.txt (line 5))
2026-10-03T01:51:05.2406358Z   Downloading referencing-0.37.0-py3-none-any.whl.metadata (2.8 kB)
2026-10-03T01:51:05.4834525Z Collecting rpds-py>=0.25.0 (from jsonschema>=4.20.0->mcp==1.26.0->-r requirements-dev.txt (line 5))
2026-10-03T01:51:05.4878609Z   Downloading rpds_py-2026.6.3-cp313-cp313-manylinux_2_17_x86_64.manylinux2014_x86_64.whl.metadata (4.1 kB)
2026-10-03T01:51:05.5105030Z Collecting tzdata>=2020.1 (from pendulum>=3.1.0->cel-python==0.4.0->-r /home/runner/work/AIRLOCK/AIRLOCK/requirements.txt (line 6))
2026-10-03T01:51:05.5139931Z   Downloading tzdata-2026.4-py2.py3-none-any.whl.metadata (1.4 kB)
2026-10-03T01:51:05.5179769Z Requirement already satisfied: pip in /opt/hostedtoolcache/Python/3.13.15/x64/lib/python3.13/site-packages (from pip-api>=0.0.28->pip-audit==2.10.1->-r requirements-dev.txt (line 6)) (26.2.1)
2026-10-03T01:51:05.5391422Z Collecting pyparsing (from pip-requirements-parser>=32.0.0->pip-audit==2.10.1->-r requirements-dev.txt (line 6))
2026-10-03T01:51:05.5432804Z   Downloading pyparsing-3.3.3-py3-none-any.whl.metadata (5.9 kB)
2026-10-03T01:51:05.5608994Z Collecting python-dotenv>=0.21.0 (from pydantic-settings>=2.5.2->mcp==1.26.0->-r requirements-dev.txt (line 5))
2026-10-03T01:51:05.5645326Z   Downloading python_dotenv-1.2.4-py3-none-any.whl.metadata (29 kB)
2026-10-03T01:51:05.6951753Z Collecting charset_normalizer<4,>=2 (from requests>=2.31.0->pip-audit==2.10.1->-r requirements-dev.txt (line 6))
2026-10-03T01:51:05.6992795Z   Downloading charset_normalizer-3.5.2-cp313-cp313-manylinux2014_x86_64.manylinux_2_17_x86_64.manylinux_2_28_x86_64.whl.metadata (46 kB)
2026-10-03T01:51:05.7245924Z Collecting markdown-it-py>=2.2.0 (from rich>=12.4->pip-audit==2.10.1->-r requirements-dev.txt (line 6))
2026-10-03T01:51:05.7282723Z   Downloading markdown_it_py-4.2.0-py3-none-any.whl.metadata (7.4 kB)
2026-10-03T01:51:05.7430116Z Collecting mdurl~=0.1 (from markdown-it-py>=2.2.0->rich>=12.4->pip-audit==2.10.1->-r requirements-dev.txt (line 6))
2026-10-03T01:51:05.7469282Z   Downloading mdurl-0.1.2-py3-none-any.whl.metadata (1.6 kB)
2026-10-03T01:51:05.7703542Z Downloading fastapi-0.142.2-py3-none-any.whl (144 kB)
2026-10-03T01:51:05.7782514Z Downloading starlette-1.7.0-py3-none-any.whl (78 kB)
2026-10-03T01:51:05.7845253Z Downloading pydantic-2.13.5-py3-none-any.whl (472 kB)
2026-10-03T01:51:05.7983883Z Downloading uvicorn-0.48.0-py3-none-any.whl (71 kB)
2026-10-03T01:51:05.8046025Z Downloading httpx-0.28.1-py3-none-any.whl (73 kB)
2026-10-03T01:51:05.8120427Z Downloading cel_python-0.4.0-py3-none-any.whl (85 kB)
2026-10-03T01:51:05.8179536Z Downloading pyyaml-6.0.3-cp313-cp313-manylinux2014_x86_64.manylinux_2_17_x86_64.manylinux_2_28_x86_64.whl (801 kB)
2026-10-03T01:51:05.8331256Z    ━━━━━━━━━━━━━━━━━━━━━━━━━━━━━━━━━━━━━━━━ 801.6/801.6 kB 61.4 MB/s  0:00:00
2026-10-03T01:51:05.8371551Z Downloading pyjwt-2.15.1-py3-none-any.whl (33 kB)
2026-10-03T01:51:05.8437914Z Downloading cryptography-50.0.2-cp311-abi3-manylinux_2_34_x86_64.whl (4.8 MB)
2026-10-03T01:51:05.8989373Z    ━━━━━━━━━━━━━━━━━━━━━━━━━━━━━━━━━━━━━━━━ 4.8/4.8 MB 88.7 MB/s  0:00:00
2026-10-03T01:51:05.9027664Z Downloading boto3-1.43.107-py3-none-any.whl (140 kB)
2026-10-03T01:51:05.9089220Z Downloading botocore-1.43.107-py3-none-any.whl (16.0 MB)
2026-10-03T01:51:05.9777837Z    ━━━━━━━━━━━━━━━━━━━━━━━━━━━━━━━━━━━━━━━━ 16.0/16.0 MB 237.3 MB/s  0:00:00
2026-10-03T01:51:05.9818347Z Downloading s3transfer-0.19.2-py3-none-any.whl (90 kB)
2026-10-03T01:51:05.9879003Z Downloading pytest-9.0.2-py3-none-any.whl (374 kB)
2026-10-03T01:51:05.9943578Z Downloading playwright-1.57.0-py3-none-manylinux1_x86_64.whl (46.0 MB)
2026-10-03T01:51:06.1365430Z    ━━━━━━━━━━━━━━━━━━━━━━━━━━━━━━━━━━━━━━━━ 46.0/46.0 MB 327.4 MB/s  0:00:00
2026-10-03T01:51:06.1407447Z Downloading mcp-1.26.0-py3-none-any.whl (233 kB)
2026-10-03T01:51:06.1471679Z Downloading pip_audit-2.10.1-py3-none-any.whl (62 kB)
2026-10-03T01:51:06.1527363Z Downloading pydantic_core-2.46.5-cp313-cp313-manylinux_2_17_x86_64.manylinux2014_x86_64.whl (2.1 MB)
2026-10-03T01:51:06.1610282Z    ━━━━━━━━━━━━━━━━━━━━━━━━━━━━━━━━━━━━━━━━ 2.1/2.1 MB 296.2 MB/s  0:00:00
2026-10-03T01:51:06.1648090Z Downloading anyio-4.15.1-py3-none-any.whl (132 kB)
2026-10-03T01:51:06.1707657Z Downloading cyclonedx_python_lib-11.12.0-py3-none-any.whl (529 kB)
2026-10-03T01:51:06.1752283Z    ━━━━━━━━━━━━━━━━━━━━━━━━━━━━━━━━━━━━━━━━ 529.5/529.5 kB 117.4 MB/s  0:00:00
2026-10-03T01:51:06.1788511Z Downloading greenlet-3.5.6-cp313-cp313-manylinux_2_24_x86_64.manylinux_2_28_x86_64.whl (623 kB)
2026-10-03T01:51:06.1836717Z    ━━━━━━━━━━━━━━━━━━━━━━━━━━━━━━━━━━━━━━━━ 623.8/623.8 kB 138.0 MB/s  0:00:00
2026-10-03T01:51:06.1873475Z Downloading httpcore-1.0.9-py3-none-any.whl (78 kB)
2026-10-03T01:51:06.1929429Z Downloading jmespath-1.1.0-py3-none-any.whl (20 kB)
2026-10-03T01:51:06.1984377Z Downloading license_expression-30.4.4-py3-none-any.whl (120 kB)
2026-10-03T01:51:06.2040044Z Downloading packageurl_python-0.17.6-py3-none-any.whl (36 kB)
2026-10-03T01:51:06.2095999Z Downloading pluggy-1.6.0-py3-none-any.whl (20 kB)
2026-10-03T01:51:06.2151096Z Downloading py_serializable-2.1.0-py3-none-any.whl (23 kB)
2026-10-03T01:51:06.2207639Z Downloading defusedxml-0.7.1-py2.py3-none-any.whl (25 kB)
2026-10-03T01:51:06.2262487Z Downloading pyee-13.0.1-py3-none-any.whl (15 kB)
2026-10-03T01:51:06.2342861Z Downloading python_dateutil-2.9.0.post0-py2.py3-none-any.whl (229 kB)
2026-10-03T01:51:06.2400881Z Downloading sortedcontainers-2.4.0-py2.py3-none-any.whl (29 kB)
2026-10-03T01:51:06.2453359Z Downloading urllib3-2.8.0-py3-none-any.whl (135 kB)
2026-10-03T01:51:06.2511724Z Downloading annotated_doc-0.0.5-py3-none-any.whl (5.3 kB)
2026-10-03T01:51:06.2570579Z Downloading annotated_types-0.8.0-py3-none-any.whl (13 kB)
2026-10-03T01:51:06.2625753Z Downloading boolean_py-5.0-py3-none-any.whl (26 kB)
2026-10-03T01:51:06.2681959Z Downloading cachecontrol-0.14.4-py3-none-any.whl (22 kB)
2026-10-03T01:51:06.2742611Z Downloading msgpack-1.2.3-cp313-cp313-manylinux2014_x86_64.manylinux_2_17_x86_64.manylinux_2_28_x86_64.whl (466 kB)
2026-10-03T01:51:06.2818671Z Downloading cffi-2.1.1-cp313-cp313-manylinux2014_x86_64.manylinux_2_17_x86_64.whl (221 kB)
2026-10-03T01:51:06.2877666Z Downloading click-8.5.0-py3-none-any.whl (125 kB)
2026-10-03T01:51:06.2933578Z Downloading filelock-4.0.9-py3-none-any.whl (110 kB)
2026-10-03T01:51:06.2992721Z Downloading google_re2-1.1.20251105-1-cp313-cp313-manylinux_2_27_x86_64.manylinux_2_28_x86_64.whl (591 kB)
2026-10-03T01:51:06.3041086Z    ━━━━━━━━━━━━━━━━━━━━━━━━━━━━━━━━━━━━━━━━ 591.4/591.4 kB 127.0 MB/s  0:00:00
2026-10-03T01:51:06.3104272Z Downloading h11-0.16.0-py3-none-any.whl (37 kB)
2026-10-03T01:51:06.3171197Z Downloading httpx_sse-0.4.3-py3-none-any.whl (9.0 kB)
2026-10-03T01:51:06.3226559Z Downloading idna-3.20-py3-none-any.whl (69 kB)
2026-10-03T01:51:06.3282261Z Downloading iniconfig-2.3.0-py3-none-any.whl (7.5 kB)
2026-10-03T01:51:06.3342176Z Downloading jsonschema-4.26.0-py3-none-any.whl (90 kB)
2026-10-03T01:51:06.3399980Z Downloading attrs-26.1.0-py3-none-any.whl (67 kB)
2026-10-03T01:51:06.3457438Z Downloading jsonschema_specifications-2025.9.1-py3-none-any.whl (18 kB)
2026-10-03T01:51:06.3511459Z Downloading lark-1.3.1-py3-none-any.whl (113 kB)
2026-10-03T01:51:06.3577355Z Downloading opentelemetry_api-1.45.0-py3-none-any.whl (60 kB)
2026-10-03T01:51:06.3634774Z Downloading packaging-26.3-py3-none-any.whl (129 kB)
2026-10-03T01:51:06.3700543Z Downloading pendulum-3.2.0-cp313-cp313-manylinux_2_17_x86_64.manylinux2014_x86_64.whl (348 kB)
2026-10-03T01:51:06.3766492Z Downloading pip_api-0.0.35-py3-none-any.whl (123 kB)
2026-10-03T01:51:06.3822466Z Downloading pip_requirements_parser-32.0.1-py3-none-any.whl (35 kB)
2026-10-03T01:51:06.3896233Z Downloading platformdirs-4.12.2-py3-none-any.whl (32 kB)
2026-10-03T01:51:06.3954854Z Downloading pydantic_settings-2.15.0-py3-none-any.whl (69 kB)
2026-10-03T01:51:06.4021197Z Downloading pygments-2.21.0-py3-none-any.whl (1.3 MB)
2026-10-03T01:51:06.4091318Z    ━━━━━━━━━━━━━━━━━━━━━━━━━━━━━━━━━━━━━━━━ 1.3/1.3 MB 223.4 MB/s  0:00:00
2026-10-03T01:51:06.4132835Z Downloading python_dotenv-1.2.4-py3-none-any.whl (23 kB)
2026-10-03T01:51:06.4192223Z Downloading python_multipart-0.0.32-py3-none-any.whl (30 kB)
2026-10-03T01:51:06.4246253Z Downloading referencing-0.37.0-py3-none-any.whl (26 kB)
2026-10-03T01:51:06.4306734Z Downloading requests-2.34.2-py3-none-any.whl (73 kB)
2026-10-03T01:51:06.4366631Z Downloading charset_normalizer-3.5.2-cp313-cp313-manylinux2014_x86_64.manylinux_2_17_x86_64.manylinux_2_28_x86_64.whl (254 kB)
2026-10-03T01:51:06.4427421Z Downloading certifi-2026.7.22-py3-none-any.whl (136 kB)
2026-10-03T01:51:06.4482580Z Downloading rich-15.0.0-py3-none-any.whl (310 kB)
2026-10-03T01:51:06.4546338Z Downloading markdown_it_py-4.2.0-py3-none-any.whl (91 kB)
2026-10-03T01:51:06.4609897Z Downloading mdurl-0.1.2-py3-none-any.whl (10.0 kB)
2026-10-03T01:51:06.4669685Z Downloading rpds_py-2026.6.3-cp313-cp313-manylinux_2_17_x86_64.manylinux2014_x86_64.whl (365 kB)
2026-10-03T01:51:06.4735521Z Downloading six-1.17.0-py2.py3-none-any.whl (11 kB)
2026-10-03T01:51:06.4792014Z Downloading sse_starlette-3.5.0-py3-none-any.whl (17 kB)
2026-10-03T01:51:06.4846743Z Downloading tomli-2.4.1-cp313-cp313-manylinux2014_x86_64.manylinux_2_17_x86_64.manylinux_2_28_x86_64.whl (251 kB)
2026-10-03T01:51:06.4904875Z Downloading tomli_w-1.2.0-py3-none-any.whl (6.7 kB)
2026-10-03T01:51:06.4956947Z Downloading typing_extensions-4.16.0-py3-none-any.whl (45 kB)
2026-10-03T01:51:06.5012257Z Downloading typing_inspection-0.4.4-py3-none-any.whl (14 kB)
2026-10-03T01:51:06.5072954Z Downloading tzdata-2026.4-py2.py3-none-any.whl (347 kB)
2026-10-03T01:51:06.5135623Z Downloading pycparser-3.0-py3-none-any.whl (48 kB)
2026-10-03T01:51:06.5189216Z Downloading pyparsing-3.3.3-py3-none-any.whl (126 kB)
2026-10-03T01:51:06.9900372Z Installing collected packages: sortedcontainers, boolean.py, urllib3, tzdata, typing-extensions, tomli-w, tomli, six, rpds-py, PyYAML, python-multipart, python-dotenv, pyparsing, PyJWT, pygments, pycparser, pluggy, platformdirs, pip-api, packaging, packageurl-python, msgpack, mdurl, license-expression, lark, jmespath, iniconfig, idna, httpx-sse, h11, greenlet, google-re2, filelock, defusedxml, click, charset_normalizer, certifi, attrs, annotated-types, annotated-doc, uvicorn, typing-inspection, requests, referencing, python-dateutil, pytest, pyee, pydantic-core, py-serializable, pip-requirements-parser, opentelemetry-api, markdown-it-py, httpcore, cffi, anyio, starlette, rich, pydantic, playwright, pendulum, jsonschema-specifications, httpx, cyclonedx-python-lib, cryptography, CacheControl, botocore, sse-starlette, s3transfer, pydantic-settings, jsonschema, fastapi, cel-python, pip-audit, mcp, boto3
2026-10-03T01:51:13.1248451Z 
2026-10-03T01:51:13.1328952Z Successfully installed CacheControl-0.14.4 PyJWT-2.15.1 PyYAML-6.0.3 annotated-doc-0.0.5 annotated-types-0.8.0 anyio-4.15.1 attrs-26.1.0 boolean.py-5.0 boto3-1.43.107 botocore-1.43.107 cel-python-0.4.0 certifi-2026.7.22 cffi-2.1.1 charset_normalizer-3.5.2 click-8.5.0 cryptography-50.0.2 cyclonedx-python-lib-11.12.0 defusedxml-0.7.1 fastapi-0.142.2 filelock-4.0.9 google-re2-1.1.20251105 greenlet-3.5.6 h11-0.16.0 httpcore-1.0.9 httpx-0.28.1 httpx-sse-0.4.3 idna-3.20 iniconfig-2.3.0 jmespath-1.1.0 jsonschema-4.26.0 jsonschema-specifications-2025.9.1 lark-1.3.1 license-expression-30.4.4 markdown-it-py-4.2.0 mcp-1.26.0 mdurl-0.1.2 msgpack-1.2.3 opentelemetry-api-1.45.0 packageurl-python-0.17.6 packaging-26.3 pendulum-3.2.0 pip-api-0.0.35 pip-audit-2.10.1 pip-requirements-parser-32.0.1 platformdirs-4.12.2 playwright-1.57.0 pluggy-1.6.0 py-serializable-2.1.0 pycparser-3.0 pydantic-2.13.5 pydantic-core-2.46.5 pydantic-settings-2.15.0 pyee-13.0.1 pygments-2.21.0 pyparsing-3.3.3 pytest-9.0.2 python-dateutil-2.9.0.post0 python-dotenv-1.2.4 python-multipart-0.0.32 referencing-0.37.0 requests-2.34.2 rich-15.0.0 rpds-py-2026.6.3 s3transfer-0.19.2 six-1.17.0 sortedcontainers-2.4.0 sse-starlette-3.5.0 starlette-1.7.0 tomli-2.4.1 tomli-w-1.2.0 typing-extensions-4.16.0 typing-inspection-0.4.4 tzdata-2026.4 urllib3-2.8.0 uvicorn-0.48.0
2026-10-03T01:51:13.4427003Z ##[group]Run npm ci
2026-10-03T01:51:13.4427286Z [36;1mnpm ci[0m
2026-10-03T01:51:13.4490355Z shell: /usr/bin/bash --noprofile --norc -e -o pipefail {0}
2026-10-03T01:51:13.4490753Z env:
2026-10-03T01:51:13.4490978Z   NEXT_TELEMETRY_DISABLED: 1
2026-10-03T01:51:13.4491345Z   pythonLocation: /opt/hostedtoolcache/Python/3.13.15/x64
2026-10-03T01:51:13.4491866Z   PKG_CONFIG_PATH: /opt/hostedtoolcache/Python/3.13.15/x64/lib/pkgconfig
2026-10-03T01:51:13.4492402Z   Python_ROOT_DIR: /opt/hostedtoolcache/Python/3.13.15/x64
2026-10-03T01:51:13.4492857Z   Python2_ROOT_DIR: /opt/hostedtoolcache/Python/3.13.15/x64
2026-10-03T01:51:13.4493319Z   Python3_ROOT_DIR: /opt/hostedtoolcache/Python/3.13.15/x64
2026-10-03T01:51:13.4493777Z   LD_LIBRARY_PATH: /opt/hostedtoolcache/Python/3.13.15/x64/lib
2026-10-03T01:51:13.4494162Z ##[endgroup]
2026-10-03T01:51:21.1866147Z 
2026-10-03T01:51:21.1867216Z added 24 packages, and audited 25 packages in 8s
2026-10-03T01:51:21.1867712Z 
2026-10-03T01:51:21.1868103Z 6 packages are looking for funding
2026-10-03T01:51:21.1868608Z   run `npm fund` for details
2026-10-03T01:51:21.1876585Z 
2026-10-03T01:51:21.1876998Z found 0 vulnerabilities
2026-10-03T01:51:21.2418438Z ##[group]Run python scripts/run_logged.py evidence/next-build.log -- npm run build
2026-10-03T01:51:21.2419420Z [36;1mpython scripts/run_logged.py evidence/next-build.log -- npm run build[0m
2026-10-03T01:51:21.2482409Z shell: /usr/bin/bash --noprofile --norc -e -o pipefail {0}
2026-10-03T01:51:21.2482761Z env:
2026-10-03T01:51:21.2482965Z   NEXT_TELEMETRY_DISABLED: 1
2026-10-03T01:51:21.2483291Z   pythonLocation: /opt/hostedtoolcache/Python/3.13.15/x64
2026-10-03T01:51:21.2483755Z   PKG_CONFIG_PATH: /opt/hostedtoolcache/Python/3.13.15/x64/lib/pkgconfig
2026-10-03T01:51:21.2484200Z   Python_ROOT_DIR: /opt/hostedtoolcache/Python/3.13.15/x64
2026-10-03T01:51:21.2484594Z   Python2_ROOT_DIR: /opt/hostedtoolcache/Python/3.13.15/x64
2026-10-03T01:51:21.2484983Z   Python3_ROOT_DIR: /opt/hostedtoolcache/Python/3.13.15/x64
2026-10-03T01:51:21.2485382Z   LD_LIBRARY_PATH: /opt/hostedtoolcache/Python/3.13.15/x64/lib
2026-10-03T01:51:21.2485956Z ##[endgroup]
2026-10-03T01:51:38.4413860Z 
2026-10-03T01:51:38.4416746Z > airlock-review-console@0.1.0 build
2026-10-03T01:51:38.4417888Z > next build frontend --webpack && node scripts/package_console.mjs
2026-10-03T01:51:38.4418522Z 
2026-10-03T01:51:38.4418977Z ▲ Next.js 16.3.8 (webpack)
2026-10-03T01:51:38.4419567Z ✓ Running next.config.mjs took 13ms
2026-10-03T01:51:38.4421457Z ⚠ No build cache found. Please configure build caching for faster rebuilds. Read more: https://nextjs.org/docs/messages/no-cache
2026-10-03T01:51:38.4422740Z 
2026-10-03T01:51:38.4423066Z   Creating an optimized production build ...
2026-10-03T01:51:38.4423888Z ✓ Compiled successfully in 5.1s
2026-10-03T01:51:38.4424430Z   Running TypeScript ...
2026-10-03T01:51:38.4424974Z   Finished TypeScript in 1ms ...
2026-10-03T01:51:38.4426174Z   Collecting page data using 3 workers ...
2026-10-03T01:51:38.4426958Z   Generating static pages using 3 workers (0/3) ...
2026-10-03T01:51:38.4427979Z ✓ Generating static pages using 3 workers (3/3) in 510ms
2026-10-03T01:51:38.4428742Z   Finalizing page optimization ...
2026-10-03T01:51:38.4429294Z   Collecting build traces ...
2026-10-03T01:51:38.4429603Z 
2026-10-03T01:51:38.4429778Z Route (app)
2026-10-03T01:51:38.4430213Z ┌ ○ /
2026-10-03T01:51:38.4430627Z └ ○ /_not-found
2026-10-03T01:51:38.4431200Z 
2026-10-03T01:51:38.4431211Z 
2026-10-03T01:51:38.4431656Z ○  (Static)  prerendered as static content
2026-10-03T01:51:38.4432084Z 
2026-10-03T01:51:38.4433185Z {"framework":"Next.js static export","inline_script_hashes":2,"destination":"/home/runner/work/AIRLOCK/AIRLOCK/airlock/console"}
2026-10-03T01:51:38.4564696Z ##[group]Run python scripts/run_logged.py evidence/npm-audit.log -- npm audit --omit=dev
2026-10-03T01:51:38.4565394Z [36;1mpython scripts/run_logged.py evidence/npm-audit.log -- npm audit --omit=dev[0m
2026-10-03T01:51:38.4629184Z shell: /usr/bin/bash --noprofile --norc -e -o pipefail {0}
2026-10-03T01:51:38.4629593Z env:
2026-10-03T01:51:38.4629827Z   NEXT_TELEMETRY_DISABLED: 1
2026-10-03T01:51:38.4630200Z   pythonLocation: /opt/hostedtoolcache/Python/3.13.15/x64
2026-10-03T01:51:38.4630734Z   PKG_CONFIG_PATH: /opt/hostedtoolcache/Python/3.13.15/x64/lib/pkgconfig
2026-10-03T01:51:38.4631250Z   Python_ROOT_DIR: /opt/hostedtoolcache/Python/3.13.15/x64
2026-10-03T01:51:38.4631720Z   Python2_ROOT_DIR: /opt/hostedtoolcache/Python/3.13.15/x64
2026-10-03T01:51:38.4632175Z   Python3_ROOT_DIR: /opt/hostedtoolcache/Python/3.13.15/x64
2026-10-03T01:51:38.4632635Z   LD_LIBRARY_PATH: /opt/hostedtoolcache/Python/3.13.15/x64/lib
2026-10-03T01:51:38.4633036Z ##[endgroup]
2026-10-03T01:51:38.9149650Z found 0 vulnerabilities
2026-10-03T01:51:38.9331141Z ##[group]Run python scripts/run_logged.py evidence/pytest.log -- python -m pytest -q --junitxml=evidence/pytest.xml
2026-10-03T01:51:38.9332636Z [36;1mpython scripts/run_logged.py evidence/pytest.log -- python -m pytest -q --junitxml=evidence/pytest.xml[0m
2026-10-03T01:51:38.9427658Z shell: /usr/bin/bash --noprofile --norc -e -o pipefail {0}
2026-10-03T01:51:38.9428266Z env:
2026-10-03T01:51:38.9428629Z   NEXT_TELEMETRY_DISABLED: 1
2026-10-03T01:51:38.9429192Z   pythonLocation: /opt/hostedtoolcache/Python/3.13.15/x64
2026-10-03T01:51:38.9429972Z   PKG_CONFIG_PATH: /opt/hostedtoolcache/Python/3.13.15/x64/lib/pkgconfig
2026-10-03T01:51:38.9430450Z   Python_ROOT_DIR: /opt/hostedtoolcache/Python/3.13.15/x64
2026-10-03T01:51:38.9430850Z   Python2_ROOT_DIR: /opt/hostedtoolcache/Python/3.13.15/x64
2026-10-03T01:51:38.9431262Z   Python3_ROOT_DIR: /opt/hostedtoolcache/Python/3.13.15/x64
2026-10-03T01:51:38.9431652Z   LD_LIBRARY_PATH: /opt/hostedtoolcache/Python/3.13.15/x64/lib
2026-10-03T01:51:38.9432035Z ##[endgroup]
2026-10-03T01:52:50.7967057Z ........................................................................ [ 20%]
2026-10-03T01:52:50.7968059Z ........................................................................ [ 41%]
2026-10-03T01:52:50.7968927Z ........................................................................ [ 62%]
2026-10-03T01:52:50.7969787Z ........................................................................ [ 82%]
2026-10-03T01:52:50.7970613Z ............................................................             [100%]
2026-10-03T01:52:50.7971485Z =============================== warnings summary ===============================
2026-10-03T01:52:50.7972563Z ../../../../../opt/hostedtoolcache/Python/3.13.15/x64/lib/python3.13/site-packages/fastapi/testclient.py:1
2026-10-03T01:52:50.7974153Z   /opt/hostedtoolcache/Python/3.13.15/x64/lib/python3.13/site-packages/fastapi/testclient.py:1: StarletteDeprecationWarning: Using `httpx` with `starlette.testclient` is deprecated; install `httpx2` instead.
2026-10-03T01:52:50.7975495Z     from starlette.testclient import TestClient as TestClient  # noqa
2026-10-03T01:52:50.7976267Z 
2026-10-03T01:52:50.7976777Z -- Docs: https://docs.pytest.org/en/stable/how-to/capture-warnings.html
2026-10-03T01:52:50.7977619Z 348 passed, 1 warning in 69.52s (0:01:09)
2026-10-03T01:52:50.8112566Z ##[group]Run python scripts/run_logged.py evidence/frontend-check.log -- npm run check
2026-10-03T01:52:50.8113206Z [36;1mpython scripts/run_logged.py evidence/frontend-check.log -- npm run check[0m
2026-10-03T01:52:50.8176027Z shell: /usr/bin/bash --noprofile --norc -e -o pipefail {0}
2026-10-03T01:52:50.8176578Z env:
2026-10-03T01:52:50.8176786Z   NEXT_TELEMETRY_DISABLED: 1
2026-10-03T01:52:50.8177107Z   pythonLocation: /opt/hostedtoolcache/Python/3.13.15/x64
2026-10-03T01:52:50.8177558Z   PKG_CONFIG_PATH: /opt/hostedtoolcache/Python/3.13.15/x64/lib/pkgconfig
2026-10-03T01:52:50.8178000Z   Python_ROOT_DIR: /opt/hostedtoolcache/Python/3.13.15/x64
2026-10-03T01:52:50.8178393Z   Python2_ROOT_DIR: /opt/hostedtoolcache/Python/3.13.15/x64
2026-10-03T01:52:50.8178786Z   Python3_ROOT_DIR: /opt/hostedtoolcache/Python/3.13.15/x64
2026-10-03T01:52:50.8179186Z   LD_LIBRARY_PATH: /opt/hostedtoolcache/Python/3.13.15/x64/lib
2026-10-03T01:52:50.8179519Z ##[endgroup]
2026-10-03T01:52:51.1156609Z 
2026-10-03T01:52:51.1157239Z > airlock-review-console@0.1.0 check
2026-10-03T01:52:51.1158719Z > node --check airlock/static/app.js && node --check airlock/static/review.js && node --check airlock/static/api.js && node --check airlock/static/lib.js && node --check airlock/static/governance.js && node --check airlock/static/study.js
2026-10-03T01:52:51.1159706Z 
2026-10-03T01:52:51.1318064Z ##[group]Run python scripts/run_logged.py evidence/frontend-tests.log -- npm test
2026-10-03T01:52:51.1318987Z [36;1mpython scripts/run_logged.py evidence/frontend-tests.log -- npm test[0m
2026-10-03T01:52:51.1387857Z shell: /usr/bin/bash --noprofile --norc -e -o pipefail {0}
2026-10-03T01:52:51.1388474Z env:
2026-10-03T01:52:51.1388725Z   NEXT_TELEMETRY_DISABLED: 1
2026-10-03T01:52:51.1389043Z   pythonLocation: /opt/hostedtoolcache/Python/3.13.15/x64
2026-10-03T01:52:51.1389496Z   PKG_CONFIG_PATH: /opt/hostedtoolcache/Python/3.13.15/x64/lib/pkgconfig
2026-10-03T01:52:51.1389958Z   Python_ROOT_DIR: /opt/hostedtoolcache/Python/3.13.15/x64
2026-10-03T01:52:51.1390345Z   Python2_ROOT_DIR: /opt/hostedtoolcache/Python/3.13.15/x64
2026-10-03T01:52:51.1390763Z   Python3_ROOT_DIR: /opt/hostedtoolcache/Python/3.13.15/x64
2026-10-03T01:52:51.1391154Z   LD_LIBRARY_PATH: /opt/hostedtoolcache/Python/3.13.15/x64/lib
2026-10-03T01:52:51.1391484Z ##[endgroup]
2026-10-03T01:52:51.3907791Z 
2026-10-03T01:52:51.3908643Z > airlock-review-console@0.1.0 test
2026-10-03T01:52:51.3909411Z > node --test tests-js/*.test.js
2026-10-03T01:52:51.3909789Z 
2026-10-03T01:52:51.3910035Z TAP version 13
2026-10-03T01:52:51.3910917Z # Subtest: visibility timing excludes background and unselected periods
2026-10-03T01:52:51.3911755Z ok 1 - visibility timing excludes background and unselected periods
2026-10-03T01:52:51.3912278Z   ---
2026-10-03T01:52:51.3912557Z   duration_ms: 1.012048
2026-10-03T01:52:51.3912875Z   type: 'test'
2026-10-03T01:52:51.3913304Z   ...
2026-10-03T01:52:51.3914010Z # Subtest: approval requires exact scope phrase and reason
2026-10-03T01:52:51.3914738Z ok 2 - approval requires exact scope phrase and reason
2026-10-03T01:52:51.3915177Z   ---
2026-10-03T01:52:51.3915448Z   duration_ms: 0.28419
2026-10-03T01:52:51.3916139Z   type: 'test'
2026-10-03T01:52:51.3916414Z   ...
2026-10-03T01:52:51.3916924Z # Subtest: SSE framing survives partial chunks, CRLF and heartbeats
2026-10-03T01:52:51.3917671Z ok 3 - SSE framing survives partial chunks, CRLF and heartbeats
2026-10-03T01:52:51.3918146Z   ---
2026-10-03T01:52:51.3918411Z   duration_ms: 0.975129
2026-10-03T01:52:51.3918754Z   type: 'test'
2026-10-03T01:52:51.3919018Z   ...
2026-10-03T01:52:51.3919355Z # Subtest: oversized event rejected
2026-10-03T01:52:51.3919791Z ok 4 - oversized event rejected
2026-10-03T01:52:51.3920128Z   ---
2026-10-03T01:52:51.3920390Z   duration_ms: 1.061531
2026-10-03T01:52:51.3920694Z   type: 'test'
2026-10-03T01:52:51.3920954Z   ...
2026-10-03T01:52:51.3921325Z # Subtest: countdown clamps expired actions
2026-10-03T01:52:51.3921805Z ok 5 - countdown clamps expired actions
2026-10-03T01:52:51.3922071Z   ---
2026-10-03T01:52:51.3922255Z   duration_ms: 0.315569
2026-10-03T01:52:51.3922463Z   type: 'test'
2026-10-03T01:52:51.3922647Z   ...
2026-10-03T01:52:51.3923009Z # Subtest: latency formatting keeps number and unit together on mobile
2026-10-03T01:52:51.3923550Z ok 6 - latency formatting keeps number and unit together on mobile
2026-10-03T01:52:51.3924139Z   ---
2026-10-03T01:52:51.3924482Z   duration_ms: 0.18785
2026-10-03T01:52:51.3924762Z   type: 'test'
2026-10-03T01:52:51.3924947Z   ...
2026-10-03T01:52:51.3925114Z 1..6
2026-10-03T01:52:51.3925285Z # tests 6
2026-10-03T01:52:51.3925460Z # suites 0
2026-10-03T01:52:51.3925898Z # pass 6
2026-10-03T01:52:51.3926076Z # fail 0
2026-10-03T01:52:51.3926407Z # cancelled 0
2026-10-03T01:52:51.3926764Z # skipped 0
2026-10-03T01:52:51.3927084Z # todo 0
2026-10-03T01:52:51.3927462Z # duration_ms 66.564676
2026-10-03T01:52:51.4052697Z ##[group]Run python -m benchmark.generate
2026-10-03T01:52:51.4053072Z [36;1mpython -m benchmark.generate[0m
2026-10-03T01:52:51.4115323Z shell: /usr/bin/bash --noprofile --norc -e -o pipefail {0}
2026-10-03T01:52:51.4115928Z env:
2026-10-03T01:52:51.4116151Z   NEXT_TELEMETRY_DISABLED: 1
2026-10-03T01:52:51.4116490Z   pythonLocation: /opt/hostedtoolcache/Python/3.13.15/x64
2026-10-03T01:52:51.4116985Z   PKG_CONFIG_PATH: /opt/hostedtoolcache/Python/3.13.15/x64/lib/pkgconfig
2026-10-03T01:52:51.4117487Z   Python_ROOT_DIR: /opt/hostedtoolcache/Python/3.13.15/x64
2026-10-03T01:52:51.4117911Z   Python2_ROOT_DIR: /opt/hostedtoolcache/Python/3.13.15/x64
2026-10-03T01:52:51.4118333Z   Python3_ROOT_DIR: /opt/hostedtoolcache/Python/3.13.15/x64
2026-10-03T01:52:51.4118755Z   LD_LIBRARY_PATH: /opt/hostedtoolcache/Python/3.13.15/x64/lib
2026-10-03T01:52:51.4119113Z ##[endgroup]
2026-10-03T01:52:51.4542090Z {"sha256": "243854b51e7039324de4c31fa7a67af1a98ddc48b9c9edfbbac581a2c2f73af7", "cases": 200, "families": 40, "dev_cases": 120, "test_cases": 80, "source": "synthetic only", "independent_annotators": 0, "human_experiment": "not_run"}
2026-10-03T01:52:51.4639321Z ##[group]Run cp benchmark/cases.jsonl evidence/synthetic-cases.jsonl
2026-10-03T01:52:51.4639861Z [36;1mcp benchmark/cases.jsonl evidence/synthetic-cases.jsonl[0m
2026-10-03T01:52:51.4702552Z shell: /usr/bin/bash --noprofile --norc -e -o pipefail {0}
2026-10-03T01:52:51.4702957Z env:
2026-10-03T01:52:51.4703198Z   NEXT_TELEMETRY_DISABLED: 1
2026-10-03T01:52:51.4703571Z   pythonLocation: /opt/hostedtoolcache/Python/3.13.15/x64
2026-10-03T01:52:51.4704104Z   PKG_CONFIG_PATH: /opt/hostedtoolcache/Python/3.13.15/x64/lib/pkgconfig
2026-10-03T01:52:51.4704611Z   Python_ROOT_DIR: /opt/hostedtoolcache/Python/3.13.15/x64
2026-10-03T01:52:51.4705064Z   Python2_ROOT_DIR: /opt/hostedtoolcache/Python/3.13.15/x64
2026-10-03T01:52:51.4705519Z   Python3_ROOT_DIR: /opt/hostedtoolcache/Python/3.13.15/x64
2026-10-03T01:52:51.4706354Z   LD_LIBRARY_PATH: /opt/hostedtoolcache/Python/3.13.15/x64/lib
2026-10-03T01:52:51.4706745Z ##[endgroup]
2026-10-03T01:52:51.4835337Z ##[group]Run python scripts/run_logged.py evidence/benchmark-dev.log -- python -m benchmark.evaluate --split dev --tuning --output evidence/benchmark-dev.json
2026-10-03T01:52:51.4836802Z [36;1mpython scripts/run_logged.py evidence/benchmark-dev.log -- python -m benchmark.evaluate --split dev --tuning --output evidence/benchmark-dev.json[0m
2026-10-03T01:52:51.4894916Z shell: /usr/bin/bash --noprofile --norc -e -o pipefail {0}
2026-10-03T01:52:51.4895262Z env:
2026-10-03T01:52:51.4895460Z   NEXT_TELEMETRY_DISABLED: 1
2026-10-03T01:52:51.4896038Z   pythonLocation: /opt/hostedtoolcache/Python/3.13.15/x64
2026-10-03T01:52:51.4896489Z   PKG_CONFIG_PATH: /opt/hostedtoolcache/Python/3.13.15/x64/lib/pkgconfig
2026-10-03T01:52:51.4896930Z   Python_ROOT_DIR: /opt/hostedtoolcache/Python/3.13.15/x64
2026-10-03T01:52:51.4897319Z   Python2_ROOT_DIR: /opt/hostedtoolcache/Python/3.13.15/x64
2026-10-03T01:52:51.4897701Z   Python3_ROOT_DIR: /opt/hostedtoolcache/Python/3.13.15/x64
2026-10-03T01:52:51.4898117Z   LD_LIBRARY_PATH: /opt/hostedtoolcache/Python/3.13.15/x64/lib
2026-10-03T01:52:51.4898459Z ##[endgroup]
2026-10-03T01:52:54.2602174Z {
2026-10-03T01:52:54.2602831Z   "recorded_at_utc": "2026-10-03T01:52:54.207630+00:00",
2026-10-03T01:52:54.2603387Z   "split": "dev",
2026-10-03T01:52:54.2604130Z   "corpus_sha256": "243854b51e7039324de4c31fa7a67af1a98ddc48b9c9edfbbac581a2c2f73af7",
2026-10-03T01:52:54.2605245Z   "python": "3.13.15",
2026-10-03T01:52:54.2605882Z   "sqlite": "3.53.1",
2026-10-03T01:52:54.2606212Z   "cases": 120,
2026-10-03T01:52:54.2606435Z   "families": 24,
2026-10-03T01:52:54.2606652Z   "keyword_baseline": {
2026-10-03T01:52:54.2606926Z     "exact_accuracy": 0.5833333333333334,
2026-10-03T01:52:54.2607256Z     "policy_gating_recall": 0.7222222222222222,
2026-10-03T01:52:54.2607584Z     "supported_read_fpr": 0.5,
2026-10-03T01:52:54.2607887Z     "supported_write_interception": 1.0,
2026-10-03T01:52:54.2608178Z     "denominators": {
2026-10-03T01:52:54.2608394Z       "all": 120,
2026-10-03T01:52:54.2608620Z       "requires_gate": 90,
2026-10-03T01:52:54.2608871Z       "supported_reads": 30,
2026-10-03T01:52:54.2609122Z       "supported_writes": 40
2026-10-03T01:52:54.2609358Z     },
2026-10-03T01:52:54.2609564Z     "confusion": {
2026-10-03T01:52:54.2609794Z       "pass -> block": 5,
2026-10-03T01:52:54.2610071Z       "pass -> need_approval": 10,
2026-10-03T01:52:54.2610349Z       "pass -> pass": 15,
2026-10-03T01:52:54.2610645Z       "need_approval -> need_approval": 40,
2026-10-03T01:52:54.2610948Z       "block -> block": 15,
2026-10-03T01:52:54.2611203Z       "block -> pass": 25,
2026-10-03T01:52:54.2611478Z       "block -> need_approval": 10
2026-10-03T01:52:54.2611737Z     }
2026-10-03T01:52:54.2611918Z   },
2026-10-03T01:52:54.2612104Z   "airlock": {
2026-10-03T01:52:54.2612317Z     "exact_accuracy": 1.0,
2026-10-03T01:52:54.2612592Z     "policy_gating_recall": 1.0,
2026-10-03T01:52:54.2612878Z     "supported_read_fpr": 0.0,
2026-10-03T01:52:54.2613182Z     "supported_write_interception": 1.0,
2026-10-03T01:52:54.2613470Z     "denominators": {
2026-10-03T01:52:54.2613689Z       "all": 120,
2026-10-03T01:52:54.2613904Z       "requires_gate": 90,
2026-10-03T01:52:54.2614158Z       "supported_reads": 30,
2026-10-03T01:52:54.2614408Z       "supported_writes": 40
2026-10-03T01:52:54.2614644Z     },
2026-10-03T01:52:54.2614837Z     "confusion": {
2026-10-03T01:52:54.2615062Z       "pass -> pass": 30,
2026-10-03T01:52:54.2615344Z       "need_approval -> need_approval": 40,
2026-10-03T01:52:54.2615911Z       "block -> block": 50
2026-10-03T01:52:54.2616154Z     }
2026-10-03T01:52:54.2616337Z   },
2026-10-03T01:52:54.2616553Z   "impact_exact_match_count": 40,
2026-10-03T01:52:54.2616814Z   "impact_denominator": 40,
2026-10-03T01:52:54.2617065Z   "evaluation_p95_ms": 11.673,
2026-10-03T01:52:54.2617306Z   "static_p95_ms": 0.099,
2026-10-03T01:52:54.2617526Z   "preview_p95_ms": 9.874,
2026-10-03T01:52:54.2617748Z   "pure_llm": "not_run",
2026-10-03T01:52:54.2618331Z   "hybrid_llm": "not_run_use_benchmark.ablation_with_authorization",
2026-10-03T01:52:54.2618706Z   "human_ab": "not_run",
2026-10-03T01:52:54.2618934Z   "cohens_kappa": null,
2026-10-03T01:52:54.2619160Z   "limitations": [
2026-10-03T01:52:54.2619398Z     "synthetic authored cases only",
2026-10-03T01:52:54.2619719Z     "correlated variants, only 40 families total",
2026-10-03T01:52:54.2620199Z     "author saw all templates; family split is not independent external validation",
2026-10-03T01:52:54.2620821Z     "gate recall includes unsupported/invalid statements, not a real-world danger recall",
2026-10-03T01:52:54.2621447Z     "latency excludes network and human review; this is a bounded 1206-row SQLite demo"
2026-10-03T01:52:54.2621851Z   ]
2026-10-03T01:52:54.2622024Z }
2026-10-03T01:52:54.2758839Z ##[group]Run python scripts/run_logged.py evidence/benchmark-test.log -- python -m benchmark.evaluate --split test --output evidence/benchmark-test.json
2026-10-03T01:52:54.2760763Z [36;1mpython scripts/run_logged.py evidence/benchmark-test.log -- python -m benchmark.evaluate --split test --output evidence/benchmark-test.json[0m
2026-10-03T01:52:54.2831747Z shell: /usr/bin/bash --noprofile --norc -e -o pipefail {0}
2026-10-03T01:52:54.2832095Z env:
2026-10-03T01:52:54.2832296Z   NEXT_TELEMETRY_DISABLED: 1
2026-10-03T01:52:54.2832611Z   pythonLocation: /opt/hostedtoolcache/Python/3.13.15/x64
2026-10-03T01:52:54.2833258Z   PKG_CONFIG_PATH: /opt/hostedtoolcache/Python/3.13.15/x64/lib/pkgconfig
2026-10-03T01:52:54.2833678Z   Python_ROOT_DIR: /opt/hostedtoolcache/Python/3.13.15/x64
2026-10-03T01:52:54.2834048Z   Python2_ROOT_DIR: /opt/hostedtoolcache/Python/3.13.15/x64
2026-10-03T01:52:54.2834418Z   Python3_ROOT_DIR: /opt/hostedtoolcache/Python/3.13.15/x64
2026-10-03T01:52:54.2834988Z   LD_LIBRARY_PATH: /opt/hostedtoolcache/Python/3.13.15/x64/lib
2026-10-03T01:52:54.2835860Z ##[endgroup]
2026-10-03T01:52:56.1506571Z {
2026-10-03T01:52:56.1507211Z   "recorded_at_utc": "2026-10-03T01:52:56.103911+00:00",
2026-10-03T01:52:56.1507619Z   "split": "test",
2026-10-03T01:52:56.1508127Z   "corpus_sha256": "243854b51e7039324de4c31fa7a67af1a98ddc48b9c9edfbbac581a2c2f73af7",
2026-10-03T01:52:56.1508649Z   "python": "3.13.15",
2026-10-03T01:52:56.1508909Z   "sqlite": "3.53.1",
2026-10-03T01:52:56.1509159Z   "cases": 80,
2026-10-03T01:52:56.1509392Z   "families": 16,
2026-10-03T01:52:56.1509636Z   "keyword_baseline": {
2026-10-03T01:52:56.1509932Z     "exact_accuracy": 0.75,
2026-10-03T01:52:56.1510247Z     "policy_gating_recall": 0.8,
2026-10-03T01:52:56.1510594Z     "supported_read_fpr": 0.0,
2026-10-03T01:52:56.1510937Z     "supported_write_interception": 1.0,
2026-10-03T01:52:56.1511267Z     "denominators": {
2026-10-03T01:52:56.1511526Z       "all": 80,
2026-10-03T01:52:56.1511790Z       "requires_gate": 50,
2026-10-03T01:52:56.1512071Z       "supported_reads": 30,
2026-10-03T01:52:56.1512363Z       "supported_writes": 20
2026-10-03T01:52:56.1512628Z     },
2026-10-03T01:52:56.1512847Z     "confusion": {
2026-10-03T01:52:56.1513099Z       "pass -> pass": 30,
2026-10-03T01:52:56.1513426Z       "need_approval -> need_approval": 20,
2026-10-03T01:52:56.1513765Z       "block -> block": 10,
2026-10-03T01:52:56.1514084Z       "block -> need_approval": 10,
2026-10-03T01:52:56.1514390Z       "block -> pass": 10
2026-10-03T01:52:56.1514646Z     }
2026-10-03T01:52:56.1514851Z   },
2026-10-03T01:52:56.1515063Z   "airlock": {
2026-10-03T01:52:56.1515308Z     "exact_accuracy": 1.0,
2026-10-03T01:52:56.1515926Z     "policy_gating_recall": 1.0,
2026-10-03T01:52:56.1516312Z     "supported_read_fpr": 0.0,
2026-10-03T01:52:56.1516658Z     "supported_write_interception": 1.0,
2026-10-03T01:52:56.1516991Z     "denominators": {
2026-10-03T01:52:56.1517242Z       "all": 80,
2026-10-03T01:52:56.1517491Z       "requires_gate": 50,
2026-10-03T01:52:56.1517780Z       "supported_reads": 30,
2026-10-03T01:52:56.1518067Z       "supported_writes": 20
2026-10-03T01:52:56.1518330Z     },
2026-10-03T01:52:56.1518548Z     "confusion": {
2026-10-03T01:52:56.1518796Z       "pass -> pass": 30,
2026-10-03T01:52:56.1519121Z       "need_approval -> need_approval": 20,
2026-10-03T01:52:56.1519461Z       "block -> block": 30
2026-10-03T01:52:56.1519723Z     }
2026-10-03T01:52:56.1519922Z   },
2026-10-03T01:52:56.1520177Z   "impact_exact_match_count": 20,
2026-10-03T01:52:56.1520491Z   "impact_denominator": 20,
2026-10-03T01:52:56.1520798Z   "evaluation_p95_ms": 11.525,
2026-10-03T01:52:56.1521085Z   "static_p95_ms": 0.09,
2026-10-03T01:52:56.1521308Z   "preview_p95_ms": 10.024,
2026-10-03T01:52:56.1521532Z   "pure_llm": "not_run",
2026-10-03T01:52:56.1521888Z   "hybrid_llm": "not_run_use_benchmark.ablation_with_authorization",
2026-10-03T01:52:56.1522255Z   "human_ab": "not_run",
2026-10-03T01:52:56.1522483Z   "cohens_kappa": null,
2026-10-03T01:52:56.1523002Z   "limitations": [
2026-10-03T01:52:56.1523275Z     "synthetic authored cases only",
2026-10-03T01:52:56.1523597Z     "correlated variants, only 40 families total",
2026-10-03T01:52:56.1524076Z     "author saw all templates; family split is not independent external validation",
2026-10-03T01:52:56.1524708Z     "gate recall includes unsupported/invalid statements, not a real-world danger recall",
2026-10-03T01:52:56.1525334Z     "latency excludes network and human review; this is a bounded 1206-row SQLite demo"
2026-10-03T01:52:56.1526021Z   ]
2026-10-03T01:52:56.1526203Z }
2026-10-03T01:52:56.1653033Z ##[group]Run python -m playwright install --with-deps chromium
2026-10-03T01:52:56.1653736Z [36;1mpython -m playwright install --with-deps chromium[0m
2026-10-03T01:52:56.1717977Z shell: /usr/bin/bash --noprofile --norc -e -o pipefail {0}
2026-10-03T01:52:56.1718417Z env:
2026-10-03T01:52:56.1718664Z   NEXT_TELEMETRY_DISABLED: 1
2026-10-03T01:52:56.1719061Z   pythonLocation: /opt/hostedtoolcache/Python/3.13.15/x64
2026-10-03T01:52:56.1719646Z   PKG_CONFIG_PATH: /opt/hostedtoolcache/Python/3.13.15/x64/lib/pkgconfig
2026-10-03T01:52:56.1720202Z   Python_ROOT_DIR: /opt/hostedtoolcache/Python/3.13.15/x64
2026-10-03T01:52:56.1720697Z   Python2_ROOT_DIR: /opt/hostedtoolcache/Python/3.13.15/x64
2026-10-03T01:52:56.1721198Z   Python3_ROOT_DIR: /opt/hostedtoolcache/Python/3.13.15/x64
2026-10-03T01:52:56.1721694Z   LD_LIBRARY_PATH: /opt/hostedtoolcache/Python/3.13.15/x64/lib
2026-10-03T01:52:56.1722107Z ##[endgroup]
2026-10-03T01:52:56.4846893Z Installing dependencies...
2026-10-03T01:52:56.4927196Z Switching to root user to install dependencies...
2026-10-03T01:52:56.5657619Z Get:1 file:/etc/apt/apt-mirrors.txt Mirrorlist [144 B]
2026-10-03T01:52:56.5921170Z Get:6 https://packages.microsoft.com/ubuntu/24.04/prod noble InRelease [3600 B]
2026-10-03T01:52:56.6037246Z Hit:2 http://azure.archive.ubuntu.com/ubuntu noble InRelease
2026-10-03T01:52:56.6046264Z Get:3 http://azure.archive.ubuntu.com/ubuntu noble-updates InRelease [126 kB]
2026-10-03T01:52:56.6109661Z Get:4 http://azure.archive.ubuntu.com/ubuntu noble-backports InRelease [126 kB]
2026-10-03T01:52:56.6176813Z Get:5 http://azure.archive.ubuntu.com/ubuntu noble-security InRelease [126 kB]
2026-10-03T01:52:56.6728739Z Get:7 https://packages.microsoft.com/ubuntu/24.04/prod noble/main armhf Packages [12.6 kB]
2026-10-03T01:52:56.6867575Z Get:8 https://packages.microsoft.com/ubuntu/24.04/prod noble/main arm64 Packages [458 kB]
2026-10-03T01:52:56.6935377Z Get:9 https://packages.microsoft.com/ubuntu/24.04/prod noble/main amd64 Packages [511 kB]
2026-10-03T01:52:56.7853839Z Get:10 http://azure.archive.ubuntu.com/ubuntu noble-updates/main amd64 Packages [1364 kB]
2026-10-03T01:52:56.7952454Z Get:11 http://azure.archive.ubuntu.com/ubuntu noble-updates/main Translation-en [304 kB]
2026-10-03T01:52:56.7991199Z Get:12 http://azure.archive.ubuntu.com/ubuntu noble-updates/main amd64 Components [180 kB]
2026-10-03T01:52:56.8006249Z Get:13 http://azure.archive.ubuntu.com/ubuntu noble-updates/universe amd64 Packages [1699 kB]
2026-10-03T01:52:56.8104279Z Get:14 http://azure.archive.ubuntu.com/ubuntu noble-updates/universe Translation-en [341 kB]
2026-10-03T01:52:56.8135027Z Get:15 http://azure.archive.ubuntu.com/ubuntu noble-updates/universe amd64 Components [388 kB]
2026-10-03T01:52:56.8167560Z Get:16 http://azure.archive.ubuntu.com/ubuntu noble-updates/restricted amd64 Packages [1720 kB]
2026-10-03T01:52:56.8261455Z Get:17 http://azure.archive.ubuntu.com/ubuntu noble-updates/restricted Translation-en [394 kB]
2026-10-03T01:52:56.8293031Z Get:18 http://azure.archive.ubuntu.com/ubuntu noble-updates/multiverse amd64 Components [940 B]
2026-10-03T01:52:56.8456075Z Get:19 http://azure.archive.ubuntu.com/ubuntu noble-backports/main amd64 Components [5764 B]
2026-10-03T01:52:56.8892504Z Get:20 http://azure.archive.ubuntu.com/ubuntu noble-backports/universe amd64 Components [12.6 kB]
2026-10-03T01:52:56.9097348Z Get:21 http://azure.archive.ubuntu.com/ubuntu noble-security/main amd64 Packages [1069 kB]
2026-10-03T01:52:56.9160971Z Get:22 http://azure.archive.ubuntu.com/ubuntu noble-security/main Translation-en [221 kB]
2026-10-03T01:52:56.9177325Z Get:23 http://azure.archive.ubuntu.com/ubuntu noble-security/main amd64 Components [46.3 kB]
2026-10-03T01:52:56.9191198Z Get:24 http://azure.archive.ubuntu.com/ubuntu noble-security/universe amd64 Packages [1216 kB]
2026-10-03T01:52:56.9256371Z Get:25 http://azure.archive.ubuntu.com/ubuntu noble-security/universe Translation-en [244 kB]
2026-10-03T01:52:56.9279721Z Get:26 http://azure.archive.ubuntu.com/ubuntu noble-security/universe amd64 Components [76.3 kB]
2026-10-03T01:52:56.9297721Z Get:27 http://azure.archive.ubuntu.com/ubuntu noble-security/restricted amd64 Packages [1566 kB]
2026-10-03T01:52:56.9384125Z Get:28 http://azure.archive.ubuntu.com/ubuntu noble-security/restricted Translation-en [361 kB]
2026-10-03T01:53:01.1146325Z Fetched 12.6 MB in 1s (9271 kB/s)
2026-10-03T01:53:01.9151436Z Reading package lists...
2026-10-03T01:53:01.9404334Z Reading package lists...
2026-10-03T01:53:02.1206459Z Building dependency tree...
2026-10-03T01:53:02.1213380Z Reading state information...
2026-10-03T01:53:02.2610310Z libasound2t64 is already the newest version (1.2.11-1ubuntu0.3).
2026-10-03T01:53:02.2611543Z libasound2t64 set to manually installed.
2026-10-03T01:53:02.2612760Z libatk-bridge2.0-0t64 is already the newest version (2.52.0-1build1).
2026-10-03T01:53:02.2613994Z libatk-bridge2.0-0t64 set to manually installed.
2026-10-03T01:53:02.2615166Z libatk1.0-0t64 is already the newest version (2.52.0-1build1).
2026-10-03T01:53:02.2616556Z libatk1.0-0t64 set to manually installed.
2026-10-03T01:53:02.2617716Z libatspi2.0-0t64 is already the newest version (2.52.0-1build1).
2026-10-03T01:53:02.2618603Z libatspi2.0-0t64 set to manually installed.
2026-10-03T01:53:02.2619268Z libcairo2 is already the newest version (1.18.0-3build1).
2026-10-03T01:53:02.2620081Z libcairo2 set to manually installed.
2026-10-03T01:53:02.2621184Z libcups2t64 is already the newest version (2.4.7-1.2ubuntu7.14).
2026-10-03T01:53:02.2621849Z libcups2t64 set to manually installed.
2026-10-03T01:53:02.2622721Z libdbus-1-3 is already the newest version (1.14.10-4ubuntu4.1).
2026-10-03T01:53:02.2623357Z libdbus-1-3 set to manually installed.
2026-10-03T01:53:02.2624034Z libdrm2 is already the newest version (2.4.125-1ubuntu0.1~24.04.2).
2026-10-03T01:53:02.2624762Z libdrm2 set to manually installed.
2026-10-03T01:53:02.2625418Z libglib2.0-0t64 is already the newest version (2.80.0-6ubuntu3.9).
2026-10-03T01:53:02.2626314Z libglib2.0-0t64 set to manually installed.
2026-10-03T01:53:02.2626782Z libnspr4 is already the newest version (2:4.35-1.1build1).
2026-10-03T01:53:02.2627204Z libnspr4 set to manually installed.
2026-10-03T01:53:02.2627611Z libnss3 is already the newest version (2:3.98-1ubuntu0.2).
2026-10-03T01:53:02.2627998Z libnss3 set to manually installed.
2026-10-03T01:53:02.2628430Z libpango-1.0-0 is already the newest version (1.52.1+ds-1build1).
2026-10-03T01:53:02.2628867Z libpango-1.0-0 set to manually installed.
2026-10-03T01:53:02.2629280Z libx11-6 is already the newest version (2:1.8.7-1build1).
2026-10-03T01:53:02.2629671Z libx11-6 set to manually installed.
2026-10-03T01:53:02.2630047Z libxcb1 is already the newest version (1.15-1ubuntu2).
2026-10-03T01:53:02.2630507Z libxcb1 set to manually installed.
2026-10-03T01:53:02.2630937Z libxcomposite1 is already the newest version (1:0.4.5-1build3).
2026-10-03T01:53:02.2631365Z libxcomposite1 set to manually installed.
2026-10-03T01:53:02.2631804Z libxdamage1 is already the newest version (1:1.1.6-1build1).
2026-10-03T01:53:02.2632214Z libxdamage1 set to manually installed.
2026-10-03T01:53:02.2632622Z libxext6 is already the newest version (2:1.3.4-1build2).
2026-10-03T01:53:02.2633006Z libxext6 set to manually installed.
2026-10-03T01:53:02.2633492Z libxfixes3 is already the newest version (1:6.0.0-2build1).
2026-10-03T01:53:02.2633899Z libxfixes3 set to manually installed.
2026-10-03T01:53:02.2634327Z libxkbcommon0 is already the newest version (1.6.0-1build1).
2026-10-03T01:53:02.2634740Z libxkbcommon0 set to manually installed.
2026-10-03T01:53:02.2635174Z libxrandr2 is already the newest version (2:1.5.2-2build1).
2026-10-03T01:53:02.2635795Z libxrandr2 set to manually installed.
2026-10-03T01:53:02.2636275Z xvfb is already the newest version (2:21.1.12-1ubuntu1.8).
2026-10-03T01:53:02.2636835Z fonts-noto-color-emoji is already the newest version (2.047-0ubuntu0.24.04.1).
2026-10-03T01:53:02.2637421Z libfontconfig1 is already the newest version (2.15.0-1.1ubuntu2).
2026-10-03T01:53:02.2638139Z libfontconfig1 set to manually installed.
2026-10-03T01:53:02.2638744Z libfreetype6 is already the newest version (2.13.2+dfsg-1ubuntu0.1).
2026-10-03T01:53:02.2639173Z libfreetype6 set to manually installed.
2026-10-03T01:53:02.2639589Z fonts-liberation is already the newest version (1:2.1.5-3).
2026-10-03T01:53:02.2640004Z fonts-liberation set to manually installed.
2026-10-03T01:53:02.2640416Z The following additional packages will be installed:
2026-10-03T01:53:02.2640928Z   libgl1-mesa-dri libglx-mesa0 mesa-libgallium xfonts-encodings xfonts-utils
2026-10-03T01:53:02.2641363Z Recommended packages:
2026-10-03T01:53:02.2641639Z   fonts-ipafont-mincho fonts-tlwg-loma
2026-10-03T01:53:02.2799811Z The following NEW packages will be installed:
2026-10-03T01:53:02.2800959Z   fonts-freefont-ttf fonts-ipafont-gothic fonts-tlwg-loma-otf fonts-unifont
2026-10-03T01:53:02.2806412Z   fonts-wqy-zenhei xfonts-cyrillic xfonts-encodings xfonts-scalable
2026-10-03T01:53:02.2807193Z   xfonts-utils
2026-10-03T01:53:02.2811221Z The following packages will be upgraded:
2026-10-03T01:53:02.2816928Z   libgbm1 libgl1-mesa-dri libglx-mesa0 mesa-libgallium
2026-10-03T01:53:02.2979825Z 4 upgraded, 9 newly installed, 0 to remove and 21 not upgraded.
2026-10-03T01:53:02.2980491Z Need to get 32.1 MB of archives.
2026-10-03T01:53:02.2980978Z After this operation, 79.5 MB of additional disk space will be used.
2026-10-03T01:53:02.2981529Z Get:1 file:/etc/apt/apt-mirrors.txt Mirrorlist [144 B]
2026-10-03T01:53:02.4127499Z Get:2 http://azure.archive.ubuntu.com/ubuntu noble/universe amd64 fonts-ipafont-gothic all 00303-21ubuntu1 [3513 kB]
2026-10-03T01:53:03.2660369Z Get:3 http://azure.archive.ubuntu.com/ubuntu noble/main amd64 fonts-freefont-ttf all 20211204+svn4273-2 [5641 kB]
2026-10-03T01:53:03.5037062Z Get:4 http://azure.archive.ubuntu.com/ubuntu noble/universe amd64 fonts-tlwg-loma-otf all 1:0.7.3-1 [107 kB]
2026-10-03T01:53:03.6001166Z Get:5 http://azure.archive.ubuntu.com/ubuntu noble/universe amd64 fonts-unifont all 1:15.1.01-1build1 [2993 kB]
2026-10-03T01:53:03.7270212Z Get:6 http://azure.archive.ubuntu.com/ubuntu noble/universe amd64 fonts-wqy-zenhei all 0.9.45-8 [7472 kB]
2026-10-03T01:53:04.0253774Z Get:7 http://azure.archive.ubuntu.com/ubuntu noble-updates/main amd64 libgl1-mesa-dri amd64 25.2.8-0ubuntu0.24.04.4 [38.0 kB]
2026-10-03T01:53:04.1212968Z Get:8 http://azure.archive.ubuntu.com/ubuntu noble-updates/main amd64 libglx-mesa0 amd64 25.2.8-0ubuntu0.24.04.4 [110 kB]
2026-10-03T01:53:04.2178388Z Get:9 http://azure.archive.ubuntu.com/ubuntu noble-updates/main amd64 libgbm1 amd64 25.2.8-0ubuntu0.24.04.4 [34.2 kB]
2026-10-03T01:53:04.3139089Z Get:10 http://azure.archive.ubuntu.com/ubuntu noble-updates/main amd64 mesa-libgallium amd64 25.2.8-0ubuntu0.24.04.4 [10.8 MB]
2026-10-03T01:53:04.7335549Z Get:11 http://azure.archive.ubuntu.com/ubuntu noble/main amd64 xfonts-encodings all 1:1.0.5-0ubuntu2 [578 kB]
2026-10-03T01:53:04.8455419Z Get:12 http://azure.archive.ubuntu.com/ubuntu noble/main amd64 xfonts-utils amd64 1:7.7+6build3 [94.4 kB]
2026-10-03T01:53:04.9432218Z Get:13 http://azure.archive.ubuntu.com/ubuntu noble/universe amd64 xfonts-cyrillic all 1:1.0.5+nmu1 [384 kB]
2026-10-03T01:53:05.0495424Z Get:14 http://azure.archive.ubuntu.com/ubuntu noble/main amd64 xfonts-scalable all 1:1.0.3-1.3 [304 kB]
2026-10-03T01:53:05.3112622Z Fetched 32.1 MB in 3s (11.6 MB/s)
2026-10-03T01:53:05.3328619Z Selecting previously unselected package fonts-ipafont-gothic.
2026-10-03T01:53:05.3599236Z (Reading database ... 
2026-10-03T01:53:05.3599845Z (Reading database ... 5%
2026-10-03T01:53:05.3600260Z (Reading database ... 10%
2026-10-03T01:53:05.3600768Z (Reading database ... 15%
2026-10-03T01:53:05.3615003Z (Reading database ... 20%
2026-10-03T01:53:05.3615562Z (Reading database ... 25%
2026-10-03T01:53:05.3616313Z (Reading database ... 30%
2026-10-03T01:53:05.3616847Z (Reading database ... 35%
2026-10-03T01:53:05.3617486Z (Reading database ... 40%
2026-10-03T01:53:05.3617922Z (Reading database ... 45%
2026-10-03T01:53:05.3618346Z (Reading database ... 50%
2026-10-03T01:53:05.3666891Z (Reading database ... 55%
2026-10-03T01:53:05.4587867Z (Reading database ... 60%
2026-10-03T01:53:05.6504880Z (Reading database ... 65%
2026-10-03T01:53:05.8543454Z (Reading database ... 70%
2026-10-03T01:53:06.0544206Z (Reading database ... 75%
2026-10-03T01:53:06.1505978Z (Reading database ... 80%
2026-10-03T01:53:06.2646495Z (Reading database ... 85%
2026-10-03T01:53:06.3566150Z (Reading database ... 90%
2026-10-03T01:53:06.4136768Z (Reading database ... 95%
2026-10-03T01:53:06.4137295Z (Reading database ... 100%
2026-10-03T01:53:06.4138072Z (Reading database ... 202296 files and directories currently installed.)
2026-10-03T01:53:06.4176021Z Preparing to unpack .../00-fonts-ipafont-gothic_00303-21ubuntu1_all.deb ...
2026-10-03T01:53:06.4268016Z Unpacking fonts-ipafont-gothic (00303-21ubuntu1) ...
2026-10-03T01:53:06.6544865Z Selecting previously unselected package fonts-freefont-ttf.
2026-10-03T01:53:06.6673933Z Preparing to unpack .../01-fonts-freefont-ttf_20211204+svn4273-2_all.deb ...
2026-10-03T01:53:06.6682008Z Unpacking fonts-freefont-ttf (20211204+svn4273-2) ...
2026-10-03T01:53:06.7454291Z Selecting previously unselected package fonts-tlwg-loma-otf.
2026-10-03T01:53:06.7583196Z Preparing to unpack .../02-fonts-tlwg-loma-otf_1%3a0.7.3-1_all.deb ...
2026-10-03T01:53:06.7589997Z Unpacking fonts-tlwg-loma-otf (1:0.7.3-1) ...
2026-10-03T01:53:06.7794393Z Selecting previously unselected package fonts-unifont.
2026-10-03T01:53:06.7924746Z Preparing to unpack .../03-fonts-unifont_1%3a15.1.01-1build1_all.deb ...
2026-10-03T01:53:06.7931283Z Unpacking fonts-unifont (1:15.1.01-1build1) ...
2026-10-03T01:53:06.8962041Z Selecting previously unselected package fonts-wqy-zenhei.
2026-10-03T01:53:06.9091512Z Preparing to unpack .../04-fonts-wqy-zenhei_0.9.45-8_all.deb ...
2026-10-03T01:53:06.9190864Z Unpacking fonts-wqy-zenhei (0.9.45-8) ...
2026-10-03T01:53:07.3889059Z Preparing to unpack .../05-libgl1-mesa-dri_25.2.8-0ubuntu0.24.04.4_amd64.deb ...
2026-10-03T01:53:07.4038200Z Unpacking libgl1-mesa-dri:amd64 (25.2.8-0ubuntu0.24.04.4) over (25.2.8-0ubuntu0.24.04.2) ...
2026-10-03T01:53:07.4532761Z Preparing to unpack .../06-libglx-mesa0_25.2.8-0ubuntu0.24.04.4_amd64.deb ...
2026-10-03T01:53:07.4563308Z Unpacking libglx-mesa0:amd64 (25.2.8-0ubuntu0.24.04.4) over (25.2.8-0ubuntu0.24.04.2) ...
2026-10-03T01:53:07.4933418Z Preparing to unpack .../07-libgbm1_25.2.8-0ubuntu0.24.04.4_amd64.deb ...
2026-10-03T01:53:07.4955833Z Unpacking libgbm1:amd64 (25.2.8-0ubuntu0.24.04.4) over (25.2.8-0ubuntu0.24.04.2) ...
2026-10-03T01:53:07.5331766Z Preparing to unpack .../08-mesa-libgallium_25.2.8-0ubuntu0.24.04.4_amd64.deb ...
2026-10-03T01:53:07.5353621Z Unpacking mesa-libgallium:amd64 (25.2.8-0ubuntu0.24.04.4) over (25.2.8-0ubuntu0.24.04.2) ...
2026-10-03T01:53:07.7063472Z Selecting previously unselected package xfonts-encodings.
2026-10-03T01:53:07.7192307Z Preparing to unpack .../09-xfonts-encodings_1%3a1.0.5-0ubuntu2_all.deb ...
2026-10-03T01:53:07.7198021Z Unpacking xfonts-encodings (1:1.0.5-0ubuntu2) ...
2026-10-03T01:53:07.7489789Z Selecting previously unselected package xfonts-utils.
2026-10-03T01:53:07.7619692Z Preparing to unpack .../10-xfonts-utils_1%3a7.7+6build3_amd64.deb ...
2026-10-03T01:53:07.7626377Z Unpacking xfonts-utils (1:7.7+6build3) ...
2026-10-03T01:53:07.7991999Z Selecting previously unselected package xfonts-cyrillic.
2026-10-03T01:53:07.8118690Z Preparing to unpack .../11-xfonts-cyrillic_1%3a1.0.5+nmu1_all.deb ...
2026-10-03T01:53:07.8124741Z Unpacking xfonts-cyrillic (1:1.0.5+nmu1) ...
2026-10-03T01:53:07.8459861Z Selecting previously unselected package xfonts-scalable.
2026-10-03T01:53:07.8587457Z Preparing to unpack .../12-xfonts-scalable_1%3a1.0.3-1.3_all.deb ...
2026-10-03T01:53:07.8594057Z Unpacking xfonts-scalable (1:1.0.3-1.3) ...
2026-10-03T01:53:07.9020007Z Setting up mesa-libgallium:amd64 (25.2.8-0ubuntu0.24.04.4) ...
2026-10-03T01:53:07.9040027Z Setting up libgbm1:amd64 (25.2.8-0ubuntu0.24.04.4) ...
2026-10-03T01:53:07.9056872Z Setting up libgl1-mesa-dri:amd64 (25.2.8-0ubuntu0.24.04.4) ...
2026-10-03T01:53:07.9127511Z Setting up fonts-wqy-zenhei (0.9.45-8) ...
2026-10-03T01:53:07.9241283Z Setting up fonts-freefont-ttf (20211204+svn4273-2) ...
2026-10-03T01:53:07.9259949Z Setting up fonts-tlwg-loma-otf (1:0.7.3-1) ...
2026-10-03T01:53:07.9278264Z Setting up xfonts-encodings (1:1.0.5-0ubuntu2) ...
2026-10-03T01:53:07.9296768Z Setting up fonts-ipafont-gothic (00303-21ubuntu1) ...
2026-10-03T01:53:07.9361103Z update-alternatives: using /usr/share/fonts/opentype/ipafont-gothic/ipag.ttf to provide /usr/share/fonts/truetype/fonts-japanese-gothic.ttf (fonts-japanese-gothic.ttf) in auto mode
2026-10-03T01:53:07.9376679Z Setting up fonts-unifont (1:15.1.01-1build1) ...
2026-10-03T01:53:07.9394935Z Setting up libglx-mesa0:amd64 (25.2.8-0ubuntu0.24.04.4) ...
2026-10-03T01:53:07.9413068Z Setting up xfonts-utils (1:7.7+6build3) ...
2026-10-03T01:53:07.9454166Z Setting up xfonts-cyrillic (1:1.0.5+nmu1) ...
2026-10-03T01:53:07.9741836Z Setting up xfonts-scalable (1:1.0.3-1.3) ...
2026-10-03T01:53:08.0027326Z Processing triggers for libc-bin (2.39-0ubuntu8.9) ...
2026-10-03T01:53:08.0167861Z Processing triggers for man-db (2.12.0-4build2) ...
2026-10-03T01:53:08.0187736Z Not building database; man-db/auto-update is not 'true'.
2026-10-03T01:53:08.0200010Z Processing triggers for fontconfig (2.15.0-1.1ubuntu2) ...
2026-10-03T01:53:08.7251352Z 
2026-10-03T01:53:08.7252080Z Running kernel seems to be up-to-date.
2026-10-03T01:53:08.7252494Z 
2026-10-03T01:53:08.7252761Z No services need to be restarted.
2026-10-03T01:53:08.7253082Z 
2026-10-03T01:53:08.7253348Z No containers need to be restarted.
2026-10-03T01:53:08.7253664Z 
2026-10-03T01:53:08.7253983Z No user sessions are running outdated binaries.
2026-10-03T01:53:08.7254371Z 
2026-10-03T01:53:08.7254899Z No VM guests are running outdated hypervisor (qemu) binaries on this host.
2026-10-03T01:53:09.5320022Z Downloading Chromium 143.0.7499.4 (playwright build v1200) from https://cdn.playwright.dev/dbazure/download/playwright/builds/chromium/1200/chromium-linux.zip
2026-10-03T01:53:09.6274416Z (node:3770) [DEP0169] DeprecationWarning: `url.parse()` behavior is not standardized and prone to errors that have security implications. Use the WHATWG URL API instead. CVEs are not issued for `url.parse()` vulnerabilities.
2026-10-03T01:53:09.6277205Z (Use `node --trace-deprecation ...` to show where the warning was created)
2026-10-03T01:53:09.6900567Z |                                                                                |   0% of 164.7 MiB
2026-10-03T01:53:09.8744665Z |■■■■■■■■                                                                        |  10% of 164.7 MiB
2026-10-03T01:53:09.9712761Z |■■■■■■■■■■■■■■■■                                                                |  20% of 164.7 MiB
2026-10-03T01:53:10.0488527Z |■■■■■■■■■■■■■■■■■■■■■■■■                                                        |  30% of 164.7 MiB
2026-10-03T01:53:10.1158964Z |■■■■■■■■■■■■■■■■■■■■■■■■■■■■■■■■                                                |  40% of 164.7 MiB
2026-10-03T01:53:10.1770669Z |■■■■■■■■■■■■■■■■■■■■■■■■■■■■■■■■■■■■■■■■                                        |  50% of 164.7 MiB
2026-10-03T01:53:10.2343777Z |■■■■■■■■■■■■■■■■■■■■■■■■■■■■■■■■■■■■■■■■■■■■■■■■                                |  60% of 164.7 MiB
2026-10-03T01:53:10.2885122Z |■■■■■■■■■■■■■■■■■■■■■■■■■■■■■■■■■■■■■■■■■■■■■■■■■■■■■■■■                        |  70% of 164.7 MiB
2026-10-03T01:53:10.3469207Z |■■■■■■■■■■■■■■■■■■■■■■■■■■■■■■■■■■■■■■■■■■■■■■■■■■■■■■■■■■■■■■■■                |  80% of 164.7 MiB
2026-10-03T01:53:10.4083678Z |■■■■■■■■■■■■■■■■■■■■■■■■■■■■■■■■■■■■■■■■■■■■■■■■■■■■■■■■■■■■■■■■■■■■■■■■        |  90% of 164.7 MiB
2026-10-03T01:53:10.4586304Z |■■■■■■■■■■■■■■■■■■■■■■■■■■■■■■■■■■■■■■■■■■■■■■■■■■■■■■■■■■■■■■■■■■■■■■■■■■■■■■■■| 100% of 164.7 MiB
2026-10-03T01:53:13.0482942Z Chromium 143.0.7499.4 (playwright build v1200) downloaded to /home/runner/.cache/ms-playwright/chromium-1200
2026-10-03T01:53:13.0488063Z Downloading FFMPEG playwright build v1011 from https://cdn.playwright.dev/dbazure/download/playwright/builds/ffmpeg/1011/ffmpeg-linux.zip
2026-10-03T01:53:13.1465011Z (node:3781) [DEP0169] DeprecationWarning: `url.parse()` behavior is not standardized and prone to errors that have security implications. Use the WHATWG URL API instead. CVEs are not issued for `url.parse()` vulnerabilities.
2026-10-03T01:53:13.1467077Z (Use `node --trace-deprecation ...` to show where the warning was created)
2026-10-03T01:53:13.1995022Z |                                                                                |   0% of 2.3 MiB
2026-10-03T01:53:13.2067393Z |■■■■■■■■                                                                        |  10% of 2.3 MiB
2026-10-03T01:53:13.2101910Z |■■■■■■■■■■■■■■■■                                                                |  20% of 2.3 MiB
2026-10-03T01:53:13.2196735Z |■■■■■■■■■■■■■■■■■■■■■■■■                                                        |  30% of 2.3 MiB
2026-10-03T01:53:13.2243840Z |■■■■■■■■■■■■■■■■■■■■■■■■■■■■■■■■                                                |  40% of 2.3 MiB
2026-10-03T01:53:13.2276663Z |■■■■■■■■■■■■■■■■■■■■■■■■■■■■■■■■■■■■■■■■                                        |  50% of 2.3 MiB
2026-10-03T01:53:13.2382622Z |■■■■■■■■■■■■■■■■■■■■■■■■■■■■■■■■■■■■■■■■■■■■■■■■                                |  60% of 2.3 MiB
2026-10-03T01:53:13.2424757Z |■■■■■■■■■■■■■■■■■■■■■■■■■■■■■■■■■■■■■■■■■■■■■■■■■■■■■■■■                        |  70% of 2.3 MiB
2026-10-03T01:53:13.2479722Z |■■■■■■■■■■■■■■■■■■■■■■■■■■■■■■■■■■■■■■■■■■■■■■■■■■■■■■■■■■■■■■■■                |  80% of 2.3 MiB
2026-10-03T01:53:13.2493170Z |■■■■■■■■■■■■■■■■■■■■■■■■■■■■■■■■■■■■■■■■■■■■■■■■■■■■■■■■■■■■■■■■■■■■■■■■        |  90% of 2.3 MiB
2026-10-03T01:53:13.2512535Z |■■■■■■■■■■■■■■■■■■■■■■■■■■■■■■■■■■■■■■■■■■■■■■■■■■■■■■■■■■■■■■■■■■■■■■■■■■■■■■■■| 100% of 2.3 MiB
2026-10-03T01:53:13.3099816Z FFMPEG playwright build v1011 downloaded to /home/runner/.cache/ms-playwright/ffmpeg-1011
2026-10-03T01:53:13.3103240Z Downloading Chromium Headless Shell 143.0.7499.4 (playwright build v1200) from https://cdn.playwright.dev/dbazure/download/playwright/builds/chromium/1200/chromium-headless-shell-linux.zip
2026-10-03T01:53:13.4059590Z (node:3792) [DEP0169] DeprecationWarning: `url.parse()` behavior is not standardized and prone to errors that have security implications. Use the WHATWG URL API instead. CVEs are not issued for `url.parse()` vulnerabilities.
2026-10-03T01:53:13.4061717Z (Use `node --trace-deprecation ...` to show where the warning was created)
2026-10-03T01:53:13.4578648Z |                                                                                |   0% of 109.7 MiB
2026-10-03T01:53:13.7730955Z |■■■■■■■■                                                                        |  10% of 109.7 MiB
2026-10-03T01:53:13.8858637Z |■■■■■■■■■■■■■■■■                                                                |  20% of 109.7 MiB
2026-10-03T01:53:13.9391145Z |■■■■■■■■■■■■■■■■■■■■■■■■                                                        |  30% of 109.7 MiB
2026-10-03T01:53:13.9936769Z |■■■■■■■■■■■■■■■■■■■■■■■■■■■■■■■■                                                |  40% of 109.7 MiB
2026-10-03T01:53:14.0387957Z |■■■■■■■■■■■■■■■■■■■■■■■■■■■■■■■■■■■■■■■■                                        |  50% of 109.7 MiB
2026-10-03T01:53:14.0852705Z |■■■■■■■■■■■■■■■■■■■■■■■■■■■■■■■■■■■■■■■■■■■■■■■■                                |  60% of 109.7 MiB
2026-10-03T01:53:14.1241579Z |■■■■■■■■■■■■■■■■■■■■■■■■■■■■■■■■■■■■■■■■■■■■■■■■■■■■■■■■                        |  70% of 109.7 MiB
2026-10-03T01:53:14.1664723Z |■■■■■■■■■■■■■■■■■■■■■■■■■■■■■■■■■■■■■■■■■■■■■■■■■■■■■■■■■■■■■■■■                |  80% of 109.7 MiB
2026-10-03T01:53:14.2039337Z |■■■■■■■■■■■■■■■■■■■■■■■■■■■■■■■■■■■■■■■■■■■■■■■■■■■■■■■■■■■■■■■■■■■■■■■■        |  90% of 109.7 MiB
2026-10-03T01:53:14.2427918Z |■■■■■■■■■■■■■■■■■■■■■■■■■■■■■■■■■■■■■■■■■■■■■■■■■■■■■■■■■■■■■■■■■■■■■■■■■■■■■■■■| 100% of 109.7 MiB
2026-10-03T01:53:16.1560425Z Chromium Headless Shell 143.0.7499.4 (playwright build v1200) downloaded to /home/runner/.cache/ms-playwright/chromium_headless_shell-1200
2026-10-03T01:53:16.1765144Z ##[group]Run python scripts/run_logged.py evidence/browser-native.log -- python scripts/browser_smoke.py
2026-10-03T01:53:16.1766310Z [36;1mpython scripts/run_logged.py evidence/browser-native.log -- python scripts/browser_smoke.py[0m
2026-10-03T01:53:16.1829172Z shell: /usr/bin/bash --noprofile --norc -e -o pipefail {0}
2026-10-03T01:53:16.1829569Z env:
2026-10-03T01:53:16.1829794Z   NEXT_TELEMETRY_DISABLED: 1
2026-10-03T01:53:16.1830154Z   pythonLocation: /opt/hostedtoolcache/Python/3.13.15/x64
2026-10-03T01:53:16.1830667Z   PKG_CONFIG_PATH: /opt/hostedtoolcache/Python/3.13.15/x64/lib/pkgconfig
2026-10-03T01:53:16.1831176Z   Python_ROOT_DIR: /opt/hostedtoolcache/Python/3.13.15/x64
2026-10-03T01:53:16.1831638Z   Python2_ROOT_DIR: /opt/hostedtoolcache/Python/3.13.15/x64
2026-10-03T01:53:16.1832094Z   Python3_ROOT_DIR: /opt/hostedtoolcache/Python/3.13.15/x64
2026-10-03T01:53:16.1832555Z   LD_LIBRARY_PATH: /opt/hostedtoolcache/Python/3.13.15/x64/lib
2026-10-03T01:53:16.1832969Z ##[endgroup]
2026-10-03T01:53:23.8542173Z {
2026-10-03T01:53:23.8542674Z   "mode": "native_browser_e2e",
2026-10-03T01:53:23.8543067Z   "passed": [
2026-10-03T01:53:23.8543395Z     "agent_credential_rejected_by_reviewer_console",
2026-10-03T01:53:23.8543837Z     "pending_queue_survives_more_than_100_newer_reads",
2026-10-03T01:53:23.8544276Z     "approval_disabled_without_informed_confirmation",
2026-10-03T01:53:23.8544685Z     "browser_rejection_preserves_all_1206_rows",
2026-10-03T01:53:23.8545078Z     "browser_approval_executes_real_update_once",
2026-10-03T01:53:23.8545495Z     "critical_action_requires_exact_1206_scope_phrase",
2026-10-03T01:53:23.8546337Z     "390px_mobile_has_no_horizontal_overflow",
2026-10-03T01:53:23.8546730Z     "audit_replay_and_hmac_verification_render",
2026-10-03T01:53:23.8547136Z     "metrics_use_real_samples_and_unknown_model_cost",
2026-10-03T01:53:23.8547599Z     "batch_ui_lists_bound_members_and_enforces_confirmation",
2026-10-03T01:53:23.8548064Z     "recovery_is_a_separate_informed_approval",
2026-10-03T01:53:23.8548573Z     "study_import_counterbalance_visibility_and_export_automation_only",
2026-10-03T01:53:23.8549056Z     "logout_removes_authenticated_console",
2026-10-03T01:53:23.8549406Z     "no_browser_javascript_errors"
2026-10-03T01:53:23.8549681Z   ],
2026-10-03T01:53:23.8549881Z   "errors": [],
2026-10-03T01:53:23.8550106Z   "not_proven": []
2026-10-03T01:53:23.8550324Z }
2026-10-03T01:53:23.8693021Z ##[group]Run python scripts/run_logged.py evidence/browser-edges.log -- python scripts/browser_edges.py
2026-10-03T01:53:23.8693878Z [36;1mpython scripts/run_logged.py evidence/browser-edges.log -- python scripts/browser_edges.py[0m
2026-10-03T01:53:23.8758233Z shell: /usr/bin/bash --noprofile --norc -e -o pipefail {0}
2026-10-03T01:53:23.8758630Z env:
2026-10-03T01:53:23.8758856Z   NEXT_TELEMETRY_DISABLED: 1
2026-10-03T01:53:23.8759223Z   pythonLocation: /opt/hostedtoolcache/Python/3.13.15/x64
2026-10-03T01:53:23.8759745Z   PKG_CONFIG_PATH: /opt/hostedtoolcache/Python/3.13.15/x64/lib/pkgconfig
2026-10-03T01:53:23.8760291Z   Python_ROOT_DIR: /opt/hostedtoolcache/Python/3.13.15/x64
2026-10-03T01:53:23.8760785Z   Python2_ROOT_DIR: /opt/hostedtoolcache/Python/3.13.15/x64
2026-10-03T01:53:23.8761285Z   Python3_ROOT_DIR: /opt/hostedtoolcache/Python/3.13.15/x64
2026-10-03T01:53:23.8761801Z   LD_LIBRARY_PATH: /opt/hostedtoolcache/Python/3.13.15/x64/lib
2026-10-03T01:53:23.8762252Z ##[endgroup]
2026-10-03T01:53:27.7002877Z {
2026-10-03T01:53:27.7003567Z   "mode": "native_next_browser_real_http",
2026-10-03T01:53:27.7004279Z   "passed": [
2026-10-03T01:53:27.7004930Z     "stale_cas_never_overwrites_new_data",
2026-10-03T01:53:27.7006179Z     "execution_failure_rolls_back_and_renders",
2026-10-03T01:53:27.7006843Z     "unknown_requires_original_receipt_reconciliation",
2026-10-03T01:53:27.7007500Z     "untrusted_long_text_is_escaped_and_mobile_bounded",
2026-10-03T01:53:27.7008095Z     "expired_action_has_no_decision_controls",
2026-10-03T01:53:27.7008788Z     "hard_block_has_no_override_controls",
2026-10-03T01:53:27.7009729Z     "keyboard_login_and_logout_clear_memory_credentials",
2026-10-03T01:53:27.7010561Z     "study_comprehension_is_separate_required_and_exported_as_automation",
2026-10-03T01:53:27.7011298Z     "next_hydration_and_strict_csp_have_no_errors"
2026-10-03T01:53:27.7011762Z   ],
2026-10-03T01:53:27.7012048Z   "errors": [],
2026-10-03T01:53:27.7012413Z   "csp_violations": [],
2026-10-03T01:53:27.7012789Z   "human_participants": 0
2026-10-03T01:53:27.7013107Z }
2026-10-03T01:53:27.7159376Z ##[group]Run python scripts/run_logged.py evidence/docker-smoke.log -- python scripts/docker_smoke.py
2026-10-03T01:53:27.7160273Z [36;1mpython scripts/run_logged.py evidence/docker-smoke.log -- python scripts/docker_smoke.py[0m
2026-10-03T01:53:27.7224300Z shell: /usr/bin/bash --noprofile --norc -e -o pipefail {0}
2026-10-03T01:53:27.7224722Z env:
2026-10-03T01:53:27.7224963Z   NEXT_TELEMETRY_DISABLED: 1
2026-10-03T01:53:27.7225354Z   pythonLocation: /opt/hostedtoolcache/Python/3.13.15/x64
2026-10-03T01:53:27.7226397Z   PKG_CONFIG_PATH: /opt/hostedtoolcache/Python/3.13.15/x64/lib/pkgconfig
2026-10-03T01:53:27.7226944Z   Python_ROOT_DIR: /opt/hostedtoolcache/Python/3.13.15/x64
2026-10-03T01:53:27.7227436Z   Python2_ROOT_DIR: /opt/hostedtoolcache/Python/3.13.15/x64
2026-10-03T01:53:27.7227921Z   Python3_ROOT_DIR: /opt/hostedtoolcache/Python/3.13.15/x64
2026-10-03T01:53:27.7228412Z   LD_LIBRARY_PATH: /opt/hostedtoolcache/Python/3.13.15/x64/lib
2026-10-03T01:53:27.7228859Z ##[endgroup]
2026-10-03T01:54:34.7116754Z {
2026-10-03T01:54:34.7117245Z   "mode": "real_docker_compose",
2026-10-03T01:54:34.7117649Z   "project": "airlock-check-aa74b1747c20",
2026-10-03T01:54:34.7117972Z   "probe": {
2026-10-03T01:54:34.7118281Z     "pending_id": "c043c105a01c4201b89123e9fba24df9",
2026-10-03T01:54:34.7118613Z     "uid": 10001,
2026-10-03T01:54:34.7118886Z     "effective_capabilities": 0,
2026-10-03T01:54:34.7119188Z     "sqlite_runtime": {
2026-10-03T01:54:34.7119450Z       "version": "3.53.1",
2026-10-03T01:54:34.7120067Z       "source_id": "2026-05-05 10:34:17 c88b22011a54b4f6fbd149e9f8e4de77658ce58143a1af0e3785e4e6475127e9",
2026-10-03T01:54:34.7120700Z       "wal_reset_fix": "upstream_fixed_version",
2026-10-03T01:54:34.7121052Z       "compile_options": [
2026-10-03T01:54:34.7121361Z         "ATOMIC_INTRINSICS=1",
2026-10-03T01:54:34.7121672Z         "COMPILER=gcc-14.2.0",
2026-10-03T01:54:34.7121961Z         "DEFAULT_AUTOVACUUM",
2026-10-03T01:54:34.7122289Z         "DEFAULT_CACHE_SIZE=-2000",
2026-10-03T01:54:34.7122621Z         "DEFAULT_FILE_FORMAT=4",
2026-10-03T01:54:34.7122956Z         "DEFAULT_JOURNAL_SIZE_LIMIT=-1",
2026-10-03T01:54:34.7123307Z         "DEFAULT_MMAP_SIZE=0",
2026-10-03T01:54:34.7123617Z         "DEFAULT_PAGE_SIZE=4096",
2026-10-03T01:54:34.7123947Z         "DEFAULT_PCACHE_INITSZ=20",
2026-10-03T01:54:34.7124287Z         "DEFAULT_RECURSIVE_TRIGGERS",
2026-10-03T01:54:34.7124626Z         "DEFAULT_SECTOR_SIZE=4096",
2026-10-03T01:54:34.7124958Z         "DEFAULT_SYNCHRONOUS=2",
2026-10-03T01:54:34.7125304Z         "DEFAULT_WAL_AUTOCHECKPOINT=1000",
2026-10-03T01:54:34.7125945Z         "DEFAULT_WAL_SYNCHRONOUS=2",
2026-10-03T01:54:34.7126288Z         "DEFAULT_WORKER_THREADS=0",
2026-10-03T01:54:34.7126615Z         "DIRECT_OVERFLOW_READ",
2026-10-03T01:54:34.7126931Z         "ENABLE_COLUMN_METADATA",
2026-10-03T01:54:34.7127234Z         "ENABLE_DBSTAT_VTAB",
2026-10-03T01:54:34.7127510Z         "ENABLE_FTS3",
2026-10-03T01:54:34.7127760Z         "ENABLE_FTS5",
2026-10-03T01:54:34.7128045Z         "ENABLE_MATH_FUNCTIONS",
2026-10-03T01:54:34.7128333Z         "ENABLE_RTREE",
2026-10-03T01:54:34.7128617Z         "MALLOC_SOFT_LIMIT=1024",
2026-10-03T01:54:34.7128916Z         "MAX_ATTACHED=10",
2026-10-03T01:54:34.7129181Z         "MAX_COLUMN=2000",
2026-10-03T01:54:34.7129478Z         "MAX_COMPOUND_SELECT=500",
2026-10-03T01:54:34.7129809Z         "MAX_DEFAULT_PAGE_SIZE=8192",
2026-10-03T01:54:34.7130090Z         "MAX_EXPR_DEPTH=1000",
2026-10-03T01:54:34.7130343Z         "MAX_FUNCTION_ARG=1000",
2026-10-03T01:54:34.7130611Z         "MAX_LENGTH=1000000000",
2026-10-03T01:54:34.7130884Z         "MAX_LIKE_PATTERN_LENGTH=50000",
2026-10-03T01:54:34.7131175Z         "MAX_MMAP_SIZE=0x7fff0000",
2026-10-03T01:54:34.7131466Z         "MAX_PAGE_COUNT=0xfffffffe",
2026-10-03T01:54:34.7131749Z         "MAX_PAGE_SIZE=65536",
2026-10-03T01:54:34.7132016Z         "MAX_SQL_LENGTH=1000000000",
2026-10-03T01:54:34.7132290Z         "MAX_TRIGGER_DEPTH=1000",
2026-10-03T01:54:34.7132827Z         "MAX_VARIABLE_NUMBER=32766",
2026-10-03T01:54:34.7133113Z         "MAX_VDBE_OP=250000000",
2026-10-03T01:54:34.7133377Z         "MAX_WORKER_THREADS=8",
2026-10-03T01:54:34.7133619Z         "MUTEX_PTHREADS",
2026-10-03T01:54:34.7133849Z         "SYSTEM_MALLOC",
2026-10-03T01:54:34.7134068Z         "TEMP_STORE=1",
2026-10-03T01:54:34.7134282Z         "THREADSAFE=1",
2026-10-03T01:54:34.7134488Z         "USE_URI"
2026-10-03T01:54:34.7134681Z       ],
2026-10-03T01:54:34.7134868Z       "python": "3.13.16",
2026-10-03T01:54:34.7135131Z       "sqlite_threadsafety": 3,
2026-10-03T01:54:34.7135847Z       "loaded_shared_library_files": [
2026-10-03T01:54:34.7136148Z         {
2026-10-03T01:54:34.7136436Z           "path": "/opt/airlock-sqlite/lib/libsqlite3.so.0",
2026-10-03T01:54:34.7136756Z           "bytes": 1605768,
2026-10-03T01:54:34.7137163Z           "sha256": "8fac480a6336553316e0417dad6fc91f32b054396724b34b65f25546637dcd26"
2026-10-03T01:54:34.7137564Z         }
2026-10-03T01:54:34.7137736Z       ],
2026-10-03T01:54:34.7137964Z       "build_report_verified": true,
2026-10-03T01:54:34.7138463Z       "build_report_sha256": "7b06c542bba71858f7499dc24352ea1f0c39e7aa2f6e36dfdf1b17b64a6cdb2f"
2026-10-03T01:54:34.7138902Z     },
2026-10-03T01:54:34.7139080Z     "checks": [
2026-10-03T01:54:34.7139344Z       "agent_has_no_reviewer_or_audit_secret",
2026-10-03T01:54:34.7139679Z       "target_database_not_mounted_in_agent",
2026-10-03T01:54:34.7139993Z       "no_server_config_or_docker_socket",
2026-10-03T01:54:34.7140301Z       "non_root_read_only_no_capabilities",
2026-10-03T01:54:34.7140614Z       "agent_cannot_approve_or_read_audit",
2026-10-03T01:54:34.7140916Z       "SQL_cannot_read_control_tables",
2026-10-03T01:54:34.7141211Z       "write_waits_for_separate_reviewer",
2026-10-03T01:54:34.7141517Z       "container_loads_pinned_sqlite_runtime"
2026-10-03T01:54:34.7141776Z     ]
2026-10-03T01:54:34.7141947Z   },
2026-10-03T01:54:34.7142372Z   "runtime_image_id": "sha256:f01ff27eadea9863cb5da6a905b8c9afa326b1664b6f2162e8ec5886d1d61e8a",
2026-10-03T01:54:34.7142882Z   "rows_before_independent_approval": 1206,
2026-10-03T01:54:34.7143198Z   "rows_after_approval_and_restart": 0,
2026-10-03T01:54:34.7143467Z   "additional_checks": [
2026-10-03T01:54:34.7143773Z     "pending_survives_server_restart_without_execution",
2026-10-03T01:54:34.7144166Z     "approved_effect_and_audit_persist_without_reseeding",
2026-10-03T01:54:34.7144515Z     "compose_network_is_internal",
2026-10-03T01:54:34.7144815Z     "server_dual_network_agent_internal_only",
2026-10-03T01:54:34.7145139Z     "published_port_is_loopback_only"
2026-10-03T01:54:34.7145385Z   ],
2026-10-03T01:54:34.7145776Z   "limitations": [
2026-10-03T01:54:34.7146163Z     "controlled synthetic deployment, not a general container escape audit",
2026-10-03T01:54:34.7146668Z     "reviewer is automated test code, not a human A/B participant"
2026-10-03T01:54:34.7146996Z   ]
2026-10-03T01:54:34.7147162Z }
2026-10-03T01:54:34.7259544Z ##[group]Run python scripts/run_logged.py evidence/upstream-isolation.log -- python scripts/upstream_isolation.py
2026-10-03T01:54:34.7260477Z [36;1mpython scripts/run_logged.py evidence/upstream-isolation.log -- python scripts/upstream_isolation.py[0m
2026-10-03T01:54:34.7324345Z shell: /usr/bin/bash --noprofile --norc -e -o pipefail {0}
2026-10-03T01:54:34.7324775Z env:
2026-10-03T01:54:34.7325022Z   NEXT_TELEMETRY_DISABLED: 1
2026-10-03T01:54:34.7325419Z   pythonLocation: /opt/hostedtoolcache/Python/3.13.15/x64
2026-10-03T01:54:34.7326172Z   PKG_CONFIG_PATH: /opt/hostedtoolcache/Python/3.13.15/x64/lib/pkgconfig
2026-10-03T01:54:34.7326971Z   Python_ROOT_DIR: /opt/hostedtoolcache/Python/3.13.15/x64
2026-10-03T01:54:34.7327560Z   Python2_ROOT_DIR: /opt/hostedtoolcache/Python/3.13.15/x64
2026-10-03T01:54:34.7328136Z   Python3_ROOT_DIR: /opt/hostedtoolcache/Python/3.13.15/x64
2026-10-03T01:54:34.7342479Z   LD_LIBRARY_PATH: /opt/hostedtoolcache/Python/3.13.15/x64/lib
2026-10-03T01:54:34.7343134Z ##[endgroup]
2026-10-03T01:54:37.9669484Z {"status": "PASS", "mode": "real_docker_protected_upstream", "image": "sha256:f01ff27eadea9863cb5da6a905b8c9afa326b1664b6f2162e8ec5886d1d61e8a", "probe": {"action_id": "d4ef194d24e8476281b5c534fa3d47a0", "checks": ["no_upstream_dns", "no_direct_ip_access", "no_upstream_or_review_secret", "no_server_volume_or_socket", "single_internal_agent_network", "write_waits_for_reviewer"]}, "checks": ["rejection_preserves_remote_value", "separate_approval_executes_once", "separate_compensation_restores_value", "audit_chain_valid"], "network_boundary": "Agent only on internal ingress; upstream only on distinct internal target network; gate on both; no upstream published port", "limitations": ["Synthetic remote CAS counter, scripted reviewer; not a human study", "Dedicated pinned private HTTP in isolated fixture; production untrusted networks require TLS", "Host administrator and container escape outside tested boundary"]}
2026-10-03T01:54:37.9839821Z ##[group]Run actions/setup-go@v6
2026-10-03T01:54:37.9840117Z with:
2026-10-03T01:54:37.9840309Z   go-version: 1.24.8
2026-10-03T01:54:37.9840524Z   cache: false
2026-10-03T01:54:37.9840723Z   check-latest: false
2026-10-03T01:54:37.9843432Z   token: ***
2026-10-03T01:54:37.9843626Z env:
2026-10-03T01:54:37.9843816Z   NEXT_TELEMETRY_DISABLED: 1
2026-10-03T01:54:37.9844128Z   pythonLocation: /opt/hostedtoolcache/Python/3.13.15/x64
2026-10-03T01:54:37.9844556Z   PKG_CONFIG_PATH: /opt/hostedtoolcache/Python/3.13.15/x64/lib/pkgconfig
2026-10-03T01:54:37.9844978Z   Python_ROOT_DIR: /opt/hostedtoolcache/Python/3.13.15/x64
2026-10-03T01:54:37.9845392Z   Python2_ROOT_DIR: /opt/hostedtoolcache/Python/3.13.15/x64
2026-10-03T01:54:37.9846123Z   Python3_ROOT_DIR: /opt/hostedtoolcache/Python/3.13.15/x64
2026-10-03T01:54:37.9846499Z   LD_LIBRARY_PATH: /opt/hostedtoolcache/Python/3.13.15/x64/lib
2026-10-03T01:54:37.9846810Z ##[endgroup]
2026-10-03T01:54:38.1129843Z Setup go version spec 1.24.8
2026-10-03T01:54:38.1143499Z Attempting to download 1.24.8...
2026-10-03T01:54:38.5260208Z matching 1.24.8...
2026-10-03T01:54:38.5335303Z Acquiring 1.24.8 from https://github.com/actions/go-versions/releases/download/1.24.8-18331018734/go-1.24.8-linux-x64.tar.gz
2026-10-03T01:54:39.1651826Z Extracting Go...
2026-10-03T01:54:39.1770084Z [command]/usr/bin/tar xz --warning=no-unknown-keyword --overwrite -C /home/runner/work/_temp/430d7ac5-0a9c-406d-8a52-2485af158c80 -f /home/runner/work/_temp/0894c17f-157c-4228-aacc-7267af4e99c1
2026-10-03T01:54:40.9797669Z Successfully extracted go to /home/runner/work/_temp/430d7ac5-0a9c-406d-8a52-2485af158c80
2026-10-03T01:54:40.9798410Z Adding to the cache ...
2026-10-03T01:54:46.4091024Z Successfully cached go to /opt/hostedtoolcache/go/1.24.8/x64
2026-10-03T01:54:46.4094561Z Added go to the path
2026-10-03T01:54:46.4096909Z Successfully set up Go version 1.24.8
2026-10-03T01:54:46.4293961Z go version go1.24.8 linux/amd64
2026-10-03T01:54:46.4294314Z 
2026-10-03T01:54:46.4294782Z ##[group]go env
2026-10-03T01:54:46.5226443Z AR='ar'
2026-10-03T01:54:46.5226885Z CC='gcc'
2026-10-03T01:54:46.5227268Z CGO_CFLAGS='-O2 -g'
2026-10-03T01:54:46.5227631Z CGO_CPPFLAGS=''
2026-10-03T01:54:46.5228000Z CGO_CXXFLAGS='-O2 -g'
2026-10-03T01:54:46.5228385Z CGO_ENABLED='1'
2026-10-03T01:54:46.5228737Z CGO_FFLAGS='-O2 -g'
2026-10-03T01:54:46.5229089Z CGO_LDFLAGS='-O2 -g'
2026-10-03T01:54:46.5229428Z CXX='g++'
2026-10-03T01:54:46.5229756Z GCCGO='gccgo'
2026-10-03T01:54:46.5230144Z GO111MODULE=''
2026-10-03T01:54:46.5230464Z GOAMD64='v1'
2026-10-03T01:54:46.5230788Z GOARCH='amd64'
2026-10-03T01:54:46.5231117Z GOAUTH='netrc'
2026-10-03T01:54:46.5231456Z GOBIN=''
2026-10-03T01:54:46.5231960Z GOCACHE='/home/runner/.cache/go-build'
2026-10-03T01:54:46.5232477Z GOCACHEPROG=''
2026-10-03T01:54:46.5232794Z GODEBUG=''
2026-10-03T01:54:46.5233212Z GOENV='/home/runner/.config/go/env'
2026-10-03T01:54:46.5233615Z GOEXE=''
2026-10-03T01:54:46.5233927Z GOEXPERIMENT=''
2026-10-03T01:54:46.5234270Z GOFIPS140='off'
2026-10-03T01:54:46.5234589Z GOFLAGS=''
2026-10-03T01:54:46.5236225Z GOGCCFLAGS='-fPIC -m64 -pthread -Wl,--no-gc-sections -fmessage-length=0 -ffile-prefix-map=/tmp/go-build702004637=/tmp/go-build -gno-record-gcc-switches'
2026-10-03T01:54:46.5237348Z GOHOSTARCH='amd64'
2026-10-03T01:54:46.5237691Z GOHOSTOS='linux'
2026-10-03T01:54:46.5238006Z GOINSECURE=''
2026-10-03T01:54:46.5238336Z GOMOD='/dev/null'
2026-10-03T01:54:46.5238751Z GOMODCACHE='/home/runner/go/pkg/mod'
2026-10-03T01:54:46.5239159Z GONOPROXY=''
2026-10-03T01:54:46.5239453Z GONOSUMDB=''
2026-10-03T01:54:46.5239749Z GOOS='linux'
2026-10-03T01:54:46.5240085Z GOPATH='/home/runner/go'
2026-10-03T01:54:46.5240756Z GOPRIVATE=''
2026-10-03T01:54:46.5241231Z GOPROXY='https://proxy.golang.org,direct'
2026-10-03T01:54:46.5241832Z GOROOT='/opt/hostedtoolcache/go/1.24.8/x64'
2026-10-03T01:54:46.5242320Z GOSUMDB='sum.golang.org'
2026-10-03T01:54:46.5242708Z GOTELEMETRY='local'
2026-10-03T01:54:46.5243221Z GOTELEMETRYDIR='/home/runner/.config/go/telemetry'
2026-10-03T01:54:46.5243939Z GOTMPDIR=''
2026-10-03T01:54:46.5244287Z GOTOOLCHAIN='local'
2026-10-03T01:54:46.5244923Z GOTOOLDIR='/opt/hostedtoolcache/go/1.24.8/x64/pkg/tool/linux_amd64'
2026-10-03T01:54:46.5245484Z GOVCS=''
2026-10-03T01:54:46.5246044Z GOVERSION='go1.24.8'
2026-10-03T01:54:46.5246380Z GOWORK=''
2026-10-03T01:54:46.5246717Z PKG_CONFIG='pkg-config'
2026-10-03T01:54:46.5246944Z 
2026-10-03T01:54:46.5247388Z ##[endgroup]
2026-10-03T01:54:46.5446625Z ##[group]Run python scripts/run_logged.py evidence/archive-build.log -- python scripts/build_archive_fixture.py --output evidence/archive-image.json
2026-10-03T01:54:46.5448541Z [36;1mpython scripts/run_logged.py evidence/archive-build.log -- python scripts/build_archive_fixture.py --output evidence/archive-image.json[0m
2026-10-03T01:54:46.5531754Z shell: /usr/bin/bash --noprofile --norc -e -o pipefail {0}
2026-10-03T01:54:46.5532370Z env:
2026-10-03T01:54:46.5532712Z   NEXT_TELEMETRY_DISABLED: 1
2026-10-03T01:54:46.5533286Z   pythonLocation: /opt/hostedtoolcache/Python/3.13.15/x64
2026-10-03T01:54:46.5534095Z   PKG_CONFIG_PATH: /opt/hostedtoolcache/Python/3.13.15/x64/lib/pkgconfig
2026-10-03T01:54:46.5534898Z   Python_ROOT_DIR: /opt/hostedtoolcache/Python/3.13.15/x64
2026-10-03T01:54:46.5535862Z   Python2_ROOT_DIR: /opt/hostedtoolcache/Python/3.13.15/x64
2026-10-03T01:54:46.5536609Z   Python3_ROOT_DIR: /opt/hostedtoolcache/Python/3.13.15/x64
2026-10-03T01:54:46.5537383Z   LD_LIBRARY_PATH: /opt/hostedtoolcache/Python/3.13.15/x64/lib
2026-10-03T01:54:46.5538009Z   GOTOOLCHAIN: local
2026-10-03T01:54:46.5538387Z ##[endgroup]
2026-10-03T01:54:51.1718738Z From https://github.com/minio/minio
2026-10-03T01:54:51.1719720Z  * branch            7aac2a2c5b7c882e68c1ce017d8256be2feea27f -> FETCH_HEAD
2026-10-03T01:54:51.1720966Z HEAD is now at 7aac2a2 update README.md format and clarify state of the project
2026-10-03T01:54:51.1721959Z go: downloading cloud.google.com/go/storage v1.52.0
2026-10-03T01:54:51.1722979Z go: downloading github.com/Azure/azure-sdk-for-go/sdk/azcore v1.18.0
2026-10-03T01:54:51.1724081Z go: downloading github.com/Azure/azure-sdk-for-go/sdk/azidentity v1.9.0
2026-10-03T01:54:51.1725304Z go: downloading github.com/Azure/azure-sdk-for-go/sdk/storage/azblob v1.6.1
2026-10-03T01:54:51.1726494Z go: downloading github.com/cespare/xxhash/v2 v2.3.0
2026-10-03T01:54:51.1727311Z go: downloading github.com/cheggaaa/pb v1.0.29
2026-10-03T01:54:51.1728088Z go: downloading github.com/coreos/go-oidc/v3 v3.14.1
2026-10-03T01:54:51.1728847Z go: downloading cloud.google.com/go v0.120.1
2026-10-03T01:54:51.1729594Z go: downloading github.com/coreos/go-systemd/v22 v22.5.0
2026-10-03T01:54:51.1730418Z go: downloading github.com/cosnicolaou/pbzip2 v1.0.5
2026-10-03T01:54:51.1731199Z go: downloading github.com/dchest/siphash v1.2.3
2026-10-03T01:54:51.1731923Z go: downloading github.com/dustin/go-humanize v1.0.1
2026-10-03T01:54:51.1732670Z go: downloading github.com/fatih/color v1.18.0
2026-10-03T01:54:51.1733401Z go: downloading github.com/felixge/fgprof v0.9.5
2026-10-03T01:54:51.1734124Z go: downloading github.com/go-openapi/loads v0.22.0
2026-10-03T01:54:51.1734895Z go: downloading github.com/golang-jwt/jwt/v4 v4.5.2
2026-10-03T01:54:51.1735782Z go: downloading github.com/google/uuid v1.6.0
2026-10-03T01:54:51.1736608Z go: downloading github.com/inconshreveable/mousetrap v1.1.0
2026-10-03T01:54:51.1737448Z go: downloading github.com/json-iterator/go v1.1.12
2026-10-03T01:54:51.1738204Z go: downloading github.com/klauspost/compress v1.18.0
2026-10-03T01:54:51.1738965Z go: downloading github.com/klauspost/filepathx v1.1.1
2026-10-03T01:54:51.1739912Z go: downloading github.com/klauspost/readahead v1.4.0
2026-10-03T01:54:51.1740911Z go: downloading github.com/klauspost/pgzip v1.2.6
2026-10-03T01:54:51.1741659Z go: downloading github.com/klauspost/reedsolomon v1.12.4
2026-10-03T01:54:51.1742434Z go: downloading github.com/lithammer/shortuuid/v4 v4.2.0
2026-10-03T01:54:51.1743121Z go: downloading github.com/miekg/dns v1.1.65
2026-10-03T01:54:51.1743730Z go: downloading github.com/minio/cli v1.24.2
2026-10-03T01:54:51.1744613Z go: downloading github.com/minio/console v1.7.7-0.20250905210349-2017f33b26e1
2026-10-03T01:54:51.1745436Z go: downloading github.com/minio/dnscache v0.1.1
2026-10-03T01:54:51.1746765Z go: downloading github.com/minio/dperf v0.6.3
2026-10-03T01:54:51.1747470Z go: downloading github.com/minio/highwayhash v1.0.3
2026-10-03T01:54:51.1748412Z go: downloading github.com/minio/kms-go/kes v0.3.1
2026-10-03T01:54:51.1749156Z go: downloading github.com/minio/madmin-go/v3 v3.0.109
2026-10-03T01:54:51.1749889Z go: downloading github.com/minio/minio-go/v7 v7.0.91
2026-10-03T01:54:51.1750536Z go: downloading github.com/minio/mux v1.9.2
2026-10-03T01:54:51.1751188Z go: downloading github.com/minio/pkg/v3 v3.1.3
2026-10-03T01:54:51.1752469Z go: downloading github.com/minio/selfupdate v0.6.0
2026-10-03T01:54:51.1753908Z go: downloading github.com/minio/xxml v0.0.3
2026-10-03T01:54:51.1756527Z go: downloading github.com/minio/sio v0.4.1
2026-10-03T01:54:51.1757958Z go: downloading github.com/minio/zipindex v0.4.0
2026-10-03T01:54:51.1758698Z go: downloading github.com/mitchellh/go-homedir v1.1.0
2026-10-03T01:54:51.1759413Z go: downloading github.com/philhofer/fwd v1.2.0
2026-10-03T01:54:51.1760113Z go: downloading github.com/pierrec/lz4/v4 v4.1.22
2026-10-03T01:54:51.1760750Z go: downloading github.com/pkg/errors v0.9.1
2026-10-03T01:54:51.1761384Z go: downloading github.com/pkg/sftp v1.13.9
2026-10-03T01:54:51.1761995Z go: downloading github.com/pkg/xattr v0.4.10
2026-10-03T01:54:51.1762745Z go: downloading github.com/prometheus/client_golang v1.22.0
2026-10-03T01:54:51.1763542Z go: downloading github.com/prometheus/client_model v0.6.2
2026-10-03T01:54:51.1764310Z go: downloading github.com/prometheus/common v0.63.0
2026-10-03T01:54:51.1765044Z go: downloading github.com/prometheus/procfs v0.16.1
2026-10-03T01:54:51.1765973Z go: downloading github.com/puzpuzpuz/xsync/v3 v3.5.1
2026-10-03T01:54:51.1766949Z go: downloading github.com/rcrowley/go-metrics v0.0.0-20250401214520-65e299d6c5c9
2026-10-03T01:54:51.1767785Z go: downloading github.com/rs/cors v1.11.1
2026-10-03T01:54:51.1768434Z go: downloading github.com/secure-io/sio-go v0.3.1
2026-10-03T01:54:51.1769162Z go: downloading github.com/shirou/gopsutil/v3 v3.24.5
2026-10-03T01:54:51.1769854Z go: downloading github.com/tinylib/msgp v1.4.0
2026-10-03T01:54:51.1770575Z go: downloading github.com/valyala/bytebufferpool v1.0.0
2026-10-03T01:54:51.1771279Z go: downloading github.com/zeebo/xxh3 v1.0.2
2026-10-03T01:54:51.1771919Z go: downloading go.etcd.io/etcd/api/v3 v3.5.21
2026-10-03T01:54:51.1772572Z go: downloading go.etcd.io/etcd/client/v3 v3.5.21
2026-10-03T01:54:51.1773217Z go: downloading go.uber.org/atomic v1.11.0
2026-10-03T01:54:51.1773830Z go: downloading goftp.io/server/v2 v2.0.1
2026-10-03T01:54:51.1774434Z go: downloading golang.org/x/crypto v0.37.0
2026-10-03T01:54:51.1775056Z go: downloading golang.org/x/oauth2 v0.29.0
2026-10-03T01:54:51.1776079Z go: downloading golang.org/x/sync v0.13.0
2026-10-03T01:54:51.1776707Z go: downloading golang.org/x/sys v0.32.0
2026-10-03T01:54:51.1777310Z go: downloading golang.org/x/term v0.31.0
2026-10-03T01:54:51.1777956Z go: downloading google.golang.org/api v0.230.0
2026-10-03T01:54:51.1778586Z go: downloading gopkg.in/yaml.v2 v2.4.0
2026-10-03T01:54:51.1779166Z go: downloading gopkg.in/yaml.v3 v3.0.1
2026-10-03T01:54:51.1779987Z go: downloading github.com/Azure/azure-sdk-for-go/sdk/internal v1.11.1
2026-10-03T01:54:51.1781080Z go: downloading github.com/AzureAD/microsoft-authentication-library-for-go v1.4.2
2026-10-03T01:54:51.1782023Z go: downloading github.com/mattn/go-runewidth v0.0.16
2026-10-03T01:54:51.1782925Z go: downloading github.com/go-jose/go-jose/v4 v4.1.0
2026-10-03T01:54:51.1783916Z go: downloading cloud.google.com/go/compute/metadata v0.6.0
2026-10-03T01:54:53.9432104Z go: downloading cloud.google.com/go/iam v1.5.2
2026-10-03T01:54:53.9433816Z go: downloading github.com/GoogleCloudPlatform/opentelemetry-operations-go/exporter/metric v0.51.0
2026-10-03T01:54:53.9434742Z go: downloading github.com/googleapis/gax-go/v2 v2.14.1
2026-10-03T01:54:53.9436317Z go: downloading go.opentelemetry.io/contrib/detectors/gcp v1.35.0
2026-10-03T01:54:53.9437255Z go: downloading go.opentelemetry.io/otel v1.35.0
2026-10-03T01:54:53.9438084Z go: downloading go.opentelemetry.io/otel/sdk/metric v1.35.0
2026-10-03T01:54:53.9438898Z go: downloading go.opentelemetry.io/otel/sdk v1.35.0
2026-10-03T01:54:53.9439966Z go: downloading go.opentelemetry.io/otel/trace v1.35.0
2026-10-03T01:54:53.9440949Z go: downloading google.golang.org/genproto v0.0.0-20250422160041-2d3770c4ea7f
2026-10-03T01:54:53.9441799Z go: downloading google.golang.org/grpc v1.72.0
2026-10-03T01:54:53.9442518Z go: downloading google.golang.org/protobuf v1.36.6
2026-10-03T01:54:53.9443253Z go: downloading github.com/mattn/go-colorable v0.1.14
2026-10-03T01:54:53.9443990Z go: downloading github.com/mattn/go-isatty v0.0.20
2026-10-03T01:54:53.9444873Z go: downloading github.com/google/pprof v0.0.0-20250422154841-e1f9c1950416
2026-10-03T01:54:53.9446005Z go: downloading github.com/go-openapi/analysis v0.23.0
2026-10-03T01:54:53.9446755Z go: downloading github.com/go-openapi/spec v0.21.0
2026-10-03T01:54:53.9447471Z go: downloading github.com/go-openapi/swag v0.23.1
2026-10-03T01:54:53.9448419Z go: downloading github.com/modern-go/concurrent v0.0.0-20180306012644-bacd9c7ef1dd
2026-10-03T01:54:53.9449348Z go: downloading github.com/modern-go/reflect2 v1.0.2
2026-10-03T01:54:53.9450032Z go: downloading golang.org/x/net v0.39.0
2026-10-03T01:54:53.9450720Z go: downloading github.com/klauspost/cpuid/v2 v2.2.10
2026-10-03T01:54:53.9451439Z go: downloading github.com/go-openapi/errors v0.22.1
2026-10-03T01:54:53.9452183Z go: downloading github.com/go-openapi/runtime v0.28.0
2026-10-03T01:54:53.9452909Z go: downloading github.com/jessevdk/go-flags v1.6.1
2026-10-03T01:54:53.9453935Z go: downloading github.com/minio/mc v0.0.0-20250313080218-cf909e1063a9
2026-10-03T01:54:53.9454743Z go: downloading github.com/minio/websocket v1.6.0
2026-10-03T01:54:53.9455436Z go: downloading github.com/unrolled/secure v1.17.0
2026-10-03T01:54:53.9456420Z go: downloading github.com/go-openapi/strfmt v0.23.0
2026-10-03T01:54:53.9457100Z go: downloading github.com/ncw/directio v1.0.5
2026-10-03T01:54:53.9457724Z go: downloading aead.dev/mem v0.2.0
2026-10-03T01:54:53.9458397Z go: downloading github.com/prometheus/prom2json v1.4.2
2026-10-03T01:54:53.9459126Z go: downloading github.com/safchain/ethtool v0.5.10
2026-10-03T01:54:53.9459828Z go: downloading github.com/goccy/go-json v0.10.5
2026-10-03T01:54:53.9460505Z go: downloading github.com/minio/crc64nvme v1.0.1
2026-10-03T01:54:53.9461190Z go: downloading github.com/minio/md5-simd v1.1.2
2026-10-03T01:54:53.9461834Z go: downloading github.com/rs/xid v1.6.0
2026-10-03T01:54:53.9462455Z go: downloading github.com/go-ini/ini v1.67.0
2026-10-03T01:54:53.9463049Z go: downloading golang.org/x/time v0.11.0
2026-10-03T01:54:53.9463674Z go: downloading github.com/beevik/ntp v1.4.3
2026-10-03T01:54:53.9464258Z go: downloading go.uber.org/zap v1.27.0
2026-10-03T01:54:53.9465119Z go: downloading github.com/go-ldap/ldap/v3 v3.4.11
2026-10-03T01:54:53.9466584Z go: downloading github.com/rabbitmq/amqp091-go v1.10.0
2026-10-03T01:54:53.9467394Z go: downloading github.com/IBM/sarama v1.45.1
2026-10-03T01:54:53.9468213Z go: downloading github.com/eclipse/paho.mqtt.golang v1.5.0
2026-10-03T01:54:53.9469110Z go: downloading github.com/elastic/go-elasticsearch/v7 v7.17.10
2026-10-03T01:54:53.9469945Z go: downloading github.com/go-sql-driver/mysql v1.9.2
2026-10-03T01:54:53.9470647Z go: downloading github.com/gomodule/redigo v1.9.2
2026-10-03T01:54:53.9471302Z go: downloading github.com/lib/pq v1.10.9
2026-10-03T01:54:53.9472328Z go: downloading github.com/nats-io/nats.go v1.41.2
2026-10-03T01:54:53.9473005Z go: downloading github.com/nats-io/stan.go v0.10.4
2026-10-03T01:54:53.9473858Z go: downloading github.com/nsqio/go-nsq v1.1.0
2026-10-03T01:54:53.9474488Z go: downloading github.com/xdg/scram v1.0.5
2026-10-03T01:54:53.9475152Z go: downloading github.com/buger/jsonparser v1.1.1
2026-10-03T01:54:53.9476219Z go: downloading github.com/gobwas/ws v1.4.0
2026-10-03T01:54:53.9476836Z go: downloading aead.dev/mtls v0.2.1
2026-10-03T01:54:53.9477708Z go: downloading github.com/minio/kms-go/kms v0.5.1-0.20250225090116-4e64ce8d0f35
2026-10-03T01:54:53.9478605Z go: downloading github.com/minio/simdjson-go v0.4.5
2026-10-03T01:54:53.9479479Z go: downloading github.com/rjeczalik/notify v0.9.3
2026-10-03T01:54:53.9480203Z go: downloading github.com/fatih/structs v1.1.0
2026-10-03T01:54:53.9480919Z go: downloading github.com/lestrrat-go/jwx/v2 v2.1.4
2026-10-03T01:54:53.9481553Z go: downloading aead.dev/minisign v0.3.0
2026-10-03T01:54:53.9482150Z go: downloading github.com/kr/fs v0.1.0
2026-10-03T01:54:53.9482763Z go: downloading github.com/beorn7/perks v1.0.1
2026-10-03T01:54:53.9483669Z go: downloading github.com/munnerz/goautoneg v0.0.0-20191010083416-a7dc8b61c822
2026-10-03T01:54:53.9484554Z go: downloading github.com/tklauser/go-sysconf v0.3.15
2026-10-03T01:54:53.9485286Z go: downloading github.com/gogo/protobuf v1.3.2
2026-10-03T01:54:53.9486221Z go: downloading github.com/golang/protobuf v1.5.4
2026-10-03T01:54:53.9486981Z go: downloading go.etcd.io/etcd/client/pkg/v3 v3.5.21
2026-10-03T01:54:53.9487730Z go: downloading github.com/kylelemons/godebug v1.1.0
2026-10-03T01:54:53.9488822Z go: downloading github.com/pkg/browser v0.0.0-20240102092130-5ac0b6a4141c
2026-10-03T01:54:53.9489618Z go: downloading github.com/rivo/uniseg v0.4.7
2026-10-03T01:54:53.9490649Z go: downloading google.golang.org/genproto/googleapis/api v0.0.0-20250422160041-2d3770c4ea7f
2026-10-03T01:54:53.9491911Z go: downloading google.golang.org/genproto/googleapis/rpc v0.0.0-20250422160041-2d3770c4ea7f
2026-10-03T01:54:53.9492897Z go: downloading cloud.google.com/go/monitoring v1.24.2
2026-10-03T01:54:54.9662235Z go: downloading github.com/GoogleCloudPlatform/opentelemetry-operations-go/internal/resourcemapping v0.51.0
2026-10-03T01:54:54.9664260Z go: downloading github.com/GoogleCloudPlatform/opentelemetry-operations-go/detectors/gcp v1.27.0
2026-10-03T01:54:54.9665529Z go: downloading github.com/go-logr/logr v1.4.2
2026-10-03T01:54:54.9666738Z go: downloading go.opentelemetry.io/otel/metric v1.35.0
2026-10-03T01:54:54.9667676Z go: downloading cloud.google.com/go/auth v0.16.0
2026-10-03T01:54:54.9668648Z go: downloading cloud.google.com/go/auth/oauth2adapt v0.2.8
2026-10-03T01:54:54.9669907Z go: downloading go.opentelemetry.io/contrib/instrumentation/net/http/otelhttp v0.60.0
2026-10-03T01:54:54.9671014Z go: downloading github.com/go-openapi/jsonpointer v0.21.1
2026-10-03T01:54:54.9671853Z go: downloading github.com/mailru/easyjson v0.9.0
2026-10-03T01:54:54.9672721Z go: downloading github.com/go-openapi/jsonreference v0.21.0
2026-10-03T01:54:54.9673560Z go: downloading github.com/docker/go-units v0.5.0
2026-10-03T01:54:54.9674374Z go: downloading github.com/go-openapi/validate v0.24.0
2026-10-03T01:54:54.9675240Z go: downloading github.com/charmbracelet/bubbles v0.20.0
2026-10-03T01:54:54.9676360Z go: downloading github.com/charmbracelet/bubbletea v1.3.4
2026-10-03T01:54:54.9677266Z go: downloading github.com/charmbracelet/lipgloss v1.0.0
2026-10-03T01:54:54.9678302Z go: downloading github.com/google/shlex v0.0.0-20191202100458-e7afc7fbc510
2026-10-03T01:54:54.9679290Z go: downloading github.com/jedib0t/go-pretty/v6 v6.6.7
2026-10-03T01:54:54.9680139Z go: downloading github.com/mattn/go-ieproxy v0.0.12
2026-10-03T01:54:54.9680949Z go: downloading github.com/minio/colorjson v1.0.8
2026-10-03T01:54:54.9681739Z go: downloading github.com/minio/filepath v1.0.0
2026-10-03T01:54:54.9682565Z go: downloading github.com/muesli/reflow v0.3.0
2026-10-03T01:54:54.9683700Z go: downloading github.com/muesli/termenv v0.16.0
2026-10-03T01:54:54.9684484Z go: downloading github.com/olekukonko/tablewriter v0.0.5
2026-10-03T01:54:54.9685206Z go: downloading github.com/posener/complete v1.2.3
2026-10-03T01:54:54.9686110Z go: downloading github.com/tidwall/gjson v1.18.0
2026-10-03T01:54:54.9686790Z go: downloading github.com/vbauerster/mpb/v8 v8.9.3
2026-10-03T01:54:54.9687442Z go: downloading golang.org/x/text v0.24.0
2026-10-03T01:54:54.9688354Z go: downloading github.com/asaskevich/govalidator v0.0.0-20230301143203-a9d515a09cc2
2026-10-03T01:54:54.9689290Z go: downloading github.com/mitchellh/mapstructure v1.5.0
2026-10-03T01:54:54.9689980Z go: downloading github.com/oklog/ulid v1.3.1
2026-10-03T01:54:54.9690847Z go: downloading go.mongodb.org/mongo-driver v1.17.3
2026-10-03T01:54:54.9691776Z go: downloading github.com/matttproud/golang_protobuf_extensions v1.0.4
2026-10-03T01:54:54.9692817Z go: downloading github.com/Azure/go-ntlmssp v0.0.0-20221128193559-754e69321358
2026-10-03T01:54:54.9693939Z go: downloading github.com/go-asn1-ber/asn1-ber v1.5.8-0.20250403174932-29230038a667
2026-10-03T01:54:54.9694788Z go: downloading go.uber.org/multierr v1.11.0
2026-10-03T01:54:54.9695447Z go: downloading github.com/gorilla/websocket v1.5.3
2026-10-03T01:54:54.9696590Z go: downloading github.com/davecgh/go-spew v1.1.2-0.20180830191138-d8f796af33cc
2026-10-03T01:54:54.9697649Z go: downloading github.com/eapache/go-resiliency v1.7.0
2026-10-03T01:54:54.9698648Z go: downloading github.com/eapache/go-xerial-snappy v0.0.0-20230731223053-c322873962e3
2026-10-03T01:54:54.9699560Z go: downloading github.com/eapache/queue v1.1.0
2026-10-03T01:54:54.9700301Z go: downloading github.com/hashicorp/go-multierror v1.1.1
2026-10-03T01:54:54.9701057Z go: downloading github.com/jcmturner/gofork v1.7.6
2026-10-03T01:54:54.9701789Z go: downloading github.com/jcmturner/gokrb5/v8 v8.4.4
2026-10-03T01:54:54.9702492Z go: downloading filippo.io/edwards25519 v1.1.0
2026-10-03T01:54:54.9703153Z go: downloading github.com/nats-io/nuid v1.0.1
2026-10-03T01:54:54.9703840Z go: downloading github.com/golang/snappy v1.0.0
2026-10-03T01:54:54.9704523Z go: downloading github.com/xdg/stringprep v1.0.3
2026-10-03T01:54:54.9705207Z go: downloading github.com/gobwas/httphead v0.1.0
2026-10-03T01:54:54.9706344Z go: downloading github.com/gobwas/pool v0.2.1
2026-10-03T01:54:54.9707051Z go: downloading github.com/nats-io/nkeys v0.4.11
2026-10-03T01:54:54.9707753Z go: downloading github.com/minio/csvparser v1.0.0
2026-10-03T01:54:54.9708503Z go: downloading github.com/fraugster/parquet-go v0.12.0
2026-10-03T01:54:54.9709258Z go: downloading github.com/alecthomas/participle v0.7.1
2026-10-03T01:54:54.9710012Z go: downloading github.com/lestrrat-go/option v1.0.1
2026-10-03T01:54:54.9710773Z go: downloading github.com/lestrrat-go/blackmagic v1.0.2
2026-10-03T01:54:54.9711567Z go: downloading github.com/lestrrat-go/httprc v1.0.6
2026-10-03T01:54:54.9712309Z go: downloading github.com/lestrrat-go/iter v1.0.2
2026-10-03T01:54:54.9713013Z go: downloading github.com/coreos/go-semver v0.3.1
2026-10-03T01:54:54.9713730Z go: downloading github.com/tklauser/numcpus v0.10.0
2026-10-03T01:54:54.9714448Z go: downloading github.com/golang-jwt/jwt/v5 v5.2.2
2026-10-03T01:54:54.9715822Z go: downloading go.opentelemetry.io/contrib/instrumentation/google.golang.org/grpc/otelgrpc v0.60.0
2026-10-03T01:54:54.9716832Z go: downloading github.com/go-logr/stdr v1.2.2
2026-10-03T01:54:54.9717538Z go: downloading go.opentelemetry.io/auto/sdk v1.1.0
2026-10-03T01:54:54.9718235Z go: downloading github.com/google/s2a-go v0.1.9
2026-10-03T01:54:54.9719110Z go: downloading github.com/googleapis/enterprise-certificate-proxy v0.3.6
2026-10-03T01:54:54.9720189Z go: downloading github.com/envoyproxy/go-control-plane/envoy v1.32.4
2026-10-03T01:54:54.9721041Z go: downloading github.com/felixge/httpsnoop v1.0.4
2026-10-03T01:54:54.9721863Z go: downloading github.com/josharian/intern v1.0.0
2026-10-03T01:54:54.9722603Z go: downloading github.com/charmbracelet/x/ansi v0.8.0
2026-10-03T01:54:54.9723569Z go: downloading github.com/charmbracelet/x/term v0.2.1
2026-10-03T01:54:54.9724145Z go: downloading github.com/muesli/ansi v0.0.0-20230316100256-276c6243b2f6
2026-10-03T01:56:34.2281666Z go: downloading github.com/muesli/cancelreader v0.2.2
2026-10-03T01:56:34.2282517Z go: downloading github.com/juju/ratelimit v1.0.2
2026-10-03T01:56:34.2283499Z go: downloading github.com/aymanbagabas/go-osc52/v2 v2.0.1
2026-10-03T01:56:34.2284135Z go: downloading github.com/lucasb-eyer/go-colorful v1.2.0
2026-10-03T01:56:34.2298062Z go: downloading github.com/tidwall/match v1.1.1
2026-10-03T01:56:34.2298729Z go: downloading github.com/tidwall/pretty v1.2.1
2026-10-03T01:56:34.2299798Z go: downloading github.com/acarl005/stripansi v0.0.0-20180116102854-5a71ef0e047d
2026-10-03T01:56:34.2300775Z go: downloading github.com/VividCortex/ewma v1.2.0
2026-10-03T01:56:34.2301375Z go: downloading github.com/prometheus/prometheus v0.303.0
2026-10-03T01:56:34.2301845Z go: downloading github.com/hashicorp/errwrap v1.1.0
2026-10-03T01:56:34.2302302Z go: downloading github.com/hashicorp/go-uuid v1.0.3
2026-10-03T01:56:34.2302759Z go: downloading github.com/jcmturner/dnsutils/v2 v2.0.0
2026-10-03T01:56:34.2303300Z go: downloading github.com/apache/thrift v0.21.0
2026-10-03T01:56:34.2304036Z go: downloading github.com/lestrrat-go/httpcc v1.0.1
2026-10-03T01:56:34.2304779Z go: downloading github.com/spiffe/go-spiffe/v2 v2.5.0
2026-10-03T01:56:34.2305889Z go: downloading github.com/cncf/xds/go v0.0.0-20250326154945-ae57f3c0d45f
2026-10-03T01:56:34.2307023Z go: downloading github.com/envoyproxy/protoc-gen-validate v1.2.1
2026-10-03T01:56:34.2307877Z go: downloading github.com/jcmturner/rpc/v2 v2.0.3
2026-10-03T01:56:34.2308600Z go: downloading github.com/zeebo/errs v1.4.0
2026-10-03T01:56:34.2309262Z go: downloading cel.dev/expr v0.23.1
2026-10-03T01:56:34.2309981Z go: downloading github.com/jcmturner/aescts/v2 v2.0.0
2026-10-03T01:56:34.2310803Z #0 building with "default" instance using docker driver
2026-10-03T01:56:34.2311245Z 
2026-10-03T01:56:34.2311678Z #1 [internal] load build definition from Dockerfile.fixture
2026-10-03T01:56:34.2312412Z #1 transferring dockerfile: 235B done
2026-10-03T01:56:34.2312897Z #1 DONE 0.0s
2026-10-03T01:56:34.2313100Z 
2026-10-03T01:56:34.2313367Z #2 [internal] load build context
2026-10-03T01:56:34.2313937Z #2 transferring context: 28.94MB 0.1s
2026-10-03T01:56:34.2314550Z #2 transferring context: 151.09MB 0.5s done
2026-10-03T01:56:34.2315047Z #2 DONE 0.5s
2026-10-03T01:56:34.2315241Z 
2026-10-03T01:56:34.2315453Z #3 [1/2] COPY minio /minio
2026-10-03T01:56:34.2316107Z #3 DONE 0.1s
2026-10-03T01:56:34.2316305Z 
2026-10-03T01:56:34.2316549Z #4 [2/2] COPY LICENSE /LICENSE
2026-10-03T01:56:34.2316959Z #4 DONE 1.5s
2026-10-03T01:56:34.2317162Z 
2026-10-03T01:56:34.2317368Z #5 exporting to image
2026-10-03T01:56:34.2317787Z #5 exporting layers
2026-10-03T01:56:34.2318207Z #5 exporting layers 0.3s done
2026-10-03T01:56:34.2319206Z #5 writing image sha256:1483ac014a2f8ff12059ed0039e39d55837696a4b94ccfd6e289460c2beaf730 done
2026-10-03T01:56:34.2320433Z #5 naming to docker.io/library/airlock-archive-fixture:1d1a128c6ffe done
2026-10-03T01:56:34.2321076Z #5 DONE 0.3s
2026-10-03T01:56:34.2325130Z {"source": "https://github.com/minio/minio.git", "source_commit": "7aac2a2c5b7c882e68c1ce017d8256be2feea27f", "binary_sha256": "e7425aad90f11c859f386485a63a5af888ee645a99fbfcdb64bd960d7d20f7a8", "runtime_image_id": "sha256:1483ac014a2f8ff12059ed0039e39d55837696a4b94ccfd6e289460c2beaf730", "local_tag": "airlock-archive-fixture:1d1a128c6ffe", "scope": "archived upstream source built only for throwaway S3 contract tests, not a production distribution recommendation"}
2026-10-03T01:56:34.2430311Z ##[group]Run python scripts/run_logged.py evidence/archive-integration.log -- python scripts/archive_integration.py --output evidence/archive-integration.json
2026-10-03T01:56:34.2431457Z [36;1mpython scripts/run_logged.py evidence/archive-integration.log -- python scripts/archive_integration.py --output evidence/archive-integration.json[0m
2026-10-03T01:56:34.2495971Z shell: /usr/bin/bash --noprofile --norc -e -o pipefail {0}
2026-10-03T01:56:34.2496392Z env:
2026-10-03T01:56:34.2496604Z   NEXT_TELEMETRY_DISABLED: 1
2026-10-03T01:56:34.2496941Z   pythonLocation: /opt/hostedtoolcache/Python/3.13.15/x64
2026-10-03T01:56:34.2497423Z   PKG_CONFIG_PATH: /opt/hostedtoolcache/Python/3.13.15/x64/lib/pkgconfig
2026-10-03T01:56:34.2497902Z   Python_ROOT_DIR: /opt/hostedtoolcache/Python/3.13.15/x64
2026-10-03T01:56:34.2498326Z   Python2_ROOT_DIR: /opt/hostedtoolcache/Python/3.13.15/x64
2026-10-03T01:56:34.2498747Z   Python3_ROOT_DIR: /opt/hostedtoolcache/Python/3.13.15/x64
2026-10-03T01:56:34.2499200Z   LD_LIBRARY_PATH: /opt/hostedtoolcache/Python/3.13.15/x64/lib
2026-10-03T01:56:34.2499558Z   GOTOOLCHAIN: local
2026-10-03T01:56:34.2499783Z ##[endgroup]
2026-10-03T01:56:35.7281919Z {"mode": "real_docker_s3_object_lock", "image_digests": [], "runtime_image_id": "sha256:1483ac014a2f8ff12059ed0039e39d55837696a4b94ccfd6e289460c2beaf730", "receipt": {"bucket": "airlock-evidence", "key": "checkpoints/6e60abcaac0844fe8f2078f244d4852c/000000000001-24ee9e0f6eb25948512bcb00354260408f45531921c5e21506538629dee2385c.json", "version_id": "72e49761-bc71-40a5-a67c-0f49cec05450", "sha256": "24ee9e0f6eb25948512bcb00354260408f45531921c5e21506538629dee2385c", "retain_until": "2026-10-04T01:56:35+00:00", "mode": "COMPLIANCE", "database_instance": "6e60abcaac0844fe8f2078f244d4852c", "seq": 1}, "checks": ["delete_exact_version", "shorten_compliance", "downgrade_to_governance", "version_pinned_after_new_version", "retrieved_anchor_detects_tail_deletion", "unapproved_target_unchanged"], "actual_denials": {"delete_exact_version": {"http_status": 400, "code": "InvalidRequest", "message": "Object is WORM protected and cannot be overwritten"}, "shorten_compliance": {"http_status": 400, "code": "InvalidRequest", "message": "Object is WORM protected and cannot be overwritten"}, "downgrade_to_governance": {"http_status": 400, "code": "InvalidRequest", "message": "Object is WORM protected and cannot be overwritten"}}, "credential_scope": "new synthetic fixture only; never read default AWS credentials", "retention_scope": "COMPLIANCE API semantics; temporary test container removed, not permanent production archive", "exit_code": 0}
2026-10-03T01:56:35.7409485Z ##[group]Run python scripts/run_logged.py evidence/research-pipeline.log -- python scripts/research_pipeline.py --output evidence/research-pipeline
2026-10-03T01:56:35.7410543Z [36;1mpython scripts/run_logged.py evidence/research-pipeline.log -- python scripts/research_pipeline.py --output evidence/research-pipeline[0m
2026-10-03T01:56:35.7474378Z shell: /usr/bin/bash --noprofile --norc -e -o pipefail {0}
2026-10-03T01:56:35.7474752Z env:
2026-10-03T01:56:35.7474961Z   NEXT_TELEMETRY_DISABLED: 1
2026-10-03T01:56:35.7475297Z   pythonLocation: /opt/hostedtoolcache/Python/3.13.15/x64
2026-10-03T01:56:35.7476058Z   PKG_CONFIG_PATH: /opt/hostedtoolcache/Python/3.13.15/x64/lib/pkgconfig
2026-10-03T01:56:35.7476550Z   Python_ROOT_DIR: /opt/hostedtoolcache/Python/3.13.15/x64
2026-10-03T01:56:35.7476968Z   Python2_ROOT_DIR: /opt/hostedtoolcache/Python/3.13.15/x64
2026-10-03T01:56:35.7477389Z   Python3_ROOT_DIR: /opt/hostedtoolcache/Python/3.13.15/x64
2026-10-03T01:56:35.7477838Z   LD_LIBRARY_PATH: /opt/hostedtoolcache/Python/3.13.15/x64/lib
2026-10-03T01:56:35.7478193Z   GOTOOLCHAIN: local
2026-10-03T01:56:35.7478418Z ##[endgroup]
2026-10-03T01:56:36.3213714Z {"status": "PASS", "meaning": "Pipeline contract passed; research acceptance remains blocked", "source_families": 3, "source_types": ["synthetic", "public_incident"], "public_incident_families": 1, "human_participants": 0, "paired_human_labels": 0, "authorized_log_records": 0, "checks": ["blank_annotation_templates_only", "exact_prediction_coverage", "authority_and_semantic_metrics_separate", "missing_humans_do_not_pass", "no_target_write", "empty_governance_denominators_remain_unknown"]}
2026-10-03T01:56:36.3362932Z ##[group]Run python scripts/run_logged.py evidence/container-integrations.log -- python scripts/container_integrations.py
2026-10-03T01:56:36.3364812Z [36;1mpython scripts/run_logged.py evidence/container-integrations.log -- python scripts/container_integrations.py[0m
2026-10-03T01:56:36.3431608Z shell: /usr/bin/bash --noprofile --norc -e -o pipefail {0}
2026-10-03T01:56:36.3431961Z env:
2026-10-03T01:56:36.3432155Z   NEXT_TELEMETRY_DISABLED: 1
2026-10-03T01:56:36.3432468Z   pythonLocation: /opt/hostedtoolcache/Python/3.13.15/x64
2026-10-03T01:56:36.3432909Z   PKG_CONFIG_PATH: /opt/hostedtoolcache/Python/3.13.15/x64/lib/pkgconfig
2026-10-03T01:56:36.3433361Z   Python_ROOT_DIR: /opt/hostedtoolcache/Python/3.13.15/x64
2026-10-03T01:56:36.3433746Z   Python2_ROOT_DIR: /opt/hostedtoolcache/Python/3.13.15/x64
2026-10-03T01:56:36.3434132Z   Python3_ROOT_DIR: /opt/hostedtoolcache/Python/3.13.15/x64
2026-10-03T01:56:36.3434545Z   LD_LIBRARY_PATH: /opt/hostedtoolcache/Python/3.13.15/x64/lib
2026-10-03T01:56:36.3434864Z   GOTOOLCHAIN: local
2026-10-03T01:56:36.3435072Z ##[endgroup]
2026-10-03T01:56:41.8680846Z {
2026-10-03T01:56:41.8681208Z   "envoy": {
2026-10-03T01:56:41.8681813Z     "image": "envoyproxy/envoy:v1.39.1",
2026-10-03T01:56:41.8683280Z     "repo_digests": "[\"envoyproxy/envoy@sha256:57e14a549d7bd43c8d3f6d03e8cfa653e037d4b38e133acd9b54f38c524401b4\"]",
2026-10-03T01:56:41.8684316Z     "rows": [
2026-10-03T01:56:41.8684684Z       {
2026-10-03T01:56:41.8685076Z         "case": "zero",
2026-10-03T01:56:41.8685530Z         "rule": "threshold",
2026-10-03T01:56:41.8686581Z         "airlock_expression": "changed_rows >= 100",
2026-10-03T01:56:41.8687491Z         "envoy_expression": "int(request.headers['x-rows']) >= 100",
2026-10-03T01:56:41.8688156Z         "airlock_hit": false,
2026-10-03T01:56:41.8688706Z         "expected": false,
2026-10-03T01:56:41.8689205Z         "envoy_hit": false
2026-10-03T01:56:41.8689612Z       },
2026-10-03T01:56:41.8689817Z       {
2026-10-03T01:56:41.8690077Z         "case": "zero",
2026-10-03T01:56:41.8690363Z         "rule": "write_only",
2026-10-03T01:56:41.8690950Z         "airlock_expression": "operation == \"delete\" && matched_rows != 0",
2026-10-03T01:56:41.8691918Z         "envoy_expression": "request.headers['x-operation'] == 'delete' && int(request.headers['x-rows']) != 0",
2026-10-03T01:56:41.8692497Z         "airlock_hit": false,
2026-10-03T01:56:41.8692799Z         "expected": false,
2026-10-03T01:56:41.8693085Z         "envoy_hit": false
2026-10-03T01:56:41.8693330Z       },
2026-10-03T01:56:41.8693522Z       {
2026-10-03T01:56:41.8693760Z         "case": "zero",
2026-10-03T01:56:41.8694035Z         "rule": "bounded",
2026-10-03T01:56:41.8694583Z         "airlock_expression": "!(changed_rows > 5) || operation == \"read\"",
2026-10-03T01:56:41.8695435Z         "envoy_expression": "!(int(request.headers['x-rows']) > 5) || request.headers['x-operation'] == 'read'",
2026-10-03T01:56:41.8696364Z         "airlock_hit": true,
2026-10-03T01:56:41.8696663Z         "expected": true,
2026-10-03T01:56:41.8696933Z         "envoy_hit": true
2026-10-03T01:56:41.8697162Z       },
2026-10-03T01:56:41.8697345Z       {
2026-10-03T01:56:41.8697567Z         "case": "small",
2026-10-03T01:56:41.8697846Z         "rule": "threshold",
2026-10-03T01:56:41.8698238Z         "airlock_expression": "changed_rows >= 100",
2026-10-03T01:56:41.8698774Z         "envoy_expression": "int(request.headers['x-rows']) >= 100",
2026-10-03T01:56:41.8699168Z         "airlock_hit": false,
2026-10-03T01:56:41.8699448Z         "expected": false,
2026-10-03T01:56:41.8699719Z         "envoy_hit": false
2026-10-03T01:56:41.8699936Z       },
2026-10-03T01:56:41.8700118Z       {
2026-10-03T01:56:41.8700336Z         "case": "small",
2026-10-03T01:56:41.8700604Z         "rule": "write_only",
2026-10-03T01:56:41.8701120Z         "airlock_expression": "operation == \"delete\" && matched_rows != 0",
2026-10-03T01:56:41.8702211Z         "envoy_expression": "request.headers['x-operation'] == 'delete' && int(request.headers['x-rows']) != 0",
2026-10-03T01:56:41.8702772Z         "airlock_hit": true,
2026-10-03T01:56:41.8703215Z         "expected": true,
2026-10-03T01:56:41.8703479Z         "envoy_hit": true
2026-10-03T01:56:41.8703703Z       },
2026-10-03T01:56:41.8703889Z       {
2026-10-03T01:56:41.8704107Z         "case": "small",
2026-10-03T01:56:41.8704366Z         "rule": "bounded",
2026-10-03T01:56:41.8704868Z         "airlock_expression": "!(changed_rows > 5) || operation == \"read\"",
2026-10-03T01:56:41.8705973Z         "envoy_expression": "!(int(request.headers['x-rows']) > 5) || request.headers['x-operation'] == 'read'",
2026-10-03T01:56:41.8706522Z         "airlock_hit": true,
2026-10-03T01:56:41.8706803Z         "expected": true,
2026-10-03T01:56:41.8707068Z         "envoy_hit": true
2026-10-03T01:56:41.8707287Z       },
2026-10-03T01:56:41.8707470Z       {
2026-10-03T01:56:41.8707711Z         "case": "high",
2026-10-03T01:56:41.8707974Z         "rule": "threshold",
2026-10-03T01:56:41.8708406Z         "airlock_expression": "changed_rows >= 100",
2026-10-03T01:56:41.8708939Z         "envoy_expression": "int(request.headers['x-rows']) >= 100",
2026-10-03T01:56:41.8709326Z         "airlock_hit": true,
2026-10-03T01:56:41.8709603Z         "expected": true,
2026-10-03T01:56:41.8709862Z         "envoy_hit": true
2026-10-03T01:56:41.8710074Z       },
2026-10-03T01:56:41.8710252Z       {
2026-10-03T01:56:41.8710467Z         "case": "high",
2026-10-03T01:56:41.8710733Z         "rule": "write_only",
2026-10-03T01:56:41.8711250Z         "airlock_expression": "operation == \"delete\" && matched_rows != 0",
2026-10-03T01:56:41.8712087Z         "envoy_expression": "request.headers['x-operation'] == 'delete' && int(request.headers['x-rows']) != 0",
2026-10-03T01:56:41.8712612Z         "airlock_hit": true,
2026-10-03T01:56:41.8712879Z         "expected": true,
2026-10-03T01:56:41.8713138Z         "envoy_hit": true
2026-10-03T01:56:41.8713356Z       },
2026-10-03T01:56:41.8713533Z       {
2026-10-03T01:56:41.8713752Z         "case": "high",
2026-10-03T01:56:41.8714010Z         "rule": "bounded",
2026-10-03T01:56:41.8714519Z         "airlock_expression": "!(changed_rows > 5) || operation == \"read\"",
2026-10-03T01:56:41.8715333Z         "envoy_expression": "!(int(request.headers['x-rows']) > 5) || request.headers['x-operation'] == 'read'",
2026-10-03T01:56:41.8716114Z         "airlock_hit": false,
2026-10-03T01:56:41.8716403Z         "expected": false,
2026-10-03T01:56:41.8716673Z         "envoy_hit": false
2026-10-03T01:56:41.8716890Z       },
2026-10-03T01:56:41.8717066Z       {
2026-10-03T01:56:41.8717282Z         "case": "read",
2026-10-03T01:56:41.8717545Z         "rule": "threshold",
2026-10-03T01:56:41.8717926Z         "airlock_expression": "changed_rows >= 100",
2026-10-03T01:56:41.8718450Z         "envoy_expression": "int(request.headers['x-rows']) >= 100",
2026-10-03T01:56:41.8718842Z         "airlock_hit": true,
2026-10-03T01:56:41.8719111Z         "expected": true,
2026-10-03T01:56:41.8719378Z         "envoy_hit": true
2026-10-03T01:56:41.8719593Z       },
2026-10-03T01:56:41.8719773Z       {
2026-10-03T01:56:41.8719991Z         "case": "read",
2026-10-03T01:56:41.8720252Z         "rule": "write_only",
2026-10-03T01:56:41.8720763Z         "airlock_expression": "operation == \"delete\" && matched_rows != 0",
2026-10-03T01:56:41.8721598Z         "envoy_expression": "request.headers['x-operation'] == 'delete' && int(request.headers['x-rows']) != 0",
2026-10-03T01:56:41.8722128Z         "airlock_hit": false,
2026-10-03T01:56:41.8722401Z         "expected": false,
2026-10-03T01:56:41.8722665Z         "envoy_hit": false
2026-10-03T01:56:41.8722880Z       },
2026-10-03T01:56:41.8723059Z       {
2026-10-03T01:56:41.8723272Z         "case": "read",
2026-10-03T01:56:41.8723536Z         "rule": "bounded",
2026-10-03T01:56:41.8724031Z         "airlock_expression": "!(changed_rows > 5) || operation == \"read\"",
2026-10-03T01:56:41.8725010Z         "envoy_expression": "!(int(request.headers['x-rows']) > 5) || request.headers['x-operation'] == 'read'",
2026-10-03T01:56:41.8726237Z         "airlock_hit": true,
2026-10-03T01:56:41.8726752Z         "expected": true,
2026-10-03T01:56:41.8727038Z         "envoy_hit": true
2026-10-03T01:56:41.8727265Z       }
2026-10-03T01:56:41.8727452Z     ],
2026-10-03T01:56:41.8727669Z     "status": "PASS",
2026-10-03T01:56:41.9133861Z     "scope": "Boolean/equality/ordering subset with explicit header-to-variable mapping; access-log filter, not Envoy authorization deployment.",
2026-10-03T01:56:41.9136315Z     "error_difference": "Missing/invalid Envoy attributes suppress its log. AIRLOCK rejects invalid typed activation and blocks authorization."
2026-10-03T01:56:41.9137218Z   },
2026-10-03T01:56:41.9137483Z   "otel": {
2026-10-03T01:56:41.9137802Z     "status": "PASS",
2026-10-03T01:56:41.9138337Z     "image": "otel/opentelemetry-collector:0.162.0",
2026-10-03T01:56:41.9139604Z     "repo_digests": "[\"otel/opentelemetry-collector@sha256:310a800ad69ee430e7c541796852a242c9c7db97aaad4daa5ccf843c525fbdb2\"]",
2026-10-03T01:56:41.9140638Z     "trace_id": "907c0fcdec2d47de8c1b4a3472baf88d",
2026-10-03T01:56:41.9141101Z     "result": {
2026-10-03T01:56:41.9141432Z       "status": "ok",
2026-10-03T01:56:41.9141782Z       "exported": 1
2026-10-03T01:56:41.9142084Z     },
2026-10-03T01:56:41.9143092Z     "scope": "Official Collector accepts OTLP JSON and debug exporter records the actual trace; no production backend claim."
2026-10-03T01:56:41.9143885Z   }
2026-10-03T01:56:41.9144261Z }
2026-10-03T01:56:41.9289053Z ##[group]Run python scripts/run_logged.py evidence/dependency-audit.log -- python -m pip_audit -r requirements-archive.txt --format json --output evidence/dependency-audit.json
2026-10-03T01:56:41.9291302Z [36;1mpython scripts/run_logged.py evidence/dependency-audit.log -- python -m pip_audit -r requirements-archive.txt --format json --output evidence/dependency-audit.json[0m
2026-10-03T01:56:41.9385485Z shell: /usr/bin/bash --noprofile --norc -e -o pipefail {0}
2026-10-03T01:56:41.9386422Z env:
2026-10-03T01:56:41.9386774Z   NEXT_TELEMETRY_DISABLED: 1
2026-10-03T01:56:41.9387361Z   pythonLocation: /opt/hostedtoolcache/Python/3.13.15/x64
2026-10-03T01:56:41.9388141Z   PKG_CONFIG_PATH: /opt/hostedtoolcache/Python/3.13.15/x64/lib/pkgconfig
2026-10-03T01:56:41.9388961Z   Python_ROOT_DIR: /opt/hostedtoolcache/Python/3.13.15/x64
2026-10-03T01:56:41.9389662Z   Python2_ROOT_DIR: /opt/hostedtoolcache/Python/3.13.15/x64
2026-10-03T01:56:41.9390401Z   Python3_ROOT_DIR: /opt/hostedtoolcache/Python/3.13.15/x64
2026-10-03T01:56:41.9391112Z   LD_LIBRARY_PATH: /opt/hostedtoolcache/Python/3.13.15/x64/lib
2026-10-03T01:56:41.9391706Z   GOTOOLCHAIN: local
2026-10-03T01:56:41.9392089Z ##[endgroup]
2026-10-03T01:56:48.9150227Z No known vulnerabilities found
2026-10-03T01:56:48.9299923Z ##[group]Run python scripts/run_logged.py evidence/latency.log -- python scripts/measure_latency.py --samples 60 --output evidence/latency.json
2026-10-03T01:56:48.9300942Z [36;1mpython scripts/run_logged.py evidence/latency.log -- python scripts/measure_latency.py --samples 60 --output evidence/latency.json[0m
2026-10-03T01:56:48.9363910Z shell: /usr/bin/bash --noprofile --norc -e -o pipefail {0}
2026-10-03T01:56:48.9364263Z env:
2026-10-03T01:56:48.9364460Z   NEXT_TELEMETRY_DISABLED: 1
2026-10-03T01:56:48.9364780Z   pythonLocation: /opt/hostedtoolcache/Python/3.13.15/x64
2026-10-03T01:56:48.9365218Z   PKG_CONFIG_PATH: /opt/hostedtoolcache/Python/3.13.15/x64/lib/pkgconfig
2026-10-03T01:56:48.9365981Z   Python_ROOT_DIR: /opt/hostedtoolcache/Python/3.13.15/x64
2026-10-03T01:56:48.9366389Z   Python2_ROOT_DIR: /opt/hostedtoolcache/Python/3.13.15/x64
2026-10-03T01:56:48.9366829Z   Python3_ROOT_DIR: /opt/hostedtoolcache/Python/3.13.15/x64
2026-10-03T01:56:48.9367292Z   LD_LIBRARY_PATH: /opt/hostedtoolcache/Python/3.13.15/x64/lib
2026-10-03T01:56:48.9367652Z   GOTOOLCHAIN: local
2026-10-03T01:56:48.9367875Z ##[endgroup]
2026-10-03T01:56:51.9947561Z {
2026-10-03T01:56:51.9948404Z   "scope": "1206-row synthetic SQLite; concurrency 1; warm HTTP client; same host and target",
2026-10-03T01:56:51.9948963Z   "python": "3.13.15",
2026-10-03T01:56:51.9949506Z   "sqlite": "3.53.1",
2026-10-03T01:56:51.9949929Z   "platform": "Linux-6.17.0-1022-azure-x86_64-with-glibc2.39",
2026-10-03T01:56:51.9950338Z   "processor": "x86_64",
2026-10-03T01:56:51.9950611Z   "logical_cpus": 4,
2026-10-03T01:56:51.9950858Z   "samples": 60,
2026-10-03T01:56:51.9951089Z   "seed": 2073,
2026-10-03T01:56:51.9951329Z   "warmup_calls": 10,
2026-10-03T01:56:51.9951662Z   "first_native_call_ms": 40.75985200000787,
2026-10-03T01:56:51.9951970Z   "read": {
2026-10-03T01:56:51.9952202Z     "direct_ms": {
2026-10-03T01:56:51.9952449Z       "n": 60,
2026-10-03T01:56:51.9952747Z       "mean": 0.40339905000147763,
2026-10-03T01:56:51.9953107Z       "p50": 0.3929640000137624,
2026-10-03T01:56:51.9953449Z       "p95": 0.4330579999987094,
2026-10-03T01:56:51.9953778Z       "p99": 0.5740910000326949
2026-10-03T01:56:51.9954037Z     },
2026-10-03T01:56:51.9954271Z     "proxy_ms": {
2026-10-03T01:56:51.9954513Z       "n": 60,
2026-10-03T01:56:51.9954805Z       "mean": 4.606515950006458,
2026-10-03T01:56:51.9955144Z       "p50": 4.48676000002024,
2026-10-03T01:56:51.9955468Z       "p95": 5.070740000007845,
2026-10-03T01:56:51.9956120Z       "p99": 7.806993999963652
2026-10-03T01:56:51.9956368Z     },
2026-10-03T01:56:51.9956576Z     "added_ms": {
2026-10-03T01:56:51.9956800Z       "n": 60,
2026-10-03T01:56:51.9957077Z       "mean": 4.203116900004981,
2026-10-03T01:56:51.9957386Z       "p50": 4.086072999996304,
2026-10-03T01:56:51.9957687Z       "p95": 4.662358000018685,
2026-10-03T01:56:51.9957986Z       "p99": 7.384585999943738
2026-10-03T01:56:51.9958212Z     }
2026-10-03T01:56:51.9958420Z   },
2026-10-03T01:56:51.9958613Z   "write": {
2026-10-03T01:56:51.9958859Z     "submit_receipt_ms": {
2026-10-03T01:56:51.9959113Z       "n": 30,
2026-10-03T01:56:51.9959386Z       "p50": 15.398948000040491,
2026-10-03T01:56:51.9959704Z       "p95": 17.765644000007796,
2026-10-03T01:56:51.9960022Z       "p99": 18.75222399996801
2026-10-03T01:56:51.9960264Z     },
2026-10-03T01:56:51.9960546Z     "approval_request_to_effect_ms": {
2026-10-03T01:56:51.9960835Z       "n": 30,
2026-10-03T01:56:51.9961106Z       "p50": 22.749911999994765,
2026-10-03T01:56:51.9961414Z       "p95": 27.374530000031427,
2026-10-03T01:56:51.9961713Z       "p99": 44.04022199997826
2026-10-03T01:56:51.9961955Z     },
2026-10-03T01:56:51.9962160Z     "static_ms": {
2026-10-03T01:56:51.9962382Z       "n": 30,
2026-10-03T01:56:51.9962607Z       "p50": 0.073,
2026-10-03T01:56:51.9962836Z       "p95": 0.079,
2026-10-03T01:56:51.9963063Z       "p99": 0.094
2026-10-03T01:56:51.9963270Z     },
2026-10-03T01:56:51.9963474Z     "preview_ms": {
2026-10-03T01:56:51.9963696Z       "n": 30,
2026-10-03T01:56:51.9964146Z       "p50": 10.034,
2026-10-03T01:56:51.9964396Z       "p95": 11.638,
2026-10-03T01:56:51.9964633Z       "p99": 12.098
2026-10-03T01:56:51.9964831Z     },
2026-10-03T01:56:51.9965040Z     "evaluation_ms": {
2026-10-03T01:56:51.9965264Z       "n": 30,
2026-10-03T01:56:51.9965492Z       "p50": 11.537,
2026-10-03T01:56:51.9966006Z       "p95": 14.017,
2026-10-03T01:56:51.9966235Z       "p99": 14.753
2026-10-03T01:56:51.9966436Z     }
2026-10-03T01:56:51.9966609Z   },
2026-10-03T01:56:51.9966801Z   "not_measured": [
2026-10-03T01:56:51.9967039Z     "live LLM latency",
2026-10-03T01:56:51.9967290Z     "human review latency",
2026-10-03T01:56:51.9967601Z     "distributed upstream overhead",
2026-10-03T01:56:51.9967939Z     "cold OS filesystem cache",
2026-10-03T01:56:51.9968227Z     "production concurrency"
2026-10-03T01:56:51.9968456Z   ],
2026-10-03T01:56:51.9969245Z   "measurement_note": "direct includes SQLite connect/query; proxy includes HTTP, server admission, persistence and audit; negative deltas retained in raw rows",
2026-10-03T01:56:51.9970777Z   "phase_note": "server evaluation ends before final audit/commit/close; HTTP minus evaluation also includes transport, scheduling and serialization, not a pure fsync measurement. Phase data read after all timed requests."
2026-10-03T01:56:51.9971639Z }
2026-10-03T01:56:52.0088934Z ##[group]Run python scripts/run_logged.py evidence/ablation.log -- python -m benchmark.ablation --split test --output evidence/ablation.json
2026-10-03T01:56:52.0089941Z [36;1mpython scripts/run_logged.py evidence/ablation.log -- python -m benchmark.ablation --split test --output evidence/ablation.json[0m
2026-10-03T01:56:52.0154252Z shell: /usr/bin/bash --noprofile --norc -e -o pipefail {0}
2026-10-03T01:56:52.0154625Z env:
2026-10-03T01:56:52.0154833Z   NEXT_TELEMETRY_DISABLED: 1
2026-10-03T01:56:52.0155173Z   pythonLocation: /opt/hostedtoolcache/Python/3.13.15/x64
2026-10-03T01:56:52.0155897Z   PKG_CONFIG_PATH: /opt/hostedtoolcache/Python/3.13.15/x64/lib/pkgconfig
2026-10-03T01:56:52.0156375Z   Python_ROOT_DIR: /opt/hostedtoolcache/Python/3.13.15/x64
2026-10-03T01:56:52.0156799Z   Python2_ROOT_DIR: /opt/hostedtoolcache/Python/3.13.15/x64
2026-10-03T01:56:52.0157218Z   Python3_ROOT_DIR: /opt/hostedtoolcache/Python/3.13.15/x64
2026-10-03T01:56:52.0157673Z   LD_LIBRARY_PATH: /opt/hostedtoolcache/Python/3.13.15/x64/lib
2026-10-03T01:56:52.0158035Z   GOTOOLCHAIN: local
2026-10-03T01:56:52.0158257Z ##[endgroup]
2026-10-03T01:56:52.4062396Z {
2026-10-03T01:56:52.4062823Z   "split": "test",
2026-10-03T01:56:52.4063470Z   "corpus_sha256": "243854b51e7039324de4c31fa7a67af1a98ddc48b9c9edfbbac581a2c2f73af7",
2026-10-03T01:56:52.4064008Z   "live_model_requested": false,
2026-10-03T01:56:52.4064295Z   "limitations": [
2026-10-03T01:56:52.4064834Z     "Original synthetic corpus is unchanged and has no independent human danger gold.",
2026-10-03T01:56:52.4065941Z     "The pure model arm measures advice only; it cannot execute or bypass the production gate.",
2026-10-03T01:56:52.4066812Z     "Live model arms require AIRLOCK-only configuration, key and explicit budget authorization."
2026-10-03T01:56:52.4067295Z   ],
2026-10-03T01:56:52.4067500Z   "arms": {
2026-10-03T01:56:52.4067713Z     "keyword": {
2026-10-03T01:56:52.4067980Z       "status": "MEASURED",
2026-10-03T01:56:52.4068263Z       "n": 80
2026-10-03T01:56:52.4068480Z     },
2026-10-03T01:56:52.4068692Z     "pure_llm": {
2026-10-03T01:56:52.4069003Z       "status": "BLOCKED_EXTERNAL",
2026-10-03T01:56:52.4069282Z       "n": 0
2026-10-03T01:56:52.4069477Z     },
2026-10-03T01:56:52.4069710Z     "hybrid_no_preview": {
2026-10-03T01:56:52.4070044Z       "status": "BLOCKED_EXTERNAL",
2026-10-03T01:56:52.4070335Z       "n": 0
2026-10-03T01:56:52.4070543Z     },
2026-10-03T01:56:52.4070780Z     "hybrid_with_preview": {
2026-10-03T01:56:52.4071123Z       "status": "BLOCKED_EXTERNAL",
2026-10-03T01:56:52.4071396Z       "n": 0
2026-10-03T01:56:52.4071582Z     }
2026-10-03T01:56:52.4071759Z   }
2026-10-03T01:56:52.4071936Z }
2026-10-03T01:56:52.4206178Z ##[group]Run python scripts/run_logged.py evidence/study-analysis.log -- python -m benchmark.research --output evidence/study-analysis.json study evidence/study-automation.json
2026-10-03T01:56:52.4207500Z [36;1mpython scripts/run_logged.py evidence/study-analysis.log -- python -m benchmark.research --output evidence/study-analysis.json study evidence/study-automation.json[0m
2026-10-03T01:56:52.4271372Z shell: /usr/bin/bash --noprofile --norc -e -o pipefail {0}
2026-10-03T01:56:52.4271727Z env:
2026-10-03T01:56:52.4271935Z   NEXT_TELEMETRY_DISABLED: 1
2026-10-03T01:56:52.4272291Z   pythonLocation: /opt/hostedtoolcache/Python/3.13.15/x64
2026-10-03T01:56:52.4272777Z   PKG_CONFIG_PATH: /opt/hostedtoolcache/Python/3.13.15/x64/lib/pkgconfig
2026-10-03T01:56:52.4273261Z   Python_ROOT_DIR: /opt/hostedtoolcache/Python/3.13.15/x64
2026-10-03T01:56:52.4273691Z   Python2_ROOT_DIR: /opt/hostedtoolcache/Python/3.13.15/x64
2026-10-03T01:56:52.4274146Z   Python3_ROOT_DIR: /opt/hostedtoolcache/Python/3.13.15/x64
2026-10-03T01:56:52.4274574Z   LD_LIBRARY_PATH: /opt/hostedtoolcache/Python/3.13.15/x64/lib
2026-10-03T01:56:52.4274934Z   GOTOOLCHAIN: local
2026-10-03T01:56:52.4275158Z ##[endgroup]
2026-10-03T01:56:52.6336733Z {
2026-10-03T01:56:52.6337317Z   "status": "BLOCKED_EXTERNAL",
2026-10-03T01:56:52.6337892Z   "human_participants": 0,
2026-10-03T01:56:52.6338659Z   "excluded": [
2026-10-03T01:56:52.6338934Z     {
2026-10-03T01:56:52.6339304Z       "participant_id": "automation-browser",
2026-10-03T01:56:52.6339909Z       "reason": "nonhuman, no consent, duplicate or invalid metadata"
2026-10-03T01:56:52.6340295Z     }
2026-10-03T01:56:52.6340486Z   ],
2026-10-03T01:56:52.6340714Z   "participants": [],
2026-10-03T01:56:52.6340985Z   "paired_time_delta": {
2026-10-03T01:56:52.6341243Z     "n": 0,
2026-10-03T01:56:52.6341478Z     "mean": null,
2026-10-03T01:56:52.6341724Z     "ci95": null
2026-10-03T01:56:52.6342101Z   },
2026-10-03T01:56:52.6342478Z   "paired_accuracy_delta": {
2026-10-03T01:56:52.6342917Z     "n": 0,
2026-10-03T01:56:52.6343151Z     "mean": null,
2026-10-03T01:56:52.6343392Z     "ci95": null
2026-10-03T01:56:52.6343600Z   },
2026-10-03T01:56:52.6343858Z   "all_decisions_visible_ms": {
2026-10-03T01:56:52.6344131Z     "n": 0,
2026-10-03T01:56:52.6344353Z     "mean": null,
2026-10-03T01:56:52.6344594Z     "median": null,
2026-10-03T01:56:52.6344843Z     "p95": null
2026-10-03T01:56:52.6345045Z   },
2026-10-03T01:56:52.6345267Z   "correct_decisions": {
2026-10-03T01:56:52.6345786Z     "numerator": 0,
2026-10-03T01:56:52.6346110Z     "denominator": 0,
2026-10-03T01:56:52.6346365Z     "value": null
2026-10-03T01:56:52.6346579Z   },
2026-10-03T01:56:52.6346944Z   "gold_verification": "unverified_browser_supplied_correctness",
2026-10-03T01:56:52.6347335Z   "comprehension_correct": {
2026-10-03T01:56:52.6347603Z     "numerator": 0,
2026-10-03T01:56:52.6347831Z     "denominator": 0,
2026-10-03T01:56:52.6348056Z     "value": null
2026-10-03T01:56:52.6348250Z   },
2026-10-03T01:56:52.6348446Z   "limitations": [
2026-10-03T01:56:52.6349089Z     "No causal efficiency claim without recruitment, business gold, counterbalancing and adequate sample size.",
2026-10-03T01:56:52.6349951Z     "Exported browser timing and human identity are untrusted telemetry, never authorization.",
2026-10-03T01:56:52.6350783Z     "Visibility duration excludes hidden tabs; correctness is supplied task gold, not a policy guess."
2026-10-03T01:56:52.6351257Z   ]
2026-10-03T01:56:52.6351429Z }
2026-10-03T01:56:52.6490907Z ##[group]Run python scripts/run_logged.py evidence/comparison.log -- python scripts/demo_comparison.py --output evidence/comparison.json
2026-10-03T01:56:52.6492084Z [36;1mpython scripts/run_logged.py evidence/comparison.log -- python scripts/demo_comparison.py --output evidence/comparison.json[0m
2026-10-03T01:56:52.6555086Z shell: /usr/bin/bash --noprofile --norc -e -o pipefail {0}
2026-10-03T01:56:52.6555480Z env:
2026-10-03T01:56:52.6555844Z   NEXT_TELEMETRY_DISABLED: 1
2026-10-03T01:56:52.6556227Z   pythonLocation: /opt/hostedtoolcache/Python/3.13.15/x64
2026-10-03T01:56:52.6556785Z   PKG_CONFIG_PATH: /opt/hostedtoolcache/Python/3.13.15/x64/lib/pkgconfig
2026-10-03T01:56:52.6557335Z   Python_ROOT_DIR: /opt/hostedtoolcache/Python/3.13.15/x64
2026-10-03T01:56:52.6557822Z   Python2_ROOT_DIR: /opt/hostedtoolcache/Python/3.13.15/x64
2026-10-03T01:56:52.6558321Z   Python3_ROOT_DIR: /opt/hostedtoolcache/Python/3.13.15/x64
2026-10-03T01:56:52.6558841Z   LD_LIBRARY_PATH: /opt/hostedtoolcache/Python/3.13.15/x64/lib
2026-10-03T01:56:52.6559258Z   GOTOOLCHAIN: local
2026-10-03T01:56:52.6559520Z ##[endgroup]
2026-10-03T01:56:53.2644428Z {
2026-10-03T01:56:53.2645135Z   "scope": "disposable synthetic data; automated independent reviewer fixture; no live model/human",
2026-10-03T01:56:53.2646273Z   "without_gate": {
2026-10-03T01:56:53.2646798Z     "before": 1206,
2026-10-03T01:56:53.2647170Z     "after": 0
2026-10-03T01:56:53.2647490Z   },
2026-10-03T01:56:53.2647711Z   "with_gate": {
2026-10-03T01:56:53.2648096Z     "pending_rows": 1206,
2026-10-03T01:56:53.2648543Z     "rejected_rows": 1206,
2026-10-03T01:56:53.2648949Z     "denial": {
2026-10-03T01:56:53.2649518Z       "id": "32ba169f0c21478f8798d66c62885729",
2026-10-03T01:56:53.2649995Z       "state": "rejected",
2026-10-03T01:56:53.2650433Z       "decision": "need_approval",
2026-10-03T01:56:53.2651042Z       "reason_code": "human_rejected",
2026-10-03T01:56:53.2651946Z       "result": null,
2026-10-03T01:56:53.2652630Z       "expires_at": 1790992913.1583796,
2026-10-03T01:56:53.2653355Z       "action_id": "32ba169f0c21478f8798d66c62885729",
2026-10-03T01:56:53.2654169Z       "trace_id": "fe9fb1e73c6446f39a8fd68b1215a637",
2026-10-03T01:56:53.2654777Z       "retryable": false,
2026-10-03T01:56:53.2655330Z       "allowed_alternatives": [
2026-10-03T01:56:53.2656152Z         "query_original_action",
2026-10-03T01:56:53.2656670Z         "bounded_read"
2026-10-03T01:56:53.2657083Z       ],
2026-10-03T01:56:53.2657540Z       "execution_occurred": false,
2026-10-03T01:56:53.2658768Z       "next_step": "Use a bounded SELECT or submit a narrower NEW action; do not retry rejected writes blindly."
2026-10-03T01:56:53.2659602Z     },
2026-10-03T01:56:53.2660003Z     "safe_alternative": {
2026-10-03T01:56:53.2660619Z       "id": "170ad519ed594598becd2a9828ef401f",
2026-10-03T01:56:53.2661203Z       "state": "executed",
2026-10-03T01:56:53.2661699Z       "decision": "pass",
2026-10-03T01:56:53.2662245Z       "reason_code": "bounded_read",
2026-10-03T01:56:53.2662739Z       "result": {
2026-10-03T01:56:53.2663192Z         "matched_rows": 0,
2026-10-03T01:56:53.2663638Z         "rows": [
2026-10-03T01:56:53.2664011Z           {
2026-10-03T01:56:53.2664470Z             "remaining": 1206
2026-10-03T01:56:53.2664920Z           }
2026-10-03T01:56:53.2665267Z         ],
2026-10-03T01:56:53.2665944Z         "truncated": false
2026-10-03T01:56:53.2666359Z       },
2026-10-03T01:56:53.2666853Z       "expires_at": 1790992913.1827738,
2026-10-03T01:56:53.2667584Z       "action_id": "170ad519ed594598becd2a9828ef401f",
2026-10-03T01:56:53.2668047Z       "trace_id": "884e6221b5664689a9f71d97980d393d",
2026-10-03T01:56:53.2668382Z       "retryable": false,
2026-10-03T01:56:53.2668682Z       "allowed_alternatives": [
2026-10-03T01:56:53.2669001Z         "query_original_action"
2026-10-03T01:56:53.2669239Z       ],
2026-10-03T01:56:53.2669503Z       "execution_occurred": true,
2026-10-03T01:56:53.2669841Z       "next_step": "Read the result."
2026-10-03T01:56:53.2670326Z     },
2026-10-03T01:56:53.2670553Z     "approved_rows": 0,
2026-10-03T01:56:53.2671001Z     "approved_receipt": {
2026-10-03T01:56:53.2671632Z       "id": "1fcd84fb0cbe49e397b9f8af2da3c226",
2026-10-03T01:56:53.2672203Z       "state": "executed",
2026-10-03T01:56:53.2672735Z       "decision": "need_approval",
2026-10-03T01:56:53.2673386Z       "reason_code": "human_approved",
2026-10-03T01:56:53.2673925Z       "result": {
2026-10-03T01:56:53.2674467Z         "matched_rows": 1206,
2026-10-03T01:56:53.2674957Z         "rows": [],
2026-10-03T01:56:53.2675430Z         "truncated": false
2026-10-03T01:56:53.2676090Z       },
2026-10-03T01:56:53.2676607Z       "expires_at": 1790992913.186043,
2026-10-03T01:56:53.2677365Z       "action_id": "1fcd84fb0cbe49e397b9f8af2da3c226",
2026-10-03T01:56:53.2678190Z       "trace_id": "b6c079aa4f5e4870a11f2a1b2dbcb534",
2026-10-03T01:56:53.2678778Z       "retryable": false,
2026-10-03T01:56:53.2679351Z       "allowed_alternatives": [
2026-10-03T01:56:53.2679996Z         "query_original_action"
2026-10-03T01:56:53.2680439Z       ],
2026-10-03T01:56:53.2680926Z       "execution_occurred": true,
2026-10-03T01:56:53.2681549Z       "next_step": "Read the result."
2026-10-03T01:56:53.2681988Z     }
2026-10-03T01:56:53.2682288Z   },
2026-10-03T01:56:53.2682626Z   "audit": {
2026-10-03T01:56:53.2683004Z     "valid": true,
2026-10-03T01:56:53.2683391Z     "events": 5,
2026-10-03T01:56:53.2684235Z     "head": "dcb5a5224bd5a7ebea872227b35ea64f890feb289e076bef802d27c4c2098b31",
2026-10-03T01:56:53.2685107Z     "anchor_status": "not_configured",
2026-10-03T01:56:53.2687544Z     "limitation": "Tail truncation after the last independently retained checkpoint remains undetectable. A server with all keys can forge new history; keep checkpoints outside its write authority."
2026-10-03T01:56:53.2688931Z   }
2026-10-03T01:56:53.2689214Z }
2026-10-03T01:56:53.2856219Z ##[group]Run python scripts/verify_evidence.py
2026-10-03T01:56:53.2856926Z [36;1mpython scripts/verify_evidence.py[0m
2026-10-03T01:56:53.2920385Z shell: /usr/bin/bash --noprofile --norc -e -o pipefail {0}
2026-10-03T01:56:53.2920758Z env:
2026-10-03T01:56:53.2920969Z   NEXT_TELEMETRY_DISABLED: 1
2026-10-03T01:56:53.2921312Z   pythonLocation: /opt/hostedtoolcache/Python/3.13.15/x64
2026-10-03T01:56:53.2921795Z   PKG_CONFIG_PATH: /opt/hostedtoolcache/Python/3.13.15/x64/lib/pkgconfig
2026-10-03T01:56:53.2922272Z   Python_ROOT_DIR: /opt/hostedtoolcache/Python/3.13.15/x64
2026-10-03T01:56:53.2922692Z   Python2_ROOT_DIR: /opt/hostedtoolcache/Python/3.13.15/x64
2026-10-03T01:56:53.2923121Z   Python3_ROOT_DIR: /opt/hostedtoolcache/Python/3.13.15/x64
2026-10-03T01:56:53.2923546Z   LD_LIBRARY_PATH: /opt/hostedtoolcache/Python/3.13.15/x64/lib
2026-10-03T01:56:53.2923903Z   GOTOOLCHAIN: local
2026-10-03T01:56:53.2924131Z ##[endgroup]
2026-10-03T01:56:53.3452847Z Verified all 348 JUnit cases, exit receipts, screenshots, Docker and raw benchmark rows.
2026-10-03T01:56:53.3531645Z ##[group]Run python scripts/evidence_manifest.py
2026-10-03T01:56:53.3532035Z [36;1mpython scripts/evidence_manifest.py[0m
2026-10-03T01:56:53.3593267Z shell: /usr/bin/bash --noprofile --norc -e -o pipefail {0}
2026-10-03T01:56:53.3593645Z env:
2026-10-03T01:56:53.3593857Z   NEXT_TELEMETRY_DISABLED: 1
2026-10-03T01:56:53.3594204Z   pythonLocation: /opt/hostedtoolcache/Python/3.13.15/x64
2026-10-03T01:56:53.3594700Z   PKG_CONFIG_PATH: /opt/hostedtoolcache/Python/3.13.15/x64/lib/pkgconfig
2026-10-03T01:56:53.3595174Z   Python_ROOT_DIR: /opt/hostedtoolcache/Python/3.13.15/x64
2026-10-03T01:56:53.3595932Z   Python2_ROOT_DIR: /opt/hostedtoolcache/Python/3.13.15/x64
2026-10-03T01:56:53.3596443Z   Python3_ROOT_DIR: /opt/hostedtoolcache/Python/3.13.15/x64
2026-10-03T01:56:53.3596869Z   LD_LIBRARY_PATH: /opt/hostedtoolcache/Python/3.13.15/x64/lib
2026-10-03T01:56:53.3597245Z   GOTOOLCHAIN: local
2026-10-03T01:56:53.3597471Z ##[endgroup]
2026-10-03T01:56:53.4524342Z {"commit": "4aca4073114b5b992460903abf33c3721f4f8063", "artifact_files": 84}
2026-10-03T01:56:53.4674495Z ##[group]Run actions/upload-artifact@v4
2026-10-03T01:56:53.4674789Z with:
2026-10-03T01:56:53.4674986Z   name: acceptance-evidence
2026-10-03T01:56:53.4675271Z   path: evidence/*.*
evidence/research-pipeline/

2026-10-03T01:56:53.4675894Z   retention-days: 90
2026-10-03T01:56:53.4676161Z   if-no-files-found: warn
2026-10-03T01:56:53.4676388Z   compression-level: 6
2026-10-03T01:56:53.4676593Z   overwrite: false
2026-10-03T01:56:53.4676805Z   include-hidden-files: false
2026-10-03T01:56:53.4677030Z env:
2026-10-03T01:56:53.4677216Z   NEXT_TELEMETRY_DISABLED: 1
2026-10-03T01:56:53.4677509Z   pythonLocation: /opt/hostedtoolcache/Python/3.13.15/x64
2026-10-03T01:56:53.4677942Z   PKG_CONFIG_PATH: /opt/hostedtoolcache/Python/3.13.15/x64/lib/pkgconfig
2026-10-03T01:56:53.4678364Z   Python_ROOT_DIR: /opt/hostedtoolcache/Python/3.13.15/x64
2026-10-03T01:56:53.4678746Z   Python2_ROOT_DIR: /opt/hostedtoolcache/Python/3.13.15/x64
2026-10-03T01:56:53.4679163Z   Python3_ROOT_DIR: /opt/hostedtoolcache/Python/3.13.15/x64
2026-10-03T01:56:53.4679539Z   LD_LIBRARY_PATH: /opt/hostedtoolcache/Python/3.13.15/x64/lib
2026-10-03T01:56:53.4679857Z   GOTOOLCHAIN: local
2026-10-03T01:56:53.4680056Z ##[endgroup]
2026-10-03T01:56:53.6336494Z (node:15697) [DEP0040] DeprecationWarning: The `punycode` module is deprecated. Please use a userland alternative instead.
2026-10-03T01:56:53.6337457Z (Use `node --trace-deprecation ...` to show where the warning was created)
2026-10-03T01:56:53.6556738Z With the provided path, there will be 87 files uploaded
2026-10-03T01:56:53.6616356Z Artifact name is valid!
2026-10-03T01:56:53.6616948Z Root directory input is valid!
2026-10-03T01:56:53.8405834Z Beginning upload of artifact content to blob storage
2026-10-03T01:56:53.9880352Z (node:15697) [DEP0169] DeprecationWarning: `url.parse()` behavior is not standardized and prone to errors that have security implications. Use the WHATWG URL API instead. CVEs are not issued for `url.parse()` vulnerabilities.
2026-10-03T01:56:54.1027258Z Uploaded bytes 1504050
2026-10-03T01:56:54.1178891Z Finished uploading artifact content to blob storage!
2026-10-03T01:56:54.1180587Z SHA256 digest of uploaded artifact zip is da532d08ae18b911c9bc768d38f074c8e67abf81020258d9fa181f0e884afdb4
2026-10-03T01:56:54.1181889Z Finalizing artifact upload
2026-10-03T01:56:54.3163181Z Artifact acceptance-evidence.zip successfully finalized. Artifact ID 11260688999
2026-10-03T01:56:54.3164579Z Artifact acceptance-evidence has been successfully uploaded! Final size is 1504050 bytes. Artifact ID is 11260688999
2026-10-03T01:56:54.3170137Z Artifact download URL: https://github.com/Changxin-YR/AIRLOCK/actions/runs/37087612206/artifacts/11260688999
2026-10-03T01:56:54.3343674Z Post job cleanup.
2026-10-03T01:56:54.4620689Z Post job cleanup.
2026-10-03T01:56:54.5957044Z (node:15718) [DEP0040] DeprecationWarning: The `punycode` module is deprecated. Please use a userland alternative instead.
2026-10-03T01:56:54.5958632Z (Use `node --trace-deprecation ...` to show where the warning was created)
2026-10-03T01:56:54.6155234Z Post job cleanup.
2026-10-03T01:56:54.7506195Z (node:15726) [DEP0040] DeprecationWarning: The `punycode` module is deprecated. Please use a userland alternative instead.
2026-10-03T01:56:54.7507725Z (Use `node --trace-deprecation ...` to show where the warning was created)
2026-10-03T01:56:54.7730327Z Post job cleanup.
2026-10-03T01:56:54.8685900Z [command]/usr/bin/git version
2026-10-03T01:56:54.8733274Z git version 2.55.0
2026-10-03T01:56:54.8777780Z Temporarily overriding HOME='/home/runner/work/_temp/78069b7d-b0d4-4015-895c-eff7ba9a7c70' before making global git config changes
2026-10-03T01:56:54.8779762Z Adding repository directory to the temporary git global config as a safe directory
2026-10-03T01:56:54.8787049Z [command]/usr/bin/git config --global --add safe.directory /home/runner/work/AIRLOCK/AIRLOCK
2026-10-03T01:56:54.8823424Z [command]/usr/bin/git config --local --name-only --get-regexp core\.sshCommand
2026-10-03T01:56:54.8859710Z [command]/usr/bin/git submodule foreach --recursive sh -c "git config --local --name-only --get-regexp 'core\.sshCommand' && git config --local --unset-all 'core.sshCommand' || :"
2026-10-03T01:56:54.9134264Z [command]/usr/bin/git config --local --name-only --get-regexp http\.https\:\/\/github\.com\/\.extraheader
2026-10-03T01:56:54.9176571Z http.https://github.com/.extraheader
2026-10-03T01:56:54.9182169Z [command]/usr/bin/git config --local --unset-all http.https://github.com/.extraheader
2026-10-03T01:56:54.9222145Z [command]/usr/bin/git submodule foreach --recursive sh -c "git config --local --name-only --get-regexp 'http\.https\:\/\/github\.com\/\.extraheader' && git config --local --unset-all 'http.https://github.com/.extraheader' || :"
2026-10-03T01:56:54.9487333Z [command]/usr/bin/git config --local --name-only --get-regexp ^includeIf\.gitdir:
2026-10-03T01:56:54.9531062Z [command]/usr/bin/git submodule foreach --recursive git config --local --show-origin --name-only --get-regexp remote.origin.url
2026-10-03T01:56:54.9921996Z Cleaning up orphan processes
2026-10-03T01:56:55.0252613Z ##[warning]Node.js 20 is deprecated. The following actions target Node.js 20 but are being forced to run on Node.js 24: actions/checkout@v4, actions/setup-node@v4, actions/setup-python@v5, actions/upload-artifact@v4. For more information see: https://github.blog/changelog/2025-09-19-deprecation-of-node-20-on-github-actions-runners/
