2026-10-02T14:55:39.7245360Z Current runner version: '2.337.0'
2026-10-02T14:55:39.7267456Z ##[group]Runner Image Provisioner
2026-10-02T14:55:39.7268157Z Hosted Compute Agent
2026-10-02T14:55:39.7268742Z Version: 20260901.588
2026-10-02T14:55:39.7269516Z Commit: f88ec8081b781fac6c440065ac7ff9e710ce3d0b
2026-10-02T14:55:39.7270186Z Build Date: 2026-09-01T19:56:44Z
2026-10-02T14:55:39.7270763Z Worker ID: {60a53d46-a9b8-4efe-83f0-98f2a14efa84}
2026-10-02T14:55:39.7271355Z Azure Region: northcentralus
2026-10-02T14:55:39.7271938Z ##[endgroup]
2026-10-02T14:55:39.7273089Z ##[group]Operating System
2026-10-02T14:55:39.7273666Z Ubuntu
2026-10-02T14:55:39.7274114Z 24.04.5
2026-10-02T14:55:39.7274542Z LTS
2026-10-02T14:55:39.7275010Z ##[endgroup]
2026-10-02T14:55:39.7275466Z ##[group]Runner Image
2026-10-02T14:55:39.7275968Z Image: ubuntu-24.04
2026-10-02T14:55:39.7276519Z Version: 20260927.320.1
2026-10-02T14:55:39.7277552Z Included Software: https://github.com/actions/runner-images/blob/ubuntu24/20260927.320/images/ubuntu/Ubuntu2404-Readme.md
2026-10-02T14:55:39.7279019Z Image Release: https://github.com/actions/runner-images/releases/tag/ubuntu24%2F20260927.320
2026-10-02T14:55:39.7279829Z ##[endgroup]
2026-10-02T14:55:39.7280796Z ##[group]GITHUB_TOKEN Permissions
2026-10-02T14:55:39.7282538Z Contents: read
2026-10-02T14:55:39.7283108Z Metadata: read
2026-10-02T14:55:39.7283698Z ##[endgroup]
2026-10-02T14:55:39.7285528Z Secret source: Actions
2026-10-02T14:55:39.7286279Z Cache mode: write
2026-10-02T14:55:39.7286871Z Prepare workflow directory
2026-10-02T14:55:39.7623312Z Prepare all required actions
2026-10-02T14:55:39.7662105Z Getting action download info
2026-10-02T14:55:40.0312783Z Download action repository 'actions/checkout@v4' (SHA:11d5960a326750d5838078e36cf38b85af677262)
2026-10-02T14:55:41.1326257Z Download action repository 'actions/setup-python@v5' (SHA:a26af69be951a213d495a4c3e4e4022e16d87065)
2026-10-02T14:55:41.5924267Z Download action repository 'actions/setup-node@v4' (SHA:49933ea5288caeca8642d1e84afbd3f7d6820020)
2026-10-02T14:55:41.7071084Z Download action repository 'actions/setup-go@v6' (SHA:924ae3a1cded613372ab5595356fb5720e22ba16)
2026-10-02T14:55:42.1208160Z Download action repository 'actions/upload-artifact@v4' (SHA:ea165f8d65b6e75b540449e92b4886f43607fa02)
2026-10-02T14:55:42.6142229Z Complete job name: verify
2026-10-02T14:55:42.6978768Z ##[group]Run actions/checkout@v4
2026-10-02T14:55:42.6979705Z with:
2026-10-02T14:55:42.6980137Z   ref: 21195dca4ff22e28b91e6a2bf2c963bdf90b7398
2026-10-02T14:55:42.6980741Z   repository: Changxin-YR/AIRLOCK
2026-10-02T14:55:42.6986484Z   token: ***
2026-10-02T14:55:42.6986848Z   ssh-strict: true
2026-10-02T14:55:42.6987222Z   ssh-user: git
2026-10-02T14:55:42.6987666Z   persist-credentials: true
2026-10-02T14:55:42.6988102Z   clean: true
2026-10-02T14:55:42.6988505Z   sparse-checkout-cone-mode: true
2026-10-02T14:55:42.6989124Z   fetch-depth: 1
2026-10-02T14:55:42.6989497Z   fetch-tags: false
2026-10-02T14:55:42.6989879Z   show-progress: true
2026-10-02T14:55:42.6990275Z   lfs: false
2026-10-02T14:55:42.6990651Z   submodules: false
2026-10-02T14:55:42.6991050Z   set-safe-directory: true
2026-10-02T14:55:42.6991541Z   allow-unsafe-pr-checkout: false
2026-10-02T14:55:42.6992447Z env:
2026-10-02T14:55:42.6992808Z   NEXT_TELEMETRY_DISABLED: 1
2026-10-02T14:55:42.6993289Z ##[endgroup]
2026-10-02T14:55:42.7897763Z Syncing repository: Changxin-YR/AIRLOCK
2026-10-02T14:55:42.7900213Z ##[group]Getting Git version info
2026-10-02T14:55:42.7901241Z Working directory is '/home/runner/work/AIRLOCK/AIRLOCK'
2026-10-02T14:55:42.7902771Z [command]/usr/bin/git version
2026-10-02T14:55:42.7935085Z git version 2.55.0
2026-10-02T14:55:42.7951196Z ##[endgroup]
2026-10-02T14:55:42.7963806Z Temporarily overriding HOME='/home/runner/work/_temp/ec6e5d03-b05b-4bc2-8501-148260b6e275' before making global git config changes
2026-10-02T14:55:42.7966408Z Adding repository directory to the temporary git global config as a safe directory
2026-10-02T14:55:42.7968420Z [command]/usr/bin/git config --global --add safe.directory /home/runner/work/AIRLOCK/AIRLOCK
2026-10-02T14:55:42.8087929Z Deleting the contents of '/home/runner/work/AIRLOCK/AIRLOCK'
2026-10-02T14:55:42.8092258Z ##[group]Initializing the repository
2026-10-02T14:55:42.8095834Z [command]/usr/bin/git init /home/runner/work/AIRLOCK/AIRLOCK
2026-10-02T14:55:42.8167121Z hint: Using 'master' as the name for the initial branch. This default branch name
2026-10-02T14:55:42.8169125Z hint: will change to "main" in Git 3.0. To configure the initial branch name
2026-10-02T14:55:42.8184246Z hint: to use in all of your new repositories, which will suppress this warning,
2026-10-02T14:55:42.8185829Z hint: call:
2026-10-02T14:55:42.8186591Z hint:
2026-10-02T14:55:42.8187662Z hint: 	git config --global init.defaultBranch <name>
2026-10-02T14:55:42.8189044Z hint:
2026-10-02T14:55:42.8190083Z hint: Names commonly chosen instead of 'master' are 'main', 'trunk' and
2026-10-02T14:55:42.8191872Z hint: 'development'. The just-created branch can be renamed via this command:
2026-10-02T14:55:42.8193380Z hint:
2026-10-02T14:55:42.8194120Z hint: 	git branch -m <name>
2026-10-02T14:55:42.8195012Z hint:
2026-10-02T14:55:42.8196383Z hint: Disable this message with "git config set advice.defaultBranchName false"
2026-10-02T14:55:42.8198224Z Initialized empty Git repository in /home/runner/work/AIRLOCK/AIRLOCK/.git/
2026-10-02T14:55:42.8201598Z [command]/usr/bin/git remote add origin https://github.com/Changxin-YR/AIRLOCK
2026-10-02T14:55:42.8248805Z ##[endgroup]
2026-10-02T14:55:42.8250076Z ##[group]Disabling automatic garbage collection
2026-10-02T14:55:42.8254169Z [command]/usr/bin/git config --local gc.auto 0
2026-10-02T14:55:42.8284072Z ##[endgroup]
2026-10-02T14:55:42.8285057Z ##[group]Setting up auth
2026-10-02T14:55:42.8290856Z [command]/usr/bin/git config --local --name-only --get-regexp core\.sshCommand
2026-10-02T14:55:42.8323731Z [command]/usr/bin/git submodule foreach --recursive sh -c "git config --local --name-only --get-regexp 'core\.sshCommand' && git config --local --unset-all 'core.sshCommand' || :"
2026-10-02T14:55:42.8622588Z [command]/usr/bin/git config --local --name-only --get-regexp http\.https\:\/\/github\.com\/\.extraheader
2026-10-02T14:55:42.8666257Z [command]/usr/bin/git submodule foreach --recursive sh -c "git config --local --name-only --get-regexp 'http\.https\:\/\/github\.com\/\.extraheader' && git config --local --unset-all 'http.https://github.com/.extraheader' || :"
2026-10-02T14:55:42.8866843Z [command]/usr/bin/git config --local --name-only --get-regexp ^includeIf\.gitdir:
2026-10-02T14:55:42.8901834Z [command]/usr/bin/git submodule foreach --recursive git config --local --show-origin --name-only --get-regexp remote.origin.url
2026-10-02T14:55:42.9091201Z [command]/usr/bin/git config --local http.https://github.com/.extraheader AUTHORIZATION: basic ***
2026-10-02T14:55:42.9125187Z ##[endgroup]
2026-10-02T14:55:42.9126255Z ##[group]Fetching the repository
2026-10-02T14:55:42.9134228Z [command]/usr/bin/git -c protocol.version=2 fetch --no-tags --prune --no-recurse-submodules --depth=1 origin 21195dca4ff22e28b91e6a2bf2c963bdf90b7398
2026-10-02T14:55:43.6554369Z From https://github.com/Changxin-YR/AIRLOCK
2026-10-02T14:55:43.6554857Z  * branch            21195dca4ff22e28b91e6a2bf2c963bdf90b7398 -> FETCH_HEAD
2026-10-02T14:55:43.6559032Z ##[endgroup]
2026-10-02T14:55:43.6559407Z ##[group]Determining the checkout info
2026-10-02T14:55:43.6561693Z ##[endgroup]
2026-10-02T14:55:43.6569067Z [command]/usr/bin/git sparse-checkout disable
2026-10-02T14:55:43.6621178Z [command]/usr/bin/git config --local --unset-all extensions.worktreeConfig
2026-10-02T14:55:43.6652433Z ##[group]Checking out the ref
2026-10-02T14:55:43.6656951Z [command]/usr/bin/git checkout --progress --force 21195dca4ff22e28b91e6a2bf2c963bdf90b7398
2026-10-02T14:55:43.7230407Z Note: switching to '21195dca4ff22e28b91e6a2bf2c963bdf90b7398'.
2026-10-02T14:55:43.7231160Z 
2026-10-02T14:55:43.7232025Z You are in 'detached HEAD' state. You can look around, make experimental
2026-10-02T14:55:43.7232719Z changes and commit them, and you can discard any commits you make in this
2026-10-02T14:55:43.7233626Z state without impacting any branches by switching back to a branch.
2026-10-02T14:55:43.7233847Z 
2026-10-02T14:55:43.7234014Z If you want to create a new branch to retain commits you create, you may
2026-10-02T14:55:43.7234389Z do so (now or later) by using -c with the switch command. Example:
2026-10-02T14:55:43.7234596Z 
2026-10-02T14:55:43.7234690Z   git switch -c <new-branch-name>
2026-10-02T14:55:43.7234836Z 
2026-10-02T14:55:43.7234930Z Or undo this operation with:
2026-10-02T14:55:43.7235068Z 
2026-10-02T14:55:43.7235161Z   git switch -
2026-10-02T14:55:43.7235300Z 
2026-10-02T14:55:43.7235519Z Turn off this advice by setting config variable advice.detachedHead to false
2026-10-02T14:55:43.7235752Z 
2026-10-02T14:55:43.7235992Z HEAD is now at 21195dc Build archive fixture from pinned upstream source and bound CI evidence uploads
2026-10-02T14:55:43.7241311Z ##[endgroup]
2026-10-02T14:55:43.7283177Z [command]/usr/bin/git log -1 --format=%H
2026-10-02T14:55:43.7307829Z 21195dca4ff22e28b91e6a2bf2c963bdf90b7398
2026-10-02T14:55:43.7490108Z ##[group]Run mkdir -p evidence
2026-10-02T14:55:43.7490428Z [36;1mmkdir -p evidence[0m
2026-10-02T14:55:43.7490669Z [36;1mpython3 scripts/archive_source.py[0m
2026-10-02T14:55:43.7490963Z [36;1mgit rev-parse HEAD > evidence/commit.txt[0m
2026-10-02T14:55:43.7891346Z shell: /usr/bin/bash --noprofile --norc -e -o pipefail {0}
2026-10-02T14:55:43.7891711Z env:
2026-10-02T14:55:43.7891901Z   NEXT_TELEMETRY_DISABLED: 1
2026-10-02T14:55:43.7892116Z ##[endgroup]
2026-10-02T14:55:43.8637213Z Archived tracked source and documentation; historical evidence remains separately versioned in Git.
2026-10-02T14:55:43.8775024Z ##[group]Run actions/setup-python@v5
2026-10-02T14:55:43.8775274Z with:
2026-10-02T14:55:43.8775442Z   python-version: 3.13
2026-10-02T14:55:43.8775629Z   check-latest: false
2026-10-02T14:55:43.8777663Z   token: ***
2026-10-02T14:55:43.8777849Z   update-environment: true
2026-10-02T14:55:43.8778081Z   allow-prereleases: false
2026-10-02T14:55:43.8778275Z   freethreaded: false
2026-10-02T14:55:43.8778457Z env:
2026-10-02T14:55:43.8778625Z   NEXT_TELEMETRY_DISABLED: 1
2026-10-02T14:55:43.8778989Z ##[endgroup]
2026-10-02T14:55:43.9835475Z ##[group]Installed versions
2026-10-02T14:55:43.9918070Z (node:2098) [DEP0040] DeprecationWarning: The `punycode` module is deprecated. Please use a userland alternative instead.
2026-10-02T14:55:43.9918760Z (Use `node --trace-deprecation ...` to show where the warning was created)
2026-10-02T14:55:43.9919480Z Successfully set up CPython (3.13.15)
2026-10-02T14:55:43.9919954Z ##[endgroup]
2026-10-02T14:55:44.0106876Z ##[group]Run actions/setup-node@v4
2026-10-02T14:55:44.0107123Z with:
2026-10-02T14:55:44.0107302Z   node-version: 22
2026-10-02T14:55:44.0107484Z   always-auth: false
2026-10-02T14:55:44.0107667Z   check-latest: false
2026-10-02T14:55:44.0109871Z   token: ***
2026-10-02T14:55:44.0110045Z env:
2026-10-02T14:55:44.0110219Z   NEXT_TELEMETRY_DISABLED: 1
2026-10-02T14:55:44.0110495Z   pythonLocation: /opt/hostedtoolcache/Python/3.13.15/x64
2026-10-02T14:55:44.0110877Z   PKG_CONFIG_PATH: /opt/hostedtoolcache/Python/3.13.15/x64/lib/pkgconfig
2026-10-02T14:55:44.0111228Z   Python_ROOT_DIR: /opt/hostedtoolcache/Python/3.13.15/x64
2026-10-02T14:55:44.0111544Z   Python2_ROOT_DIR: /opt/hostedtoolcache/Python/3.13.15/x64
2026-10-02T14:55:44.0111851Z   Python3_ROOT_DIR: /opt/hostedtoolcache/Python/3.13.15/x64
2026-10-02T14:55:44.0112162Z   LD_LIBRARY_PATH: /opt/hostedtoolcache/Python/3.13.15/x64/lib
2026-10-02T14:55:44.0112424Z ##[endgroup]
2026-10-02T14:55:44.1304909Z Found in cache @ /opt/hostedtoolcache/node/22.23.3/x64
2026-10-02T14:55:44.1309923Z (node:2106) [DEP0040] DeprecationWarning: The `punycode` module is deprecated. Please use a userland alternative instead.
2026-10-02T14:55:44.1312172Z ##[group]Environment details
2026-10-02T14:55:44.1319919Z (Use `node --trace-deprecation ...` to show where the warning was created)
2026-10-02T14:55:44.4994413Z node: v22.23.3
2026-10-02T14:55:44.4994842Z npm: 10.9.9
2026-10-02T14:55:44.4995021Z yarn: 1.22.22
2026-10-02T14:55:44.4995530Z ##[endgroup]
2026-10-02T14:55:44.5100631Z ##[group]Run python -m pip install -r requirements-dev.txt
2026-10-02T14:55:44.5101007Z [36;1mpython -m pip install -r requirements-dev.txt[0m
2026-10-02T14:55:44.5164398Z shell: /usr/bin/bash --noprofile --norc -e -o pipefail {0}
2026-10-02T14:55:44.5164691Z env:
2026-10-02T14:55:44.5164869Z   NEXT_TELEMETRY_DISABLED: 1
2026-10-02T14:55:44.5165136Z   pythonLocation: /opt/hostedtoolcache/Python/3.13.15/x64
2026-10-02T14:55:44.5165496Z   PKG_CONFIG_PATH: /opt/hostedtoolcache/Python/3.13.15/x64/lib/pkgconfig
2026-10-02T14:55:44.5165838Z   Python_ROOT_DIR: /opt/hostedtoolcache/Python/3.13.15/x64
2026-10-02T14:55:44.5166174Z   Python2_ROOT_DIR: /opt/hostedtoolcache/Python/3.13.15/x64
2026-10-02T14:55:44.5166470Z   Python3_ROOT_DIR: /opt/hostedtoolcache/Python/3.13.15/x64
2026-10-02T14:55:44.5166776Z   LD_LIBRARY_PATH: /opt/hostedtoolcache/Python/3.13.15/x64/lib
2026-10-02T14:55:44.5167068Z ##[endgroup]
2026-10-02T14:55:46.0655290Z Collecting fastapi==0.142.2 (from -r /home/runner/work/AIRLOCK/AIRLOCK/requirements.txt (line 1))
2026-10-02T14:55:46.1030772Z   Downloading fastapi-0.142.2-py3-none-any.whl.metadata (27 kB)
2026-10-02T14:55:46.1281390Z Collecting starlette==1.7.0 (from -r /home/runner/work/AIRLOCK/AIRLOCK/requirements.txt (line 2))
2026-10-02T14:55:46.1311712Z   Downloading starlette-1.7.0-py3-none-any.whl.metadata (6.6 kB)
2026-10-02T14:55:46.2032598Z Collecting pydantic==2.13.5 (from -r /home/runner/work/AIRLOCK/AIRLOCK/requirements.txt (line 3))
2026-10-02T14:55:46.2066381Z   Downloading pydantic-2.13.5-py3-none-any.whl.metadata (110 kB)
2026-10-02T14:55:46.2326127Z Collecting uvicorn==0.48.0 (from -r /home/runner/work/AIRLOCK/AIRLOCK/requirements.txt (line 4))
2026-10-02T14:55:46.2357531Z   Downloading uvicorn-0.48.0-py3-none-any.whl.metadata (6.7 kB)
2026-10-02T14:55:46.2481706Z Collecting httpx==0.28.1 (from -r /home/runner/work/AIRLOCK/AIRLOCK/requirements.txt (line 5))
2026-10-02T14:55:46.2511870Z   Downloading httpx-0.28.1-py3-none-any.whl.metadata (7.1 kB)
2026-10-02T14:55:46.2608779Z Collecting cel-python==0.4.0 (from -r /home/runner/work/AIRLOCK/AIRLOCK/requirements.txt (line 6))
2026-10-02T14:55:46.2652114Z   Downloading cel_python-0.4.0-py3-none-any.whl.metadata (8.5 kB)
2026-10-02T14:55:46.2903511Z Collecting PyYAML==6.0.3 (from -r /home/runner/work/AIRLOCK/AIRLOCK/requirements.txt (line 7))
2026-10-02T14:55:46.2936271Z   Downloading pyyaml-6.0.3-cp313-cp313-manylinux2014_x86_64.manylinux_2_17_x86_64.manylinux_2_28_x86_64.whl.metadata (2.4 kB)
2026-10-02T14:55:46.3063903Z Collecting PyJWT==2.15.1 (from -r /home/runner/work/AIRLOCK/AIRLOCK/requirements.txt (line 8))
2026-10-02T14:55:46.3094018Z   Downloading pyjwt-2.15.1-py3-none-any.whl.metadata (3.5 kB)
2026-10-02T14:55:46.6124031Z Collecting cryptography==50.0.2 (from -r /home/runner/work/AIRLOCK/AIRLOCK/requirements.txt (line 9))
2026-10-02T14:55:46.6159471Z   Downloading cryptography-50.0.2-cp311-abi3-manylinux_2_34_x86_64.whl.metadata (4.4 kB)
2026-10-02T14:55:46.8596587Z Collecting boto3==1.43.107 (from -r /home/runner/work/AIRLOCK/AIRLOCK/requirements-archive.txt (line 2))
2026-10-02T14:55:46.8631177Z   Downloading boto3-1.43.107-py3-none-any.whl.metadata (6.6 kB)
2026-10-02T14:55:47.0400921Z Collecting botocore==1.43.107 (from -r /home/runner/work/AIRLOCK/AIRLOCK/requirements-archive.txt (line 3))
2026-10-02T14:55:47.0445549Z   Downloading botocore-1.43.107-py3-none-any.whl.metadata (5.6 kB)
2026-10-02T14:55:47.1060065Z Collecting s3transfer==0.19.2 (from -r /home/runner/work/AIRLOCK/AIRLOCK/requirements-archive.txt (line 4))
2026-10-02T14:55:47.1097830Z   Downloading s3transfer-0.19.2-py3-none-any.whl.metadata (1.7 kB)
2026-10-02T14:55:47.1878447Z Collecting pytest==9.0.2 (from -r requirements-dev.txt (line 3))
2026-10-02T14:55:47.1911426Z   Downloading pytest-9.0.2-py3-none-any.whl.metadata (7.6 kB)
2026-10-02T14:55:47.4208475Z Collecting playwright==1.57.0 (from -r requirements-dev.txt (line 4))
2026-10-02T14:55:47.4243530Z   Downloading playwright-1.57.0-py3-none-manylinux1_x86_64.whl.metadata (3.5 kB)
2026-10-02T14:55:47.4566601Z Collecting mcp==1.26.0 (from -r requirements-dev.txt (line 5))
2026-10-02T14:55:47.4599179Z   Downloading mcp-1.26.0-py3-none-any.whl.metadata (89 kB)
2026-10-02T14:55:47.4769192Z Collecting pip-audit==2.10.1 (from -r requirements-dev.txt (line 6))
2026-10-02T14:55:47.4801713Z   Downloading pip_audit-2.10.1-py3-none-any.whl.metadata (28 kB)
2026-10-02T14:55:47.4972870Z Collecting typing-extensions>=4.8.0 (from fastapi==0.142.2->-r /home/runner/work/AIRLOCK/AIRLOCK/requirements.txt (line 1))
2026-10-02T14:55:47.5010946Z   Downloading typing_extensions-4.16.0-py3-none-any.whl.metadata (3.3 kB)
2026-10-02T14:55:47.5095902Z Collecting typing-inspection>=0.4.2 (from fastapi==0.142.2->-r /home/runner/work/AIRLOCK/AIRLOCK/requirements.txt (line 1))
2026-10-02T14:55:47.5130519Z   Downloading typing_inspection-0.4.4-py3-none-any.whl.metadata (2.6 kB)
2026-10-02T14:55:47.5211743Z Collecting annotated-doc>=0.0.2 (from fastapi==0.142.2->-r /home/runner/work/AIRLOCK/AIRLOCK/requirements.txt (line 1))
2026-10-02T14:55:47.5241919Z   Downloading annotated_doc-0.0.5-py3-none-any.whl.metadata (6.5 kB)
2026-10-02T14:55:47.6542140Z Collecting opentelemetry-api>=1.44.0 (from fastapi==0.142.2->-r /home/runner/work/AIRLOCK/AIRLOCK/requirements.txt (line 1))
2026-10-02T14:55:47.6574567Z   Downloading opentelemetry_api-1.45.0-py3-none-any.whl.metadata (1.4 kB)
2026-10-02T14:55:47.6720297Z Collecting anyio<5,>=4.0.0 (from starlette==1.7.0->-r /home/runner/work/AIRLOCK/AIRLOCK/requirements.txt (line 2))
2026-10-02T14:55:47.6753420Z   Downloading anyio-4.15.1-py3-none-any.whl.metadata (4.7 kB)
2026-10-02T14:55:47.6842452Z Collecting annotated-types>=0.6.0 (from pydantic==2.13.5->-r /home/runner/work/AIRLOCK/AIRLOCK/requirements.txt (line 3))
2026-10-02T14:55:47.6873113Z   Downloading annotated_types-0.8.0-py3-none-any.whl.metadata (15 kB)
2026-10-02T14:55:48.1886193Z Collecting pydantic-core==2.46.5 (from pydantic==2.13.5->-r /home/runner/work/AIRLOCK/AIRLOCK/requirements.txt (line 3))
2026-10-02T14:55:48.1922847Z   Downloading pydantic_core-2.46.5-cp313-cp313-manylinux_2_17_x86_64.manylinux2014_x86_64.whl.metadata (6.6 kB)
2026-10-02T14:55:48.2062426Z Collecting click>=7.0 (from uvicorn==0.48.0->-r /home/runner/work/AIRLOCK/AIRLOCK/requirements.txt (line 4))
2026-10-02T14:55:48.2093172Z   Downloading click-8.5.0-py3-none-any.whl.metadata (2.6 kB)
2026-10-02T14:55:48.2199879Z Collecting h11>=0.8 (from uvicorn==0.48.0->-r /home/runner/work/AIRLOCK/AIRLOCK/requirements.txt (line 4))
2026-10-02T14:55:48.2230272Z   Downloading h11-0.16.0-py3-none-any.whl.metadata (8.3 kB)
2026-10-02T14:55:48.3189024Z Collecting certifi (from httpx==0.28.1->-r /home/runner/work/AIRLOCK/AIRLOCK/requirements.txt (line 5))
2026-10-02T14:55:48.3220148Z   Downloading certifi-2026.7.22-py3-none-any.whl.metadata (2.5 kB)
2026-10-02T14:55:48.3515099Z Collecting httpcore==1.* (from httpx==0.28.1->-r /home/runner/work/AIRLOCK/AIRLOCK/requirements.txt (line 5))
2026-10-02T14:55:48.3547257Z   Downloading httpcore-1.0.9-py3-none-any.whl.metadata (21 kB)
2026-10-02T14:55:48.3771493Z Collecting idna (from httpx==0.28.1->-r /home/runner/work/AIRLOCK/AIRLOCK/requirements.txt (line 5))
2026-10-02T14:55:48.3803027Z   Downloading idna-3.20-py3-none-any.whl.metadata (7.2 kB)
2026-10-02T14:55:48.4221858Z Collecting google-re2>=1.1.20240702 (from cel-python==0.4.0->-r /home/runner/work/AIRLOCK/AIRLOCK/requirements.txt (line 6))
2026-10-02T14:55:48.4270757Z   Downloading google_re2-1.1.20251105-1-cp313-cp313-manylinux_2_27_x86_64.manylinux_2_28_x86_64.whl.metadata (2.4 kB)
2026-10-02T14:55:48.4366431Z Collecting jmespath>=1.0.1 (from cel-python==0.4.0->-r /home/runner/work/AIRLOCK/AIRLOCK/requirements.txt (line 6))
2026-10-02T14:55:48.4396144Z   Downloading jmespath-1.1.0-py3-none-any.whl.metadata (7.6 kB)
2026-10-02T14:55:48.4520415Z Collecting lark>=1.2.2 (from cel-python==0.4.0->-r /home/runner/work/AIRLOCK/AIRLOCK/requirements.txt (line 6))
2026-10-02T14:55:48.4550331Z   Downloading lark-1.3.1-py3-none-any.whl.metadata (1.8 kB)
2026-10-02T14:55:48.5475780Z Collecting pendulum>=3.1.0 (from cel-python==0.4.0->-r /home/runner/work/AIRLOCK/AIRLOCK/requirements.txt (line 6))
2026-10-02T14:55:48.5509362Z   Downloading pendulum-3.2.0-cp313-cp313-manylinux_2_17_x86_64.manylinux2014_x86_64.whl.metadata (6.8 kB)
2026-10-02T14:55:48.6216984Z Collecting cffi>=2.0.0 (from cryptography==50.0.2->-r /home/runner/work/AIRLOCK/AIRLOCK/requirements.txt (line 9))
2026-10-02T14:55:48.6251606Z   Downloading cffi-2.1.1-cp313-cp313-manylinux2014_x86_64.manylinux_2_17_x86_64.whl.metadata (2.5 kB)
2026-10-02T14:55:48.6455279Z Collecting python-dateutil<3.0.0,>=2.1 (from botocore==1.43.107->-r /home/runner/work/AIRLOCK/AIRLOCK/requirements-archive.txt (line 3))
2026-10-02T14:55:48.6485819Z   Downloading python_dateutil-2.9.0.post0-py2.py3-none-any.whl.metadata (8.4 kB)
2026-10-02T14:55:48.6793696Z Collecting urllib3!=2.2.0,<3,>=1.25.4 (from botocore==1.43.107->-r /home/runner/work/AIRLOCK/AIRLOCK/requirements-archive.txt (line 3))
2026-10-02T14:55:48.6848377Z   Downloading urllib3-2.8.0-py3-none-any.whl.metadata (7.4 kB)
2026-10-02T14:55:48.7032837Z Collecting iniconfig>=1.0.1 (from pytest==9.0.2->-r requirements-dev.txt (line 3))
2026-10-02T14:55:48.7066649Z   Downloading iniconfig-2.3.0-py3-none-any.whl.metadata (2.5 kB)
2026-10-02T14:55:48.7272683Z Collecting packaging>=22 (from pytest==9.0.2->-r requirements-dev.txt (line 3))
2026-10-02T14:55:48.7305281Z   Downloading packaging-26.3-py3-none-any.whl.metadata (3.5 kB)
2026-10-02T14:55:48.7399723Z Collecting pluggy<2,>=1.5 (from pytest==9.0.2->-r requirements-dev.txt (line 3))
2026-10-02T14:55:48.7430134Z   Downloading pluggy-1.6.0-py3-none-any.whl.metadata (4.8 kB)
2026-10-02T14:55:48.7602888Z Collecting pygments>=2.7.2 (from pytest==9.0.2->-r requirements-dev.txt (line 3))
2026-10-02T14:55:48.7635809Z   Downloading pygments-2.21.0-py3-none-any.whl.metadata (2.5 kB)
2026-10-02T14:55:48.7750068Z Collecting pyee<14,>=13 (from playwright==1.57.0->-r requirements-dev.txt (line 4))
2026-10-02T14:55:48.7781535Z   Downloading pyee-13.0.1-py3-none-any.whl.metadata (3.0 kB)
2026-10-02T14:55:48.8770808Z Collecting greenlet<4.0.0,>=3.1.1 (from playwright==1.57.0->-r requirements-dev.txt (line 4))
2026-10-02T14:55:48.8807068Z   Downloading greenlet-3.5.6-cp313-cp313-manylinux_2_24_x86_64.manylinux_2_28_x86_64.whl.metadata (3.8 kB)
2026-10-02T14:55:48.8955844Z Collecting httpx-sse>=0.4 (from mcp==1.26.0->-r requirements-dev.txt (line 5))
2026-10-02T14:55:48.8985980Z   Downloading httpx_sse-0.4.3-py3-none-any.whl.metadata (9.7 kB)
2026-10-02T14:55:48.9145600Z Collecting jsonschema>=4.20.0 (from mcp==1.26.0->-r requirements-dev.txt (line 5))
2026-10-02T14:55:48.9177036Z   Downloading jsonschema-4.26.0-py3-none-any.whl.metadata (7.6 kB)
2026-10-02T14:55:48.9297306Z Collecting pydantic-settings>=2.5.2 (from mcp==1.26.0->-r requirements-dev.txt (line 5))
2026-10-02T14:55:48.9328310Z   Downloading pydantic_settings-2.15.0-py3-none-any.whl.metadata (3.9 kB)
2026-10-02T14:55:48.9452586Z Collecting python-multipart>=0.0.9 (from mcp==1.26.0->-r requirements-dev.txt (line 5))
2026-10-02T14:55:48.9488943Z   Downloading python_multipart-0.0.32-py3-none-any.whl.metadata (2.1 kB)
2026-10-02T14:55:48.9681821Z Collecting sse-starlette>=1.6.1 (from mcp==1.26.0->-r requirements-dev.txt (line 5))
2026-10-02T14:55:48.9713506Z   Downloading sse_starlette-3.5.0-py3-none-any.whl.metadata (15 kB)
2026-10-02T14:55:48.9852500Z Collecting CacheControl>=0.13.0 (from CacheControl[filecache]>=0.13.0->pip-audit==2.10.1->-r requirements-dev.txt (line 6))
2026-10-02T14:55:48.9892352Z   Downloading cachecontrol-0.14.4-py3-none-any.whl.metadata (3.1 kB)
2026-10-02T14:55:49.0089799Z Collecting cyclonedx-python-lib<12,>=5 (from pip-audit==2.10.1->-r requirements-dev.txt (line 6))
2026-10-02T14:55:49.0120309Z   Downloading cyclonedx_python_lib-11.12.0-py3-none-any.whl.metadata (6.9 kB)
2026-10-02T14:55:49.0230651Z Collecting pip-api>=0.0.28 (from pip-audit==2.10.1->-r requirements-dev.txt (line 6))
2026-10-02T14:55:49.0263171Z   Downloading pip_api-0.0.35-py3-none-any.whl.metadata (17 kB)
2026-10-02T14:55:49.0382145Z Collecting pip-requirements-parser>=32.0.0 (from pip-audit==2.10.1->-r requirements-dev.txt (line 6))
2026-10-02T14:55:49.0414085Z   Downloading pip_requirements_parser-32.0.1-py3-none-any.whl.metadata (9.3 kB)
2026-10-02T14:55:49.4649636Z Collecting requests>=2.31.0 (from pip-audit==2.10.1->-r requirements-dev.txt (line 6))
2026-10-02T14:55:49.4682561Z   Downloading requests-2.34.2-py3-none-any.whl.metadata (4.8 kB)
2026-10-02T14:55:49.4955143Z Collecting rich>=12.4 (from pip-audit==2.10.1->-r requirements-dev.txt (line 6))
2026-10-02T14:55:49.4990230Z   Downloading rich-15.0.0-py3-none-any.whl.metadata (18 kB)
2026-10-02T14:55:49.5163303Z Collecting tomli>=2.2.1 (from pip-audit==2.10.1->-r requirements-dev.txt (line 6))
2026-10-02T14:55:49.5196027Z   Downloading tomli-2.4.1-cp313-cp313-manylinux2014_x86_64.manylinux_2_17_x86_64.manylinux_2_28_x86_64.whl.metadata (10 kB)
2026-10-02T14:55:49.5917224Z Collecting tomli-w>=1.2.0 (from pip-audit==2.10.1->-r requirements-dev.txt (line 6))
2026-10-02T14:55:49.5950476Z   Downloading tomli_w-1.2.0-py3-none-any.whl.metadata (5.7 kB)
2026-10-02T14:55:49.6088184Z Collecting platformdirs>=4.2.0 (from pip-audit==2.10.1->-r requirements-dev.txt (line 6))
2026-10-02T14:55:49.6118310Z   Downloading platformdirs-4.12.2-py3-none-any.whl.metadata (5.5 kB)
2026-10-02T14:55:49.7768629Z Collecting license-expression<31,>=30 (from cyclonedx-python-lib<12,>=5->pip-audit==2.10.1->-r requirements-dev.txt (line 6))
2026-10-02T14:55:49.7799586Z   Downloading license_expression-30.4.4-py3-none-any.whl.metadata (11 kB)
2026-10-02T14:55:49.7925118Z Collecting packageurl-python<2,>=0.11 (from cyclonedx-python-lib<12,>=5->pip-audit==2.10.1->-r requirements-dev.txt (line 6))
2026-10-02T14:55:49.7955009Z   Downloading packageurl_python-0.17.6-py3-none-any.whl.metadata (5.1 kB)
2026-10-02T14:55:49.9190440Z Collecting py-serializable<3.0.0,>=2.1.0 (from cyclonedx-python-lib<12,>=5->pip-audit==2.10.1->-r requirements-dev.txt (line 6))
2026-10-02T14:55:49.9223420Z   Downloading py_serializable-2.1.0-py3-none-any.whl.metadata (4.3 kB)
2026-10-02T14:55:50.0113439Z Collecting sortedcontainers<3.0.0,>=2.4.0 (from cyclonedx-python-lib<12,>=5->pip-audit==2.10.1->-r requirements-dev.txt (line 6))
2026-10-02T14:55:50.0145190Z   Downloading sortedcontainers-2.4.0-py2.py3-none-any.whl.metadata (10 kB)
2026-10-02T14:55:50.0261220Z Collecting boolean.py>=4.0 (from license-expression<31,>=30->cyclonedx-python-lib<12,>=5->pip-audit==2.10.1->-r requirements-dev.txt (line 6))
2026-10-02T14:55:50.0292284Z   Downloading boolean_py-5.0-py3-none-any.whl.metadata (2.3 kB)
2026-10-02T14:55:50.0398089Z Collecting defusedxml<0.8.0,>=0.7.1 (from py-serializable<3.0.0,>=2.1.0->cyclonedx-python-lib<12,>=5->pip-audit==2.10.1->-r requirements-dev.txt (line 6))
2026-10-02T14:55:50.0451147Z   Downloading defusedxml-0.7.1-py2.py3-none-any.whl.metadata (32 kB)
2026-10-02T14:55:50.1162353Z Collecting six>=1.5 (from python-dateutil<3.0.0,>=2.1->botocore==1.43.107->-r /home/runner/work/AIRLOCK/AIRLOCK/requirements-archive.txt (line 3))
2026-10-02T14:55:50.1195054Z   Downloading six-1.17.0-py2.py3-none-any.whl.metadata (1.7 kB)
2026-10-02T14:55:50.1766657Z Collecting msgpack<2.0.0,>=0.5.2 (from CacheControl>=0.13.0->CacheControl[filecache]>=0.13.0->pip-audit==2.10.1->-r requirements-dev.txt (line 6))
2026-10-02T14:55:50.1801333Z   Downloading msgpack-1.2.3-cp313-cp313-manylinux2014_x86_64.manylinux_2_17_x86_64.manylinux_2_28_x86_64.whl.metadata (8.3 kB)
2026-10-02T14:55:50.1992217Z Collecting filelock>=3.8.0 (from CacheControl[filecache]>=0.13.0->pip-audit==2.10.1->-r requirements-dev.txt (line 6))
2026-10-02T14:55:50.2033287Z   Downloading filelock-4.0.9-py3-none-any.whl.metadata (2.0 kB)
2026-10-02T14:55:50.2572266Z Collecting pycparser (from cffi>=2.0.0->cryptography==50.0.2->-r /home/runner/work/AIRLOCK/AIRLOCK/requirements.txt (line 9))
2026-10-02T14:55:50.2603602Z   Downloading pycparser-3.0-py3-none-any.whl.metadata (8.2 kB)
2026-10-02T14:55:50.2737991Z Collecting attrs>=22.2.0 (from jsonschema>=4.20.0->mcp==1.26.0->-r requirements-dev.txt (line 5))
2026-10-02T14:55:50.2774033Z   Downloading attrs-26.1.0-py3-none-any.whl.metadata (8.8 kB)
2026-10-02T14:55:50.3478117Z Collecting jsonschema-specifications>=2023.03.6 (from jsonschema>=4.20.0->mcp==1.26.0->-r requirements-dev.txt (line 5))
2026-10-02T14:55:50.3510475Z   Downloading jsonschema_specifications-2025.9.1-py3-none-any.whl.metadata (2.9 kB)
2026-10-02T14:55:50.4604656Z Collecting referencing>=0.28.4 (from jsonschema>=4.20.0->mcp==1.26.0->-r requirements-dev.txt (line 5))
2026-10-02T14:55:50.4635900Z   Downloading referencing-0.37.0-py3-none-any.whl.metadata (2.8 kB)
2026-10-02T14:55:50.6461174Z Collecting rpds-py>=0.25.0 (from jsonschema>=4.20.0->mcp==1.26.0->-r requirements-dev.txt (line 5))
2026-10-02T14:55:50.6495873Z   Downloading rpds_py-2026.6.3-cp313-cp313-manylinux_2_17_x86_64.manylinux2014_x86_64.whl.metadata (4.1 kB)
2026-10-02T14:55:50.6997677Z Collecting tzdata>=2020.1 (from pendulum>=3.1.0->cel-python==0.4.0->-r /home/runner/work/AIRLOCK/AIRLOCK/requirements.txt (line 6))
2026-10-02T14:55:50.7028689Z   Downloading tzdata-2026.4-py2.py3-none-any.whl.metadata (1.4 kB)
2026-10-02T14:55:50.7062000Z Requirement already satisfied: pip in /opt/hostedtoolcache/Python/3.13.15/x64/lib/python3.13/site-packages (from pip-api>=0.0.28->pip-audit==2.10.1->-r requirements-dev.txt (line 6)) (26.2.1)
2026-10-02T14:55:50.7408430Z Collecting pyparsing (from pip-requirements-parser>=32.0.0->pip-audit==2.10.1->-r requirements-dev.txt (line 6))
2026-10-02T14:55:50.7442494Z   Downloading pyparsing-3.3.3-py3-none-any.whl.metadata (5.9 kB)
2026-10-02T14:55:50.7585739Z Collecting python-dotenv>=0.21.0 (from pydantic-settings>=2.5.2->mcp==1.26.0->-r requirements-dev.txt (line 5))
2026-10-02T14:55:50.7622265Z   Downloading python_dotenv-1.2.4-py3-none-any.whl.metadata (29 kB)
2026-10-02T14:55:50.8564243Z Collecting charset_normalizer<4,>=2 (from requests>=2.31.0->pip-audit==2.10.1->-r requirements-dev.txt (line 6))
2026-10-02T14:55:50.8599807Z   Downloading charset_normalizer-3.5.2-cp313-cp313-manylinux2014_x86_64.manylinux_2_17_x86_64.manylinux_2_28_x86_64.whl.metadata (46 kB)
2026-10-02T14:55:50.9106178Z Collecting markdown-it-py>=2.2.0 (from rich>=12.4->pip-audit==2.10.1->-r requirements-dev.txt (line 6))
2026-10-02T14:55:50.9139862Z   Downloading markdown_it_py-4.2.0-py3-none-any.whl.metadata (7.4 kB)
2026-10-02T14:55:50.9248147Z Collecting mdurl~=0.1 (from markdown-it-py>=2.2.0->rich>=12.4->pip-audit==2.10.1->-r requirements-dev.txt (line 6))
2026-10-02T14:55:50.9283279Z   Downloading mdurl-0.1.2-py3-none-any.whl.metadata (1.6 kB)
2026-10-02T14:55:50.9430352Z Downloading fastapi-0.142.2-py3-none-any.whl (144 kB)
2026-10-02T14:55:50.9477088Z Downloading starlette-1.7.0-py3-none-any.whl (78 kB)
2026-10-02T14:55:50.9734540Z Downloading pydantic-2.13.5-py3-none-any.whl (472 kB)
2026-10-02T14:55:50.9811574Z Downloading uvicorn-0.48.0-py3-none-any.whl (71 kB)
2026-10-02T14:55:50.9854633Z Downloading httpx-0.28.1-py3-none-any.whl (73 kB)
2026-10-02T14:55:50.9906733Z Downloading cel_python-0.4.0-py3-none-any.whl (85 kB)
2026-10-02T14:55:50.9954293Z Downloading pyyaml-6.0.3-cp313-cp313-manylinux2014_x86_64.manylinux_2_17_x86_64.manylinux_2_28_x86_64.whl (801 kB)
2026-10-02T14:55:51.0043180Z    ━━━━━━━━━━━━━━━━━━━━━━━━━━━━━━━━━━━━━━━━ 801.6/801.6 kB 79.8 MB/s  0:00:00
2026-10-02T14:55:51.0078056Z Downloading pyjwt-2.15.1-py3-none-any.whl (33 kB)
2026-10-02T14:55:51.0123207Z Downloading cryptography-50.0.2-cp311-abi3-manylinux_2_34_x86_64.whl (4.8 MB)
2026-10-02T14:55:51.1194995Z    ━━━━━━━━━━━━━━━━━━━━━━━━━━━━━━━━━━━━━━━━ 4.8/4.8 MB 42.7 MB/s  0:00:00
2026-10-02T14:55:51.1241629Z Downloading boto3-1.43.107-py3-none-any.whl (140 kB)
2026-10-02T14:55:51.1294789Z Downloading botocore-1.43.107-py3-none-any.whl (16.0 MB)
2026-10-02T14:55:51.3635454Z    ━━━━━━━━━━━━━━━━━━━━━━━━━━━━━━━━━━━━━━━━ 16.0/16.0 MB 67.8 MB/s  0:00:00
2026-10-02T14:55:51.3669957Z Downloading s3transfer-0.19.2-py3-none-any.whl (90 kB)
2026-10-02T14:55:51.4036431Z Downloading pytest-9.0.2-py3-none-any.whl (374 kB)
2026-10-02T14:55:51.4107521Z Downloading playwright-1.57.0-py3-none-manylinux1_x86_64.whl (46.0 MB)
2026-10-02T14:55:52.1128110Z    ━━━━━━━━━━━━━━━━━━━━━━━━━━━━━━━━━━━━━━━━ 46.0/46.0 MB 65.5 MB/s  0:00:00
2026-10-02T14:55:52.1171693Z Downloading mcp-1.26.0-py3-none-any.whl (233 kB)
2026-10-02T14:55:52.3167381Z Downloading pip_audit-2.10.1-py3-none-any.whl (62 kB)
2026-10-02T14:55:52.3215443Z Downloading pydantic_core-2.46.5-cp313-cp313-manylinux_2_17_x86_64.manylinux2014_x86_64.whl (2.1 MB)
2026-10-02T14:55:52.3566999Z    ━━━━━━━━━━━━━━━━━━━━━━━━━━━━━━━━━━━━━━━━ 2.1/2.1 MB 54.4 MB/s  0:00:00
2026-10-02T14:55:52.3605656Z Downloading anyio-4.15.1-py3-none-any.whl (132 kB)
2026-10-02T14:55:52.3656549Z Downloading cyclonedx_python_lib-11.12.0-py3-none-any.whl (529 kB)
2026-10-02T14:55:52.4433343Z    ━━━━━━━━━━━━━━━━━━━━━━━━━━━━━━━━━━━━━━━━ 529.5/529.5 kB 3.5 MB/s  0:00:00
2026-10-02T14:55:52.4468374Z Downloading greenlet-3.5.6-cp313-cp313-manylinux_2_24_x86_64.manylinux_2_28_x86_64.whl (623 kB)
2026-10-02T14:55:52.4531247Z    ━━━━━━━━━━━━━━━━━━━━━━━━━━━━━━━━━━━━━━━━ 623.8/623.8 kB 78.6 MB/s  0:00:00
2026-10-02T14:55:52.4562898Z Downloading httpcore-1.0.9-py3-none-any.whl (78 kB)
2026-10-02T14:55:52.4630828Z Downloading jmespath-1.1.0-py3-none-any.whl (20 kB)
2026-10-02T14:55:52.4710938Z Downloading license_expression-30.4.4-py3-none-any.whl (120 kB)
2026-10-02T14:55:52.4765258Z Downloading packageurl_python-0.17.6-py3-none-any.whl (36 kB)
2026-10-02T14:55:52.4810944Z Downloading pluggy-1.6.0-py3-none-any.whl (20 kB)
2026-10-02T14:55:52.4856234Z Downloading py_serializable-2.1.0-py3-none-any.whl (23 kB)
2026-10-02T14:55:52.4901225Z Downloading defusedxml-0.7.1-py2.py3-none-any.whl (25 kB)
2026-10-02T14:55:52.4946515Z Downloading pyee-13.0.1-py3-none-any.whl (15 kB)
2026-10-02T14:55:52.4991031Z Downloading python_dateutil-2.9.0.post0-py2.py3-none-any.whl (229 kB)
2026-10-02T14:55:52.5044130Z Downloading sortedcontainers-2.4.0-py2.py3-none-any.whl (29 kB)
2026-10-02T14:55:52.5093454Z Downloading urllib3-2.8.0-py3-none-any.whl (135 kB)
2026-10-02T14:55:52.5141459Z Downloading annotated_doc-0.0.5-py3-none-any.whl (5.3 kB)
2026-10-02T14:55:52.5185500Z Downloading annotated_types-0.8.0-py3-none-any.whl (13 kB)
2026-10-02T14:55:52.5229564Z Downloading boolean_py-5.0-py3-none-any.whl (26 kB)
2026-10-02T14:55:52.7749929Z Downloading cachecontrol-0.14.4-py3-none-any.whl (22 kB)
2026-10-02T14:55:52.7797524Z Downloading msgpack-1.2.3-cp313-cp313-manylinux2014_x86_64.manylinux_2_17_x86_64.manylinux_2_28_x86_64.whl (466 kB)
2026-10-02T14:55:52.7863573Z Downloading cffi-2.1.1-cp313-cp313-manylinux2014_x86_64.manylinux_2_17_x86_64.whl (221 kB)
2026-10-02T14:55:52.7920794Z Downloading click-8.5.0-py3-none-any.whl (125 kB)
2026-10-02T14:55:52.7970660Z Downloading filelock-4.0.9-py3-none-any.whl (110 kB)
2026-10-02T14:55:52.8017533Z Downloading google_re2-1.1.20251105-1-cp313-cp313-manylinux_2_27_x86_64.manylinux_2_28_x86_64.whl (591 kB)
2026-10-02T14:55:52.8086681Z    ━━━━━━━━━━━━━━━━━━━━━━━━━━━━━━━━━━━━━━━━ 591.4/591.4 kB 65.4 MB/s  0:00:00
2026-10-02T14:55:52.8117528Z Downloading h11-0.16.0-py3-none-any.whl (37 kB)
2026-10-02T14:55:52.8163780Z Downloading httpx_sse-0.4.3-py3-none-any.whl (9.0 kB)
2026-10-02T14:55:52.8211353Z Downloading idna-3.20-py3-none-any.whl (69 kB)
2026-10-02T14:55:52.8275041Z Downloading iniconfig-2.3.0-py3-none-any.whl (7.5 kB)
2026-10-02T14:55:52.8320225Z Downloading jsonschema-4.26.0-py3-none-any.whl (90 kB)
2026-10-02T14:55:52.8369518Z Downloading attrs-26.1.0-py3-none-any.whl (67 kB)
2026-10-02T14:55:52.8765785Z Downloading jsonschema_specifications-2025.9.1-py3-none-any.whl (18 kB)
2026-10-02T14:55:52.8811358Z Downloading lark-1.3.1-py3-none-any.whl (113 kB)
2026-10-02T14:55:52.8861596Z Downloading opentelemetry_api-1.45.0-py3-none-any.whl (60 kB)
2026-10-02T14:55:52.8906412Z Downloading packaging-26.3-py3-none-any.whl (129 kB)
2026-10-02T14:55:52.8962350Z Downloading pendulum-3.2.0-cp313-cp313-manylinux_2_17_x86_64.manylinux2014_x86_64.whl (348 kB)
2026-10-02T14:55:52.9039954Z Downloading pip_api-0.0.35-py3-none-any.whl (123 kB)
2026-10-02T14:55:52.9087311Z Downloading pip_requirements_parser-32.0.1-py3-none-any.whl (35 kB)
2026-10-02T14:55:52.9133666Z Downloading platformdirs-4.12.2-py3-none-any.whl (32 kB)
2026-10-02T14:55:52.9177372Z Downloading pydantic_settings-2.15.0-py3-none-any.whl (69 kB)
2026-10-02T14:55:52.9225326Z Downloading pygments-2.21.0-py3-none-any.whl (1.3 MB)
2026-10-02T14:55:52.9334134Z    ━━━━━━━━━━━━━━━━━━━━━━━━━━━━━━━━━━━━━━━━ 1.3/1.3 MB 108.6 MB/s  0:00:00
2026-10-02T14:55:52.9366793Z Downloading python_dotenv-1.2.4-py3-none-any.whl (23 kB)
2026-10-02T14:55:52.9411143Z Downloading python_multipart-0.0.32-py3-none-any.whl (30 kB)
2026-10-02T14:55:52.9464512Z Downloading referencing-0.37.0-py3-none-any.whl (26 kB)
2026-10-02T14:55:52.9508493Z Downloading requests-2.34.2-py3-none-any.whl (73 kB)
2026-10-02T14:55:53.1151771Z Downloading charset_normalizer-3.5.2-cp313-cp313-manylinux2014_x86_64.manylinux_2_17_x86_64.manylinux_2_28_x86_64.whl (254 kB)
2026-10-02T14:55:53.1688159Z Downloading certifi-2026.7.22-py3-none-any.whl (136 kB)
2026-10-02T14:55:53.1744065Z Downloading rich-15.0.0-py3-none-any.whl (310 kB)
2026-10-02T14:55:53.1805537Z Downloading markdown_it_py-4.2.0-py3-none-any.whl (91 kB)
2026-10-02T14:55:53.1855402Z Downloading mdurl-0.1.2-py3-none-any.whl (10.0 kB)
2026-10-02T14:55:53.1903990Z Downloading rpds_py-2026.6.3-cp313-cp313-manylinux_2_17_x86_64.manylinux2014_x86_64.whl (365 kB)
2026-10-02T14:55:53.1973555Z Downloading six-1.17.0-py2.py3-none-any.whl (11 kB)
2026-10-02T14:55:53.2018411Z Downloading sse_starlette-3.5.0-py3-none-any.whl (17 kB)
2026-10-02T14:55:53.2491774Z Downloading tomli-2.4.1-cp313-cp313-manylinux2014_x86_64.manylinux_2_17_x86_64.manylinux_2_28_x86_64.whl (251 kB)
2026-10-02T14:55:53.2544799Z Downloading tomli_w-1.2.0-py3-none-any.whl (6.7 kB)
2026-10-02T14:55:53.2594462Z Downloading typing_extensions-4.16.0-py3-none-any.whl (45 kB)
2026-10-02T14:55:53.2647299Z Downloading typing_inspection-0.4.4-py3-none-any.whl (14 kB)
2026-10-02T14:55:53.2693943Z Downloading tzdata-2026.4-py2.py3-none-any.whl (347 kB)
2026-10-02T14:55:53.2760545Z Downloading pycparser-3.0-py3-none-any.whl (48 kB)
2026-10-02T14:55:53.2805779Z Downloading pyparsing-3.3.3-py3-none-any.whl (126 kB)
2026-10-02T14:55:53.6006075Z Installing collected packages: sortedcontainers, boolean.py, urllib3, tzdata, typing-extensions, tomli-w, tomli, six, rpds-py, PyYAML, python-multipart, python-dotenv, pyparsing, PyJWT, pygments, pycparser, pluggy, platformdirs, pip-api, packaging, packageurl-python, msgpack, mdurl, license-expression, lark, jmespath, iniconfig, idna, httpx-sse, h11, greenlet, google-re2, filelock, defusedxml, click, charset_normalizer, certifi, attrs, annotated-types, annotated-doc, uvicorn, typing-inspection, requests, referencing, python-dateutil, pytest, pyee, pydantic-core, py-serializable, pip-requirements-parser, opentelemetry-api, markdown-it-py, httpcore, cffi, anyio, starlette, rich, pydantic, playwright, pendulum, jsonschema-specifications, httpx, cyclonedx-python-lib, cryptography, CacheControl, botocore, sse-starlette, s3transfer, pydantic-settings, jsonschema, fastapi, cel-python, pip-audit, mcp, boto3
2026-10-02T14:56:00.2924807Z 
2026-10-02T14:56:00.2980173Z Successfully installed CacheControl-0.14.4 PyJWT-2.15.1 PyYAML-6.0.3 annotated-doc-0.0.5 annotated-types-0.8.0 anyio-4.15.1 attrs-26.1.0 boolean.py-5.0 boto3-1.43.107 botocore-1.43.107 cel-python-0.4.0 certifi-2026.7.22 cffi-2.1.1 charset_normalizer-3.5.2 click-8.5.0 cryptography-50.0.2 cyclonedx-python-lib-11.12.0 defusedxml-0.7.1 fastapi-0.142.2 filelock-4.0.9 google-re2-1.1.20251105 greenlet-3.5.6 h11-0.16.0 httpcore-1.0.9 httpx-0.28.1 httpx-sse-0.4.3 idna-3.20 iniconfig-2.3.0 jmespath-1.1.0 jsonschema-4.26.0 jsonschema-specifications-2025.9.1 lark-1.3.1 license-expression-30.4.4 markdown-it-py-4.2.0 mcp-1.26.0 mdurl-0.1.2 msgpack-1.2.3 opentelemetry-api-1.45.0 packageurl-python-0.17.6 packaging-26.3 pendulum-3.2.0 pip-api-0.0.35 pip-audit-2.10.1 pip-requirements-parser-32.0.1 platformdirs-4.12.2 playwright-1.57.0 pluggy-1.6.0 py-serializable-2.1.0 pycparser-3.0 pydantic-2.13.5 pydantic-core-2.46.5 pydantic-settings-2.15.0 pyee-13.0.1 pygments-2.21.0 pyparsing-3.3.3 pytest-9.0.2 python-dateutil-2.9.0.post0 python-dotenv-1.2.4 python-multipart-0.0.32 referencing-0.37.0 requests-2.34.2 rich-15.0.0 rpds-py-2026.6.3 s3transfer-0.19.2 six-1.17.0 sortedcontainers-2.4.0 sse-starlette-3.5.0 starlette-1.7.0 tomli-2.4.1 tomli-w-1.2.0 typing-extensions-4.16.0 typing-inspection-0.4.4 tzdata-2026.4 urllib3-2.8.0 uvicorn-0.48.0
2026-10-02T14:56:00.6331572Z ##[group]Run npm ci
2026-10-02T14:56:00.6331811Z [36;1mnpm ci[0m
2026-10-02T14:56:00.6388230Z shell: /usr/bin/bash --noprofile --norc -e -o pipefail {0}
2026-10-02T14:56:00.6388509Z env:
2026-10-02T14:56:00.6388675Z   NEXT_TELEMETRY_DISABLED: 1
2026-10-02T14:56:00.6389067Z   pythonLocation: /opt/hostedtoolcache/Python/3.13.15/x64
2026-10-02T14:56:00.6389413Z   PKG_CONFIG_PATH: /opt/hostedtoolcache/Python/3.13.15/x64/lib/pkgconfig
2026-10-02T14:56:00.6389765Z   Python_ROOT_DIR: /opt/hostedtoolcache/Python/3.13.15/x64
2026-10-02T14:56:00.6390063Z   Python2_ROOT_DIR: /opt/hostedtoolcache/Python/3.13.15/x64
2026-10-02T14:56:00.6390348Z   Python3_ROOT_DIR: /opt/hostedtoolcache/Python/3.13.15/x64
2026-10-02T14:56:00.6390648Z   LD_LIBRARY_PATH: /opt/hostedtoolcache/Python/3.13.15/x64/lib
2026-10-02T14:56:00.6390902Z ##[endgroup]
2026-10-02T14:56:07.3435074Z 
2026-10-02T14:56:07.3435832Z added 24 packages, and audited 25 packages in 7s
2026-10-02T14:56:07.3436367Z 
2026-10-02T14:56:07.3436663Z 6 packages are looking for funding
2026-10-02T14:56:07.3437036Z   run `npm fund` for details
2026-10-02T14:56:07.3442794Z 
2026-10-02T14:56:07.3443218Z found 0 vulnerabilities
2026-10-02T14:56:07.3889474Z ##[group]Run python scripts/run_logged.py evidence/next-build.log -- npm run build
2026-10-02T14:56:07.3890189Z [36;1mpython scripts/run_logged.py evidence/next-build.log -- npm run build[0m
2026-10-02T14:56:07.3948596Z shell: /usr/bin/bash --noprofile --norc -e -o pipefail {0}
2026-10-02T14:56:07.3949064Z env:
2026-10-02T14:56:07.3949256Z   NEXT_TELEMETRY_DISABLED: 1
2026-10-02T14:56:07.3949507Z   pythonLocation: /opt/hostedtoolcache/Python/3.13.15/x64
2026-10-02T14:56:07.3949844Z   PKG_CONFIG_PATH: /opt/hostedtoolcache/Python/3.13.15/x64/lib/pkgconfig
2026-10-02T14:56:07.3950178Z   Python_ROOT_DIR: /opt/hostedtoolcache/Python/3.13.15/x64
2026-10-02T14:56:07.3950484Z   Python2_ROOT_DIR: /opt/hostedtoolcache/Python/3.13.15/x64
2026-10-02T14:56:07.3950774Z   Python3_ROOT_DIR: /opt/hostedtoolcache/Python/3.13.15/x64
2026-10-02T14:56:07.3951063Z   LD_LIBRARY_PATH: /opt/hostedtoolcache/Python/3.13.15/x64/lib
2026-10-02T14:56:07.3951325Z ##[endgroup]
2026-10-02T14:56:20.6881822Z 
2026-10-02T14:56:20.6882513Z > airlock-review-console@0.1.0 build
2026-10-02T14:56:20.6883127Z > next build frontend --webpack && node scripts/package_console.mjs
2026-10-02T14:56:20.6883444Z 
2026-10-02T14:56:20.6883890Z ▲ Next.js 16.3.8 (webpack)
2026-10-02T14:56:20.6884330Z ✓ Running next.config.mjs took 23ms
2026-10-02T14:56:20.6885314Z ⚠ No build cache found. Please configure build caching for faster rebuilds. Read more: https://nextjs.org/docs/messages/no-cache
2026-10-02T14:56:20.6885917Z 
2026-10-02T14:56:20.6886062Z   Creating an optimized production build ...
2026-10-02T14:56:20.6886375Z ✓ Compiled successfully in 3.8s
2026-10-02T14:56:20.6886602Z   Running TypeScript ...
2026-10-02T14:56:20.6886818Z   Finished TypeScript in 1ms ...
2026-10-02T14:56:20.6887159Z   Collecting page data using 3 workers ...
2026-10-02T14:56:20.6887573Z   Generating static pages using 3 workers (0/3) ...
2026-10-02T14:56:20.6888098Z ✓ Generating static pages using 3 workers (3/3) in 378ms
2026-10-02T14:56:20.6888397Z   Finalizing page optimization ...
2026-10-02T14:56:20.6888632Z   Collecting build traces ...
2026-10-02T14:56:20.6888759Z 
2026-10-02T14:56:20.6889019Z Route (app)
2026-10-02T14:56:20.6889202Z ┌ ○ /
2026-10-02T14:56:20.6890948Z └ ○ /_not-found
2026-10-02T14:56:20.6891064Z 
2026-10-02T14:56:20.6891068Z 
2026-10-02T14:56:20.6891238Z ○  (Static)  prerendered as static content
2026-10-02T14:56:20.6891413Z 
2026-10-02T14:56:20.6891828Z {"framework":"Next.js static export","inline_script_hashes":2,"destination":"/home/runner/work/AIRLOCK/AIRLOCK/airlock/console"}
2026-10-02T14:56:20.7537049Z ##[group]Run python scripts/run_logged.py evidence/npm-audit.log -- npm audit --omit=dev
2026-10-02T14:56:20.7537556Z [36;1mpython scripts/run_logged.py evidence/npm-audit.log -- npm audit --omit=dev[0m
2026-10-02T14:56:20.7595035Z shell: /usr/bin/bash --noprofile --norc -e -o pipefail {0}
2026-10-02T14:56:20.7595322Z env:
2026-10-02T14:56:20.7595490Z   NEXT_TELEMETRY_DISABLED: 1
2026-10-02T14:56:20.7595747Z   pythonLocation: /opt/hostedtoolcache/Python/3.13.15/x64
2026-10-02T14:56:20.7596091Z   PKG_CONFIG_PATH: /opt/hostedtoolcache/Python/3.13.15/x64/lib/pkgconfig
2026-10-02T14:56:20.7596420Z   Python_ROOT_DIR: /opt/hostedtoolcache/Python/3.13.15/x64
2026-10-02T14:56:20.7596750Z   Python2_ROOT_DIR: /opt/hostedtoolcache/Python/3.13.15/x64
2026-10-02T14:56:20.7597043Z   Python3_ROOT_DIR: /opt/hostedtoolcache/Python/3.13.15/x64
2026-10-02T14:56:20.7597333Z   LD_LIBRARY_PATH: /opt/hostedtoolcache/Python/3.13.15/x64/lib
2026-10-02T14:56:20.7597588Z ##[endgroup]
2026-10-02T14:56:21.1407456Z found 0 vulnerabilities
2026-10-02T14:56:21.1526273Z ##[group]Run python scripts/run_logged.py evidence/pytest.log -- python -m pytest -q --junitxml=evidence/pytest.xml
2026-10-02T14:56:21.1526901Z [36;1mpython scripts/run_logged.py evidence/pytest.log -- python -m pytest -q --junitxml=evidence/pytest.xml[0m
2026-10-02T14:56:21.1583446Z shell: /usr/bin/bash --noprofile --norc -e -o pipefail {0}
2026-10-02T14:56:21.1583716Z env:
2026-10-02T14:56:21.1583880Z   NEXT_TELEMETRY_DISABLED: 1
2026-10-02T14:56:21.1584136Z   pythonLocation: /opt/hostedtoolcache/Python/3.13.15/x64
2026-10-02T14:56:21.1584479Z   PKG_CONFIG_PATH: /opt/hostedtoolcache/Python/3.13.15/x64/lib/pkgconfig
2026-10-02T14:56:21.1584833Z   Python_ROOT_DIR: /opt/hostedtoolcache/Python/3.13.15/x64
2026-10-02T14:56:21.1585133Z   Python2_ROOT_DIR: /opt/hostedtoolcache/Python/3.13.15/x64
2026-10-02T14:56:21.1585417Z   Python3_ROOT_DIR: /opt/hostedtoolcache/Python/3.13.15/x64
2026-10-02T14:56:21.1585706Z   LD_LIBRARY_PATH: /opt/hostedtoolcache/Python/3.13.15/x64/lib
2026-10-02T14:56:21.1585991Z ##[endgroup]
2026-10-02T14:57:09.1686460Z ........................................................................ [ 33%]
2026-10-02T14:57:09.1687278Z ........................................................................ [ 66%]
2026-10-02T14:57:09.1687910Z .......................................................................  [100%]
2026-10-02T14:57:09.1688575Z =============================== warnings summary ===============================
2026-10-02T14:57:09.1689533Z ../../../../../opt/hostedtoolcache/Python/3.13.15/x64/lib/python3.13/site-packages/fastapi/testclient.py:1
2026-10-02T14:57:09.1690736Z   /opt/hostedtoolcache/Python/3.13.15/x64/lib/python3.13/site-packages/fastapi/testclient.py:1: StarletteDeprecationWarning: Using `httpx` with `starlette.testclient` is deprecated; install `httpx2` instead.
2026-10-02T14:57:09.1692021Z     from starlette.testclient import TestClient as TestClient  # noqa
2026-10-02T14:57:09.1692344Z 
2026-10-02T14:57:09.1692852Z -- Docs: https://docs.pytest.org/en/stable/how-to/capture-warnings.html
2026-10-02T14:57:09.1693409Z 215 passed, 1 warning in 44.72s
2026-10-02T14:57:09.1819832Z ##[group]Run python scripts/run_logged.py evidence/frontend-check.log -- npm run check
2026-10-02T14:57:09.1820312Z [36;1mpython scripts/run_logged.py evidence/frontend-check.log -- npm run check[0m
2026-10-02T14:57:09.1876894Z shell: /usr/bin/bash --noprofile --norc -e -o pipefail {0}
2026-10-02T14:57:09.1877172Z env:
2026-10-02T14:57:09.1877339Z   NEXT_TELEMETRY_DISABLED: 1
2026-10-02T14:57:09.1877593Z   pythonLocation: /opt/hostedtoolcache/Python/3.13.15/x64
2026-10-02T14:57:09.1877927Z   PKG_CONFIG_PATH: /opt/hostedtoolcache/Python/3.13.15/x64/lib/pkgconfig
2026-10-02T14:57:09.1878439Z   Python_ROOT_DIR: /opt/hostedtoolcache/Python/3.13.15/x64
2026-10-02T14:57:09.1878731Z   Python2_ROOT_DIR: /opt/hostedtoolcache/Python/3.13.15/x64
2026-10-02T14:57:09.1879354Z   Python3_ROOT_DIR: /opt/hostedtoolcache/Python/3.13.15/x64
2026-10-02T14:57:09.1879774Z   LD_LIBRARY_PATH: /opt/hostedtoolcache/Python/3.13.15/x64/lib
2026-10-02T14:57:09.1880031Z ##[endgroup]
2026-10-02T14:57:09.4238770Z 
2026-10-02T14:57:09.4239479Z > airlock-review-console@0.1.0 check
2026-10-02T14:57:09.4240528Z > node --check airlock/static/app.js && node --check airlock/static/review.js && node --check airlock/static/api.js && node --check airlock/static/lib.js && node --check airlock/static/governance.js && node --check airlock/static/study.js
2026-10-02T14:57:09.4241170Z 
2026-10-02T14:57:09.4363211Z ##[group]Run python scripts/run_logged.py evidence/frontend-tests.log -- npm test
2026-10-02T14:57:09.4363688Z [36;1mpython scripts/run_logged.py evidence/frontend-tests.log -- npm test[0m
2026-10-02T14:57:09.4419956Z shell: /usr/bin/bash --noprofile --norc -e -o pipefail {0}
2026-10-02T14:57:09.4420237Z env:
2026-10-02T14:57:09.4420403Z   NEXT_TELEMETRY_DISABLED: 1
2026-10-02T14:57:09.4420654Z   pythonLocation: /opt/hostedtoolcache/Python/3.13.15/x64
2026-10-02T14:57:09.4420992Z   PKG_CONFIG_PATH: /opt/hostedtoolcache/Python/3.13.15/x64/lib/pkgconfig
2026-10-02T14:57:09.4421318Z   Python_ROOT_DIR: /opt/hostedtoolcache/Python/3.13.15/x64
2026-10-02T14:57:09.4421615Z   Python2_ROOT_DIR: /opt/hostedtoolcache/Python/3.13.15/x64
2026-10-02T14:57:09.4421902Z   Python3_ROOT_DIR: /opt/hostedtoolcache/Python/3.13.15/x64
2026-10-02T14:57:09.4422205Z   LD_LIBRARY_PATH: /opt/hostedtoolcache/Python/3.13.15/x64/lib
2026-10-02T14:57:09.4422461Z ##[endgroup]
2026-10-02T14:57:09.6354162Z 
2026-10-02T14:57:09.6354720Z > airlock-review-console@0.1.0 test
2026-10-02T14:57:09.6355072Z > node --test tests-js/*.test.js
2026-10-02T14:57:09.6355216Z 
2026-10-02T14:57:09.6355317Z TAP version 13
2026-10-02T14:57:09.6355648Z # Subtest: visibility timing excludes background and unselected periods
2026-10-02T14:57:09.6356074Z ok 1 - visibility timing excludes background and unselected periods
2026-10-02T14:57:09.6356363Z   ---
2026-10-02T14:57:09.6356538Z   duration_ms: 0.635509
2026-10-02T14:57:09.6356778Z   type: 'test'
2026-10-02T14:57:09.6357011Z   ...
2026-10-02T14:57:09.6357383Z # Subtest: approval requires exact scope phrase and reason
2026-10-02T14:57:09.6357917Z ok 2 - approval requires exact scope phrase and reason
2026-10-02T14:57:09.6358292Z   ---
2026-10-02T14:57:09.6358469Z   duration_ms: 0.199355
2026-10-02T14:57:09.6358646Z   type: 'test'
2026-10-02T14:57:09.6358800Z   ...
2026-10-02T14:57:09.6359227Z # Subtest: SSE framing survives partial chunks, CRLF and heartbeats
2026-10-02T14:57:09.6359606Z ok 3 - SSE framing survives partial chunks, CRLF and heartbeats
2026-10-02T14:57:09.6359862Z   ---
2026-10-02T14:57:09.6360018Z   duration_ms: 0.769076
2026-10-02T14:57:09.6360194Z   type: 'test'
2026-10-02T14:57:09.6360344Z   ...
2026-10-02T14:57:09.6360533Z # Subtest: oversized event rejected
2026-10-02T14:57:09.6360766Z ok 4 - oversized event rejected
2026-10-02T14:57:09.6360953Z   ---
2026-10-02T14:57:09.6361113Z   duration_ms: 0.83218
2026-10-02T14:57:09.6361282Z   type: 'test'
2026-10-02T14:57:09.6361440Z   ...
2026-10-02T14:57:09.6361655Z # Subtest: countdown clamps expired actions
2026-10-02T14:57:09.6361939Z ok 5 - countdown clamps expired actions
2026-10-02T14:57:09.6362153Z   ---
2026-10-02T14:57:09.6362323Z   duration_ms: 0.192594
2026-10-02T14:57:09.6362502Z   type: 'test'
2026-10-02T14:57:09.6362660Z   ...
2026-10-02T14:57:09.6362950Z # Subtest: latency formatting keeps number and unit together on mobile
2026-10-02T14:57:09.6363374Z ok 6 - latency formatting keeps number and unit together on mobile
2026-10-02T14:57:09.6363659Z   ---
2026-10-02T14:57:09.6363819Z   duration_ms: 0.13537
2026-10-02T14:57:09.6363995Z   type: 'test'
2026-10-02T14:57:09.6364152Z   ...
2026-10-02T14:57:09.6364545Z 1..6
2026-10-02T14:57:09.6364694Z # tests 6
2026-10-02T14:57:09.6364845Z # suites 0
2026-10-02T14:57:09.6365002Z # pass 6
2026-10-02T14:57:09.6365149Z # fail 0
2026-10-02T14:57:09.6365297Z # cancelled 0
2026-10-02T14:57:09.6365454Z # skipped 0
2026-10-02T14:57:09.6365605Z # todo 0
2026-10-02T14:57:09.6365773Z # duration_ms 49.515242
2026-10-02T14:57:09.6479918Z ##[group]Run python -m benchmark.generate
2026-10-02T14:57:09.6480213Z [36;1mpython -m benchmark.generate[0m
2026-10-02T14:57:09.6536760Z shell: /usr/bin/bash --noprofile --norc -e -o pipefail {0}
2026-10-02T14:57:09.6537088Z env:
2026-10-02T14:57:09.6537276Z   NEXT_TELEMETRY_DISABLED: 1
2026-10-02T14:57:09.6537529Z   pythonLocation: /opt/hostedtoolcache/Python/3.13.15/x64
2026-10-02T14:57:09.6537912Z   PKG_CONFIG_PATH: /opt/hostedtoolcache/Python/3.13.15/x64/lib/pkgconfig
2026-10-02T14:57:09.6538241Z   Python_ROOT_DIR: /opt/hostedtoolcache/Python/3.13.15/x64
2026-10-02T14:57:09.6538541Z   Python2_ROOT_DIR: /opt/hostedtoolcache/Python/3.13.15/x64
2026-10-02T14:57:09.6539062Z   Python3_ROOT_DIR: /opt/hostedtoolcache/Python/3.13.15/x64
2026-10-02T14:57:09.6539394Z   LD_LIBRARY_PATH: /opt/hostedtoolcache/Python/3.13.15/x64/lib
2026-10-02T14:57:09.6539650Z ##[endgroup]
2026-10-02T14:57:09.6922299Z {"sha256": "243854b51e7039324de4c31fa7a67af1a98ddc48b9c9edfbbac581a2c2f73af7", "cases": 200, "families": 40, "dev_cases": 120, "test_cases": 80, "source": "synthetic only", "independent_annotators": 0, "human_experiment": "not_run"}
2026-10-02T14:57:09.6988627Z ##[group]Run cp benchmark/cases.jsonl evidence/synthetic-cases.jsonl
2026-10-02T14:57:09.6989217Z [36;1mcp benchmark/cases.jsonl evidence/synthetic-cases.jsonl[0m
2026-10-02T14:57:09.7045697Z shell: /usr/bin/bash --noprofile --norc -e -o pipefail {0}
2026-10-02T14:57:09.7045972Z env:
2026-10-02T14:57:09.7046144Z   NEXT_TELEMETRY_DISABLED: 1
2026-10-02T14:57:09.7046501Z   pythonLocation: /opt/hostedtoolcache/Python/3.13.15/x64
2026-10-02T14:57:09.7046850Z   PKG_CONFIG_PATH: /opt/hostedtoolcache/Python/3.13.15/x64/lib/pkgconfig
2026-10-02T14:57:09.7047212Z   Python_ROOT_DIR: /opt/hostedtoolcache/Python/3.13.15/x64
2026-10-02T14:57:09.7047517Z   Python2_ROOT_DIR: /opt/hostedtoolcache/Python/3.13.15/x64
2026-10-02T14:57:09.7047810Z   Python3_ROOT_DIR: /opt/hostedtoolcache/Python/3.13.15/x64
2026-10-02T14:57:09.7048113Z   LD_LIBRARY_PATH: /opt/hostedtoolcache/Python/3.13.15/x64/lib
2026-10-02T14:57:09.7048367Z ##[endgroup]
2026-10-02T14:57:09.7158084Z ##[group]Run python scripts/run_logged.py evidence/benchmark-dev.log -- python -m benchmark.evaluate --split dev --tuning --output evidence/benchmark-dev.json
2026-10-02T14:57:09.7159123Z [36;1mpython scripts/run_logged.py evidence/benchmark-dev.log -- python -m benchmark.evaluate --split dev --tuning --output evidence/benchmark-dev.json[0m
2026-10-02T14:57:09.7210146Z shell: /usr/bin/bash --noprofile --norc -e -o pipefail {0}
2026-10-02T14:57:09.7210413Z env:
2026-10-02T14:57:09.7210586Z   NEXT_TELEMETRY_DISABLED: 1
2026-10-02T14:57:09.7210871Z   pythonLocation: /opt/hostedtoolcache/Python/3.13.15/x64
2026-10-02T14:57:09.7211210Z   PKG_CONFIG_PATH: /opt/hostedtoolcache/Python/3.13.15/x64/lib/pkgconfig
2026-10-02T14:57:09.7211546Z   Python_ROOT_DIR: /opt/hostedtoolcache/Python/3.13.15/x64
2026-10-02T14:57:09.7211837Z   Python2_ROOT_DIR: /opt/hostedtoolcache/Python/3.13.15/x64
2026-10-02T14:57:09.7212126Z   Python3_ROOT_DIR: /opt/hostedtoolcache/Python/3.13.15/x64
2026-10-02T14:57:09.7212448Z   LD_LIBRARY_PATH: /opt/hostedtoolcache/Python/3.13.15/x64/lib
2026-10-02T14:57:09.7212707Z ##[endgroup]
2026-10-02T14:57:16.6225988Z {
2026-10-02T14:57:16.6226502Z   "recorded_at_utc": "2026-10-02T14:57:16.575677+00:00",
2026-10-02T14:57:16.6226902Z   "split": "dev",
2026-10-02T14:57:16.6227263Z   "corpus_sha256": "243854b51e7039324de4c31fa7a67af1a98ddc48b9c9edfbbac581a2c2f73af7",
2026-10-02T14:57:16.6227604Z   "python": "3.13.15",
2026-10-02T14:57:16.6227785Z   "sqlite": "3.45.1",
2026-10-02T14:57:16.6227955Z   "cases": 120,
2026-10-02T14:57:16.6228122Z   "families": 24,
2026-10-02T14:57:16.6228601Z   "keyword_baseline": {
2026-10-02T14:57:16.6228996Z     "exact_accuracy": 0.5833333333333334,
2026-10-02T14:57:16.6229325Z     "policy_gating_recall": 0.7222222222222222,
2026-10-02T14:57:16.6229581Z     "supported_read_fpr": 0.5,
2026-10-02T14:57:16.6229822Z     "supported_write_interception": 1.0,
2026-10-02T14:57:16.6230055Z     "denominators": {
2026-10-02T14:57:16.6230229Z       "all": 120,
2026-10-02T14:57:16.6230417Z       "requires_gate": 90,
2026-10-02T14:57:16.6230611Z       "supported_reads": 30,
2026-10-02T14:57:16.6230802Z       "supported_writes": 40
2026-10-02T14:57:16.6230979Z     },
2026-10-02T14:57:16.6231140Z     "confusion": {
2026-10-02T14:57:16.6231317Z       "pass -> block": 5,
2026-10-02T14:57:16.6231545Z       "pass -> need_approval": 10,
2026-10-02T14:57:16.6231758Z       "pass -> pass": 15,
2026-10-02T14:57:16.6231972Z       "need_approval -> need_approval": 40,
2026-10-02T14:57:16.6232195Z       "block -> block": 15,
2026-10-02T14:57:16.6232389Z       "block -> pass": 25,
2026-10-02T14:57:16.6232592Z       "block -> need_approval": 10
2026-10-02T14:57:16.6232785Z     }
2026-10-02T14:57:16.6232926Z   },
2026-10-02T14:57:16.6233074Z   "airlock": {
2026-10-02T14:57:16.6233238Z     "exact_accuracy": 1.0,
2026-10-02T14:57:16.6233441Z     "policy_gating_recall": 1.0,
2026-10-02T14:57:16.6233655Z     "supported_read_fpr": 0.0,
2026-10-02T14:57:16.6233887Z     "supported_write_interception": 1.0,
2026-10-02T14:57:16.6234103Z     "denominators": {
2026-10-02T14:57:16.6234273Z       "all": 120,
2026-10-02T14:57:16.6234437Z       "requires_gate": 90,
2026-10-02T14:57:16.6234617Z       "supported_reads": 30,
2026-10-02T14:57:16.6234804Z       "supported_writes": 40
2026-10-02T14:57:16.6234981Z     },
2026-10-02T14:57:16.6235129Z     "confusion": {
2026-10-02T14:57:16.6235295Z       "pass -> pass": 30,
2026-10-02T14:57:16.6235504Z       "need_approval -> need_approval": 40,
2026-10-02T14:57:16.6235714Z       "block -> block": 50
2026-10-02T14:57:16.6235886Z     }
2026-10-02T14:57:16.6236026Z   },
2026-10-02T14:57:16.6236203Z   "impact_exact_match_count": 40,
2026-10-02T14:57:16.6236409Z   "impact_denominator": 40,
2026-10-02T14:57:16.6236612Z   "evaluation_p95_ms": 15.785,
2026-10-02T14:57:16.6236799Z   "static_p95_ms": 0.091,
2026-10-02T14:57:16.6236978Z   "preview_p95_ms": 7.926,
2026-10-02T14:57:16.6237171Z   "pure_llm": "not_run",
2026-10-02T14:57:16.6237639Z   "hybrid_llm": "not_run_use_benchmark.ablation_with_authorization",
2026-10-02T14:57:16.6237928Z   "human_ab": "not_run",
2026-10-02T14:57:16.6238111Z   "cohens_kappa": null,
2026-10-02T14:57:16.6238288Z   "limitations": [
2026-10-02T14:57:16.6238491Z     "synthetic authored cases only",
2026-10-02T14:57:16.6238750Z     "correlated variants, only 40 families total",
2026-10-02T14:57:16.6239284Z     "author saw all templates; family split is not independent external validation",
2026-10-02T14:57:16.6239759Z     "gate recall includes unsupported/invalid statements, not a real-world danger recall",
2026-10-02T14:57:16.6240233Z     "latency excludes network and human review; this is a bounded 1206-row SQLite demo"
2026-10-02T14:57:16.6240542Z   ]
2026-10-02T14:57:16.6240696Z }
2026-10-02T14:57:16.6349237Z ##[group]Run python scripts/run_logged.py evidence/benchmark-test.log -- python -m benchmark.evaluate --split test --output evidence/benchmark-test.json
2026-10-02T14:57:16.6350070Z [36;1mpython scripts/run_logged.py evidence/benchmark-test.log -- python -m benchmark.evaluate --split test --output evidence/benchmark-test.json[0m
2026-10-02T14:57:16.6407543Z shell: /usr/bin/bash --noprofile --norc -e -o pipefail {0}
2026-10-02T14:57:16.6407823Z env:
2026-10-02T14:57:16.6407986Z   NEXT_TELEMETRY_DISABLED: 1
2026-10-02T14:57:16.6408236Z   pythonLocation: /opt/hostedtoolcache/Python/3.13.15/x64
2026-10-02T14:57:16.6408558Z   PKG_CONFIG_PATH: /opt/hostedtoolcache/Python/3.13.15/x64/lib/pkgconfig
2026-10-02T14:57:16.6409104Z   Python_ROOT_DIR: /opt/hostedtoolcache/Python/3.13.15/x64
2026-10-02T14:57:16.6409625Z   Python2_ROOT_DIR: /opt/hostedtoolcache/Python/3.13.15/x64
2026-10-02T14:57:16.6409912Z   Python3_ROOT_DIR: /opt/hostedtoolcache/Python/3.13.15/x64
2026-10-02T14:57:16.6410238Z   LD_LIBRARY_PATH: /opt/hostedtoolcache/Python/3.13.15/x64/lib
2026-10-02T14:57:16.6410506Z ##[endgroup]
2026-10-02T14:57:21.2071811Z {
2026-10-02T14:57:21.2072287Z   "recorded_at_utc": "2026-10-02T14:57:21.163496+00:00",
2026-10-02T14:57:21.2072649Z   "split": "test",
2026-10-02T14:57:21.2073148Z   "corpus_sha256": "243854b51e7039324de4c31fa7a67af1a98ddc48b9c9edfbbac581a2c2f73af7",
2026-10-02T14:57:21.2073629Z   "python": "3.13.15",
2026-10-02T14:57:21.2073881Z   "sqlite": "3.45.1",
2026-10-02T14:57:21.2074090Z   "cases": 80,
2026-10-02T14:57:21.2074252Z   "families": 16,
2026-10-02T14:57:21.2074422Z   "keyword_baseline": {
2026-10-02T14:57:21.2074608Z     "exact_accuracy": 0.75,
2026-10-02T14:57:21.2074828Z     "policy_gating_recall": 0.8,
2026-10-02T14:57:21.2075052Z     "supported_read_fpr": 0.0,
2026-10-02T14:57:21.2075286Z     "supported_write_interception": 1.0,
2026-10-02T14:57:21.2075544Z     "denominators": {
2026-10-02T14:57:21.2075715Z       "all": 80,
2026-10-02T14:57:21.2075909Z       "requires_gate": 50,
2026-10-02T14:57:21.2076108Z       "supported_reads": 30,
2026-10-02T14:57:21.2076297Z       "supported_writes": 20
2026-10-02T14:57:21.2076587Z     },
2026-10-02T14:57:21.2076812Z     "confusion": {
2026-10-02T14:57:21.2077049Z       "pass -> pass": 30,
2026-10-02T14:57:21.2077371Z       "need_approval -> need_approval": 20,
2026-10-02T14:57:21.2077612Z       "block -> block": 10,
2026-10-02T14:57:21.2077822Z       "block -> need_approval": 10,
2026-10-02T14:57:21.2078029Z       "block -> pass": 10
2026-10-02T14:57:21.2078206Z     }
2026-10-02T14:57:21.2078359Z   },
2026-10-02T14:57:21.2078504Z   "airlock": {
2026-10-02T14:57:21.2078675Z     "exact_accuracy": 1.0,
2026-10-02T14:57:21.2079075Z     "policy_gating_recall": 1.0,
2026-10-02T14:57:21.2079296Z     "supported_read_fpr": 0.0,
2026-10-02T14:57:21.2079521Z     "supported_write_interception": 1.0,
2026-10-02T14:57:21.2079746Z     "denominators": {
2026-10-02T14:57:21.2079914Z       "all": 80,
2026-10-02T14:57:21.2080088Z       "requires_gate": 50,
2026-10-02T14:57:21.2080276Z       "supported_reads": 30,
2026-10-02T14:57:21.2080471Z       "supported_writes": 20
2026-10-02T14:57:21.2080646Z     },
2026-10-02T14:57:21.2080794Z     "confusion": {
2026-10-02T14:57:21.2080965Z       "pass -> pass": 30,
2026-10-02T14:57:21.2081192Z       "need_approval -> need_approval": 20,
2026-10-02T14:57:21.2081417Z       "block -> block": 30
2026-10-02T14:57:21.2081591Z     }
2026-10-02T14:57:21.2081735Z   },
2026-10-02T14:57:21.2081907Z   "impact_exact_match_count": 20,
2026-10-02T14:57:21.2082115Z   "impact_denominator": 20,
2026-10-02T14:57:21.2082331Z   "evaluation_p95_ms": 10.699,
2026-10-02T14:57:21.2082524Z   "static_p95_ms": 0.091,
2026-10-02T14:57:21.2082700Z   "preview_p95_ms": 7.724,
2026-10-02T14:57:21.2082880Z   "pure_llm": "not_run",
2026-10-02T14:57:21.2083155Z   "hybrid_llm": "not_run_use_benchmark.ablation_with_authorization",
2026-10-02T14:57:21.2083435Z   "human_ab": "not_run",
2026-10-02T14:57:21.2083618Z   "cohens_kappa": null,
2026-10-02T14:57:21.2084065Z   "limitations": [
2026-10-02T14:57:21.2084264Z     "synthetic authored cases only",
2026-10-02T14:57:21.2084527Z     "correlated variants, only 40 families total",
2026-10-02T14:57:21.2084893Z     "author saw all templates; family split is not independent external validation",
2026-10-02T14:57:21.2085367Z     "gate recall includes unsupported/invalid statements, not a real-world danger recall",
2026-10-02T14:57:21.2085835Z     "latency excludes network and human review; this is a bounded 1206-row SQLite demo"
2026-10-02T14:57:21.2086144Z   ]
2026-10-02T14:57:21.2086291Z }
2026-10-02T14:57:21.2194115Z ##[group]Run python -m playwright install --with-deps chromium
2026-10-02T14:57:21.2194473Z [36;1mpython -m playwright install --with-deps chromium[0m
2026-10-02T14:57:21.2251405Z shell: /usr/bin/bash --noprofile --norc -e -o pipefail {0}
2026-10-02T14:57:21.2251842Z env:
2026-10-02T14:57:21.2252007Z   NEXT_TELEMETRY_DISABLED: 1
2026-10-02T14:57:21.2252252Z   pythonLocation: /opt/hostedtoolcache/Python/3.13.15/x64
2026-10-02T14:57:21.2252594Z   PKG_CONFIG_PATH: /opt/hostedtoolcache/Python/3.13.15/x64/lib/pkgconfig
2026-10-02T14:57:21.2252924Z   Python_ROOT_DIR: /opt/hostedtoolcache/Python/3.13.15/x64
2026-10-02T14:57:21.2253217Z   Python2_ROOT_DIR: /opt/hostedtoolcache/Python/3.13.15/x64
2026-10-02T14:57:21.2253499Z   Python3_ROOT_DIR: /opt/hostedtoolcache/Python/3.13.15/x64
2026-10-02T14:57:21.2253785Z   LD_LIBRARY_PATH: /opt/hostedtoolcache/Python/3.13.15/x64/lib
2026-10-02T14:57:21.2254049Z ##[endgroup]
2026-10-02T14:57:21.4809444Z Installing dependencies...
2026-10-02T14:57:21.4869599Z Switching to root user to install dependencies...
2026-10-02T14:57:21.5910319Z Get:1 file:/etc/apt/apt-mirrors.txt Mirrorlist [144 B]
2026-10-02T14:57:21.6310849Z Hit:2 http://azure.archive.ubuntu.com/ubuntu noble InRelease
2026-10-02T14:57:21.6326666Z Get:3 http://azure.archive.ubuntu.com/ubuntu noble-updates InRelease [126 kB]
2026-10-02T14:57:21.6344868Z Get:6 https://packages.microsoft.com/ubuntu/24.04/prod noble InRelease [3600 B]
2026-10-02T14:57:21.6384667Z Get:4 http://azure.archive.ubuntu.com/ubuntu noble-backports InRelease [126 kB]
2026-10-02T14:57:21.6404766Z Get:5 http://azure.archive.ubuntu.com/ubuntu noble-security InRelease [126 kB]
2026-10-02T14:57:21.8712799Z Get:7 https://packages.microsoft.com/ubuntu/24.04/prod noble/main amd64 Packages [510 kB]
2026-10-02T14:57:21.8877411Z Get:8 https://packages.microsoft.com/ubuntu/24.04/prod noble/main armhf Packages [12.6 kB]
2026-10-02T14:57:21.8896152Z Get:9 https://packages.microsoft.com/ubuntu/24.04/prod noble/main arm64 Packages [458 kB]
2026-10-02T14:57:21.9131044Z Get:10 http://azure.archive.ubuntu.com/ubuntu noble-updates/main amd64 Packages [1364 kB]
2026-10-02T14:57:21.9201532Z Get:11 http://azure.archive.ubuntu.com/ubuntu noble-updates/main Translation-en [304 kB]
2026-10-02T14:57:21.9225352Z Get:12 http://azure.archive.ubuntu.com/ubuntu noble-updates/main amd64 Components [180 kB]
2026-10-02T14:57:21.9250608Z Get:13 http://azure.archive.ubuntu.com/ubuntu noble-updates/universe amd64 Packages [1699 kB]
2026-10-02T14:57:21.9331089Z Get:14 http://azure.archive.ubuntu.com/ubuntu noble-updates/universe Translation-en [341 kB]
2026-10-02T14:57:21.9356867Z Get:15 http://azure.archive.ubuntu.com/ubuntu noble-updates/universe amd64 Components [388 kB]
2026-10-02T14:57:21.9384364Z Get:16 http://azure.archive.ubuntu.com/ubuntu noble-updates/restricted amd64 Packages [1720 kB]
2026-10-02T14:57:21.9467149Z Get:17 http://azure.archive.ubuntu.com/ubuntu noble-updates/restricted Translation-en [394 kB]
2026-10-02T14:57:21.9493042Z Get:18 http://azure.archive.ubuntu.com/ubuntu noble-updates/multiverse amd64 Components [940 B]
2026-10-02T14:57:21.9566929Z Get:19 http://azure.archive.ubuntu.com/ubuntu noble-backports/main amd64 Components [5764 B]
2026-10-02T14:57:22.0027363Z Get:20 http://azure.archive.ubuntu.com/ubuntu noble-backports/universe amd64 Components [12.6 kB]
2026-10-02T14:57:22.0044531Z Get:21 http://azure.archive.ubuntu.com/ubuntu noble-security/main amd64 Packages [1069 kB]
2026-10-02T14:57:22.0099303Z Get:22 http://azure.archive.ubuntu.com/ubuntu noble-security/main Translation-en [221 kB]
2026-10-02T14:57:22.0119162Z Get:23 http://azure.archive.ubuntu.com/ubuntu noble-security/main amd64 Components [46.3 kB]
2026-10-02T14:57:22.0133385Z Get:24 http://azure.archive.ubuntu.com/ubuntu noble-security/universe amd64 Packages [1216 kB]
2026-10-02T14:57:22.0195658Z Get:25 http://azure.archive.ubuntu.com/ubuntu noble-security/universe Translation-en [244 kB]
2026-10-02T14:57:22.0217090Z Get:26 http://azure.archive.ubuntu.com/ubuntu noble-security/universe amd64 Components [76.3 kB]
2026-10-02T14:57:22.0235453Z Get:27 http://azure.archive.ubuntu.com/ubuntu noble-security/restricted amd64 Packages [1566 kB]
2026-10-02T14:57:22.0320279Z Get:28 http://azure.archive.ubuntu.com/ubuntu noble-security/restricted Translation-en [361 kB]
2026-10-02T14:57:32.6065951Z Fetched 12.6 MB in 1s (9911 kB/s)
2026-10-02T14:57:33.2842815Z Reading package lists...
2026-10-02T14:57:33.3047969Z Reading package lists...
2026-10-02T14:57:33.4978346Z Building dependency tree...
2026-10-02T14:57:33.4983782Z Reading state information...
2026-10-02T14:57:33.6405260Z libasound2t64 is already the newest version (1.2.11-1ubuntu0.3).
2026-10-02T14:57:33.6405904Z libasound2t64 set to manually installed.
2026-10-02T14:57:33.6406386Z libatk-bridge2.0-0t64 is already the newest version (2.52.0-1build1).
2026-10-02T14:57:33.6406893Z libatk-bridge2.0-0t64 set to manually installed.
2026-10-02T14:57:33.6407337Z libatk1.0-0t64 is already the newest version (2.52.0-1build1).
2026-10-02T14:57:33.6407845Z libatk1.0-0t64 set to manually installed.
2026-10-02T14:57:33.6408329Z libatspi2.0-0t64 is already the newest version (2.52.0-1build1).
2026-10-02T14:57:33.6408754Z libatspi2.0-0t64 set to manually installed.
2026-10-02T14:57:33.6409545Z libcairo2 is already the newest version (1.18.0-3build1).
2026-10-02T14:57:33.6409949Z libcairo2 set to manually installed.
2026-10-02T14:57:33.6410439Z libcups2t64 is already the newest version (2.4.7-1.2ubuntu7.14).
2026-10-02T14:57:33.6410907Z libcups2t64 set to manually installed.
2026-10-02T14:57:33.6411337Z libdbus-1-3 is already the newest version (1.14.10-4ubuntu4.1).
2026-10-02T14:57:33.6411785Z libdbus-1-3 set to manually installed.
2026-10-02T14:57:33.6412217Z libdrm2 is already the newest version (2.4.125-1ubuntu0.1~24.04.2).
2026-10-02T14:57:33.6412698Z libdrm2 set to manually installed.
2026-10-02T14:57:33.6413162Z libglib2.0-0t64 is already the newest version (2.80.0-6ubuntu3.9).
2026-10-02T14:57:33.6413587Z libglib2.0-0t64 set to manually installed.
2026-10-02T14:57:33.6414050Z libnspr4 is already the newest version (2:4.35-1.1build1).
2026-10-02T14:57:33.6414452Z libnspr4 set to manually installed.
2026-10-02T14:57:33.6414957Z libnss3 is already the newest version (2:3.98-1ubuntu0.2).
2026-10-02T14:57:33.6415365Z libnss3 set to manually installed.
2026-10-02T14:57:33.6415782Z libpango-1.0-0 is already the newest version (1.52.1+ds-1build1).
2026-10-02T14:57:33.6416235Z libpango-1.0-0 set to manually installed.
2026-10-02T14:57:33.6416640Z libx11-6 is already the newest version (2:1.8.7-1build1).
2026-10-02T14:57:33.6417006Z libx11-6 set to manually installed.
2026-10-02T14:57:33.6417497Z libxcb1 is already the newest version (1.15-1ubuntu2).
2026-10-02T14:57:33.6417870Z libxcb1 set to manually installed.
2026-10-02T14:57:33.6418315Z libxcomposite1 is already the newest version (1:0.4.5-1build3).
2026-10-02T14:57:33.6418734Z libxcomposite1 set to manually installed.
2026-10-02T14:57:33.6419274Z libxdamage1 is already the newest version (1:1.1.6-1build1).
2026-10-02T14:57:33.6419774Z libxdamage1 set to manually installed.
2026-10-02T14:57:33.6420175Z libxext6 is already the newest version (2:1.3.4-1build2).
2026-10-02T14:57:33.6420595Z libxext6 set to manually installed.
2026-10-02T14:57:33.6420999Z libxfixes3 is already the newest version (1:6.0.0-2build1).
2026-10-02T14:57:33.6421406Z libxfixes3 set to manually installed.
2026-10-02T14:57:33.6421920Z libxkbcommon0 is already the newest version (1.6.0-1build1).
2026-10-02T14:57:33.6422346Z libxkbcommon0 set to manually installed.
2026-10-02T14:57:33.6422807Z libxrandr2 is already the newest version (2:1.5.2-2build1).
2026-10-02T14:57:33.6423213Z libxrandr2 set to manually installed.
2026-10-02T14:57:33.6423628Z xvfb is already the newest version (2:21.1.12-1ubuntu1.8).
2026-10-02T14:57:33.6424204Z fonts-noto-color-emoji is already the newest version (2.047-0ubuntu0.24.04.1).
2026-10-02T14:57:33.6424769Z libfontconfig1 is already the newest version (2.15.0-1.1ubuntu2).
2026-10-02T14:57:33.6425534Z libfontconfig1 set to manually installed.
2026-10-02T14:57:33.6426010Z libfreetype6 is already the newest version (2.13.2+dfsg-1ubuntu0.1).
2026-10-02T14:57:33.6426424Z libfreetype6 set to manually installed.
2026-10-02T14:57:33.6426904Z fonts-liberation is already the newest version (1:2.1.5-3).
2026-10-02T14:57:33.6427505Z fonts-liberation set to manually installed.
2026-10-02T14:57:33.6427948Z The following additional packages will be installed:
2026-10-02T14:57:33.6428576Z   libgl1-mesa-dri libglx-mesa0 libwayland-server0 mesa-libgallium
2026-10-02T14:57:33.6429408Z   xfonts-encodings xfonts-utils
2026-10-02T14:57:33.6429846Z Recommended packages:
2026-10-02T14:57:33.6430159Z   fonts-ipafont-mincho fonts-tlwg-loma
2026-10-02T14:57:33.6606336Z The following NEW packages will be installed:
2026-10-02T14:57:33.6606988Z   fonts-freefont-ttf fonts-ipafont-gothic fonts-tlwg-loma-otf fonts-unifont
2026-10-02T14:57:33.6627131Z   fonts-wqy-zenhei libwayland-server0 xfonts-cyrillic xfonts-encodings
2026-10-02T14:57:33.6627827Z   xfonts-scalable xfonts-utils
2026-10-02T14:57:33.6639025Z The following packages will be upgraded:
2026-10-02T14:57:33.6650436Z   libgbm1 libgl1-mesa-dri libglx-mesa0 mesa-libgallium
2026-10-02T14:57:33.6840255Z 4 upgraded, 10 newly installed, 0 to remove and 21 not upgraded.
2026-10-02T14:57:33.6842405Z Need to get 32.1 MB of archives.
2026-10-02T14:57:33.6843048Z After this operation, 79.7 MB of additional disk space will be used.
2026-10-02T14:57:33.6843663Z Get:1 file:/etc/apt/apt-mirrors.txt Mirrorlist [144 B]
2026-10-02T14:57:33.8232671Z Get:2 http://azure.archive.ubuntu.com/ubuntu noble/universe amd64 fonts-ipafont-gothic all 00303-21ubuntu1 [3513 kB]
2026-10-02T14:57:33.8766057Z Get:3 http://azure.archive.ubuntu.com/ubuntu noble/main amd64 fonts-freefont-ttf all 20211204+svn4273-2 [5641 kB]
2026-10-02T14:57:33.9392520Z Get:4 http://azure.archive.ubuntu.com/ubuntu noble/universe amd64 fonts-tlwg-loma-otf all 1:0.7.3-1 [107 kB]
2026-10-02T14:57:33.9628547Z Get:5 http://azure.archive.ubuntu.com/ubuntu noble/universe amd64 fonts-unifont all 1:15.1.01-1build1 [2993 kB]
2026-10-02T14:57:34.0060283Z Get:6 http://azure.archive.ubuntu.com/ubuntu noble/universe amd64 fonts-wqy-zenhei all 0.9.45-8 [7472 kB]
2026-10-02T14:57:34.0824092Z Get:7 http://azure.archive.ubuntu.com/ubuntu noble-updates/main amd64 libgl1-mesa-dri amd64 25.2.8-0ubuntu0.24.04.3 [37.9 kB]
2026-10-02T14:57:34.1043123Z Get:8 http://azure.archive.ubuntu.com/ubuntu noble/main amd64 libwayland-server0 amd64 1.22.0-2.1build1 [33.9 kB]
2026-10-02T14:57:34.1264186Z Get:9 http://azure.archive.ubuntu.com/ubuntu noble-updates/main amd64 libglx-mesa0 amd64 25.2.8-0ubuntu0.24.04.3 [110 kB]
2026-10-02T14:57:34.1488746Z Get:10 http://azure.archive.ubuntu.com/ubuntu noble-updates/main amd64 libgbm1 amd64 25.2.8-0ubuntu0.24.04.3 [34.3 kB]
2026-10-02T14:57:34.1711130Z Get:11 http://azure.archive.ubuntu.com/ubuntu noble-updates/main amd64 mesa-libgallium amd64 25.2.8-0ubuntu0.24.04.3 [10.8 MB]
2026-10-02T14:57:34.2665998Z Get:12 http://azure.archive.ubuntu.com/ubuntu noble/main amd64 xfonts-encodings all 1:1.0.5-0ubuntu2 [578 kB]
2026-10-02T14:57:34.2956577Z Get:13 http://azure.archive.ubuntu.com/ubuntu noble/main amd64 xfonts-utils amd64 1:7.7+6build3 [94.4 kB]
2026-10-02T14:57:34.3182078Z Get:14 http://azure.archive.ubuntu.com/ubuntu noble/universe amd64 xfonts-cyrillic all 1:1.0.5+nmu1 [384 kB]
2026-10-02T14:57:34.3424349Z Get:15 http://azure.archive.ubuntu.com/ubuntu noble/main amd64 xfonts-scalable all 1:1.0.3-1.3 [304 kB]
2026-10-02T14:57:34.5843737Z Fetched 32.1 MB in 1s (47.9 MB/s)
2026-10-02T14:57:35.0170820Z Selecting previously unselected package fonts-ipafont-gothic.
2026-10-02T14:57:35.1553327Z (Reading database ... 
2026-10-02T14:57:35.1553844Z (Reading database ... 5%
2026-10-02T14:57:35.1554528Z (Reading database ... 10%
2026-10-02T14:57:35.1555001Z (Reading database ... 15%
2026-10-02T14:57:35.1555437Z (Reading database ... 20%
2026-10-02T14:57:35.1555863Z (Reading database ... 25%
2026-10-02T14:57:35.1556272Z (Reading database ... 30%
2026-10-02T14:57:35.1556942Z (Reading database ... 35%
2026-10-02T14:57:35.1557316Z (Reading database ... 40%
2026-10-02T14:57:35.1557697Z (Reading database ... 45%
2026-10-02T14:57:35.1558004Z (Reading database ... 50%
2026-10-02T14:57:35.2693199Z (Reading database ... 55%
2026-10-02T14:57:35.3265754Z (Reading database ... 60%
2026-10-02T14:57:35.5299408Z (Reading database ... 65%
2026-10-02T14:57:35.9868987Z (Reading database ... 70%
2026-10-02T14:57:36.1903973Z (Reading database ... 75%
2026-10-02T14:57:36.8519551Z (Reading database ... 80%
2026-10-02T14:57:36.9828432Z (Reading database ... 85%
2026-10-02T14:57:37.8554275Z (Reading database ... 90%
2026-10-02T14:57:37.9394484Z (Reading database ... 95%
2026-10-02T14:57:37.9394810Z (Reading database ... 100%
2026-10-02T14:57:37.9395170Z (Reading database ... 202296 files and directories currently installed.)
2026-10-02T14:57:37.9436978Z Preparing to unpack .../00-fonts-ipafont-gothic_00303-21ubuntu1_all.deb ...
2026-10-02T14:57:37.9593669Z Unpacking fonts-ipafont-gothic (00303-21ubuntu1) ...
2026-10-02T14:57:38.1892522Z Selecting previously unselected package fonts-freefont-ttf.
2026-10-02T14:57:38.2004576Z Preparing to unpack .../01-fonts-freefont-ttf_20211204+svn4273-2_all.deb ...
2026-10-02T14:57:38.2009573Z Unpacking fonts-freefont-ttf (20211204+svn4273-2) ...
2026-10-02T14:57:38.4585712Z Selecting previously unselected package fonts-tlwg-loma-otf.
2026-10-02T14:57:38.4695870Z Preparing to unpack .../02-fonts-tlwg-loma-otf_1%3a0.7.3-1_all.deb ...
2026-10-02T14:57:38.4702217Z Unpacking fonts-tlwg-loma-otf (1:0.7.3-1) ...
2026-10-02T14:57:38.4901655Z Selecting previously unselected package fonts-unifont.
2026-10-02T14:57:38.5012533Z Preparing to unpack .../03-fonts-unifont_1%3a15.1.01-1build1_all.deb ...
2026-10-02T14:57:38.5335395Z Unpacking fonts-unifont (1:15.1.01-1build1) ...
2026-10-02T14:57:39.0573606Z Selecting previously unselected package fonts-wqy-zenhei.
2026-10-02T14:57:39.0684961Z Preparing to unpack .../04-fonts-wqy-zenhei_0.9.45-8_all.deb ...
2026-10-02T14:57:39.0768504Z Unpacking fonts-wqy-zenhei (0.9.45-8) ...
2026-10-02T14:57:39.6732233Z Preparing to unpack .../05-libgl1-mesa-dri_25.2.8-0ubuntu0.24.04.3_amd64.deb ...
2026-10-02T14:57:39.7132894Z Unpacking libgl1-mesa-dri:amd64 (25.2.8-0ubuntu0.24.04.3) over (25.2.8-0ubuntu0.24.04.2) ...
2026-10-02T14:57:39.8630340Z Selecting previously unselected package libwayland-server0:amd64.
2026-10-02T14:57:39.8742487Z Preparing to unpack .../06-libwayland-server0_1.22.0-2.1build1_amd64.deb ...
2026-10-02T14:57:39.8754105Z Unpacking libwayland-server0:amd64 (1.22.0-2.1build1) ...
2026-10-02T14:57:39.9031962Z Preparing to unpack .../07-libglx-mesa0_25.2.8-0ubuntu0.24.04.3_amd64.deb ...
2026-10-02T14:57:39.9047786Z Unpacking libglx-mesa0:amd64 (25.2.8-0ubuntu0.24.04.3) over (25.2.8-0ubuntu0.24.04.2) ...
2026-10-02T14:57:39.9363720Z Preparing to unpack .../08-libgbm1_25.2.8-0ubuntu0.24.04.3_amd64.deb ...
2026-10-02T14:57:39.9381922Z Unpacking libgbm1:amd64 (25.2.8-0ubuntu0.24.04.3) over (25.2.8-0ubuntu0.24.04.2) ...
2026-10-02T14:57:39.9703737Z Preparing to unpack .../09-mesa-libgallium_25.2.8-0ubuntu0.24.04.3_amd64.deb ...
2026-10-02T14:57:39.9724307Z Unpacking mesa-libgallium:amd64 (25.2.8-0ubuntu0.24.04.3) over (25.2.8-0ubuntu0.24.04.2) ...
2026-10-02T14:57:40.3064232Z Selecting previously unselected package xfonts-encodings.
2026-10-02T14:57:40.3176091Z Preparing to unpack .../10-xfonts-encodings_1%3a1.0.5-0ubuntu2_all.deb ...
2026-10-02T14:57:40.3182109Z Unpacking xfonts-encodings (1:1.0.5-0ubuntu2) ...
2026-10-02T14:57:40.5063708Z Selecting previously unselected package xfonts-utils.
2026-10-02T14:57:40.5174315Z Preparing to unpack .../11-xfonts-utils_1%3a7.7+6build3_amd64.deb ...
2026-10-02T14:57:40.5179713Z Unpacking xfonts-utils (1:7.7+6build3) ...
2026-10-02T14:57:40.9260358Z Selecting previously unselected package xfonts-cyrillic.
2026-10-02T14:57:40.9373702Z Preparing to unpack .../12-xfonts-cyrillic_1%3a1.0.5+nmu1_all.deb ...
2026-10-02T14:57:40.9379952Z Unpacking xfonts-cyrillic (1:1.0.5+nmu1) ...
2026-10-02T14:57:40.9670089Z Selecting previously unselected package xfonts-scalable.
2026-10-02T14:57:40.9782677Z Preparing to unpack .../13-xfonts-scalable_1%3a1.0.3-1.3_all.deb ...
2026-10-02T14:57:40.9789021Z Unpacking xfonts-scalable (1:1.0.3-1.3) ...
2026-10-02T14:57:41.0320094Z Setting up libwayland-server0:amd64 (1.22.0-2.1build1) ...
2026-10-02T14:57:41.0334374Z Setting up mesa-libgallium:amd64 (25.2.8-0ubuntu0.24.04.3) ...
2026-10-02T14:57:41.0347896Z Setting up libgbm1:amd64 (25.2.8-0ubuntu0.24.04.3) ...
2026-10-02T14:57:41.0360883Z Setting up libgl1-mesa-dri:amd64 (25.2.8-0ubuntu0.24.04.3) ...
2026-10-02T14:57:41.0427048Z Setting up fonts-wqy-zenhei (0.9.45-8) ...
2026-10-02T14:57:41.2094396Z Setting up fonts-freefont-ttf (20211204+svn4273-2) ...
2026-10-02T14:57:41.2356748Z Setting up fonts-tlwg-loma-otf (1:0.7.3-1) ...
2026-10-02T14:57:41.3331884Z Setting up xfonts-encodings (1:1.0.5-0ubuntu2) ...
2026-10-02T14:57:41.3344278Z Setting up fonts-ipafont-gothic (00303-21ubuntu1) ...
2026-10-02T14:57:41.3402756Z update-alternatives: using /usr/share/fonts/opentype/ipafont-gothic/ipag.ttf to provide /usr/share/fonts/truetype/fonts-japanese-gothic.ttf (fonts-japanese-gothic.ttf) in auto mode
2026-10-02T14:57:41.3414469Z Setting up fonts-unifont (1:15.1.01-1build1) ...
2026-10-02T14:57:41.3434819Z Setting up libglx-mesa0:amd64 (25.2.8-0ubuntu0.24.04.3) ...
2026-10-02T14:57:41.3448020Z Setting up xfonts-utils (1:7.7+6build3) ...
2026-10-02T14:57:41.3479650Z Setting up xfonts-cyrillic (1:1.0.5+nmu1) ...
2026-10-02T14:57:41.3717073Z Setting up xfonts-scalable (1:1.0.3-1.3) ...
2026-10-02T14:57:41.3945045Z Processing triggers for libc-bin (2.39-0ubuntu8.9) ...
2026-10-02T14:57:41.9806324Z Processing triggers for man-db (2.12.0-4build2) ...
2026-10-02T14:57:41.9823667Z Not building database; man-db/auto-update is not 'true'.
2026-10-02T14:57:41.9832039Z Processing triggers for fontconfig (2.15.0-1.1ubuntu2) ...
2026-10-02T14:57:42.6845319Z 
2026-10-02T14:57:42.6845735Z Running kernel seems to be up-to-date.
2026-10-02T14:57:42.6845951Z 
2026-10-02T14:57:42.6846087Z No services need to be restarted.
2026-10-02T14:57:42.6846241Z 
2026-10-02T14:57:42.6846357Z No containers need to be restarted.
2026-10-02T14:57:42.6846506Z 
2026-10-02T14:57:42.6846665Z No user sessions are running outdated binaries.
2026-10-02T14:57:42.6846841Z 
2026-10-02T14:57:42.6847063Z No VM guests are running outdated hypervisor (qemu) binaries on this host.
2026-10-02T14:57:43.5242160Z Downloading Chromium 143.0.7499.4 (playwright build v1200) from https://cdn.playwright.dev/dbazure/download/playwright/builds/chromium/1200/chromium-linux.zip
2026-10-02T14:57:43.6038401Z (node:3375) [DEP0169] DeprecationWarning: `url.parse()` behavior is not standardized and prone to errors that have security implications. Use the WHATWG URL API instead. CVEs are not issued for `url.parse()` vulnerabilities.
2026-10-02T14:57:43.6039592Z (Use `node --trace-deprecation ...` to show where the warning was created)
2026-10-02T14:57:43.6973468Z |                                                                                |   0% of 164.7 MiB
2026-10-02T14:57:43.9025305Z |■■■■■■■■                                                                        |  10% of 164.7 MiB
2026-10-02T14:57:44.0665684Z |■■■■■■■■■■■■■■■■                                                                |  20% of 164.7 MiB
2026-10-02T14:57:44.2887750Z |■■■■■■■■■■■■■■■■■■■■■■■■                                                        |  30% of 164.7 MiB
2026-10-02T14:57:44.4201067Z |■■■■■■■■■■■■■■■■■■■■■■■■■■■■■■■■                                                |  40% of 164.7 MiB
2026-10-02T14:57:44.5480306Z |■■■■■■■■■■■■■■■■■■■■■■■■■■■■■■■■■■■■■■■■                                        |  50% of 164.7 MiB
2026-10-02T14:57:44.6638240Z |■■■■■■■■■■■■■■■■■■■■■■■■■■■■■■■■■■■■■■■■■■■■■■■■                                |  60% of 164.7 MiB
2026-10-02T14:57:44.7630472Z |■■■■■■■■■■■■■■■■■■■■■■■■■■■■■■■■■■■■■■■■■■■■■■■■■■■■■■■■                        |  70% of 164.7 MiB
2026-10-02T14:57:44.8627524Z |■■■■■■■■■■■■■■■■■■■■■■■■■■■■■■■■■■■■■■■■■■■■■■■■■■■■■■■■■■■■■■■■                |  80% of 164.7 MiB
2026-10-02T14:57:44.9801269Z |■■■■■■■■■■■■■■■■■■■■■■■■■■■■■■■■■■■■■■■■■■■■■■■■■■■■■■■■■■■■■■■■■■■■■■■■        |  90% of 164.7 MiB
2026-10-02T14:57:45.0910511Z |■■■■■■■■■■■■■■■■■■■■■■■■■■■■■■■■■■■■■■■■■■■■■■■■■■■■■■■■■■■■■■■■■■■■■■■■■■■■■■■■| 100% of 164.7 MiB
2026-10-02T14:57:47.0151750Z Chromium 143.0.7499.4 (playwright build v1200) downloaded to /home/runner/.cache/ms-playwright/chromium-1200
2026-10-02T14:57:47.0155403Z Downloading FFMPEG playwright build v1011 from https://cdn.playwright.dev/dbazure/download/playwright/builds/ffmpeg/1011/ffmpeg-linux.zip
2026-10-02T14:57:47.0945704Z (node:3386) [DEP0169] DeprecationWarning: `url.parse()` behavior is not standardized and prone to errors that have security implications. Use the WHATWG URL API instead. CVEs are not issued for `url.parse()` vulnerabilities.
2026-10-02T14:57:47.0946947Z (Use `node --trace-deprecation ...` to show where the warning was created)
2026-10-02T14:57:47.2537567Z |                                                                                |   0% of 2.3 MiB
2026-10-02T14:57:47.2584162Z |■■■■■■■■                                                                        |  10% of 2.3 MiB
2026-10-02T14:57:47.2614850Z |■■■■■■■■■■■■■■■■                                                                |  20% of 2.3 MiB
2026-10-02T14:57:47.2638359Z |■■■■■■■■■■■■■■■■■■■■■■■■                                                        |  30% of 2.3 MiB
2026-10-02T14:57:47.2655079Z |■■■■■■■■■■■■■■■■■■■■■■■■■■■■■■■■                                                |  40% of 2.3 MiB
2026-10-02T14:57:47.2676667Z |■■■■■■■■■■■■■■■■■■■■■■■■■■■■■■■■■■■■■■■■                                        |  50% of 2.3 MiB
2026-10-02T14:57:47.2686945Z |■■■■■■■■■■■■■■■■■■■■■■■■■■■■■■■■■■■■■■■■■■■■■■■■                                |  60% of 2.3 MiB
2026-10-02T14:57:47.2695323Z |■■■■■■■■■■■■■■■■■■■■■■■■■■■■■■■■■■■■■■■■■■■■■■■■■■■■■■■■                        |  70% of 2.3 MiB
2026-10-02T14:57:47.2719033Z |■■■■■■■■■■■■■■■■■■■■■■■■■■■■■■■■■■■■■■■■■■■■■■■■■■■■■■■■■■■■■■■■                |  80% of 2.3 MiB
2026-10-02T14:57:47.2725983Z |■■■■■■■■■■■■■■■■■■■■■■■■■■■■■■■■■■■■■■■■■■■■■■■■■■■■■■■■■■■■■■■■■■■■■■■■        |  90% of 2.3 MiB
2026-10-02T14:57:47.2735227Z |■■■■■■■■■■■■■■■■■■■■■■■■■■■■■■■■■■■■■■■■■■■■■■■■■■■■■■■■■■■■■■■■■■■■■■■■■■■■■■■■| 100% of 2.3 MiB
2026-10-02T14:57:47.3150711Z FFMPEG playwright build v1011 downloaded to /home/runner/.cache/ms-playwright/ffmpeg-1011
2026-10-02T14:57:47.3153057Z Downloading Chromium Headless Shell 143.0.7499.4 (playwright build v1200) from https://cdn.playwright.dev/dbazure/download/playwright/builds/chromium/1200/chromium-headless-shell-linux.zip
2026-10-02T14:57:47.3937489Z (node:3397) [DEP0169] DeprecationWarning: `url.parse()` behavior is not standardized and prone to errors that have security implications. Use the WHATWG URL API instead. CVEs are not issued for `url.parse()` vulnerabilities.
2026-10-02T14:57:47.3939509Z (Use `node --trace-deprecation ...` to show where the warning was created)
2026-10-02T14:57:47.4760778Z |                                                                                |   0% of 109.7 MiB
2026-10-02T14:57:47.6080128Z |■■■■■■■■                                                                        |  10% of 109.7 MiB
2026-10-02T14:57:47.7092913Z |■■■■■■■■■■■■■■■■                                                                |  20% of 109.7 MiB
2026-10-02T14:57:47.8071750Z |■■■■■■■■■■■■■■■■■■■■■■■■                                                        |  30% of 109.7 MiB
2026-10-02T14:57:47.8813816Z |■■■■■■■■■■■■■■■■■■■■■■■■■■■■■■■■                                                |  40% of 109.7 MiB
2026-10-02T14:57:47.9814926Z |■■■■■■■■■■■■■■■■■■■■■■■■■■■■■■■■■■■■■■■■                                        |  50% of 109.7 MiB
2026-10-02T14:57:48.0475697Z |■■■■■■■■■■■■■■■■■■■■■■■■■■■■■■■■■■■■■■■■■■■■■■■■                                |  60% of 109.7 MiB
2026-10-02T14:57:48.1177016Z |■■■■■■■■■■■■■■■■■■■■■■■■■■■■■■■■■■■■■■■■■■■■■■■■■■■■■■■■                        |  70% of 109.7 MiB
2026-10-02T14:57:48.1866822Z |■■■■■■■■■■■■■■■■■■■■■■■■■■■■■■■■■■■■■■■■■■■■■■■■■■■■■■■■■■■■■■■■                |  80% of 109.7 MiB
2026-10-02T14:57:48.2568186Z |■■■■■■■■■■■■■■■■■■■■■■■■■■■■■■■■■■■■■■■■■■■■■■■■■■■■■■■■■■■■■■■■■■■■■■■■        |  90% of 109.7 MiB
2026-10-02T14:57:48.3394202Z |■■■■■■■■■■■■■■■■■■■■■■■■■■■■■■■■■■■■■■■■■■■■■■■■■■■■■■■■■■■■■■■■■■■■■■■■■■■■■■■■| 100% of 109.7 MiB
2026-10-02T14:57:49.7645773Z Chromium Headless Shell 143.0.7499.4 (playwright build v1200) downloaded to /home/runner/.cache/ms-playwright/chromium_headless_shell-1200
2026-10-02T14:57:49.7851541Z ##[group]Run python scripts/run_logged.py evidence/browser-native.log -- python scripts/browser_smoke.py
2026-10-02T14:57:49.7852129Z [36;1mpython scripts/run_logged.py evidence/browser-native.log -- python scripts/browser_smoke.py[0m
2026-10-02T14:57:49.7909456Z shell: /usr/bin/bash --noprofile --norc -e -o pipefail {0}
2026-10-02T14:57:49.7909733Z env:
2026-10-02T14:57:49.7909900Z   NEXT_TELEMETRY_DISABLED: 1
2026-10-02T14:57:49.7910152Z   pythonLocation: /opt/hostedtoolcache/Python/3.13.15/x64
2026-10-02T14:57:49.7910489Z   PKG_CONFIG_PATH: /opt/hostedtoolcache/Python/3.13.15/x64/lib/pkgconfig
2026-10-02T14:57:49.7911030Z   Python_ROOT_DIR: /opt/hostedtoolcache/Python/3.13.15/x64
2026-10-02T14:57:49.7911329Z   Python2_ROOT_DIR: /opt/hostedtoolcache/Python/3.13.15/x64
2026-10-02T14:57:49.7911614Z   Python3_ROOT_DIR: /opt/hostedtoolcache/Python/3.13.15/x64
2026-10-02T14:57:49.7911897Z   LD_LIBRARY_PATH: /opt/hostedtoolcache/Python/3.13.15/x64/lib
2026-10-02T14:57:49.7912187Z ##[endgroup]
2026-10-02T14:58:17.9354198Z {
2026-10-02T14:58:17.9354542Z   "mode": "native_browser_e2e",
2026-10-02T14:58:17.9354877Z   "passed": [
2026-10-02T14:58:17.9355206Z     "agent_credential_rejected_by_reviewer_console",
2026-10-02T14:58:17.9355668Z     "pending_queue_survives_more_than_100_newer_reads",
2026-10-02T14:58:17.9356109Z     "approval_disabled_without_informed_confirmation",
2026-10-02T14:58:17.9356508Z     "browser_rejection_preserves_all_1206_rows",
2026-10-02T14:58:17.9356907Z     "browser_approval_executes_real_update_once",
2026-10-02T14:58:17.9357339Z     "critical_action_requires_exact_1206_scope_phrase",
2026-10-02T14:58:17.9357784Z     "390px_mobile_has_no_horizontal_overflow",
2026-10-02T14:58:17.9358160Z     "audit_replay_and_hmac_verification_render",
2026-10-02T14:58:17.9358536Z     "metrics_use_real_samples_and_unknown_model_cost",
2026-10-02T14:58:17.9359142Z     "batch_ui_lists_bound_members_and_enforces_confirmation",
2026-10-02T14:58:17.9359564Z     "recovery_is_a_separate_informed_approval",
2026-10-02T14:58:17.9360028Z     "study_import_counterbalance_visibility_and_export_automation_only",
2026-10-02T14:58:17.9360465Z     "logout_removes_authenticated_console",
2026-10-02T14:58:17.9360807Z     "no_browser_javascript_errors"
2026-10-02T14:58:17.9361113Z   ],
2026-10-02T14:58:17.9361335Z   "errors": [],
2026-10-02T14:58:17.9361587Z   "not_proven": []
2026-10-02T14:58:17.9361834Z }
2026-10-02T14:58:17.9483207Z ##[group]Run python scripts/run_logged.py evidence/browser-edges.log -- python scripts/browser_edges.py
2026-10-02T14:58:17.9483809Z [36;1mpython scripts/run_logged.py evidence/browser-edges.log -- python scripts/browser_edges.py[0m
2026-10-02T14:58:17.9541245Z shell: /usr/bin/bash --noprofile --norc -e -o pipefail {0}
2026-10-02T14:58:17.9541523Z env:
2026-10-02T14:58:17.9541686Z   NEXT_TELEMETRY_DISABLED: 1
2026-10-02T14:58:17.9541933Z   pythonLocation: /opt/hostedtoolcache/Python/3.13.15/x64
2026-10-02T14:58:17.9542269Z   PKG_CONFIG_PATH: /opt/hostedtoolcache/Python/3.13.15/x64/lib/pkgconfig
2026-10-02T14:58:17.9542595Z   Python_ROOT_DIR: /opt/hostedtoolcache/Python/3.13.15/x64
2026-10-02T14:58:17.9542884Z   Python2_ROOT_DIR: /opt/hostedtoolcache/Python/3.13.15/x64
2026-10-02T14:58:17.9543173Z   Python3_ROOT_DIR: /opt/hostedtoolcache/Python/3.13.15/x64
2026-10-02T14:58:17.9543465Z   LD_LIBRARY_PATH: /opt/hostedtoolcache/Python/3.13.15/x64/lib
2026-10-02T14:58:17.9543748Z ##[endgroup]
2026-10-02T14:58:24.9648500Z {
2026-10-02T14:58:24.9649020Z   "mode": "native_next_browser_real_http",
2026-10-02T14:58:24.9649312Z   "passed": [
2026-10-02T14:58:24.9649541Z     "stale_cas_never_overwrites_new_data",
2026-10-02T14:58:24.9649846Z     "execution_failure_rolls_back_and_renders",
2026-10-02T14:58:24.9650146Z     "unknown_requires_original_receipt_reconciliation",
2026-10-02T14:58:24.9650458Z     "untrusted_long_text_is_escaped_and_mobile_bounded",
2026-10-02T14:58:24.9650742Z     "expired_action_has_no_decision_controls",
2026-10-02T14:58:24.9651000Z     "hard_block_has_no_override_controls",
2026-10-02T14:58:24.9651276Z     "keyboard_login_and_logout_clear_memory_credentials",
2026-10-02T14:58:24.9651628Z     "study_comprehension_is_separate_required_and_exported_as_automation",
2026-10-02T14:58:24.9651970Z     "next_hydration_and_strict_csp_have_no_errors"
2026-10-02T14:58:24.9652192Z   ],
2026-10-02T14:58:24.9652347Z   "errors": [],
2026-10-02T14:58:24.9652526Z   "csp_violations": [],
2026-10-02T14:58:24.9652712Z   "human_participants": 0
2026-10-02T14:58:24.9652891Z }
2026-10-02T14:58:24.9773630Z ##[group]Run python scripts/run_logged.py evidence/docker-smoke.log -- python scripts/docker_smoke.py
2026-10-02T14:58:24.9774323Z [36;1mpython scripts/run_logged.py evidence/docker-smoke.log -- python scripts/docker_smoke.py[0m
2026-10-02T14:58:24.9830906Z shell: /usr/bin/bash --noprofile --norc -e -o pipefail {0}
2026-10-02T14:58:24.9831176Z env:
2026-10-02T14:58:24.9831341Z   NEXT_TELEMETRY_DISABLED: 1
2026-10-02T14:58:24.9831633Z   pythonLocation: /opt/hostedtoolcache/Python/3.13.15/x64
2026-10-02T14:58:24.9831999Z   PKG_CONFIG_PATH: /opt/hostedtoolcache/Python/3.13.15/x64/lib/pkgconfig
2026-10-02T14:58:24.9832326Z   Python_ROOT_DIR: /opt/hostedtoolcache/Python/3.13.15/x64
2026-10-02T14:58:24.9832615Z   Python2_ROOT_DIR: /opt/hostedtoolcache/Python/3.13.15/x64
2026-10-02T14:58:24.9832897Z   Python3_ROOT_DIR: /opt/hostedtoolcache/Python/3.13.15/x64
2026-10-02T14:58:24.9833193Z   LD_LIBRARY_PATH: /opt/hostedtoolcache/Python/3.13.15/x64/lib
2026-10-02T14:58:24.9833483Z ##[endgroup]
2026-10-02T14:59:01.6123179Z {
2026-10-02T14:59:01.6123600Z   "mode": "real_docker_compose",
2026-10-02T14:59:01.6123999Z   "project": "airlock-check-f6a6c36ac76b",
2026-10-02T14:59:01.6124368Z   "probe": {
2026-10-02T14:59:01.6124702Z     "pending_id": "1ef91b2b4568455c86ad7aafc8b1402d",
2026-10-02T14:59:01.6125049Z     "uid": 10001,
2026-10-02T14:59:01.6125315Z     "effective_capabilities": 0,
2026-10-02T14:59:01.6125513Z     "checks": [
2026-10-02T14:59:01.6125721Z       "agent_has_no_reviewer_or_audit_secret",
2026-10-02T14:59:01.6125982Z       "target_database_not_mounted_in_agent",
2026-10-02T14:59:01.6126230Z       "no_server_config_or_docker_socket",
2026-10-02T14:59:01.6126480Z       "non_root_read_only_no_capabilities",
2026-10-02T14:59:01.6126722Z       "agent_cannot_approve_or_read_audit",
2026-10-02T14:59:01.6126956Z       "SQL_cannot_read_control_tables",
2026-10-02T14:59:01.6127195Z       "write_waits_for_separate_reviewer"
2026-10-02T14:59:01.6127401Z     ]
2026-10-02T14:59:01.6127617Z   },
2026-10-02T14:59:01.6128118Z   "runtime_image_id": "sha256:fe2767ce0149ad421625458b28b68787b3ac8ef21d85a7aa210b79c4226b6368",
2026-10-02T14:59:01.6128661Z   "rows_before_independent_approval": 1206,
2026-10-02T14:59:01.6129148Z   "rows_after_approval_and_restart": 0,
2026-10-02T14:59:01.6129369Z   "additional_checks": [
2026-10-02T14:59:01.6129618Z     "pending_survives_server_restart_without_execution",
2026-10-02T14:59:01.6129935Z     "approved_effect_and_audit_persist_without_reseeding",
2026-10-02T14:59:01.6130209Z     "compose_network_is_internal",
2026-10-02T14:59:01.6130449Z     "server_dual_network_agent_internal_only",
2026-10-02T14:59:01.6130700Z     "published_port_is_loopback_only"
2026-10-02T14:59:01.6130899Z   ],
2026-10-02T14:59:01.6131051Z   "limitations": [
2026-10-02T14:59:01.6131344Z     "controlled synthetic deployment, not a general container escape audit",
2026-10-02T14:59:01.6131726Z     "reviewer is automated test code, not a human A/B participant"
2026-10-02T14:59:01.6131985Z   ]
2026-10-02T14:59:01.6132135Z }
2026-10-02T14:59:01.6254696Z ##[group]Run python scripts/run_logged.py evidence/upstream-isolation.log -- python scripts/upstream_isolation.py
2026-10-02T14:59:01.6255701Z [36;1mpython scripts/run_logged.py evidence/upstream-isolation.log -- python scripts/upstream_isolation.py[0m
2026-10-02T14:59:01.6319233Z shell: /usr/bin/bash --noprofile --norc -e -o pipefail {0}
2026-10-02T14:59:01.6319533Z env:
2026-10-02T14:59:01.6319701Z   NEXT_TELEMETRY_DISABLED: 1
2026-10-02T14:59:01.6319956Z   pythonLocation: /opt/hostedtoolcache/Python/3.13.15/x64
2026-10-02T14:59:01.6320299Z   PKG_CONFIG_PATH: /opt/hostedtoolcache/Python/3.13.15/x64/lib/pkgconfig
2026-10-02T14:59:01.6320629Z   Python_ROOT_DIR: /opt/hostedtoolcache/Python/3.13.15/x64
2026-10-02T14:59:01.6320921Z   Python2_ROOT_DIR: /opt/hostedtoolcache/Python/3.13.15/x64
2026-10-02T14:59:01.6321209Z   Python3_ROOT_DIR: /opt/hostedtoolcache/Python/3.13.15/x64
2026-10-02T14:59:01.6321497Z   LD_LIBRARY_PATH: /opt/hostedtoolcache/Python/3.13.15/x64/lib
2026-10-02T14:59:01.6321777Z ##[endgroup]
2026-10-02T14:59:05.2666385Z {"status": "PASS", "mode": "real_docker_protected_upstream", "image": "sha256:fe2767ce0149ad421625458b28b68787b3ac8ef21d85a7aa210b79c4226b6368", "probe": {"action_id": "bf11a79f7f1c4c08a00807940dfcaf5f", "checks": ["no_upstream_dns", "no_direct_ip_access", "no_upstream_or_review_secret", "no_server_volume_or_socket", "single_internal_agent_network", "write_waits_for_reviewer"]}, "checks": ["rejection_preserves_remote_value", "separate_approval_executes_once", "separate_compensation_restores_value", "audit_chain_valid"], "network_boundary": "Agent only on internal ingress; upstream only on distinct internal target network; gate on both; no upstream published port", "limitations": ["Synthetic remote CAS counter, scripted reviewer; not a human study", "Dedicated pinned private HTTP in isolated fixture; production untrusted networks require TLS", "Host administrator and container escape outside tested boundary"]}
2026-10-02T14:59:05.2818230Z ##[group]Run actions/setup-go@v6
2026-10-02T14:59:05.2818455Z with:
2026-10-02T14:59:05.2818618Z   go-version: 1.24.8
2026-10-02T14:59:05.2819051Z   cache: false
2026-10-02T14:59:05.2819226Z   check-latest: false
2026-10-02T14:59:05.2821201Z   token: ***
2026-10-02T14:59:05.2821369Z env:
2026-10-02T14:59:05.2821530Z   NEXT_TELEMETRY_DISABLED: 1
2026-10-02T14:59:05.2821781Z   pythonLocation: /opt/hostedtoolcache/Python/3.13.15/x64
2026-10-02T14:59:05.2822121Z   PKG_CONFIG_PATH: /opt/hostedtoolcache/Python/3.13.15/x64/lib/pkgconfig
2026-10-02T14:59:05.2822447Z   Python_ROOT_DIR: /opt/hostedtoolcache/Python/3.13.15/x64
2026-10-02T14:59:05.2822747Z   Python2_ROOT_DIR: /opt/hostedtoolcache/Python/3.13.15/x64
2026-10-02T14:59:05.2823043Z   Python3_ROOT_DIR: /opt/hostedtoolcache/Python/3.13.15/x64
2026-10-02T14:59:05.2823341Z   LD_LIBRARY_PATH: /opt/hostedtoolcache/Python/3.13.15/x64/lib
2026-10-02T14:59:05.2823590Z ##[endgroup]
2026-10-02T14:59:05.3909694Z Setup go version spec 1.24.8
2026-10-02T14:59:05.3919393Z Attempting to download 1.24.8...
2026-10-02T14:59:06.0409435Z matching 1.24.8...
2026-10-02T14:59:06.0455542Z Acquiring 1.24.8 from https://github.com/actions/go-versions/releases/download/1.24.8-18331018734/go-1.24.8-linux-x64.tar.gz
2026-10-02T14:59:06.4166960Z Extracting Go...
2026-10-02T14:59:06.4264606Z [command]/usr/bin/tar xz --warning=no-unknown-keyword --overwrite -C /home/runner/work/_temp/c92144ac-e909-418d-b2b0-879ff4d0d0d7 -f /home/runner/work/_temp/45457825-67e9-4f5d-b57f-efe818b7db20
2026-10-02T14:59:07.9751548Z Successfully extracted go to /home/runner/work/_temp/c92144ac-e909-418d-b2b0-879ff4d0d0d7
2026-10-02T14:59:07.9751966Z Adding to the cache ...
2026-10-02T14:59:12.8621890Z Successfully cached go to /opt/hostedtoolcache/go/1.24.8/x64
2026-10-02T14:59:12.8624032Z Added go to the path
2026-10-02T14:59:12.8626516Z Successfully set up Go version 1.24.8
2026-10-02T14:59:12.8787672Z go version go1.24.8 linux/amd64
2026-10-02T14:59:12.8787938Z 
2026-10-02T14:59:12.8788296Z ##[group]go env
2026-10-02T14:59:13.4996044Z AR='ar'
2026-10-02T14:59:13.4996330Z CC='gcc'
2026-10-02T14:59:13.4996639Z CGO_CFLAGS='-O2 -g'
2026-10-02T14:59:13.4996932Z CGO_CPPFLAGS=''
2026-10-02T14:59:13.4997134Z CGO_CXXFLAGS='-O2 -g'
2026-10-02T14:59:13.4997328Z CGO_ENABLED='1'
2026-10-02T14:59:13.4997511Z CGO_FFLAGS='-O2 -g'
2026-10-02T14:59:13.4997693Z CGO_LDFLAGS='-O2 -g'
2026-10-02T14:59:13.4997861Z CXX='g++'
2026-10-02T14:59:13.4998026Z GCCGO='gccgo'
2026-10-02T14:59:13.4998192Z GO111MODULE=''
2026-10-02T14:59:13.4998356Z GOAMD64='v1'
2026-10-02T14:59:13.4998523Z GOARCH='amd64'
2026-10-02T14:59:13.4998691Z GOAUTH='netrc'
2026-10-02T14:59:13.4999029Z GOBIN=''
2026-10-02T14:59:13.4999320Z GOCACHE='/home/runner/.cache/go-build'
2026-10-02T14:59:13.4999546Z GOCACHEPROG=''
2026-10-02T14:59:13.4999738Z GODEBUG=''
2026-10-02T14:59:13.4999946Z GOENV='/home/runner/.config/go/env'
2026-10-02T14:59:13.5000147Z GOEXE=''
2026-10-02T14:59:13.5000303Z GOEXPERIMENT=''
2026-10-02T14:59:13.5000485Z GOFIPS140='off'
2026-10-02T14:59:13.5000641Z GOFLAGS=''
2026-10-02T14:59:13.5001285Z GOGCCFLAGS='-fPIC -m64 -pthread -Wl,--no-gc-sections -fmessage-length=0 -ffile-prefix-map=/tmp/go-build2277897761=/tmp/go-build -gno-record-gcc-switches'
2026-10-02T14:59:13.5002080Z GOHOSTARCH='amd64'
2026-10-02T14:59:13.5002252Z GOHOSTOS='linux'
2026-10-02T14:59:13.5002418Z GOINSECURE=''
2026-10-02T14:59:13.5002584Z GOMOD='/dev/null'
2026-10-02T14:59:13.5002799Z GOMODCACHE='/home/runner/go/pkg/mod'
2026-10-02T14:59:13.5003011Z GONOPROXY=''
2026-10-02T14:59:13.5003173Z GONOSUMDB=''
2026-10-02T14:59:13.5003322Z GOOS='linux'
2026-10-02T14:59:13.5003496Z GOPATH='/home/runner/go'
2026-10-02T14:59:13.5003676Z GOPRIVATE=''
2026-10-02T14:59:13.5003911Z GOPROXY='https://proxy.golang.org,direct'
2026-10-02T14:59:13.5004210Z GOROOT='/opt/hostedtoolcache/go/1.24.8/x64'
2026-10-02T14:59:13.5004491Z GOSUMDB='sum.golang.org'
2026-10-02T14:59:13.5004689Z GOTELEMETRY='local'
2026-10-02T14:59:13.5004941Z GOTELEMETRYDIR='/home/runner/.config/go/telemetry'
2026-10-02T14:59:13.5005372Z GOTMPDIR=''
2026-10-02T14:59:13.5005545Z GOTOOLCHAIN='local'
2026-10-02T14:59:13.5005846Z GOTOOLDIR='/opt/hostedtoolcache/go/1.24.8/x64/pkg/tool/linux_amd64'
2026-10-02T14:59:13.5006133Z GOVCS=''
2026-10-02T14:59:13.5006300Z GOVERSION='go1.24.8'
2026-10-02T14:59:13.5006473Z GOWORK=''
2026-10-02T14:59:13.5006650Z PKG_CONFIG='pkg-config'
2026-10-02T14:59:13.5006766Z 
2026-10-02T14:59:13.5007085Z ##[endgroup]
2026-10-02T14:59:13.5158349Z ##[group]Run python scripts/run_logged.py evidence/archive-build.log -- python scripts/build_archive_fixture.py --output evidence/archive-image.json
2026-10-02T14:59:13.5159384Z [36;1mpython scripts/run_logged.py evidence/archive-build.log -- python scripts/build_archive_fixture.py --output evidence/archive-image.json[0m
2026-10-02T14:59:13.5216578Z shell: /usr/bin/bash --noprofile --norc -e -o pipefail {0}
2026-10-02T14:59:13.5216865Z env:
2026-10-02T14:59:13.5217038Z   NEXT_TELEMETRY_DISABLED: 1
2026-10-02T14:59:13.5217287Z   pythonLocation: /opt/hostedtoolcache/Python/3.13.15/x64
2026-10-02T14:59:13.5217622Z   PKG_CONFIG_PATH: /opt/hostedtoolcache/Python/3.13.15/x64/lib/pkgconfig
2026-10-02T14:59:13.5217963Z   Python_ROOT_DIR: /opt/hostedtoolcache/Python/3.13.15/x64
2026-10-02T14:59:13.5218256Z   Python2_ROOT_DIR: /opt/hostedtoolcache/Python/3.13.15/x64
2026-10-02T14:59:13.5218538Z   Python3_ROOT_DIR: /opt/hostedtoolcache/Python/3.13.15/x64
2026-10-02T14:59:13.5219032Z   LD_LIBRARY_PATH: /opt/hostedtoolcache/Python/3.13.15/x64/lib
2026-10-02T14:59:13.5219314Z   GOTOOLCHAIN: local
2026-10-02T14:59:13.5219493Z ##[endgroup]
2026-10-02T14:59:19.1474127Z From https://github.com/minio/minio
2026-10-02T14:59:19.1474631Z  * branch            7aac2a2c5b7c882e68c1ce017d8256be2feea27f -> FETCH_HEAD
2026-10-02T14:59:19.1475124Z HEAD is now at 7aac2a2 update README.md format and clarify state of the project
2026-10-02T14:59:19.1475540Z go: downloading cloud.google.com/go/storage v1.52.0
2026-10-02T14:59:19.1475937Z go: downloading github.com/Azure/azure-sdk-for-go/sdk/azcore v1.18.0
2026-10-02T14:59:19.1476372Z go: downloading github.com/Azure/azure-sdk-for-go/sdk/azidentity v1.9.0
2026-10-02T14:59:19.1476820Z go: downloading github.com/Azure/azure-sdk-for-go/sdk/storage/azblob v1.6.1
2026-10-02T14:59:19.1477234Z go: downloading github.com/cespare/xxhash/v2 v2.3.0
2026-10-02T14:59:19.1477545Z go: downloading github.com/cheggaaa/pb v1.0.29
2026-10-02T14:59:19.1477848Z go: downloading cloud.google.com/go v0.120.1
2026-10-02T14:59:19.1478164Z go: downloading github.com/coreos/go-oidc/v3 v3.14.1
2026-10-02T14:59:19.1478501Z go: downloading github.com/coreos/go-systemd/v22 v22.5.0
2026-10-02T14:59:19.1488367Z go: downloading github.com/cosnicolaou/pbzip2 v1.0.5
2026-10-02T14:59:19.1488774Z go: downloading github.com/dchest/siphash v1.2.3
2026-10-02T14:59:19.1489367Z go: downloading github.com/dustin/go-humanize v1.0.1
2026-10-02T14:59:19.1489709Z go: downloading github.com/fatih/color v1.18.0
2026-10-02T14:59:19.1490019Z go: downloading github.com/felixge/fgprof v0.9.5
2026-10-02T14:59:19.1490333Z go: downloading github.com/go-openapi/loads v0.22.0
2026-10-02T14:59:19.1490649Z go: downloading github.com/golang-jwt/jwt/v4 v4.5.2
2026-10-02T14:59:19.1491188Z go: downloading github.com/google/uuid v1.6.0
2026-10-02T14:59:19.1491532Z go: downloading github.com/inconshreveable/mousetrap v1.1.0
2026-10-02T14:59:19.1491875Z go: downloading github.com/json-iterator/go v1.1.12
2026-10-02T14:59:19.1492193Z go: downloading github.com/klauspost/compress v1.18.0
2026-10-02T14:59:19.1492514Z go: downloading github.com/klauspost/filepathx v1.1.1
2026-10-02T14:59:19.1492827Z go: downloading github.com/klauspost/pgzip v1.2.6
2026-10-02T14:59:19.1493150Z go: downloading github.com/klauspost/readahead v1.4.0
2026-10-02T14:59:19.1493487Z go: downloading github.com/klauspost/reedsolomon v1.12.4
2026-10-02T14:59:19.1493832Z go: downloading github.com/lithammer/shortuuid/v4 v4.2.0
2026-10-02T14:59:19.1494133Z go: downloading github.com/miekg/dns v1.1.65
2026-10-02T14:59:19.1494408Z go: downloading github.com/minio/cli v1.24.2
2026-10-02T14:59:19.1494784Z go: downloading github.com/minio/console v1.7.7-0.20250905210349-2017f33b26e1
2026-10-02T14:59:19.1495158Z go: downloading github.com/minio/dnscache v0.1.1
2026-10-02T14:59:19.1495464Z go: downloading github.com/minio/dperf v0.6.3
2026-10-02T14:59:19.1495763Z go: downloading github.com/minio/kms-go/kes v0.3.1
2026-10-02T14:59:19.1496223Z go: downloading github.com/minio/highwayhash v1.0.3
2026-10-02T14:59:19.1496547Z go: downloading github.com/minio/madmin-go/v3 v3.0.109
2026-10-02T14:59:19.1496873Z go: downloading github.com/minio/minio-go/v7 v7.0.91
2026-10-02T14:59:19.1497175Z go: downloading github.com/minio/mux v1.9.2
2026-10-02T14:59:19.1497463Z go: downloading github.com/minio/pkg/v3 v3.1.3
2026-10-02T14:59:19.1497764Z go: downloading github.com/minio/selfupdate v0.6.0
2026-10-02T14:59:19.1498048Z go: downloading github.com/minio/xxml v0.0.3
2026-10-02T14:59:19.1498317Z go: downloading github.com/minio/sio v0.4.1
2026-10-02T14:59:19.1498597Z go: downloading github.com/minio/zipindex v0.4.0
2026-10-02T14:59:19.1499283Z go: downloading github.com/mitchellh/go-homedir v1.1.0
2026-10-02T14:59:19.1499941Z go: downloading github.com/philhofer/fwd v1.2.0
2026-10-02T14:59:19.1500573Z go: downloading github.com/pierrec/lz4/v4 v4.1.22
2026-10-02T14:59:19.1501189Z go: downloading github.com/pkg/errors v0.9.1
2026-10-02T14:59:19.1501761Z go: downloading github.com/pkg/sftp v1.13.9
2026-10-02T14:59:19.1502359Z go: downloading github.com/pkg/xattr v0.4.10
2026-10-02T14:59:19.1502808Z go: downloading github.com/prometheus/client_golang v1.22.0
2026-10-02T14:59:19.1503168Z go: downloading github.com/prometheus/client_model v0.6.2
2026-10-02T14:59:19.1503504Z go: downloading github.com/prometheus/common v0.63.0
2026-10-02T14:59:19.1503822Z go: downloading github.com/prometheus/procfs v0.16.1
2026-10-02T14:59:19.1504130Z go: downloading github.com/puzpuzpuz/xsync/v3 v3.5.1
2026-10-02T14:59:19.1504781Z go: downloading github.com/rcrowley/go-metrics v0.0.0-20250401214520-65e299d6c5c9
2026-10-02T14:59:19.1505381Z go: downloading github.com/rs/cors v1.11.1
2026-10-02T14:59:19.1505874Z go: downloading github.com/secure-io/sio-go v0.3.1
2026-10-02T14:59:19.1506414Z go: downloading github.com/shirou/gopsutil/v3 v3.24.5
2026-10-02T14:59:19.1506926Z go: downloading github.com/tinylib/msgp v1.4.0
2026-10-02T14:59:19.1507453Z go: downloading github.com/valyala/bytebufferpool v1.0.0
2026-10-02T14:59:19.1507984Z go: downloading github.com/zeebo/xxh3 v1.0.2
2026-10-02T14:59:19.1508462Z go: downloading go.etcd.io/etcd/api/v3 v3.5.21
2026-10-02T14:59:19.1509063Z go: downloading go.etcd.io/etcd/client/v3 v3.5.21
2026-10-02T14:59:19.1509531Z go: downloading go.uber.org/atomic v1.11.0
2026-10-02T14:59:19.1509969Z go: downloading goftp.io/server/v2 v2.0.1
2026-10-02T14:59:19.1510436Z go: downloading golang.org/x/crypto v0.37.0
2026-10-02T14:59:19.1510891Z go: downloading golang.org/x/oauth2 v0.29.0
2026-10-02T14:59:19.1511331Z go: downloading golang.org/x/sync v0.13.0
2026-10-02T14:59:19.1511765Z go: downloading golang.org/x/sys v0.32.0
2026-10-02T14:59:19.1512202Z go: downloading golang.org/x/term v0.31.0
2026-10-02T14:59:19.1512664Z go: downloading google.golang.org/api v0.230.0
2026-10-02T14:59:19.1513298Z go: downloading gopkg.in/yaml.v2 v2.4.0
2026-10-02T14:59:19.1513728Z go: downloading gopkg.in/yaml.v3 v3.0.1
2026-10-02T14:59:19.1514317Z go: downloading github.com/Azure/azure-sdk-for-go/sdk/internal v1.11.1
2026-10-02T14:59:19.1515129Z go: downloading github.com/AzureAD/microsoft-authentication-library-for-go v1.4.2
2026-10-02T14:59:19.1515820Z go: downloading github.com/mattn/go-runewidth v0.0.16
2026-10-02T14:59:19.1516370Z go: downloading github.com/go-jose/go-jose/v4 v4.1.0
2026-10-02T14:59:19.1516949Z go: downloading cloud.google.com/go/compute/metadata v0.6.0
2026-10-02T14:59:22.1544700Z go: downloading cloud.google.com/go/iam v1.5.2
2026-10-02T14:59:22.1545782Z go: downloading github.com/GoogleCloudPlatform/opentelemetry-operations-go/exporter/metric v0.51.0
2026-10-02T14:59:22.1546666Z go: downloading github.com/googleapis/gax-go/v2 v2.14.1
2026-10-02T14:59:22.1547377Z go: downloading go.opentelemetry.io/contrib/detectors/gcp v1.35.0
2026-10-02T14:59:22.1547987Z go: downloading go.opentelemetry.io/otel v1.35.0
2026-10-02T14:59:22.1548565Z go: downloading go.opentelemetry.io/otel/sdk/metric v1.35.0
2026-10-02T14:59:22.1549274Z go: downloading go.opentelemetry.io/otel/sdk v1.35.0
2026-10-02T14:59:22.1550088Z go: downloading go.opentelemetry.io/otel/trace v1.35.0
2026-10-02T14:59:22.1550894Z go: downloading google.golang.org/genproto v0.0.0-20250422160041-2d3770c4ea7f
2026-10-02T14:59:22.1551671Z go: downloading google.golang.org/grpc v1.72.0
2026-10-02T14:59:22.1552351Z go: downloading google.golang.org/protobuf v1.36.6
2026-10-02T14:59:22.1553083Z go: downloading github.com/mattn/go-colorable v0.1.14
2026-10-02T14:59:22.1553774Z go: downloading github.com/mattn/go-isatty v0.0.20
2026-10-02T14:59:22.1554631Z go: downloading github.com/google/pprof v0.0.0-20250422154841-e1f9c1950416
2026-10-02T14:59:22.1555454Z go: downloading github.com/go-openapi/analysis v0.23.0
2026-10-02T14:59:22.1556000Z go: downloading github.com/go-openapi/spec v0.21.0
2026-10-02T14:59:22.1556521Z go: downloading github.com/go-openapi/swag v0.23.1
2026-10-02T14:59:22.1557228Z go: downloading github.com/modern-go/concurrent v0.0.0-20180306012644-bacd9c7ef1dd
2026-10-02T14:59:22.1557886Z go: downloading github.com/modern-go/reflect2 v1.0.2
2026-10-02T14:59:22.1558389Z go: downloading golang.org/x/net v0.39.0
2026-10-02T14:59:22.1559002Z go: downloading github.com/klauspost/cpuid/v2 v2.2.10
2026-10-02T14:59:22.1559555Z go: downloading github.com/go-openapi/errors v0.22.1
2026-10-02T14:59:22.1560095Z go: downloading github.com/go-openapi/runtime v0.28.0
2026-10-02T14:59:22.1571175Z go: downloading github.com/jessevdk/go-flags v1.6.1
2026-10-02T14:59:22.1571806Z go: downloading github.com/minio/mc v0.0.0-20250313080218-cf909e1063a9
2026-10-02T14:59:22.1572411Z go: downloading github.com/minio/websocket v1.6.0
2026-10-02T14:59:22.1572930Z go: downloading github.com/unrolled/secure v1.17.0
2026-10-02T14:59:22.1573468Z go: downloading github.com/go-openapi/strfmt v0.23.0
2026-10-02T14:59:22.1573958Z go: downloading aead.dev/mem v0.2.0
2026-10-02T14:59:22.1574407Z go: downloading github.com/ncw/directio v1.0.5
2026-10-02T14:59:22.1574940Z go: downloading github.com/prometheus/prom2json v1.4.2
2026-10-02T14:59:22.1575480Z go: downloading github.com/safchain/ethtool v0.5.10
2026-10-02T14:59:22.1576000Z go: downloading github.com/goccy/go-json v0.10.5
2026-10-02T14:59:22.1576501Z go: downloading github.com/minio/crc64nvme v1.0.1
2026-10-02T14:59:22.1577004Z go: downloading github.com/minio/md5-simd v1.1.2
2026-10-02T14:59:22.1577493Z go: downloading github.com/go-ini/ini v1.67.0
2026-10-02T14:59:22.1578701Z go: downloading github.com/rs/xid v1.6.0
2026-10-02T14:59:22.1579286Z go: downloading golang.org/x/time v0.11.0
2026-10-02T14:59:22.1579854Z go: downloading go.uber.org/zap v1.27.0
2026-10-02T14:59:22.1580330Z go: downloading github.com/go-ldap/ldap/v3 v3.4.11
2026-10-02T14:59:22.1580835Z go: downloading github.com/rabbitmq/amqp091-go v1.10.0
2026-10-02T14:59:22.1581149Z go: downloading github.com/beevik/ntp v1.4.3
2026-10-02T14:59:22.1581668Z go: downloading github.com/IBM/sarama v1.45.1
2026-10-02T14:59:22.1582007Z go: downloading github.com/eclipse/paho.mqtt.golang v1.5.0
2026-10-02T14:59:22.1582405Z go: downloading github.com/elastic/go-elasticsearch/v7 v7.17.10
2026-10-02T14:59:22.1582772Z go: downloading github.com/go-sql-driver/mysql v1.9.2
2026-10-02T14:59:22.1583116Z go: downloading github.com/gomodule/redigo v1.9.2
2026-10-02T14:59:22.1583419Z go: downloading github.com/lib/pq v1.10.9
2026-10-02T14:59:22.1583716Z go: downloading github.com/nats-io/nats.go v1.41.2
2026-10-02T14:59:22.1584021Z go: downloading github.com/nats-io/stan.go v0.10.4
2026-10-02T14:59:22.1584319Z go: downloading github.com/nsqio/go-nsq v1.1.0
2026-10-02T14:59:22.1584611Z go: downloading github.com/xdg/scram v1.0.5
2026-10-02T14:59:22.1584886Z go: downloading github.com/gobwas/ws v1.4.0
2026-10-02T14:59:22.1585176Z go: downloading github.com/buger/jsonparser v1.1.1
2026-10-02T14:59:22.1585452Z go: downloading aead.dev/mtls v0.2.1
2026-10-02T14:59:22.1585835Z go: downloading github.com/minio/kms-go/kms v0.5.1-0.20250225090116-4e64ce8d0f35
2026-10-02T14:59:22.1586218Z go: downloading github.com/minio/simdjson-go v0.4.5
2026-10-02T14:59:22.1586634Z go: downloading github.com/rjeczalik/notify v0.9.3
2026-10-02T14:59:22.1586948Z go: downloading github.com/fatih/structs v1.1.0
2026-10-02T14:59:22.1587257Z go: downloading github.com/lestrrat-go/jwx/v2 v2.1.4
2026-10-02T14:59:22.1587542Z go: downloading aead.dev/minisign v0.3.0
2026-10-02T14:59:22.1587817Z go: downloading github.com/kr/fs v0.1.0
2026-10-02T14:59:22.1588098Z go: downloading github.com/beorn7/perks v1.0.1
2026-10-02T14:59:22.1588477Z go: downloading github.com/munnerz/goautoneg v0.0.0-20191010083416-a7dc8b61c822
2026-10-02T14:59:22.1589068Z go: downloading github.com/tklauser/go-sysconf v0.3.15
2026-10-02T14:59:22.1589572Z go: downloading github.com/gogo/protobuf v1.3.2
2026-10-02T14:59:22.1590080Z go: downloading github.com/golang/protobuf v1.5.4
2026-10-02T14:59:22.1590621Z go: downloading go.etcd.io/etcd/client/pkg/v3 v3.5.21
2026-10-02T14:59:22.1591139Z go: downloading github.com/kylelemons/godebug v1.1.0
2026-10-02T14:59:22.1591775Z go: downloading github.com/pkg/browser v0.0.0-20240102092130-5ac0b6a4141c
2026-10-02T14:59:22.1592361Z go: downloading github.com/rivo/uniseg v0.4.7
2026-10-02T14:59:22.1593103Z go: downloading google.golang.org/genproto/googleapis/api v0.0.0-20250422160041-2d3770c4ea7f
2026-10-02T14:59:22.1594038Z go: downloading google.golang.org/genproto/googleapis/rpc v0.0.0-20250422160041-2d3770c4ea7f
2026-10-02T14:59:22.1594762Z go: downloading cloud.google.com/go/monitoring v1.24.2
2026-10-02T14:59:24.3562397Z go: downloading github.com/GoogleCloudPlatform/opentelemetry-operations-go/internal/resourcemapping v0.51.0
2026-10-02T14:59:24.3563980Z go: downloading github.com/GoogleCloudPlatform/opentelemetry-operations-go/detectors/gcp v1.27.0
2026-10-02T14:59:24.3564787Z go: downloading github.com/go-logr/logr v1.4.2
2026-10-02T14:59:24.3565399Z go: downloading go.opentelemetry.io/otel/metric v1.35.0
2026-10-02T14:59:24.3565926Z go: downloading cloud.google.com/go/auth v0.16.0
2026-10-02T14:59:24.3566466Z go: downloading cloud.google.com/go/auth/oauth2adapt v0.2.8
2026-10-02T14:59:24.3566941Z go: downloading go.opentelemetry.io/contrib/instrumentation/net/http/otelhttp v0.60.0
2026-10-02T14:59:24.3567487Z go: downloading github.com/go-openapi/jsonpointer v0.21.1
2026-10-02T14:59:24.3567832Z go: downloading github.com/mailru/easyjson v0.9.0
2026-10-02T14:59:24.3568283Z go: downloading github.com/go-openapi/jsonreference v0.21.0
2026-10-02T14:59:24.3568609Z go: downloading github.com/docker/go-units v0.5.0
2026-10-02T14:59:24.3569184Z go: downloading github.com/go-openapi/validate v0.24.0
2026-10-02T14:59:24.3569884Z go: downloading github.com/asaskevich/govalidator v0.0.0-20230301143203-a9d515a09cc2
2026-10-02T14:59:24.3570382Z go: downloading github.com/mitchellh/mapstructure v1.5.0
2026-10-02T14:59:24.3570689Z go: downloading github.com/oklog/ulid v1.3.1
2026-10-02T14:59:24.3571231Z go: downloading go.mongodb.org/mongo-driver v1.17.3
2026-10-02T14:59:24.3571615Z go: downloading github.com/matttproud/golang_protobuf_extensions v1.0.4
2026-10-02T14:59:24.3572001Z go: downloading github.com/charmbracelet/bubbles v0.20.0
2026-10-02T14:59:24.3572349Z go: downloading github.com/charmbracelet/bubbletea v1.3.4
2026-10-02T14:59:24.3572681Z go: downloading github.com/charmbracelet/lipgloss v1.0.0
2026-10-02T14:59:24.3573078Z go: downloading github.com/google/shlex v0.0.0-20191202100458-e7afc7fbc510
2026-10-02T14:59:24.3573455Z go: downloading github.com/jedib0t/go-pretty/v6 v6.6.7
2026-10-02T14:59:24.3573776Z go: downloading github.com/mattn/go-ieproxy v0.0.12
2026-10-02T14:59:24.3574093Z go: downloading github.com/minio/colorjson v1.0.8
2026-10-02T14:59:24.3574398Z go: downloading github.com/minio/filepath v1.0.0
2026-10-02T14:59:24.3574696Z go: downloading github.com/muesli/reflow v0.3.0
2026-10-02T14:59:24.3574995Z go: downloading github.com/muesli/termenv v0.16.0
2026-10-02T14:59:24.3575397Z go: downloading github.com/olekukonko/tablewriter v0.0.5
2026-10-02T14:59:24.3575837Z go: downloading github.com/posener/complete v1.2.3
2026-10-02T14:59:24.3576181Z go: downloading github.com/tidwall/gjson v1.18.0
2026-10-02T14:59:24.3576610Z go: downloading github.com/vbauerster/mpb/v8 v8.9.3
2026-10-02T14:59:24.3576910Z go: downloading golang.org/x/text v0.24.0
2026-10-02T14:59:24.3577283Z go: downloading github.com/Azure/go-ntlmssp v0.0.0-20221128193559-754e69321358
2026-10-02T14:59:24.3577754Z go: downloading github.com/go-asn1-ber/asn1-ber v1.5.8-0.20250403174932-29230038a667
2026-10-02T14:59:24.3578124Z go: downloading go.uber.org/multierr v1.11.0
2026-10-02T14:59:24.3578418Z go: downloading github.com/gorilla/websocket v1.5.3
2026-10-02T14:59:24.3578807Z go: downloading github.com/davecgh/go-spew v1.1.2-0.20180830191138-d8f796af33cc
2026-10-02T14:59:24.3579296Z go: downloading github.com/eapache/go-resiliency v1.7.0
2026-10-02T14:59:24.3579717Z go: downloading github.com/eapache/go-xerial-snappy v0.0.0-20230731223053-c322873962e3
2026-10-02T14:59:24.3580116Z go: downloading github.com/eapache/queue v1.1.0
2026-10-02T14:59:24.3580439Z go: downloading github.com/hashicorp/go-multierror v1.1.1
2026-10-02T14:59:24.3580771Z go: downloading github.com/jcmturner/gofork v1.7.6
2026-10-02T14:59:24.3581087Z go: downloading github.com/jcmturner/gokrb5/v8 v8.4.4
2026-10-02T14:59:24.3581390Z go: downloading filippo.io/edwards25519 v1.1.0
2026-10-02T14:59:24.3581673Z go: downloading github.com/nats-io/nuid v1.0.1
2026-10-02T14:59:24.3581966Z go: downloading github.com/golang/snappy v1.0.0
2026-10-02T14:59:24.3582264Z go: downloading github.com/xdg/stringprep v1.0.3
2026-10-02T14:59:24.3582563Z go: downloading github.com/gobwas/httphead v0.1.0
2026-10-02T14:59:24.3582855Z go: downloading github.com/gobwas/pool v0.2.1
2026-10-02T14:59:24.3583143Z go: downloading github.com/minio/csvparser v1.0.0
2026-10-02T14:59:24.3583463Z go: downloading github.com/fraugster/parquet-go v0.12.0
2026-10-02T14:59:24.3583792Z go: downloading github.com/alecthomas/participle v0.7.1
2026-10-02T14:59:24.3584091Z go: downloading github.com/nats-io/nkeys v0.4.11
2026-10-02T14:59:24.3584400Z go: downloading github.com/lestrrat-go/option v1.0.1
2026-10-02T14:59:24.3584737Z go: downloading github.com/lestrrat-go/blackmagic v1.0.2
2026-10-02T14:59:24.3585055Z go: downloading github.com/lestrrat-go/httprc v1.0.6
2026-10-02T14:59:24.3585386Z go: downloading github.com/lestrrat-go/iter v1.0.2
2026-10-02T14:59:24.3585695Z go: downloading github.com/coreos/go-semver v0.3.1
2026-10-02T14:59:24.3586000Z go: downloading github.com/tklauser/numcpus v0.10.0
2026-10-02T14:59:24.3586308Z go: downloading github.com/golang-jwt/jwt/v5 v5.2.2
2026-10-02T14:59:24.3586789Z go: downloading go.opentelemetry.io/contrib/instrumentation/google.golang.org/grpc/otelgrpc v0.60.0
2026-10-02T14:59:24.3587237Z go: downloading github.com/go-logr/stdr v1.2.2
2026-10-02T14:59:24.3587538Z go: downloading go.opentelemetry.io/auto/sdk v1.1.0
2026-10-02T14:59:24.3587953Z go: downloading github.com/google/s2a-go v0.1.9
2026-10-02T14:59:24.3588337Z go: downloading github.com/googleapis/enterprise-certificate-proxy v0.3.6
2026-10-02T14:59:24.3588769Z go: downloading github.com/envoyproxy/go-control-plane/envoy v1.32.4
2026-10-02T14:59:24.3589227Z go: downloading github.com/felixge/httpsnoop v1.0.4
2026-10-02T14:59:24.3589535Z go: downloading github.com/josharian/intern v1.0.0
2026-10-02T14:59:24.3589863Z go: downloading github.com/prometheus/prometheus v0.303.0
2026-10-02T14:59:24.3590202Z go: downloading github.com/charmbracelet/x/ansi v0.8.0
2026-10-02T14:59:24.3590574Z go: downloading github.com/muesli/ansi v0.0.0-20230316100256-276c6243b2f6
2026-10-02T15:00:47.2800824Z go: downloading github.com/charmbracelet/x/term v0.2.1
2026-10-02T15:00:47.2801372Z go: downloading github.com/muesli/cancelreader v0.2.2
2026-10-02T15:00:47.2801888Z go: downloading github.com/juju/ratelimit v1.0.2
2026-10-02T15:00:47.2802435Z go: downloading github.com/aymanbagabas/go-osc52/v2 v2.0.1
2026-10-02T15:00:47.2803039Z go: downloading github.com/lucasb-eyer/go-colorful v1.2.0
2026-10-02T15:00:47.2803545Z go: downloading github.com/tidwall/match v1.1.1
2026-10-02T15:00:47.2804030Z go: downloading github.com/tidwall/pretty v1.2.1
2026-10-02T15:00:47.2804912Z go: downloading github.com/acarl005/stripansi v0.0.0-20180116102854-5a71ef0e047d
2026-10-02T15:00:47.2805534Z go: downloading github.com/VividCortex/ewma v1.2.0
2026-10-02T15:00:47.2806039Z go: downloading github.com/hashicorp/errwrap v1.1.0
2026-10-02T15:00:47.2806476Z go: downloading github.com/hashicorp/go-uuid v1.0.3
2026-10-02T15:00:47.2806817Z go: downloading github.com/jcmturner/dnsutils/v2 v2.0.0
2026-10-02T15:00:47.2807134Z go: downloading github.com/apache/thrift v0.21.0
2026-10-02T15:00:47.2807443Z go: downloading github.com/lestrrat-go/httpcc v1.0.1
2026-10-02T15:00:47.2807775Z go: downloading github.com/spiffe/go-spiffe/v2 v2.5.0
2026-10-02T15:00:47.2808154Z go: downloading github.com/cncf/xds/go v0.0.0-20250326154945-ae57f3c0d45f
2026-10-02T15:00:47.2808572Z go: downloading github.com/envoyproxy/protoc-gen-validate v1.2.1
2026-10-02T15:00:47.2809109Z go: downloading github.com/jcmturner/rpc/v2 v2.0.3
2026-10-02T15:00:47.2809396Z go: downloading cel.dev/expr v0.23.1
2026-10-02T15:00:47.2809690Z go: downloading github.com/jcmturner/aescts/v2 v2.0.0
2026-10-02T15:00:47.2809984Z go: downloading github.com/zeebo/errs v1.4.0
2026-10-02T15:00:47.2810305Z #0 building with "default" instance using docker driver
2026-10-02T15:00:47.2810491Z 
2026-10-02T15:00:47.2810678Z #1 [internal] load build definition from Dockerfile.fixture
2026-10-02T15:00:47.2810985Z #1 transferring dockerfile: 235B done
2026-10-02T15:00:47.2811197Z #1 DONE 0.0s
2026-10-02T15:00:47.2811319Z 
2026-10-02T15:00:47.2811433Z #2 [internal] load build context
2026-10-02T15:00:47.2811677Z #2 transferring context: 39.04MB 0.1s
2026-10-02T15:00:47.2811942Z #2 transferring context: 151.09MB 0.4s done
2026-10-02T15:00:47.2812176Z #2 DONE 0.4s
2026-10-02T15:00:47.2812265Z 
2026-10-02T15:00:47.2812361Z #3 [1/2] COPY minio /minio
2026-10-02T15:00:47.2812539Z #3 DONE 0.0s
2026-10-02T15:00:47.2812627Z 
2026-10-02T15:00:47.2812732Z #4 [2/2] COPY LICENSE /LICENSE
2026-10-02T15:00:47.2812918Z #4 DONE 3.9s
2026-10-02T15:00:47.2813004Z 
2026-10-02T15:00:47.2813098Z #5 exporting to image
2026-10-02T15:00:47.2813284Z #5 exporting layers
2026-10-02T15:00:47.2813474Z #5 exporting layers 0.5s done
2026-10-02T15:00:47.2813896Z #5 writing image sha256:5032451861bd0f497966553599829b9a446ed57413a5d8ee746dceb9e7effba0 done
2026-10-02T15:00:47.2814391Z #5 naming to docker.io/library/airlock-archive-fixture:79ec8af7cf08 done
2026-10-02T15:00:47.2814679Z #5 DONE 0.5s
2026-10-02T15:00:47.2816348Z {"source": "https://github.com/minio/minio.git", "source_commit": "7aac2a2c5b7c882e68c1ce017d8256be2feea27f", "binary_sha256": "e7425aad90f11c859f386485a63a5af888ee645a99fbfcdb64bd960d7d20f7a8", "runtime_image_id": "sha256:5032451861bd0f497966553599829b9a446ed57413a5d8ee746dceb9e7effba0", "local_tag": "airlock-archive-fixture:79ec8af7cf08", "scope": "archived upstream source built only for throwaway S3 contract tests, not a production distribution recommendation"}
2026-10-02T15:00:47.2925673Z ##[group]Run python scripts/run_logged.py evidence/archive-integration.log -- python scripts/archive_integration.py --output evidence/archive-integration.json
2026-10-02T15:00:47.2926516Z [36;1mpython scripts/run_logged.py evidence/archive-integration.log -- python scripts/archive_integration.py --output evidence/archive-integration.json[0m
2026-10-02T15:00:47.2985740Z shell: /usr/bin/bash --noprofile --norc -e -o pipefail {0}
2026-10-02T15:00:47.2986021Z env:
2026-10-02T15:00:47.2986192Z   NEXT_TELEMETRY_DISABLED: 1
2026-10-02T15:00:47.2986447Z   pythonLocation: /opt/hostedtoolcache/Python/3.13.15/x64
2026-10-02T15:00:47.2986791Z   PKG_CONFIG_PATH: /opt/hostedtoolcache/Python/3.13.15/x64/lib/pkgconfig
2026-10-02T15:00:47.2987123Z   Python_ROOT_DIR: /opt/hostedtoolcache/Python/3.13.15/x64
2026-10-02T15:00:47.2987430Z   Python2_ROOT_DIR: /opt/hostedtoolcache/Python/3.13.15/x64
2026-10-02T15:00:47.2987719Z   Python3_ROOT_DIR: /opt/hostedtoolcache/Python/3.13.15/x64
2026-10-02T15:00:47.2988036Z   LD_LIBRARY_PATH: /opt/hostedtoolcache/Python/3.13.15/x64/lib
2026-10-02T15:00:47.2988310Z   GOTOOLCHAIN: local
2026-10-02T15:00:47.2988486Z ##[endgroup]
2026-10-02T15:00:48.0209209Z Traceback (most recent call last):
2026-10-02T15:00:48.0210228Z   File "/opt/hostedtoolcache/Python/3.13.15/x64/lib/python3.13/site-packages/urllib3/connectionpool.py", line 793, in urlopen
2026-10-02T15:00:48.0211000Z     response = self._make_request(
2026-10-02T15:00:48.0211347Z         conn,
2026-10-02T15:00:48.0211601Z     ...<10 lines>...
2026-10-02T15:00:48.0211888Z         **response_kw,
2026-10-02T15:00:48.0212123Z     )
2026-10-02T15:00:48.0212919Z   File "/opt/hostedtoolcache/Python/3.13.15/x64/lib/python3.13/site-packages/urllib3/connectionpool.py", line 540, in _make_request
2026-10-02T15:00:48.0213725Z     response = conn.getresponse()
2026-10-02T15:00:48.0214570Z   File "/opt/hostedtoolcache/Python/3.13.15/x64/lib/python3.13/site-packages/urllib3/connection.py", line 638, in getresponse
2026-10-02T15:00:48.0215316Z     httplib_response = super().getresponse()
2026-10-02T15:00:48.0216051Z   File "/opt/hostedtoolcache/Python/3.13.15/x64/lib/python3.13/http/client.py", line 1478, in getresponse
2026-10-02T15:00:48.0216617Z     response.begin()
2026-10-02T15:00:48.0216882Z     ~~~~~~~~~~~~~~^^
2026-10-02T15:00:48.0217479Z   File "/opt/hostedtoolcache/Python/3.13.15/x64/lib/python3.13/http/client.py", line 343, in begin
2026-10-02T15:00:48.0218109Z     version, status, reason = self._read_status()
2026-10-02T15:00:48.0218745Z                               ~~~~~~~~~~~~~~~~~^^
2026-10-02T15:00:48.0219746Z   File "/opt/hostedtoolcache/Python/3.13.15/x64/lib/python3.13/http/client.py", line 304, in _read_status
2026-10-02T15:00:48.0220482Z     line = str(self.fp.readline(_MAXLINE + 1), "iso-8859-1")
2026-10-02T15:00:48.0221053Z                ~~~~~~~~~~~~~~~~^^^^^^^^^^^^^^
2026-10-02T15:00:48.0221716Z   File "/opt/hostedtoolcache/Python/3.13.15/x64/lib/python3.13/socket.py", line 723, in readinto
2026-10-02T15:00:48.0222304Z     return self._sock.recv_into(b)
2026-10-02T15:00:48.0222703Z            ~~~~~~~~~~~~~~~~~~~~^^^
2026-10-02T15:00:48.0223144Z ConnectionResetError: [Errno 104] Connection reset by peer
2026-10-02T15:00:48.0223432Z 
2026-10-02T15:00:48.0223753Z During handling of the above exception, another exception occurred:
2026-10-02T15:00:48.0224063Z 
2026-10-02T15:00:48.0224227Z Traceback (most recent call last):
2026-10-02T15:00:48.0225032Z   File "/opt/hostedtoolcache/Python/3.13.15/x64/lib/python3.13/site-packages/botocore/httpsession.py", line 509, in send
2026-10-02T15:00:48.0225733Z     urllib_response = conn.urlopen(
2026-10-02T15:00:48.0226140Z         method=request.method,
2026-10-02T15:00:48.0226436Z     ...<8 lines>...
2026-10-02T15:00:48.0226709Z         **extra_kwargs,
2026-10-02T15:00:48.0226933Z     )
2026-10-02T15:00:48.0227971Z   File "/opt/hostedtoolcache/Python/3.13.15/x64/lib/python3.13/site-packages/urllib3/connectionpool.py", line 847, in urlopen
2026-10-02T15:00:48.0228975Z     retries = retries.increment(
2026-10-02T15:00:48.0229576Z         method, url, error=new_e, _pool=self, _stacktrace=sys.exc_info()[2]
2026-10-02T15:00:48.0229961Z     )
2026-10-02T15:00:48.0230645Z   File "/opt/hostedtoolcache/Python/3.13.15/x64/lib/python3.13/site-packages/urllib3/util/retry.py", line 485, in increment
2026-10-02T15:00:48.0231405Z     raise reraise(type(error), error, _stacktrace)
2026-10-02T15:00:48.0231905Z           ~~~~~~~^^^^^^^^^^^^^^^^^^^^^^^^^^^^^^^^^
2026-10-02T15:00:48.0232645Z   File "/opt/hostedtoolcache/Python/3.13.15/x64/lib/python3.13/site-packages/urllib3/util/util.py", line 38, in reraise
2026-10-02T15:00:48.0233313Z     raise value.with_traceback(tb)
2026-10-02T15:00:48.0234104Z   File "/opt/hostedtoolcache/Python/3.13.15/x64/lib/python3.13/site-packages/urllib3/connectionpool.py", line 793, in urlopen
2026-10-02T15:00:48.0234789Z     response = self._make_request(
2026-10-02T15:00:48.0235083Z         conn,
2026-10-02T15:00:48.0235316Z     ...<10 lines>...
2026-10-02T15:00:48.0235591Z         **response_kw,
2026-10-02T15:00:48.0235825Z     )
2026-10-02T15:00:48.0236571Z   File "/opt/hostedtoolcache/Python/3.13.15/x64/lib/python3.13/site-packages/urllib3/connectionpool.py", line 540, in _make_request
2026-10-02T15:00:48.0237273Z     response = conn.getresponse()
2026-10-02T15:00:48.0238034Z   File "/opt/hostedtoolcache/Python/3.13.15/x64/lib/python3.13/site-packages/urllib3/connection.py", line 638, in getresponse
2026-10-02T15:00:48.0238740Z     httplib_response = super().getresponse()
2026-10-02T15:00:48.0239548Z   File "/opt/hostedtoolcache/Python/3.13.15/x64/lib/python3.13/http/client.py", line 1478, in getresponse
2026-10-02T15:00:48.0240107Z     response.begin()
2026-10-02T15:00:48.0240350Z     ~~~~~~~~~~~~~~^^
2026-10-02T15:00:48.0240923Z   File "/opt/hostedtoolcache/Python/3.13.15/x64/lib/python3.13/http/client.py", line 343, in begin
2026-10-02T15:00:48.0241546Z     version, status, reason = self._read_status()
2026-10-02T15:00:48.0242167Z                               ~~~~~~~~~~~~~~~~~^^
2026-10-02T15:00:48.0242849Z   File "/opt/hostedtoolcache/Python/3.13.15/x64/lib/python3.13/http/client.py", line 304, in _read_status
2026-10-02T15:00:48.0243565Z     line = str(self.fp.readline(_MAXLINE + 1), "iso-8859-1")
2026-10-02T15:00:48.0244120Z                ~~~~~~~~~~~~~~~~^^^^^^^^^^^^^^
2026-10-02T15:00:48.0244749Z   File "/opt/hostedtoolcache/Python/3.13.15/x64/lib/python3.13/socket.py", line 723, in readinto
2026-10-02T15:00:48.0245333Z     return self._sock.recv_into(b)
2026-10-02T15:00:48.0245718Z            ~~~~~~~~~~~~~~~~~~~~^^^
2026-10-02T15:00:48.0246472Z urllib3.exceptions.ProtocolError: ('Connection aborted.', ConnectionResetError(104, 'Connection reset by peer'))
2026-10-02T15:00:48.0246956Z 
2026-10-02T15:00:48.0247269Z During handling of the above exception, another exception occurred:
2026-10-02T15:00:48.0247586Z 
2026-10-02T15:00:48.0247750Z Traceback (most recent call last):
2026-10-02T15:00:48.0248402Z   File "/home/runner/work/AIRLOCK/AIRLOCK/scripts/archive_integration.py", line 97, in <module>
2026-10-02T15:00:48.0249105Z     if __name__=='__main__':main()
2026-10-02T15:00:48.0249541Z                             ~~~~^^
2026-10-02T15:00:48.0250114Z   File "/home/runner/work/AIRLOCK/AIRLOCK/scripts/archive_integration.py", line 48, in main
2026-10-02T15:00:48.0250670Z     try:s3.list_buckets();break
2026-10-02T15:00:48.0250988Z         ~~~~~~~~~~~~~~~^^
2026-10-02T15:00:48.0251687Z   File "/opt/hostedtoolcache/Python/3.13.15/x64/lib/python3.13/site-packages/botocore/client.py", line 606, in _api_call
2026-10-02T15:00:48.0252380Z     return self._make_api_call(operation_name, kwargs)
2026-10-02T15:00:48.0252887Z            ~~~~~~~~~~~~~~~~~~~^^^^^^^^^^^^^^^^^^^^^^^^
2026-10-02T15:00:48.0253605Z   File "/opt/hostedtoolcache/Python/3.13.15/x64/lib/python3.13/site-packages/botocore/context.py", line 123, in wrapper
2026-10-02T15:00:48.0254386Z     return func(*args, **kwargs)
2026-10-02T15:00:48.0255260Z   File "/opt/hostedtoolcache/Python/3.13.15/x64/lib/python3.13/site-packages/botocore/client.py", line 1076, in _make_api_call
2026-10-02T15:00:48.0255971Z     http, parsed_response = self._make_request(
2026-10-02T15:00:48.0256577Z                             ~~~~~~~~~~~~~~~~~~^
2026-10-02T15:00:48.0257067Z         operation_model, request_dict, request_context
2026-10-02T15:00:48.0257565Z         ^^^^^^^^^^^^^^^^^^^^^^^^^^^^^^^^^^^^^^^^^^^^^^
2026-10-02T15:00:48.0257842Z     )
2026-10-02T15:00:48.0258030Z     ^
2026-10-02T15:00:48.0258733Z   File "/opt/hostedtoolcache/Python/3.13.15/x64/lib/python3.13/site-packages/botocore/client.py", line 1100, in _make_request
2026-10-02T15:00:48.0259755Z     return self._endpoint.make_request(operation_model, request_dict)
2026-10-02T15:00:48.0260401Z            ~~~~~~~~~~~~~~~~~~~~~~~~~~~^^^^^^^^^^^^^^^^^^^^^^^^^^^^^^^
2026-10-02T15:00:48.0261189Z   File "/opt/hostedtoolcache/Python/3.13.15/x64/lib/python3.13/site-packages/botocore/endpoint.py", line 119, in make_request
2026-10-02T15:00:48.0261976Z     return self._send_request(request_dict, operation_model)
2026-10-02T15:00:48.0262544Z            ~~~~~~~~~~~~~~~~~~^^^^^^^^^^^^^^^^^^^^^^^^^^^^^^^
2026-10-02T15:00:48.0263354Z   File "/opt/hostedtoolcache/Python/3.13.15/x64/lib/python3.13/site-packages/botocore/endpoint.py", line 202, in _send_request
2026-10-02T15:00:48.0263978Z     while self._needs_retry(
2026-10-02T15:00:48.0264302Z           ~~~~~~~~~~~~~~~~~^
2026-10-02T15:00:48.0264575Z         attempts,
2026-10-02T15:00:48.0264818Z         ^^^^^^^^^
2026-10-02T15:00:48.0265049Z     ...<3 lines>...
2026-10-02T15:00:48.0265303Z         exception,
2026-10-02T15:00:48.0265556Z         ^^^^^^^^^^
2026-10-02T15:00:48.0265776Z     ):
2026-10-02T15:00:48.0265974Z     ^
2026-10-02T15:00:48.0266670Z   File "/opt/hostedtoolcache/Python/3.13.15/x64/lib/python3.13/site-packages/botocore/endpoint.py", line 362, in _needs_retry
2026-10-02T15:00:48.0267349Z     responses = self._event_emitter.emit(
2026-10-02T15:00:48.0267677Z         event_name,
2026-10-02T15:00:48.0267909Z     ...<5 lines>...
2026-10-02T15:00:48.0268225Z         request_dict=request_dict,
2026-10-02T15:00:48.0268477Z     )
2026-10-02T15:00:48.0269275Z   File "/opt/hostedtoolcache/Python/3.13.15/x64/lib/python3.13/site-packages/botocore/hooks.py", line 412, in emit
2026-10-02T15:00:48.0270063Z     return self._emitter.emit(aliased_event_name, **kwargs)
2026-10-02T15:00:48.0270618Z            ~~~~~~~~~~~~~~~~~~^^^^^^^^^^^^^^^^^^^^^^^^^^^^^^
2026-10-02T15:00:48.0271322Z   File "/opt/hostedtoolcache/Python/3.13.15/x64/lib/python3.13/site-packages/botocore/hooks.py", line 256, in emit
2026-10-02T15:00:48.0271929Z     return self._emit(event_name, kwargs)
2026-10-02T15:00:48.0272339Z            ~~~~~~~~~~^^^^^^^^^^^^^^^^^^^^
2026-10-02T15:00:48.0273033Z   File "/opt/hostedtoolcache/Python/3.13.15/x64/lib/python3.13/site-packages/botocore/hooks.py", line 239, in _emit
2026-10-02T15:00:48.0273641Z     response = handler(**kwargs)
2026-10-02T15:00:48.0274388Z   File "/opt/hostedtoolcache/Python/3.13.15/x64/lib/python3.13/site-packages/botocore/retryhandler.py", line 207, in __call__
2026-10-02T15:00:48.0275066Z     if self._checker(**checker_kwargs):
2026-10-02T15:00:48.0275457Z        ~~~~~~~~~~~~~^^^^^^^^^^^^^^^^^^
2026-10-02T15:00:48.0276203Z   File "/opt/hostedtoolcache/Python/3.13.15/x64/lib/python3.13/site-packages/botocore/retryhandler.py", line 284, in __call__
2026-10-02T15:00:48.0276897Z     should_retry = self._should_retry(
2026-10-02T15:00:48.0277363Z         attempt_number, response, caught_exception
2026-10-02T15:00:48.0277675Z     )
2026-10-02T15:00:48.0278396Z   File "/opt/hostedtoolcache/Python/3.13.15/x64/lib/python3.13/site-packages/botocore/retryhandler.py", line 320, in _should_retry
2026-10-02T15:00:48.0279337Z     return self._checker(attempt_number, response, caught_exception)
2026-10-02T15:00:48.0279995Z            ~~~~~~~~~~~~~^^^^^^^^^^^^^^^^^^^^^^^^^^^^^^^^^^^^^^^^^^^^
2026-10-02T15:00:48.0281078Z   File "/opt/hostedtoolcache/Python/3.13.15/x64/lib/python3.13/site-packages/botocore/retryhandler.py", line 363, in __call__
2026-10-02T15:00:48.0281730Z     checker_response = checker(
2026-10-02T15:00:48.0282167Z         attempt_number, response, caught_exception
2026-10-02T15:00:48.0282472Z     )
2026-10-02T15:00:48.0283149Z   File "/opt/hostedtoolcache/Python/3.13.15/x64/lib/python3.13/site-packages/botocore/retryhandler.py", line 247, in __call__
2026-10-02T15:00:48.0283862Z     return self._check_caught_exception(
2026-10-02T15:00:48.0284296Z            ~~~~~~~~~~~~~~~~~~~~~~~~~~~~^
2026-10-02T15:00:48.0284693Z         attempt_number, caught_exception
2026-10-02T15:00:48.0285080Z         ^^^^^^^^^^^^^^^^^^^^^^^^^^^^^^^^
2026-10-02T15:00:48.0285332Z     )
2026-10-02T15:00:48.0285520Z     ^
2026-10-02T15:00:48.0286291Z   File "/opt/hostedtoolcache/Python/3.13.15/x64/lib/python3.13/site-packages/botocore/retryhandler.py", line 416, in _check_caught_exception
2026-10-02T15:00:48.0287005Z     raise caught_exception
2026-10-02T15:00:48.0287781Z   File "/opt/hostedtoolcache/Python/3.13.15/x64/lib/python3.13/site-packages/botocore/endpoint.py", line 281, in _do_get_response
2026-10-02T15:00:48.0288481Z     http_response = self._send(request)
2026-10-02T15:00:48.1549172Z   File "/opt/hostedtoolcache/Python/3.13.15/x64/lib/python3.13/site-packages/botocore/endpoint.py", line 385, in _send
2026-10-02T15:00:48.1549767Z     return self.http_session.send(request)
2026-10-02T15:00:48.1550090Z            ~~~~~~~~~~~~~~~~~~~~~~^^^^^^^^^
2026-10-02T15:00:48.1550652Z   File "/opt/hostedtoolcache/Python/3.13.15/x64/lib/python3.13/site-packages/botocore/httpsession.py", line 549, in send
2026-10-02T15:00:48.1551147Z     raise ConnectionClosedError(
2026-10-02T15:00:48.1551507Z         error=e, request=request, endpoint_url=request.url
2026-10-02T15:00:48.1551755Z     )
2026-10-02T15:00:48.1552416Z botocore.exceptions.ConnectionClosedError: Connection was closed before we received a valid response from endpoint URL: "http://127.0.0.1:38539/".
2026-10-02T15:00:48.1657307Z ##[error]Process completed with exit code 1.
2026-10-02T15:00:48.1732695Z ##[group]Run python scripts/evidence_manifest.py
2026-10-02T15:00:48.1733002Z [36;1mpython scripts/evidence_manifest.py[0m
2026-10-02T15:00:48.1791407Z shell: /usr/bin/bash --noprofile --norc -e -o pipefail {0}
2026-10-02T15:00:48.1791724Z env:
2026-10-02T15:00:48.1791892Z   NEXT_TELEMETRY_DISABLED: 1
2026-10-02T15:00:48.1792180Z   pythonLocation: /opt/hostedtoolcache/Python/3.13.15/x64
2026-10-02T15:00:48.1792571Z   PKG_CONFIG_PATH: /opt/hostedtoolcache/Python/3.13.15/x64/lib/pkgconfig
2026-10-02T15:00:48.1792901Z   Python_ROOT_DIR: /opt/hostedtoolcache/Python/3.13.15/x64
2026-10-02T15:00:48.1793283Z   Python2_ROOT_DIR: /opt/hostedtoolcache/Python/3.13.15/x64
2026-10-02T15:00:48.1793579Z   Python3_ROOT_DIR: /opt/hostedtoolcache/Python/3.13.15/x64
2026-10-02T15:00:48.1793956Z   LD_LIBRARY_PATH: /opt/hostedtoolcache/Python/3.13.15/x64/lib
2026-10-02T15:00:48.1794229Z   GOTOOLCHAIN: local
2026-10-02T15:00:48.1794403Z ##[endgroup]
2026-10-02T15:00:48.2552820Z {"commit": "21195dca4ff22e28b91e6a2bf2c963bdf90b7398", "artifact_files": 46}
2026-10-02T15:00:48.2702797Z ##[group]Run actions/upload-artifact@v4
2026-10-02T15:00:48.2703030Z with:
2026-10-02T15:00:48.2703198Z   name: acceptance-evidence
2026-10-02T15:00:48.2703428Z   path: evidence/*.*
evidence/research-pipeline/

2026-10-02T15:00:48.2703664Z   retention-days: 90
2026-10-02T15:00:48.2703837Z   if-no-files-found: warn
2026-10-02T15:00:48.2704020Z   compression-level: 6
2026-10-02T15:00:48.2704192Z   overwrite: false
2026-10-02T15:00:48.2704364Z   include-hidden-files: false
2026-10-02T15:00:48.2704548Z env:
2026-10-02T15:00:48.2704703Z   NEXT_TELEMETRY_DISABLED: 1
2026-10-02T15:00:48.2704934Z   pythonLocation: /opt/hostedtoolcache/Python/3.13.15/x64
2026-10-02T15:00:48.2705262Z   PKG_CONFIG_PATH: /opt/hostedtoolcache/Python/3.13.15/x64/lib/pkgconfig
2026-10-02T15:00:48.2705586Z   Python_ROOT_DIR: /opt/hostedtoolcache/Python/3.13.15/x64
2026-10-02T15:00:48.2706026Z   Python2_ROOT_DIR: /opt/hostedtoolcache/Python/3.13.15/x64
2026-10-02T15:00:48.2706327Z   Python3_ROOT_DIR: /opt/hostedtoolcache/Python/3.13.15/x64
2026-10-02T15:00:48.2706612Z   LD_LIBRARY_PATH: /opt/hostedtoolcache/Python/3.13.15/x64/lib
2026-10-02T15:00:48.2706859Z   GOTOOLCHAIN: local
2026-10-02T15:00:48.2707025Z ##[endgroup]
2026-10-02T15:00:48.4099454Z (node:14016) [DEP0040] DeprecationWarning: The `punycode` module is deprecated. Please use a userland alternative instead.
2026-10-02T15:00:48.4100122Z (Use `node --trace-deprecation ...` to show where the warning was created)
2026-10-02T15:00:48.4205356Z With the provided path, there will be 48 files uploaded
2026-10-02T15:00:48.4210051Z Artifact name is valid!
2026-10-02T15:00:48.4210488Z Root directory input is valid!
2026-10-02T15:00:48.6451634Z Beginning upload of artifact content to blob storage
2026-10-02T15:00:48.7331139Z (node:14016) [DEP0169] DeprecationWarning: `url.parse()` behavior is not standardized and prone to errors that have security implications. Use the WHATWG URL API instead. CVEs are not issued for `url.parse()` vulnerabilities.
2026-10-02T15:00:48.9481955Z Uploaded bytes 1373735
2026-10-02T15:00:48.9773343Z Finished uploading artifact content to blob storage!
2026-10-02T15:00:48.9773962Z SHA256 digest of uploaded artifact zip is 85a07c3c291df82df3c3548f1c8285c60ae5cd8faf3799a4ae18d05e27005df2
2026-10-02T15:00:48.9774508Z Finalizing artifact upload
2026-10-02T15:00:49.2217861Z Artifact acceptance-evidence.zip successfully finalized. Artifact ID 11234600390
2026-10-02T15:00:49.2219128Z Artifact acceptance-evidence has been successfully uploaded! Final size is 1373735 bytes. Artifact ID is 11234600390
2026-10-02T15:00:49.2223731Z Artifact download URL: https://github.com/Changxin-YR/AIRLOCK/actions/runs/37023304336/artifacts/11234600390
2026-10-02T15:00:49.2403762Z Post job cleanup.
2026-10-02T15:00:49.3131604Z [command]/usr/bin/git version
2026-10-02T15:00:49.3167913Z git version 2.55.0
2026-10-02T15:00:49.3197214Z Temporarily overriding HOME='/home/runner/work/_temp/879bcaab-7ecf-404c-9578-3f44e39416a1' before making global git config changes
2026-10-02T15:00:49.3198393Z Adding repository directory to the temporary git global config as a safe directory
2026-10-02T15:00:49.3202158Z [command]/usr/bin/git config --global --add safe.directory /home/runner/work/AIRLOCK/AIRLOCK
2026-10-02T15:00:49.3237987Z [command]/usr/bin/git config --local --name-only --get-regexp core\.sshCommand
2026-10-02T15:00:49.3270221Z [command]/usr/bin/git submodule foreach --recursive sh -c "git config --local --name-only --get-regexp 'core\.sshCommand' && git config --local --unset-all 'core.sshCommand' || :"
2026-10-02T15:00:49.3487958Z [command]/usr/bin/git config --local --name-only --get-regexp http\.https\:\/\/github\.com\/\.extraheader
2026-10-02T15:00:49.3510606Z http.https://github.com/.extraheader
2026-10-02T15:00:49.3526368Z [command]/usr/bin/git config --local --unset-all http.https://github.com/.extraheader
2026-10-02T15:00:49.3566263Z [command]/usr/bin/git submodule foreach --recursive sh -c "git config --local --name-only --get-regexp 'http\.https\:\/\/github\.com\/\.extraheader' && git config --local --unset-all 'http.https://github.com/.extraheader' || :"
2026-10-02T15:00:49.3786592Z [command]/usr/bin/git config --local --name-only --get-regexp ^includeIf\.gitdir:
2026-10-02T15:00:49.3826636Z [command]/usr/bin/git submodule foreach --recursive git config --local --show-origin --name-only --get-regexp remote.origin.url
2026-10-02T15:00:49.4177131Z Cleaning up orphan processes
2026-10-02T15:00:49.4524909Z ##[warning]Node.js 20 is deprecated. The following actions target Node.js 20 but are being forced to run on Node.js 24: actions/checkout@v4, actions/setup-node@v4, actions/setup-python@v5, actions/upload-artifact@v4. For more information see: https://github.blog/changelog/2025-09-19-deprecation-of-node-20-on-github-actions-runners/

