2026-10-02T10:55:56.0559633Z Current runner version: '2.337.0'
2026-10-02T10:55:56.0595686Z ##[group]Runner Image Provisioner
2026-10-02T10:55:56.0597277Z Hosted Compute Agent
2026-10-02T10:55:56.0598246Z Version: 20260901.588
2026-10-02T10:55:56.0599301Z Commit: f88ec8081b781fac6c440065ac7ff9e710ce3d0b
2026-10-02T10:55:56.0600669Z Build Date: 2026-09-01T19:56:44Z
2026-10-02T10:55:56.0601827Z Worker ID: {beaaaa41-68bf-4eac-8f91-7528f7c82e1e}
2026-10-02T10:55:56.0603069Z Azure Region: eastus
2026-10-02T10:55:56.0604334Z ##[endgroup]
2026-10-02T10:55:56.0606664Z ##[group]Operating System
2026-10-02T10:55:56.0607840Z Ubuntu
2026-10-02T10:55:56.0608760Z 24.04.5
2026-10-02T10:55:56.0609638Z LTS
2026-10-02T10:55:56.0610483Z ##[endgroup]
2026-10-02T10:55:56.0611510Z ##[group]Runner Image
2026-10-02T10:55:56.0612671Z Image: ubuntu-24.04
2026-10-02T10:55:56.0613584Z Version: 20260927.320.1
2026-10-02T10:55:56.0616007Z Included Software: https://github.com/actions/runner-images/blob/ubuntu24/20260927.320/images/ubuntu/Ubuntu2404-Readme.md
2026-10-02T10:55:56.0618813Z Image Release: https://github.com/actions/runner-images/releases/tag/ubuntu24%2F20260927.320
2026-10-02T10:55:56.0620488Z ##[endgroup]
2026-10-02T10:55:56.0622515Z ##[group]GITHUB_TOKEN Permissions
2026-10-02T10:55:56.0625555Z Contents: read
2026-10-02T10:55:56.0626502Z Metadata: read
2026-10-02T10:55:56.0627594Z ##[endgroup]
2026-10-02T10:55:56.0630776Z Secret source: Actions
2026-10-02T10:55:56.0632416Z Cache mode: write
2026-10-02T10:55:56.0633531Z Prepare workflow directory
2026-10-02T10:55:56.1241396Z Prepare all required actions
2026-10-02T10:55:56.1312103Z Getting action download info
2026-10-02T10:55:56.3514999Z Download action repository 'actions/checkout@v4' (SHA:11d5960a326750d5838078e36cf38b85af677262)
2026-10-02T10:55:56.4548176Z Download action repository 'actions/setup-python@v5' (SHA:a26af69be951a213d495a4c3e4e4022e16d87065)
2026-10-02T10:55:56.5484617Z Download action repository 'actions/setup-node@v4' (SHA:49933ea5288caeca8642d1e84afbd3f7d6820020)
2026-10-02T10:55:56.6356305Z Download action repository 'actions/upload-artifact@v4' (SHA:ea165f8d65b6e75b540449e92b4886f43607fa02)
2026-10-02T10:55:56.8501077Z Complete job name: verify
2026-10-02T10:55:56.9477818Z ##[group]Run actions/checkout@v4
2026-10-02T10:55:56.9478696Z with:
2026-10-02T10:55:56.9479166Z   ref: 17ccd2c5942aa316ee94509109cc01fbca925a26
2026-10-02T10:55:56.9479761Z   repository: Changxin-YR/AIRLOCK
2026-10-02T10:55:56.9483480Z   token: ***
2026-10-02T10:55:56.9483903Z   ssh-strict: true
2026-10-02T10:55:56.9484756Z   ssh-user: git
2026-10-02T10:55:56.9485211Z   persist-credentials: true
2026-10-02T10:55:56.9485696Z   clean: true
2026-10-02T10:55:56.9486134Z   sparse-checkout-cone-mode: true
2026-10-02T10:55:56.9486647Z   fetch-depth: 1
2026-10-02T10:55:56.9487066Z   fetch-tags: false
2026-10-02T10:55:56.9487492Z   show-progress: true
2026-10-02T10:55:56.9487921Z   lfs: false
2026-10-02T10:55:56.9488323Z   submodules: false
2026-10-02T10:55:56.9488756Z   set-safe-directory: true
2026-10-02T10:55:56.9489249Z   allow-unsafe-pr-checkout: false
2026-10-02T10:55:56.9490073Z env:
2026-10-02T10:55:56.9490493Z   NEXT_TELEMETRY_DISABLED: 1
2026-10-02T10:55:56.9491026Z ##[endgroup]
2026-10-02T10:55:57.0585178Z Syncing repository: Changxin-YR/AIRLOCK
2026-10-02T10:55:57.0587681Z ##[group]Getting Git version info
2026-10-02T10:55:57.0588751Z Working directory is '/home/runner/work/AIRLOCK/AIRLOCK'
2026-10-02T10:55:57.0590259Z [command]/usr/bin/git version
2026-10-02T10:55:57.0717448Z git version 2.55.0
2026-10-02T10:55:57.0770392Z ##[endgroup]
2026-10-02T10:55:57.0786798Z Temporarily overriding HOME='/home/runner/work/_temp/b00c528e-1695-49da-89e7-4a4762bdb84c' before making global git config changes
2026-10-02T10:55:57.0795360Z Adding repository directory to the temporary git global config as a safe directory
2026-10-02T10:55:57.0797629Z [command]/usr/bin/git config --global --add safe.directory /home/runner/work/AIRLOCK/AIRLOCK
2026-10-02T10:55:57.0865508Z Deleting the contents of '/home/runner/work/AIRLOCK/AIRLOCK'
2026-10-02T10:55:57.0869079Z ##[group]Initializing the repository
2026-10-02T10:55:57.0875275Z [command]/usr/bin/git init /home/runner/work/AIRLOCK/AIRLOCK
2026-10-02T10:55:57.1031137Z hint: Using 'master' as the name for the initial branch. This default branch name
2026-10-02T10:55:57.1032894Z hint: will change to "main" in Git 3.0. To configure the initial branch name
2026-10-02T10:55:57.1034821Z hint: to use in all of your new repositories, which will suppress this warning,
2026-10-02T10:55:57.1036207Z hint: call:
2026-10-02T10:55:57.1036953Z hint:
2026-10-02T10:55:57.1037872Z hint: 	git config --global init.defaultBranch <name>
2026-10-02T10:55:57.1038993Z hint:
2026-10-02T10:55:57.1040293Z hint: Names commonly chosen instead of 'master' are 'main', 'trunk' and
2026-10-02T10:55:57.1042096Z hint: 'development'. The just-created branch can be renamed via this command:
2026-10-02T10:55:57.1043511Z hint:
2026-10-02T10:55:57.1044573Z hint: 	git branch -m <name>
2026-10-02T10:55:57.1045429Z hint:
2026-10-02T10:55:57.1063261Z hint: Disable this message with "git config set advice.defaultBranchName false"
2026-10-02T10:55:57.1065427Z Initialized empty Git repository in /home/runner/work/AIRLOCK/AIRLOCK/.git/
2026-10-02T10:55:57.1070952Z [command]/usr/bin/git remote add origin https://github.com/Changxin-YR/AIRLOCK
2026-10-02T10:55:57.1161224Z ##[endgroup]
2026-10-02T10:55:57.1162568Z ##[group]Disabling automatic garbage collection
2026-10-02T10:55:57.1169881Z [command]/usr/bin/git config --local gc.auto 0
2026-10-02T10:55:57.1212112Z ##[endgroup]
2026-10-02T10:55:57.1213458Z ##[group]Setting up auth
2026-10-02T10:55:57.1220771Z [command]/usr/bin/git config --local --name-only --get-regexp core\.sshCommand
2026-10-02T10:55:57.1264662Z [command]/usr/bin/git submodule foreach --recursive sh -c "git config --local --name-only --get-regexp 'core\.sshCommand' && git config --local --unset-all 'core.sshCommand' || :"
2026-10-02T10:55:57.1726915Z [command]/usr/bin/git config --local --name-only --get-regexp http\.https\:\/\/github\.com\/\.extraheader
2026-10-02T10:55:57.1765052Z [command]/usr/bin/git submodule foreach --recursive sh -c "git config --local --name-only --get-regexp 'http\.https\:\/\/github\.com\/\.extraheader' && git config --local --unset-all 'http.https://github.com/.extraheader' || :"
2026-10-02T10:55:57.1994404Z [command]/usr/bin/git config --local --name-only --get-regexp ^includeIf\.gitdir:
2026-10-02T10:55:57.2033983Z [command]/usr/bin/git submodule foreach --recursive git config --local --show-origin --name-only --get-regexp remote.origin.url
2026-10-02T10:55:57.2264849Z [command]/usr/bin/git config --local http.https://github.com/.extraheader AUTHORIZATION: basic ***
2026-10-02T10:55:57.2308034Z ##[endgroup]
2026-10-02T10:55:57.2309024Z ##[group]Fetching the repository
2026-10-02T10:55:57.2317966Z [command]/usr/bin/git -c protocol.version=2 fetch --no-tags --prune --no-recurse-submodules --depth=1 origin 17ccd2c5942aa316ee94509109cc01fbca925a26
2026-10-02T10:55:57.5214604Z From https://github.com/Changxin-YR/AIRLOCK
2026-10-02T10:55:57.5216802Z  * branch            17ccd2c5942aa316ee94509109cc01fbca925a26 -> FETCH_HEAD
2026-10-02T10:55:57.5221692Z ##[endgroup]
2026-10-02T10:55:57.5223567Z ##[group]Determining the checkout info
2026-10-02T10:55:57.5226121Z ##[endgroup]
2026-10-02T10:55:57.5228931Z [command]/usr/bin/git sparse-checkout disable
2026-10-02T10:55:57.5289510Z [command]/usr/bin/git config --local --unset-all extensions.worktreeConfig
2026-10-02T10:55:57.5340471Z ##[group]Checking out the ref
2026-10-02T10:55:57.5343507Z [command]/usr/bin/git checkout --progress --force 17ccd2c5942aa316ee94509109cc01fbca925a26
2026-10-02T10:55:57.5644693Z Note: switching to '17ccd2c5942aa316ee94509109cc01fbca925a26'.
2026-10-02T10:55:57.5646015Z 
2026-10-02T10:55:57.5647029Z You are in 'detached HEAD' state. You can look around, make experimental
2026-10-02T10:55:57.5648524Z changes and commit them, and you can discard any commits you make in this
2026-10-02T10:55:57.5649999Z state without impacting any branches by switching back to a branch.
2026-10-02T10:55:57.5651162Z 
2026-10-02T10:55:57.5651761Z If you want to create a new branch to retain commits you create, you may
2026-10-02T10:55:57.5653266Z do so (now or later) by using -c with the switch command. Example:
2026-10-02T10:55:57.5654463Z 
2026-10-02T10:55:57.5654842Z   git switch -c <new-branch-name>
2026-10-02T10:55:57.5655458Z 
2026-10-02T10:55:57.5655826Z Or undo this operation with:
2026-10-02T10:55:57.5656381Z 
2026-10-02T10:55:57.5656790Z   git switch -
2026-10-02T10:55:57.5657480Z 
2026-10-02T10:55:57.5658614Z Turn off this advice by setting config variable advice.detachedHead to false
2026-10-02T10:55:57.5660203Z 
2026-10-02T10:55:57.5661435Z HEAD is now at 17ccd2c fix: bind remote audit completeness to its independent execution claim
2026-10-02T10:55:57.5665005Z ##[endgroup]
2026-10-02T10:55:57.5708656Z [command]/usr/bin/git log -1 --format=%H
2026-10-02T10:55:57.5736306Z 17ccd2c5942aa316ee94509109cc01fbca925a26
2026-10-02T10:55:57.5993496Z ##[group]Run mkdir -p evidence
2026-10-02T10:55:57.5995179Z [36;1mmkdir -p evidence[0m
2026-10-02T10:55:57.5996590Z [36;1mgit archive --format=zip HEAD -o evidence/source.zip[0m
2026-10-02T10:55:57.5998234Z [36;1mgit rev-parse HEAD > evidence/commit.txt[0m
2026-10-02T10:55:57.6292056Z shell: /usr/bin/bash --noprofile --norc -e -o pipefail {0}
2026-10-02T10:55:57.6293727Z env:
2026-10-02T10:55:57.6294808Z   NEXT_TELEMETRY_DISABLED: 1
2026-10-02T10:55:57.6295902Z ##[endgroup]
2026-10-02T10:55:57.7697019Z ##[group]Run actions/setup-python@v5
2026-10-02T10:55:57.7698093Z with:
2026-10-02T10:55:57.7698824Z   python-version: 3.13
2026-10-02T10:55:57.7699691Z   check-latest: false
2026-10-02T10:55:57.7709005Z   token: ***
2026-10-02T10:55:57.7709815Z   update-environment: true
2026-10-02T10:55:57.7710761Z   allow-prereleases: false
2026-10-02T10:55:57.7711689Z   freethreaded: false
2026-10-02T10:55:57.7712508Z env:
2026-10-02T10:55:57.7713239Z   NEXT_TELEMETRY_DISABLED: 1
2026-10-02T10:55:57.7714446Z ##[endgroup]
2026-10-02T10:55:57.9120151Z ##[group]Installed versions
2026-10-02T10:55:57.9232495Z (node:2320) [DEP0040] DeprecationWarning: The `punycode` module is deprecated. Please use a userland alternative instead.
2026-10-02T10:55:57.9237068Z (Use `node --trace-deprecation ...` to show where the warning was created)
2026-10-02T10:55:57.9239445Z Successfully set up CPython (3.13.15)
2026-10-02T10:55:57.9242202Z ##[endgroup]
2026-10-02T10:55:57.9521011Z ##[group]Run actions/setup-node@v4
2026-10-02T10:55:57.9522112Z with:
2026-10-02T10:55:57.9522831Z   node-version: 22
2026-10-02T10:55:57.9523618Z   always-auth: false
2026-10-02T10:55:57.9524718Z   check-latest: false
2026-10-02T10:55:57.9537838Z   token: ***
2026-10-02T10:55:57.9538691Z env:
2026-10-02T10:55:57.9539448Z   NEXT_TELEMETRY_DISABLED: 1
2026-10-02T10:55:57.9540718Z   pythonLocation: /opt/hostedtoolcache/Python/3.13.15/x64
2026-10-02T10:55:57.9543767Z   PKG_CONFIG_PATH: /opt/hostedtoolcache/Python/3.13.15/x64/lib/pkgconfig
2026-10-02T10:55:57.9546632Z   Python_ROOT_DIR: /opt/hostedtoolcache/Python/3.13.15/x64
2026-10-02T10:55:57.9549079Z   Python2_ROOT_DIR: /opt/hostedtoolcache/Python/3.13.15/x64
2026-10-02T10:55:57.9551490Z   Python3_ROOT_DIR: /opt/hostedtoolcache/Python/3.13.15/x64
2026-10-02T10:55:57.9553952Z   LD_LIBRARY_PATH: /opt/hostedtoolcache/Python/3.13.15/x64/lib
2026-10-02T10:55:57.9555892Z ##[endgroup]
2026-10-02T10:55:58.1031811Z Found in cache @ /opt/hostedtoolcache/node/22.23.3/x64
2026-10-02T10:55:58.1036861Z (node:2328) [DEP0040] DeprecationWarning: The `punycode` module is deprecated. Please use a userland alternative instead.
2026-10-02T10:55:58.1039971Z (Use `node --trace-deprecation ...` to show where the warning was created)
2026-10-02T10:55:58.1041984Z ##[group]Environment details
2026-10-02T10:55:58.5443264Z node: v22.23.3
2026-10-02T10:55:58.5444636Z npm: 10.9.9
2026-10-02T10:55:58.5445527Z yarn: 1.22.22
2026-10-02T10:55:58.5447373Z ##[endgroup]
2026-10-02T10:55:58.5594755Z ##[group]Run python -m pip install -r requirements-dev.txt
2026-10-02T10:55:58.5596120Z [36;1mpython -m pip install -r requirements-dev.txt[0m
2026-10-02T10:55:58.5673836Z shell: /usr/bin/bash --noprofile --norc -e -o pipefail {0}
2026-10-02T10:55:58.5675225Z env:
2026-10-02T10:55:58.5676018Z   NEXT_TELEMETRY_DISABLED: 1
2026-10-02T10:55:58.5676981Z   pythonLocation: /opt/hostedtoolcache/Python/3.13.15/x64
2026-10-02T10:55:58.5678097Z   PKG_CONFIG_PATH: /opt/hostedtoolcache/Python/3.13.15/x64/lib/pkgconfig
2026-10-02T10:55:58.5679242Z   Python_ROOT_DIR: /opt/hostedtoolcache/Python/3.13.15/x64
2026-10-02T10:55:58.5680307Z   Python2_ROOT_DIR: /opt/hostedtoolcache/Python/3.13.15/x64
2026-10-02T10:55:58.5681368Z   Python3_ROOT_DIR: /opt/hostedtoolcache/Python/3.13.15/x64
2026-10-02T10:55:58.5682423Z   LD_LIBRARY_PATH: /opt/hostedtoolcache/Python/3.13.15/x64/lib
2026-10-02T10:55:58.5683390Z ##[endgroup]
2026-10-02T10:55:59.4713456Z Collecting fastapi==0.142.2 (from -r /home/runner/work/AIRLOCK/AIRLOCK/requirements.txt (line 1))
2026-10-02T10:55:59.5229053Z   Downloading fastapi-0.142.2-py3-none-any.whl.metadata (27 kB)
2026-10-02T10:55:59.5602445Z Collecting starlette==1.7.0 (from -r /home/runner/work/AIRLOCK/AIRLOCK/requirements.txt (line 2))
2026-10-02T10:55:59.5642853Z   Downloading starlette-1.7.0-py3-none-any.whl.metadata (6.6 kB)
2026-10-02T10:55:59.6653455Z Collecting pydantic==2.13.5 (from -r /home/runner/work/AIRLOCK/AIRLOCK/requirements.txt (line 3))
2026-10-02T10:55:59.6692064Z   Downloading pydantic-2.13.5-py3-none-any.whl.metadata (110 kB)
2026-10-02T10:55:59.7026881Z Collecting uvicorn==0.48.0 (from -r /home/runner/work/AIRLOCK/AIRLOCK/requirements.txt (line 4))
2026-10-02T10:55:59.7067450Z   Downloading uvicorn-0.48.0-py3-none-any.whl.metadata (6.7 kB)
2026-10-02T10:55:59.7243905Z Collecting httpx==0.28.1 (from -r /home/runner/work/AIRLOCK/AIRLOCK/requirements.txt (line 5))
2026-10-02T10:55:59.7290720Z   Downloading httpx-0.28.1-py3-none-any.whl.metadata (7.1 kB)
2026-10-02T10:55:59.7411324Z Collecting cel-python==0.4.0 (from -r /home/runner/work/AIRLOCK/AIRLOCK/requirements.txt (line 6))
2026-10-02T10:55:59.7465355Z   Downloading cel_python-0.4.0-py3-none-any.whl.metadata (8.5 kB)
2026-10-02T10:55:59.7818476Z Collecting PyYAML==6.0.3 (from -r /home/runner/work/AIRLOCK/AIRLOCK/requirements.txt (line 7))
2026-10-02T10:55:59.7861894Z   Downloading pyyaml-6.0.3-cp313-cp313-manylinux2014_x86_64.manylinux_2_17_x86_64.manylinux_2_28_x86_64.whl.metadata (2.4 kB)
2026-10-02T10:55:59.8127698Z Collecting pytest==9.0.2 (from -r requirements-dev.txt (line 2))
2026-10-02T10:55:59.8171162Z   Downloading pytest-9.0.2-py3-none-any.whl.metadata (7.6 kB)
2026-10-02T10:55:59.8557095Z Collecting playwright==1.57.0 (from -r requirements-dev.txt (line 3))
2026-10-02T10:55:59.8599893Z   Downloading playwright-1.57.0-py3-none-manylinux1_x86_64.whl.metadata (3.5 kB)
2026-10-02T10:55:59.8767439Z Collecting mcp==1.26.0 (from -r requirements-dev.txt (line 4))
2026-10-02T10:55:59.8805637Z   Downloading mcp-1.26.0-py3-none-any.whl.metadata (89 kB)
2026-10-02T10:55:59.9077711Z Collecting pip-audit==2.10.1 (from -r requirements-dev.txt (line 5))
2026-10-02T10:55:59.9117877Z   Downloading pip_audit-2.10.1-py3-none-any.whl.metadata (28 kB)
2026-10-02T10:55:59.9340058Z Collecting typing-extensions>=4.8.0 (from fastapi==0.142.2->-r /home/runner/work/AIRLOCK/AIRLOCK/requirements.txt (line 1))
2026-10-02T10:55:59.9380956Z   Downloading typing_extensions-4.16.0-py3-none-any.whl.metadata (3.3 kB)
2026-10-02T10:55:59.9496686Z Collecting typing-inspection>=0.4.2 (from fastapi==0.142.2->-r /home/runner/work/AIRLOCK/AIRLOCK/requirements.txt (line 1))
2026-10-02T10:55:59.9535279Z   Downloading typing_inspection-0.4.4-py3-none-any.whl.metadata (2.6 kB)
2026-10-02T10:55:59.9640620Z Collecting annotated-doc>=0.0.2 (from fastapi==0.142.2->-r /home/runner/work/AIRLOCK/AIRLOCK/requirements.txt (line 1))
2026-10-02T10:55:59.9678765Z   Downloading annotated_doc-0.0.5-py3-none-any.whl.metadata (6.5 kB)
2026-10-02T10:55:59.9858269Z Collecting opentelemetry-api>=1.44.0 (from fastapi==0.142.2->-r /home/runner/work/AIRLOCK/AIRLOCK/requirements.txt (line 1))
2026-10-02T10:55:59.9895318Z   Downloading opentelemetry_api-1.45.0-py3-none-any.whl.metadata (1.4 kB)
2026-10-02T10:56:00.0075098Z Collecting anyio<5,>=4.0.0 (from starlette==1.7.0->-r /home/runner/work/AIRLOCK/AIRLOCK/requirements.txt (line 2))
2026-10-02T10:56:00.0124439Z   Downloading anyio-4.15.1-py3-none-any.whl.metadata (4.7 kB)
2026-10-02T10:56:00.0251395Z Collecting annotated-types>=0.6.0 (from pydantic==2.13.5->-r /home/runner/work/AIRLOCK/AIRLOCK/requirements.txt (line 3))
2026-10-02T10:56:00.0289581Z   Downloading annotated_types-0.8.0-py3-none-any.whl.metadata (15 kB)
2026-10-02T10:56:00.6496974Z Collecting pydantic-core==2.46.5 (from pydantic==2.13.5->-r /home/runner/work/AIRLOCK/AIRLOCK/requirements.txt (line 3))
2026-10-02T10:56:00.6540014Z   Downloading pydantic_core-2.46.5-cp313-cp313-manylinux_2_17_x86_64.manylinux2014_x86_64.whl.metadata (6.6 kB)
2026-10-02T10:56:00.6722878Z Collecting click>=7.0 (from uvicorn==0.48.0->-r /home/runner/work/AIRLOCK/AIRLOCK/requirements.txt (line 4))
2026-10-02T10:56:00.6761443Z   Downloading click-8.5.0-py3-none-any.whl.metadata (2.6 kB)
2026-10-02T10:56:00.6883854Z Collecting h11>=0.8 (from uvicorn==0.48.0->-r /home/runner/work/AIRLOCK/AIRLOCK/requirements.txt (line 4))
2026-10-02T10:56:00.6919955Z   Downloading h11-0.16.0-py3-none-any.whl.metadata (8.3 kB)
2026-10-02T10:56:00.7125717Z Collecting certifi (from httpx==0.28.1->-r /home/runner/work/AIRLOCK/AIRLOCK/requirements.txt (line 5))
2026-10-02T10:56:00.7163007Z   Downloading certifi-2026.7.22-py3-none-any.whl.metadata (2.5 kB)
2026-10-02T10:56:00.7325100Z Collecting httpcore==1.* (from httpx==0.28.1->-r /home/runner/work/AIRLOCK/AIRLOCK/requirements.txt (line 5))
2026-10-02T10:56:00.7367792Z   Downloading httpcore-1.0.9-py3-none-any.whl.metadata (21 kB)
2026-10-02T10:56:00.7535520Z Collecting idna (from httpx==0.28.1->-r /home/runner/work/AIRLOCK/AIRLOCK/requirements.txt (line 5))
2026-10-02T10:56:00.7574366Z   Downloading idna-3.20-py3-none-any.whl.metadata (7.2 kB)
2026-10-02T10:56:00.8112314Z Collecting google-re2>=1.1.20240702 (from cel-python==0.4.0->-r /home/runner/work/AIRLOCK/AIRLOCK/requirements.txt (line 6))
2026-10-02T10:56:00.8173345Z   Downloading google_re2-1.1.20251105-1-cp313-cp313-manylinux_2_27_x86_64.manylinux_2_28_x86_64.whl.metadata (2.4 kB)
2026-10-02T10:56:00.8292200Z Collecting jmespath>=1.0.1 (from cel-python==0.4.0->-r /home/runner/work/AIRLOCK/AIRLOCK/requirements.txt (line 6))
2026-10-02T10:56:00.8330167Z   Downloading jmespath-1.1.0-py3-none-any.whl.metadata (7.6 kB)
2026-10-02T10:56:00.8455449Z Collecting lark>=1.2.2 (from cel-python==0.4.0->-r /home/runner/work/AIRLOCK/AIRLOCK/requirements.txt (line 6))
2026-10-02T10:56:00.8532098Z   Downloading lark-1.3.1-py3-none-any.whl.metadata (1.8 kB)
2026-10-02T10:56:00.8951646Z Collecting pendulum>=3.1.0 (from cel-python==0.4.0->-r /home/runner/work/AIRLOCK/AIRLOCK/requirements.txt (line 6))
2026-10-02T10:56:00.9011500Z   Downloading pendulum-3.2.0-cp313-cp313-manylinux_2_17_x86_64.manylinux2014_x86_64.whl.metadata (6.8 kB)
2026-10-02T10:56:00.9142684Z Collecting iniconfig>=1.0.1 (from pytest==9.0.2->-r requirements-dev.txt (line 2))
2026-10-02T10:56:00.9179447Z   Downloading iniconfig-2.3.0-py3-none-any.whl.metadata (2.5 kB)
2026-10-02T10:56:00.9326466Z Collecting packaging>=22 (from pytest==9.0.2->-r requirements-dev.txt (line 2))
2026-10-02T10:56:00.9368559Z   Downloading packaging-26.3-py3-none-any.whl.metadata (3.5 kB)
2026-10-02T10:56:00.9486913Z Collecting pluggy<2,>=1.5 (from pytest==9.0.2->-r requirements-dev.txt (line 2))
2026-10-02T10:56:00.9533105Z   Downloading pluggy-1.6.0-py3-none-any.whl.metadata (4.8 kB)
2026-10-02T10:56:00.9712737Z Collecting pygments>=2.7.2 (from pytest==9.0.2->-r requirements-dev.txt (line 2))
2026-10-02T10:56:00.9753173Z   Downloading pygments-2.21.0-py3-none-any.whl.metadata (2.5 kB)
2026-10-02T10:56:00.9901995Z Collecting pyee<14,>=13 (from playwright==1.57.0->-r requirements-dev.txt (line 3))
2026-10-02T10:56:00.9940419Z   Downloading pyee-13.0.1-py3-none-any.whl.metadata (3.0 kB)
2026-10-02T10:56:01.1367585Z Collecting greenlet<4.0.0,>=3.1.1 (from playwright==1.57.0->-r requirements-dev.txt (line 3))
2026-10-02T10:56:01.1410948Z   Downloading greenlet-3.5.6-cp313-cp313-manylinux_2_24_x86_64.manylinux_2_28_x86_64.whl.metadata (3.8 kB)
2026-10-02T10:56:01.1554602Z Collecting httpx-sse>=0.4 (from mcp==1.26.0->-r requirements-dev.txt (line 4))
2026-10-02T10:56:01.1593711Z   Downloading httpx_sse-0.4.3-py3-none-any.whl.metadata (9.7 kB)
2026-10-02T10:56:01.1803373Z Collecting jsonschema>=4.20.0 (from mcp==1.26.0->-r requirements-dev.txt (line 4))
2026-10-02T10:56:01.1841445Z   Downloading jsonschema-4.26.0-py3-none-any.whl.metadata (7.6 kB)
2026-10-02T10:56:01.2005592Z Collecting pydantic-settings>=2.5.2 (from mcp==1.26.0->-r requirements-dev.txt (line 4))
2026-10-02T10:56:01.2043316Z   Downloading pydantic_settings-2.15.0-py3-none-any.whl.metadata (3.9 kB)
2026-10-02T10:56:01.2212584Z Collecting pyjwt>=2.10.1 (from pyjwt[crypto]>=2.10.1->mcp==1.26.0->-r requirements-dev.txt (line 4))
2026-10-02T10:56:01.2249586Z   Downloading pyjwt-2.15.1-py3-none-any.whl.metadata (3.5 kB)
2026-10-02T10:56:01.2390354Z Collecting python-multipart>=0.0.9 (from mcp==1.26.0->-r requirements-dev.txt (line 4))
2026-10-02T10:56:01.2429630Z   Downloading python_multipart-0.0.32-py3-none-any.whl.metadata (2.1 kB)
2026-10-02T10:56:01.2603114Z Collecting sse-starlette>=1.6.1 (from mcp==1.26.0->-r requirements-dev.txt (line 4))
2026-10-02T10:56:01.2643835Z   Downloading sse_starlette-3.5.0-py3-none-any.whl.metadata (15 kB)
2026-10-02T10:56:01.2832643Z Collecting CacheControl>=0.13.0 (from CacheControl[filecache]>=0.13.0->pip-audit==2.10.1->-r requirements-dev.txt (line 5))
2026-10-02T10:56:01.2874587Z   Downloading cachecontrol-0.14.4-py3-none-any.whl.metadata (3.1 kB)
2026-10-02T10:56:01.3235452Z Collecting cyclonedx-python-lib<12,>=5 (from pip-audit==2.10.1->-r requirements-dev.txt (line 5))
2026-10-02T10:56:01.3277908Z   Downloading cyclonedx_python_lib-11.12.0-py3-none-any.whl.metadata (6.9 kB)
2026-10-02T10:56:01.3426380Z Collecting pip-api>=0.0.28 (from pip-audit==2.10.1->-r requirements-dev.txt (line 5))
2026-10-02T10:56:01.3463806Z   Downloading pip_api-0.0.35-py3-none-any.whl.metadata (17 kB)
2026-10-02T10:56:01.3594212Z Collecting pip-requirements-parser>=32.0.0 (from pip-audit==2.10.1->-r requirements-dev.txt (line 5))
2026-10-02T10:56:01.3640567Z   Downloading pip_requirements_parser-32.0.1-py3-none-any.whl.metadata (9.3 kB)
2026-10-02T10:56:01.4075871Z Collecting requests>=2.31.0 (from pip-audit==2.10.1->-r requirements-dev.txt (line 5))
2026-10-02T10:56:01.4120013Z   Downloading requests-2.34.2-py3-none-any.whl.metadata (4.8 kB)
2026-10-02T10:56:01.4409695Z Collecting rich>=12.4 (from pip-audit==2.10.1->-r requirements-dev.txt (line 5))
2026-10-02T10:56:01.4448915Z   Downloading rich-15.0.0-py3-none-any.whl.metadata (18 kB)
2026-10-02T10:56:01.4680719Z Collecting tomli>=2.2.1 (from pip-audit==2.10.1->-r requirements-dev.txt (line 5))
2026-10-02T10:56:01.4722023Z   Downloading tomli-2.4.1-cp313-cp313-manylinux2014_x86_64.manylinux_2_17_x86_64.manylinux_2_28_x86_64.whl.metadata (10 kB)
2026-10-02T10:56:01.4839804Z Collecting tomli-w>=1.2.0 (from pip-audit==2.10.1->-r requirements-dev.txt (line 5))
2026-10-02T10:56:01.4879363Z   Downloading tomli_w-1.2.0-py3-none-any.whl.metadata (5.7 kB)
2026-10-02T10:56:01.5069048Z Collecting platformdirs>=4.2.0 (from pip-audit==2.10.1->-r requirements-dev.txt (line 5))
2026-10-02T10:56:01.5106582Z   Downloading platformdirs-4.12.2-py3-none-any.whl.metadata (5.5 kB)
2026-10-02T10:56:01.5788244Z Collecting license-expression<31,>=30 (from cyclonedx-python-lib<12,>=5->pip-audit==2.10.1->-r requirements-dev.txt (line 5))
2026-10-02T10:56:01.5833255Z   Downloading license_expression-30.4.4-py3-none-any.whl.metadata (11 kB)
2026-10-02T10:56:01.6007146Z Collecting packageurl-python<2,>=0.11 (from cyclonedx-python-lib<12,>=5->pip-audit==2.10.1->-r requirements-dev.txt (line 5))
2026-10-02T10:56:01.6050422Z   Downloading packageurl_python-0.17.6-py3-none-any.whl.metadata (5.1 kB)
2026-10-02T10:56:01.6215812Z Collecting py-serializable<3.0.0,>=2.1.0 (from cyclonedx-python-lib<12,>=5->pip-audit==2.10.1->-r requirements-dev.txt (line 5))
2026-10-02T10:56:01.6256917Z   Downloading py_serializable-2.1.0-py3-none-any.whl.metadata (4.3 kB)
2026-10-02T10:56:01.6381280Z Collecting sortedcontainers<3.0.0,>=2.4.0 (from cyclonedx-python-lib<12,>=5->pip-audit==2.10.1->-r requirements-dev.txt (line 5))
2026-10-02T10:56:01.6419997Z   Downloading sortedcontainers-2.4.0-py2.py3-none-any.whl.metadata (10 kB)
2026-10-02T10:56:01.6575836Z Collecting boolean.py>=4.0 (from license-expression<31,>=30->cyclonedx-python-lib<12,>=5->pip-audit==2.10.1->-r requirements-dev.txt (line 5))
2026-10-02T10:56:01.6619000Z   Downloading boolean_py-5.0-py3-none-any.whl.metadata (2.3 kB)
2026-10-02T10:56:01.6785255Z Collecting defusedxml<0.8.0,>=0.7.1 (from py-serializable<3.0.0,>=2.1.0->cyclonedx-python-lib<12,>=5->pip-audit==2.10.1->-r requirements-dev.txt (line 5))
2026-10-02T10:56:01.6828818Z   Downloading defusedxml-0.7.1-py2.py3-none-any.whl.metadata (32 kB)
2026-10-02T10:56:01.7652857Z Collecting msgpack<2.0.0,>=0.5.2 (from CacheControl>=0.13.0->CacheControl[filecache]>=0.13.0->pip-audit==2.10.1->-r requirements-dev.txt (line 5))
2026-10-02T10:56:01.7694577Z   Downloading msgpack-1.2.3-cp313-cp313-manylinux2014_x86_64.manylinux_2_17_x86_64.manylinux_2_28_x86_64.whl.metadata (8.3 kB)
2026-10-02T10:56:01.7952874Z Collecting filelock>=3.8.0 (from CacheControl[filecache]>=0.13.0->pip-audit==2.10.1->-r requirements-dev.txt (line 5))
2026-10-02T10:56:01.7989700Z   Downloading filelock-4.0.9-py3-none-any.whl.metadata (2.0 kB)
2026-10-02T10:56:01.8169716Z Collecting attrs>=22.2.0 (from jsonschema>=4.20.0->mcp==1.26.0->-r requirements-dev.txt (line 4))
2026-10-02T10:56:01.8208801Z   Downloading attrs-26.1.0-py3-none-any.whl.metadata (8.8 kB)
2026-10-02T10:56:01.8341752Z Collecting jsonschema-specifications>=2023.03.6 (from jsonschema>=4.20.0->mcp==1.26.0->-r requirements-dev.txt (line 4))
2026-10-02T10:56:01.8381494Z   Downloading jsonschema_specifications-2025.9.1-py3-none-any.whl.metadata (2.9 kB)
2026-10-02T10:56:01.8579850Z Collecting referencing>=0.28.4 (from jsonschema>=4.20.0->mcp==1.26.0->-r requirements-dev.txt (line 4))
2026-10-02T10:56:01.8618263Z   Downloading referencing-0.37.0-py3-none-any.whl.metadata (2.8 kB)
2026-10-02T10:56:02.1031927Z Collecting rpds-py>=0.25.0 (from jsonschema>=4.20.0->mcp==1.26.0->-r requirements-dev.txt (line 4))
2026-10-02T10:56:02.1073961Z   Downloading rpds_py-2026.6.3-cp313-cp313-manylinux_2_17_x86_64.manylinux2014_x86_64.whl.metadata (4.1 kB)
2026-10-02T10:56:02.1306233Z Collecting python-dateutil>=2.6 (from pendulum>=3.1.0->cel-python==0.4.0->-r /home/runner/work/AIRLOCK/AIRLOCK/requirements.txt (line 6))
2026-10-02T10:56:02.1344120Z   Downloading python_dateutil-2.9.0.post0-py2.py3-none-any.whl.metadata (8.4 kB)
2026-10-02T10:56:02.1490793Z Collecting tzdata>=2020.1 (from pendulum>=3.1.0->cel-python==0.4.0->-r /home/runner/work/AIRLOCK/AIRLOCK/requirements.txt (line 6))
2026-10-02T10:56:02.1531815Z   Downloading tzdata-2026.4-py2.py3-none-any.whl.metadata (1.4 kB)
2026-10-02T10:56:02.1576029Z Requirement already satisfied: pip in /opt/hostedtoolcache/Python/3.13.15/x64/lib/python3.13/site-packages (from pip-api>=0.0.28->pip-audit==2.10.1->-r requirements-dev.txt (line 5)) (26.2.1)
2026-10-02T10:56:02.1825818Z Collecting pyparsing (from pip-requirements-parser>=32.0.0->pip-audit==2.10.1->-r requirements-dev.txt (line 5))
2026-10-02T10:56:02.1865010Z   Downloading pyparsing-3.3.3-py3-none-any.whl.metadata (5.9 kB)
2026-10-02T10:56:02.2047516Z Collecting python-dotenv>=0.21.0 (from pydantic-settings>=2.5.2->mcp==1.26.0->-r requirements-dev.txt (line 4))
2026-10-02T10:56:02.2094119Z   Downloading python_dotenv-1.2.4-py3-none-any.whl.metadata (29 kB)
2026-10-02T10:56:02.3916612Z Collecting cryptography>=3.4.0 (from pyjwt[crypto]>=2.10.1->mcp==1.26.0->-r requirements-dev.txt (line 4))
2026-10-02T10:56:02.3958718Z   Downloading cryptography-50.0.2-cp311-abi3-manylinux_2_34_x86_64.whl.metadata (4.4 kB)
2026-10-02T10:56:02.4928520Z Collecting cffi>=2.0.0 (from cryptography>=3.4.0->pyjwt[crypto]>=2.10.1->mcp==1.26.0->-r requirements-dev.txt (line 4))
2026-10-02T10:56:02.4968890Z   Downloading cffi-2.1.1-cp313-cp313-manylinux2014_x86_64.manylinux_2_17_x86_64.whl.metadata (2.5 kB)
2026-10-02T10:56:02.5089818Z Collecting pycparser (from cffi>=2.0.0->cryptography>=3.4.0->pyjwt[crypto]>=2.10.1->mcp==1.26.0->-r requirements-dev.txt (line 4))
2026-10-02T10:56:02.5127377Z   Downloading pycparser-3.0-py3-none-any.whl.metadata (8.2 kB)
2026-10-02T10:56:02.5264787Z Collecting six>=1.5 (from python-dateutil>=2.6->pendulum>=3.1.0->cel-python==0.4.0->-r /home/runner/work/AIRLOCK/AIRLOCK/requirements.txt (line 6))
2026-10-02T10:56:02.5303156Z   Downloading six-1.17.0-py2.py3-none-any.whl.metadata (1.7 kB)
2026-10-02T10:56:02.6541680Z Collecting charset_normalizer<4,>=2 (from requests>=2.31.0->pip-audit==2.10.1->-r requirements-dev.txt (line 5))
2026-10-02T10:56:02.6583458Z   Downloading charset_normalizer-3.5.2-cp313-cp313-manylinux2014_x86_64.manylinux_2_17_x86_64.manylinux_2_28_x86_64.whl.metadata (46 kB)
2026-10-02T10:56:02.6830263Z Collecting urllib3<3,>=1.26 (from requests>=2.31.0->pip-audit==2.10.1->-r requirements-dev.txt (line 5))
2026-10-02T10:56:02.6870430Z   Downloading urllib3-2.8.0-py3-none-any.whl.metadata (7.4 kB)
2026-10-02T10:56:02.7062421Z Collecting markdown-it-py>=2.2.0 (from rich>=12.4->pip-audit==2.10.1->-r requirements-dev.txt (line 5))
2026-10-02T10:56:02.7101542Z   Downloading markdown_it_py-4.2.0-py3-none-any.whl.metadata (7.4 kB)
2026-10-02T10:56:02.7249379Z Collecting mdurl~=0.1 (from markdown-it-py>=2.2.0->rich>=12.4->pip-audit==2.10.1->-r requirements-dev.txt (line 5))
2026-10-02T10:56:02.7287664Z   Downloading mdurl-0.1.2-py3-none-any.whl.metadata (1.6 kB)
2026-10-02T10:56:02.7478680Z Downloading fastapi-0.142.2-py3-none-any.whl (144 kB)
2026-10-02T10:56:02.7542719Z Downloading starlette-1.7.0-py3-none-any.whl (78 kB)
2026-10-02T10:56:02.7604058Z Downloading pydantic-2.13.5-py3-none-any.whl (472 kB)
2026-10-02T10:56:02.7700242Z Downloading uvicorn-0.48.0-py3-none-any.whl (71 kB)
2026-10-02T10:56:02.7760377Z Downloading httpx-0.28.1-py3-none-any.whl (73 kB)
2026-10-02T10:56:02.7821688Z Downloading cel_python-0.4.0-py3-none-any.whl (85 kB)
2026-10-02T10:56:02.7890033Z Downloading pyyaml-6.0.3-cp313-cp313-manylinux2014_x86_64.manylinux_2_17_x86_64.manylinux_2_28_x86_64.whl (801 kB)
2026-10-02T10:56:02.7979221Z    ━━━━━━━━━━━━━━━━━━━━━━━━━━━━━━━━━━━━━━━━ 801.6/801.6 kB 87.0 MB/s  0:00:00
2026-10-02T10:56:02.8023042Z Downloading pytest-9.0.2-py3-none-any.whl (374 kB)
2026-10-02T10:56:02.8092432Z Downloading playwright-1.57.0-py3-none-manylinux1_x86_64.whl (46.0 MB)
2026-10-02T10:56:02.9391371Z    ━━━━━━━━━━━━━━━━━━━━━━━━━━━━━━━━━━━━━━━━ 46.0/46.0 MB 359.3 MB/s  0:00:00
2026-10-02T10:56:02.9435116Z Downloading mcp-1.26.0-py3-none-any.whl (233 kB)
2026-10-02T10:56:02.9501189Z Downloading pip_audit-2.10.1-py3-none-any.whl (62 kB)
2026-10-02T10:56:02.9561919Z Downloading pydantic_core-2.46.5-cp313-cp313-manylinux_2_17_x86_64.manylinux2014_x86_64.whl (2.1 MB)
2026-10-02T10:56:02.9669470Z    ━━━━━━━━━━━━━━━━━━━━━━━━━━━━━━━━━━━━━━━━ 2.1/2.1 MB 215.5 MB/s  0:00:00
2026-10-02T10:56:02.9708372Z Downloading anyio-4.15.1-py3-none-any.whl (132 kB)
2026-10-02T10:56:02.9771257Z Downloading cyclonedx_python_lib-11.12.0-py3-none-any.whl (529 kB)
2026-10-02T10:56:02.9818070Z    ━━━━━━━━━━━━━━━━━━━━━━━━━━━━━━━━━━━━━━━━ 529.5/529.5 kB 105.4 MB/s  0:00:00
2026-10-02T10:56:02.9862158Z Downloading greenlet-3.5.6-cp313-cp313-manylinux_2_24_x86_64.manylinux_2_28_x86_64.whl (623 kB)
2026-10-02T10:56:02.9914607Z    ━━━━━━━━━━━━━━━━━━━━━━━━━━━━━━━━━━━━━━━━ 623.8/623.8 kB 119.2 MB/s  0:00:00
2026-10-02T10:56:02.9954185Z Downloading httpcore-1.0.9-py3-none-any.whl (78 kB)
2026-10-02T10:56:03.0021925Z Downloading license_expression-30.4.4-py3-none-any.whl (120 kB)
2026-10-02T10:56:03.0080709Z Downloading packageurl_python-0.17.6-py3-none-any.whl (36 kB)
2026-10-02T10:56:03.0148562Z Downloading pluggy-1.6.0-py3-none-any.whl (20 kB)
2026-10-02T10:56:03.0224621Z Downloading py_serializable-2.1.0-py3-none-any.whl (23 kB)
2026-10-02T10:56:03.0293335Z Downloading defusedxml-0.7.1-py2.py3-none-any.whl (25 kB)
2026-10-02T10:56:03.0350342Z Downloading pyee-13.0.1-py3-none-any.whl (15 kB)
2026-10-02T10:56:03.0409346Z Downloading sortedcontainers-2.4.0-py2.py3-none-any.whl (29 kB)
2026-10-02T10:56:03.0467046Z Downloading annotated_doc-0.0.5-py3-none-any.whl (5.3 kB)
2026-10-02T10:56:03.0525480Z Downloading annotated_types-0.8.0-py3-none-any.whl (13 kB)
2026-10-02T10:56:03.0589693Z Downloading boolean_py-5.0-py3-none-any.whl (26 kB)
2026-10-02T10:56:03.0672532Z Downloading cachecontrol-0.14.4-py3-none-any.whl (22 kB)
2026-10-02T10:56:03.1739657Z Downloading msgpack-1.2.3-cp313-cp313-manylinux2014_x86_64.manylinux_2_17_x86_64.manylinux_2_28_x86_64.whl (466 kB)
2026-10-02T10:56:03.1811217Z Downloading click-8.5.0-py3-none-any.whl (125 kB)
2026-10-02T10:56:03.1871485Z Downloading filelock-4.0.9-py3-none-any.whl (110 kB)
2026-10-02T10:56:03.1966410Z Downloading google_re2-1.1.20251105-1-cp313-cp313-manylinux_2_27_x86_64.manylinux_2_28_x86_64.whl (591 kB)
2026-10-02T10:56:03.2018183Z    ━━━━━━━━━━━━━━━━━━━━━━━━━━━━━━━━━━━━━━━━ 591.4/591.4 kB 119.4 MB/s  0:00:00
2026-10-02T10:56:03.2055993Z Downloading h11-0.16.0-py3-none-any.whl (37 kB)
2026-10-02T10:56:03.2117082Z Downloading httpx_sse-0.4.3-py3-none-any.whl (9.0 kB)
2026-10-02T10:56:03.2184966Z Downloading idna-3.20-py3-none-any.whl (69 kB)
2026-10-02T10:56:03.2243512Z Downloading iniconfig-2.3.0-py3-none-any.whl (7.5 kB)
2026-10-02T10:56:03.2301698Z Downloading jmespath-1.1.0-py3-none-any.whl (20 kB)
2026-10-02T10:56:03.2362859Z Downloading jsonschema-4.26.0-py3-none-any.whl (90 kB)
2026-10-02T10:56:03.2422822Z Downloading attrs-26.1.0-py3-none-any.whl (67 kB)
2026-10-02T10:56:03.2484153Z Downloading jsonschema_specifications-2025.9.1-py3-none-any.whl (18 kB)
2026-10-02T10:56:03.2539254Z Downloading lark-1.3.1-py3-none-any.whl (113 kB)
2026-10-02T10:56:03.2598172Z Downloading opentelemetry_api-1.45.0-py3-none-any.whl (60 kB)
2026-10-02T10:56:03.2655436Z Downloading packaging-26.3-py3-none-any.whl (129 kB)
2026-10-02T10:56:03.2714532Z Downloading pendulum-3.2.0-cp313-cp313-manylinux_2_17_x86_64.manylinux2014_x86_64.whl (348 kB)
2026-10-02T10:56:03.2777166Z Downloading pip_api-0.0.35-py3-none-any.whl (123 kB)
2026-10-02T10:56:03.2833786Z Downloading pip_requirements_parser-32.0.1-py3-none-any.whl (35 kB)
2026-10-02T10:56:03.2891811Z Downloading platformdirs-4.12.2-py3-none-any.whl (32 kB)
2026-10-02T10:56:03.2954177Z Downloading pydantic_settings-2.15.0-py3-none-any.whl (69 kB)
2026-10-02T10:56:03.3016191Z Downloading pygments-2.21.0-py3-none-any.whl (1.3 MB)
2026-10-02T10:56:03.3087050Z    ━━━━━━━━━━━━━━━━━━━━━━━━━━━━━━━━━━━━━━━━ 1.3/1.3 MB 208.0 MB/s  0:00:00
2026-10-02T10:56:03.3122950Z Downloading pyjwt-2.15.1-py3-none-any.whl (33 kB)
2026-10-02T10:56:03.3180203Z Downloading cryptography-50.0.2-cp311-abi3-manylinux_2_34_x86_64.whl (4.8 MB)
2026-10-02T10:56:03.3335034Z    ━━━━━━━━━━━━━━━━━━━━━━━━━━━━━━━━━━━━━━━━ 4.8/4.8 MB 344.8 MB/s  0:00:00
2026-10-02T10:56:03.3374390Z Downloading cffi-2.1.1-cp313-cp313-manylinux2014_x86_64.manylinux_2_17_x86_64.whl (221 kB)
2026-10-02T10:56:03.3437217Z Downloading python_dateutil-2.9.0.post0-py2.py3-none-any.whl (229 kB)
2026-10-02T10:56:03.3501157Z Downloading python_dotenv-1.2.4-py3-none-any.whl (23 kB)
2026-10-02T10:56:03.3556314Z Downloading python_multipart-0.0.32-py3-none-any.whl (30 kB)
2026-10-02T10:56:03.3613904Z Downloading referencing-0.37.0-py3-none-any.whl (26 kB)
2026-10-02T10:56:03.3676563Z Downloading requests-2.34.2-py3-none-any.whl (73 kB)
2026-10-02T10:56:03.3757025Z Downloading charset_normalizer-3.5.2-cp313-cp313-manylinux2014_x86_64.manylinux_2_17_x86_64.manylinux_2_28_x86_64.whl (254 kB)
2026-10-02T10:56:03.3820300Z Downloading urllib3-2.8.0-py3-none-any.whl (135 kB)
2026-10-02T10:56:03.3888285Z Downloading certifi-2026.7.22-py3-none-any.whl (136 kB)
2026-10-02T10:56:03.3948188Z Downloading rich-15.0.0-py3-none-any.whl (310 kB)
2026-10-02T10:56:03.4010682Z Downloading markdown_it_py-4.2.0-py3-none-any.whl (91 kB)
2026-10-02T10:56:03.4075088Z Downloading mdurl-0.1.2-py3-none-any.whl (10.0 kB)
2026-10-02T10:56:03.4145497Z Downloading rpds_py-2026.6.3-cp313-cp313-manylinux_2_17_x86_64.manylinux2014_x86_64.whl (365 kB)
2026-10-02T10:56:03.4232056Z Downloading six-1.17.0-py2.py3-none-any.whl (11 kB)
2026-10-02T10:56:03.4289964Z Downloading sse_starlette-3.5.0-py3-none-any.whl (17 kB)
2026-10-02T10:56:03.4354248Z Downloading tomli-2.4.1-cp313-cp313-manylinux2014_x86_64.manylinux_2_17_x86_64.manylinux_2_28_x86_64.whl (251 kB)
2026-10-02T10:56:03.4418143Z Downloading tomli_w-1.2.0-py3-none-any.whl (6.7 kB)
2026-10-02T10:56:03.4473708Z Downloading typing_extensions-4.16.0-py3-none-any.whl (45 kB)
2026-10-02T10:56:03.4537340Z Downloading typing_inspection-0.4.4-py3-none-any.whl (14 kB)
2026-10-02T10:56:03.4595523Z Downloading tzdata-2026.4-py2.py3-none-any.whl (347 kB)
2026-10-02T10:56:03.4664841Z Downloading pycparser-3.0-py3-none-any.whl (48 kB)
2026-10-02T10:56:03.4724850Z Downloading pyparsing-3.3.3-py3-none-any.whl (126 kB)
2026-10-02T10:56:03.9008982Z Installing collected packages: sortedcontainers, boolean.py, urllib3, tzdata, typing-extensions, tomli-w, tomli, six, rpds-py, PyYAML, python-multipart, python-dotenv, pyparsing, pyjwt, pygments, pycparser, pluggy, platformdirs, pip-api, packaging, packageurl-python, msgpack, mdurl, license-expression, lark, jmespath, iniconfig, idna, httpx-sse, h11, greenlet, google-re2, filelock, defusedxml, click, charset_normalizer, certifi, attrs, annotated-types, annotated-doc, uvicorn, typing-inspection, requests, referencing, python-dateutil, pytest, pyee, pydantic-core, py-serializable, pip-requirements-parser, opentelemetry-api, markdown-it-py, httpcore, cffi, anyio, starlette, rich, pydantic, playwright, pendulum, jsonschema-specifications, httpx, cyclonedx-python-lib, cryptography, CacheControl, sse-starlette, pydantic-settings, jsonschema, fastapi, cel-python, pip-audit, mcp
2026-10-02T10:56:09.7178996Z 
2026-10-02T10:56:09.7256854Z Successfully installed CacheControl-0.14.4 PyYAML-6.0.3 annotated-doc-0.0.5 annotated-types-0.8.0 anyio-4.15.1 attrs-26.1.0 boolean.py-5.0 cel-python-0.4.0 certifi-2026.7.22 cffi-2.1.1 charset_normalizer-3.5.2 click-8.5.0 cryptography-50.0.2 cyclonedx-python-lib-11.12.0 defusedxml-0.7.1 fastapi-0.142.2 filelock-4.0.9 google-re2-1.1.20251105 greenlet-3.5.6 h11-0.16.0 httpcore-1.0.9 httpx-0.28.1 httpx-sse-0.4.3 idna-3.20 iniconfig-2.3.0 jmespath-1.1.0 jsonschema-4.26.0 jsonschema-specifications-2025.9.1 lark-1.3.1 license-expression-30.4.4 markdown-it-py-4.2.0 mcp-1.26.0 mdurl-0.1.2 msgpack-1.2.3 opentelemetry-api-1.45.0 packageurl-python-0.17.6 packaging-26.3 pendulum-3.2.0 pip-api-0.0.35 pip-audit-2.10.1 pip-requirements-parser-32.0.1 platformdirs-4.12.2 playwright-1.57.0 pluggy-1.6.0 py-serializable-2.1.0 pycparser-3.0 pydantic-2.13.5 pydantic-core-2.46.5 pydantic-settings-2.15.0 pyee-13.0.1 pygments-2.21.0 pyjwt-2.15.1 pyparsing-3.3.3 pytest-9.0.2 python-dateutil-2.9.0.post0 python-dotenv-1.2.4 python-multipart-0.0.32 referencing-0.37.0 requests-2.34.2 rich-15.0.0 rpds-py-2026.6.3 six-1.17.0 sortedcontainers-2.4.0 sse-starlette-3.5.0 starlette-1.7.0 tomli-2.4.1 tomli-w-1.2.0 typing-extensions-4.16.0 typing-inspection-0.4.4 tzdata-2026.4 urllib3-2.8.0 uvicorn-0.48.0
2026-10-02T10:56:10.0895841Z ##[group]Run npm ci
2026-10-02T10:56:10.0896116Z [36;1mnpm ci[0m
2026-10-02T10:56:10.0963667Z shell: /usr/bin/bash --noprofile --norc -e -o pipefail {0}
2026-10-02T10:56:10.0964145Z env:
2026-10-02T10:56:10.0964350Z   NEXT_TELEMETRY_DISABLED: 1
2026-10-02T10:56:10.0964655Z   pythonLocation: /opt/hostedtoolcache/Python/3.13.15/x64
2026-10-02T10:56:10.0965085Z   PKG_CONFIG_PATH: /opt/hostedtoolcache/Python/3.13.15/x64/lib/pkgconfig
2026-10-02T10:56:10.0965511Z   Python_ROOT_DIR: /opt/hostedtoolcache/Python/3.13.15/x64
2026-10-02T10:56:10.0965883Z   Python2_ROOT_DIR: /opt/hostedtoolcache/Python/3.13.15/x64
2026-10-02T10:56:10.0966268Z   Python3_ROOT_DIR: /opt/hostedtoolcache/Python/3.13.15/x64
2026-10-02T10:56:10.0966646Z   LD_LIBRARY_PATH: /opt/hostedtoolcache/Python/3.13.15/x64/lib
2026-10-02T10:56:10.0967153Z ##[endgroup]
2026-10-02T10:56:18.2141516Z 
2026-10-02T10:56:18.2142251Z added 24 packages, and audited 25 packages in 8s
2026-10-02T10:56:18.2143035Z 
2026-10-02T10:56:18.2143501Z 6 packages are looking for funding
2026-10-02T10:56:18.2143906Z   run `npm fund` for details
2026-10-02T10:56:18.2152296Z 
2026-10-02T10:56:18.2152851Z found 0 vulnerabilities
2026-10-02T10:56:18.2679473Z ##[group]Run python scripts/run_logged.py evidence/next-build.log -- npm run build
2026-10-02T10:56:18.2680100Z [36;1mpython scripts/run_logged.py evidence/next-build.log -- npm run build[0m
2026-10-02T10:56:18.2746589Z shell: /usr/bin/bash --noprofile --norc -e -o pipefail {0}
2026-10-02T10:56:18.2746942Z env:
2026-10-02T10:56:18.2747147Z   NEXT_TELEMETRY_DISABLED: 1
2026-10-02T10:56:18.2747468Z   pythonLocation: /opt/hostedtoolcache/Python/3.13.15/x64
2026-10-02T10:56:18.2747918Z   PKG_CONFIG_PATH: /opt/hostedtoolcache/Python/3.13.15/x64/lib/pkgconfig
2026-10-02T10:56:18.2748368Z   Python_ROOT_DIR: /opt/hostedtoolcache/Python/3.13.15/x64
2026-10-02T10:56:18.2748763Z   Python2_ROOT_DIR: /opt/hostedtoolcache/Python/3.13.15/x64
2026-10-02T10:56:18.2749191Z   Python3_ROOT_DIR: /opt/hostedtoolcache/Python/3.13.15/x64
2026-10-02T10:56:18.2749579Z   LD_LIBRARY_PATH: /opt/hostedtoolcache/Python/3.13.15/x64/lib
2026-10-02T10:56:18.2749905Z ##[endgroup]
2026-10-02T10:56:35.1278163Z 
2026-10-02T10:56:35.1280646Z > airlock-review-console@0.1.0 build
2026-10-02T10:56:35.1281613Z > next build frontend --webpack && node scripts/package_console.mjs
2026-10-02T10:56:35.1282079Z 
2026-10-02T10:56:35.1282566Z ▲ Next.js 16.3.8 (webpack)
2026-10-02T10:56:35.1283189Z ✓ Running next.config.mjs took 13ms
2026-10-02T10:56:35.1285089Z ⚠ No build cache found. Please configure build caching for faster rebuilds. Read more: https://nextjs.org/docs/messages/no-cache
2026-10-02T10:56:35.1285898Z 
2026-10-02T10:56:35.1286195Z   Creating an optimized production build ...
2026-10-02T10:56:35.1286970Z ✓ Compiled successfully in 4.8s
2026-10-02T10:56:35.1287450Z   Running TypeScript ...
2026-10-02T10:56:35.1287791Z   Finished TypeScript in 1ms ...
2026-10-02T10:56:35.1288106Z   Collecting page data using 3 workers ...
2026-10-02T10:56:35.1288480Z   Generating static pages using 3 workers (0/3) ...
2026-10-02T10:56:35.1288999Z ✓ Generating static pages using 3 workers (3/3) in 472ms
2026-10-02T10:56:35.1289374Z   Finalizing page optimization ...
2026-10-02T10:56:35.1289650Z   Collecting build traces ...
2026-10-02T10:56:35.1289819Z 
2026-10-02T10:56:35.1289913Z Route (app)
2026-10-02T10:56:35.1290122Z ┌ ○ /
2026-10-02T10:56:35.1290331Z └ ○ /_not-found
2026-10-02T10:56:35.1290465Z 
2026-10-02T10:56:35.1290471Z 
2026-10-02T10:56:35.1290672Z ○  (Static)  prerendered as static content
2026-10-02T10:56:35.1290877Z 
2026-10-02T10:56:35.1291411Z {"framework":"Next.js static export","inline_script_hashes":2,"destination":"/home/runner/work/AIRLOCK/AIRLOCK/airlock/console"}
2026-10-02T10:56:35.1605748Z ##[group]Run python scripts/run_logged.py evidence/npm-audit.log -- npm audit --omit=dev
2026-10-02T10:56:35.1606453Z [36;1mpython scripts/run_logged.py evidence/npm-audit.log -- npm audit --omit=dev[0m
2026-10-02T10:56:35.1670819Z shell: /usr/bin/bash --noprofile --norc -e -o pipefail {0}
2026-10-02T10:56:35.1671165Z env:
2026-10-02T10:56:35.1671364Z   NEXT_TELEMETRY_DISABLED: 1
2026-10-02T10:56:35.1671678Z   pythonLocation: /opt/hostedtoolcache/Python/3.13.15/x64
2026-10-02T10:56:35.1672124Z   PKG_CONFIG_PATH: /opt/hostedtoolcache/Python/3.13.15/x64/lib/pkgconfig
2026-10-02T10:56:35.1672558Z   Python_ROOT_DIR: /opt/hostedtoolcache/Python/3.13.15/x64
2026-10-02T10:56:35.1672947Z   Python2_ROOT_DIR: /opt/hostedtoolcache/Python/3.13.15/x64
2026-10-02T10:56:35.1673335Z   Python3_ROOT_DIR: /opt/hostedtoolcache/Python/3.13.15/x64
2026-10-02T10:56:35.1673720Z   LD_LIBRARY_PATH: /opt/hostedtoolcache/Python/3.13.15/x64/lib
2026-10-02T10:56:35.1674340Z ##[endgroup]
2026-10-02T10:56:35.6526671Z found 0 vulnerabilities
2026-10-02T10:56:35.6675824Z ##[group]Run python scripts/run_logged.py evidence/pytest.log -- python -m pytest -q --junitxml=evidence/pytest.xml
2026-10-02T10:56:35.6676671Z [36;1mpython scripts/run_logged.py evidence/pytest.log -- python -m pytest -q --junitxml=evidence/pytest.xml[0m
2026-10-02T10:56:35.6739829Z shell: /usr/bin/bash --noprofile --norc -e -o pipefail {0}
2026-10-02T10:56:35.6740224Z env:
2026-10-02T10:56:35.6740425Z   NEXT_TELEMETRY_DISABLED: 1
2026-10-02T10:56:35.6740754Z   pythonLocation: /opt/hostedtoolcache/Python/3.13.15/x64
2026-10-02T10:56:35.6741200Z   PKG_CONFIG_PATH: /opt/hostedtoolcache/Python/3.13.15/x64/lib/pkgconfig
2026-10-02T10:56:35.6741631Z   Python_ROOT_DIR: /opt/hostedtoolcache/Python/3.13.15/x64
2026-10-02T10:56:35.6742012Z   Python2_ROOT_DIR: /opt/hostedtoolcache/Python/3.13.15/x64
2026-10-02T10:56:35.6742395Z   Python3_ROOT_DIR: /opt/hostedtoolcache/Python/3.13.15/x64
2026-10-02T10:56:35.6742775Z   LD_LIBRARY_PATH: /opt/hostedtoolcache/Python/3.13.15/x64/lib
2026-10-02T10:56:35.6743143Z ##[endgroup]
2026-10-02T10:56:56.5403871Z ........................................................................ [ 40%]
2026-10-02T10:56:56.5404816Z ........................................................................ [ 81%]
2026-10-02T10:56:56.5405320Z .................................                                        [100%]
2026-10-02T10:56:56.5405814Z =============================== warnings summary ===============================
2026-10-02T10:56:56.5406497Z ../../../../../opt/hostedtoolcache/Python/3.13.15/x64/lib/python3.13/site-packages/fastapi/testclient.py:1
2026-10-02T10:56:56.5408554Z   /opt/hostedtoolcache/Python/3.13.15/x64/lib/python3.13/site-packages/fastapi/testclient.py:1: StarletteDeprecationWarning: Using `httpx` with `starlette.testclient` is deprecated; install `httpx2` instead.
2026-10-02T10:56:56.5410403Z     from starlette.testclient import TestClient as TestClient  # noqa
2026-10-02T10:56:56.5410937Z 
2026-10-02T10:56:56.5411502Z -- Docs: https://docs.pytest.org/en/stable/how-to/capture-warnings.html
2026-10-02T10:56:56.5412357Z 177 passed, 1 warning in 19.16s
2026-10-02T10:56:56.5573259Z ##[group]Run python scripts/run_logged.py evidence/frontend-check.log -- npm run check
2026-10-02T10:56:56.5574652Z [36;1mpython scripts/run_logged.py evidence/frontend-check.log -- npm run check[0m
2026-10-02T10:56:56.5642298Z shell: /usr/bin/bash --noprofile --norc -e -o pipefail {0}
2026-10-02T10:56:56.5642649Z env:
2026-10-02T10:56:56.5642849Z   NEXT_TELEMETRY_DISABLED: 1
2026-10-02T10:56:56.5643163Z   pythonLocation: /opt/hostedtoolcache/Python/3.13.15/x64
2026-10-02T10:56:56.5643600Z   PKG_CONFIG_PATH: /opt/hostedtoolcache/Python/3.13.15/x64/lib/pkgconfig
2026-10-02T10:56:56.5644258Z   Python_ROOT_DIR: /opt/hostedtoolcache/Python/3.13.15/x64
2026-10-02T10:56:56.5644656Z   Python2_ROOT_DIR: /opt/hostedtoolcache/Python/3.13.15/x64
2026-10-02T10:56:56.5645055Z   Python3_ROOT_DIR: /opt/hostedtoolcache/Python/3.13.15/x64
2026-10-02T10:56:56.5645458Z   LD_LIBRARY_PATH: /opt/hostedtoolcache/Python/3.13.15/x64/lib
2026-10-02T10:56:56.5645794Z ##[endgroup]
2026-10-02T10:56:56.8537869Z 
2026-10-02T10:56:56.8538491Z > airlock-review-console@0.1.0 check
2026-10-02T10:56:56.8539886Z > node --check airlock/static/app.js && node --check airlock/static/review.js && node --check airlock/static/api.js && node --check airlock/static/lib.js && node --check airlock/static/governance.js && node --check airlock/static/study.js
2026-10-02T10:56:56.8540773Z 
2026-10-02T10:56:56.8690343Z ##[group]Run python scripts/run_logged.py evidence/frontend-tests.log -- npm test
2026-10-02T10:56:56.8690953Z [36;1mpython scripts/run_logged.py evidence/frontend-tests.log -- npm test[0m
2026-10-02T10:56:56.8755010Z shell: /usr/bin/bash --noprofile --norc -e -o pipefail {0}
2026-10-02T10:56:56.8755348Z env:
2026-10-02T10:56:56.8755546Z   NEXT_TELEMETRY_DISABLED: 1
2026-10-02T10:56:56.8755863Z   pythonLocation: /opt/hostedtoolcache/Python/3.13.15/x64
2026-10-02T10:56:56.8756301Z   PKG_CONFIG_PATH: /opt/hostedtoolcache/Python/3.13.15/x64/lib/pkgconfig
2026-10-02T10:56:56.8756929Z   Python_ROOT_DIR: /opt/hostedtoolcache/Python/3.13.15/x64
2026-10-02T10:56:56.8757309Z   Python2_ROOT_DIR: /opt/hostedtoolcache/Python/3.13.15/x64
2026-10-02T10:56:56.8757684Z   Python3_ROOT_DIR: /opt/hostedtoolcache/Python/3.13.15/x64
2026-10-02T10:56:56.8758083Z   LD_LIBRARY_PATH: /opt/hostedtoolcache/Python/3.13.15/x64/lib
2026-10-02T10:56:56.8758409Z ##[endgroup]
2026-10-02T10:56:57.1370146Z 
2026-10-02T10:56:57.1370838Z > airlock-review-console@0.1.0 test
2026-10-02T10:56:57.1371273Z > node --test tests-js/*.test.js
2026-10-02T10:56:57.1371460Z 
2026-10-02T10:56:57.1371550Z TAP version 13
2026-10-02T10:56:57.1371986Z # Subtest: visibility timing excludes background and unselected periods
2026-10-02T10:56:57.1372558Z ok 1 - visibility timing excludes background and unselected periods
2026-10-02T10:56:57.1372913Z   ---
2026-10-02T10:56:57.1373245Z   duration_ms: 0.963458
2026-10-02T10:56:57.1373622Z   type: 'test'
2026-10-02T10:56:57.1373950Z   ...
2026-10-02T10:56:57.1374918Z # Subtest: approval requires exact scope phrase and reason
2026-10-02T10:56:57.1375645Z ok 2 - approval requires exact scope phrase and reason
2026-10-02T10:56:57.1375955Z   ---
2026-10-02T10:56:57.1376151Z   duration_ms: 0.357193
2026-10-02T10:56:57.1376366Z   type: 'test'
2026-10-02T10:56:57.1376556Z   ...
2026-10-02T10:56:57.1376912Z # Subtest: SSE framing survives partial chunks, CRLF and heartbeats
2026-10-02T10:56:57.1377415Z ok 3 - SSE framing survives partial chunks, CRLF and heartbeats
2026-10-02T10:56:57.1377735Z   ---
2026-10-02T10:56:57.1377923Z   duration_ms: 1.014212
2026-10-02T10:56:57.1378135Z   type: 'test'
2026-10-02T10:56:57.1378317Z   ...
2026-10-02T10:56:57.1378555Z # Subtest: oversized event rejected
2026-10-02T10:56:57.1378851Z ok 4 - oversized event rejected
2026-10-02T10:56:57.1379076Z   ---
2026-10-02T10:56:57.1379260Z   duration_ms: 1.225855
2026-10-02T10:56:57.1379465Z   type: 'test'
2026-10-02T10:56:57.1379642Z   ...
2026-10-02T10:56:57.1379903Z # Subtest: countdown clamps expired actions
2026-10-02T10:56:57.1380250Z ok 5 - countdown clamps expired actions
2026-10-02T10:56:57.1380506Z   ---
2026-10-02T10:56:57.1380689Z   duration_ms: 0.271915
2026-10-02T10:56:57.1380896Z   type: 'test'
2026-10-02T10:56:57.1381108Z   ...
2026-10-02T10:56:57.1381469Z # Subtest: latency formatting keeps number and unit together on mobile
2026-10-02T10:56:57.1382000Z ok 6 - latency formatting keeps number and unit together on mobile
2026-10-02T10:56:57.1382333Z   ---
2026-10-02T10:56:57.1382520Z   duration_ms: 0.188029
2026-10-02T10:56:57.1382729Z   type: 'test'
2026-10-02T10:56:57.1382912Z   ...
2026-10-02T10:56:57.1383090Z 1..6
2026-10-02T10:56:57.1383263Z # tests 6
2026-10-02T10:56:57.1383439Z # suites 0
2026-10-02T10:56:57.1383616Z # pass 6
2026-10-02T10:56:57.1383794Z # fail 0
2026-10-02T10:56:57.1383968Z # cancelled 0
2026-10-02T10:56:57.1384552Z # skipped 0
2026-10-02T10:56:57.1384771Z # todo 0
2026-10-02T10:56:57.1384973Z # duration_ms 76.618167
2026-10-02T10:56:57.1520733Z ##[group]Run python -m benchmark.generate
2026-10-02T10:56:57.1521092Z [36;1mpython -m benchmark.generate[0m
2026-10-02T10:56:57.1585021Z shell: /usr/bin/bash --noprofile --norc -e -o pipefail {0}
2026-10-02T10:56:57.1585446Z env:
2026-10-02T10:56:57.1585695Z   NEXT_TELEMETRY_DISABLED: 1
2026-10-02T10:56:57.1586023Z   pythonLocation: /opt/hostedtoolcache/Python/3.13.15/x64
2026-10-02T10:56:57.1586496Z   PKG_CONFIG_PATH: /opt/hostedtoolcache/Python/3.13.15/x64/lib/pkgconfig
2026-10-02T10:56:57.1586949Z   Python_ROOT_DIR: /opt/hostedtoolcache/Python/3.13.15/x64
2026-10-02T10:56:57.1587369Z   Python2_ROOT_DIR: /opt/hostedtoolcache/Python/3.13.15/x64
2026-10-02T10:56:57.1587775Z   Python3_ROOT_DIR: /opt/hostedtoolcache/Python/3.13.15/x64
2026-10-02T10:56:57.1588182Z   LD_LIBRARY_PATH: /opt/hostedtoolcache/Python/3.13.15/x64/lib
2026-10-02T10:56:57.1588525Z ##[endgroup]
2026-10-02T10:56:57.2016418Z {"sha256": "243854b51e7039324de4c31fa7a67af1a98ddc48b9c9edfbbac581a2c2f73af7", "cases": 200, "families": 40, "dev_cases": 120, "test_cases": 80, "source": "synthetic only", "independent_annotators": 0, "human_experiment": "not_run"}
2026-10-02T10:56:57.2098390Z ##[group]Run cp benchmark/cases.jsonl evidence/synthetic-cases.jsonl
2026-10-02T10:56:57.2098946Z [36;1mcp benchmark/cases.jsonl evidence/synthetic-cases.jsonl[0m
2026-10-02T10:56:57.2162352Z shell: /usr/bin/bash --noprofile --norc -e -o pipefail {0}
2026-10-02T10:56:57.2162697Z env:
2026-10-02T10:56:57.2162892Z   NEXT_TELEMETRY_DISABLED: 1
2026-10-02T10:56:57.2163218Z   pythonLocation: /opt/hostedtoolcache/Python/3.13.15/x64
2026-10-02T10:56:57.2163664Z   PKG_CONFIG_PATH: /opt/hostedtoolcache/Python/3.13.15/x64/lib/pkgconfig
2026-10-02T10:56:57.2164405Z   Python_ROOT_DIR: /opt/hostedtoolcache/Python/3.13.15/x64
2026-10-02T10:56:57.2164802Z   Python2_ROOT_DIR: /opt/hostedtoolcache/Python/3.13.15/x64
2026-10-02T10:56:57.2165193Z   Python3_ROOT_DIR: /opt/hostedtoolcache/Python/3.13.15/x64
2026-10-02T10:56:57.2165587Z   LD_LIBRARY_PATH: /opt/hostedtoolcache/Python/3.13.15/x64/lib
2026-10-02T10:56:57.2165930Z ##[endgroup]
2026-10-02T10:56:57.2336545Z ##[group]Run python scripts/run_logged.py evidence/benchmark-dev.log -- python -m benchmark.evaluate --split dev --tuning --output evidence/benchmark-dev.json
2026-10-02T10:56:57.2337678Z [36;1mpython scripts/run_logged.py evidence/benchmark-dev.log -- python -m benchmark.evaluate --split dev --tuning --output evidence/benchmark-dev.json[0m
2026-10-02T10:56:57.2399413Z shell: /usr/bin/bash --noprofile --norc -e -o pipefail {0}
2026-10-02T10:56:57.2399759Z env:
2026-10-02T10:56:57.2399964Z   NEXT_TELEMETRY_DISABLED: 1
2026-10-02T10:56:57.2400310Z   pythonLocation: /opt/hostedtoolcache/Python/3.13.15/x64
2026-10-02T10:56:57.2400761Z   PKG_CONFIG_PATH: /opt/hostedtoolcache/Python/3.13.15/x64/lib/pkgconfig
2026-10-02T10:56:57.2401216Z   Python_ROOT_DIR: /opt/hostedtoolcache/Python/3.13.15/x64
2026-10-02T10:56:57.2401604Z   Python2_ROOT_DIR: /opt/hostedtoolcache/Python/3.13.15/x64
2026-10-02T10:56:57.2402001Z   Python3_ROOT_DIR: /opt/hostedtoolcache/Python/3.13.15/x64
2026-10-02T10:56:57.2402421Z   LD_LIBRARY_PATH: /opt/hostedtoolcache/Python/3.13.15/x64/lib
2026-10-02T10:56:57.2402749Z ##[endgroup]
2026-10-02T10:57:00.1146587Z {
2026-10-02T10:57:00.1147029Z   "recorded_at_utc": "2026-10-02T10:57:00.062013+00:00",
2026-10-02T10:57:00.1147367Z   "split": "dev",
2026-10-02T10:57:00.1147803Z   "corpus_sha256": "243854b51e7039324de4c31fa7a67af1a98ddc48b9c9edfbbac581a2c2f73af7",
2026-10-02T10:57:00.1148251Z   "python": "3.13.15",
2026-10-02T10:57:00.1148476Z   "sqlite": "3.45.1",
2026-10-02T10:57:00.1148688Z   "cases": 120,
2026-10-02T10:57:00.1148895Z   "families": 24,
2026-10-02T10:57:00.1149106Z   "keyword_baseline": {
2026-10-02T10:57:00.1149372Z     "exact_accuracy": 0.5833333333333334,
2026-10-02T10:57:00.1149691Z     "policy_gating_recall": 0.7222222222222222,
2026-10-02T10:57:00.1150282Z     "supported_read_fpr": 0.5,
2026-10-02T10:57:00.1150762Z     "supported_write_interception": 1.0,
2026-10-02T10:57:00.1151252Z     "denominators": {
2026-10-02T10:57:00.1151616Z       "all": 120,
2026-10-02T10:57:00.1151928Z       "requires_gate": 90,
2026-10-02T10:57:00.1152176Z       "supported_reads": 30,
2026-10-02T10:57:00.1152422Z       "supported_writes": 40
2026-10-02T10:57:00.1152654Z     },
2026-10-02T10:57:00.1152845Z     "confusion": {
2026-10-02T10:57:00.1153066Z       "pass -> block": 5,
2026-10-02T10:57:00.1153341Z       "pass -> need_approval": 10,
2026-10-02T10:57:00.1153602Z       "pass -> pass": 15,
2026-10-02T10:57:00.1153881Z       "need_approval -> need_approval": 40,
2026-10-02T10:57:00.1154604Z       "block -> block": 15,
2026-10-02T10:57:00.1154987Z       "block -> pass": 25,
2026-10-02T10:57:00.1155317Z       "block -> need_approval": 10
2026-10-02T10:57:00.1155578Z     }
2026-10-02T10:57:00.1155756Z   },
2026-10-02T10:57:00.1155936Z   "airlock": {
2026-10-02T10:57:00.1156149Z     "exact_accuracy": 1.0,
2026-10-02T10:57:00.1156412Z     "policy_gating_recall": 1.0,
2026-10-02T10:57:00.1157035Z     "supported_read_fpr": 0.0,
2026-10-02T10:57:00.1157345Z     "supported_write_interception": 1.0,
2026-10-02T10:57:00.1157627Z     "denominators": {
2026-10-02T10:57:00.1157847Z       "all": 120,
2026-10-02T10:57:00.1158060Z       "requires_gate": 90,
2026-10-02T10:57:00.1158298Z       "supported_reads": 30,
2026-10-02T10:57:00.1158540Z       "supported_writes": 40
2026-10-02T10:57:00.1158772Z     },
2026-10-02T10:57:00.1158962Z     "confusion": {
2026-10-02T10:57:00.1159180Z       "pass -> pass": 30,
2026-10-02T10:57:00.1159466Z       "need_approval -> need_approval": 40,
2026-10-02T10:57:00.1159758Z       "block -> block": 50
2026-10-02T10:57:00.1159983Z     }
2026-10-02T10:57:00.1160162Z   },
2026-10-02T10:57:00.1160380Z   "impact_exact_match_count": 40,
2026-10-02T10:57:00.1160647Z   "impact_denominator": 40,
2026-10-02T10:57:00.1160906Z   "evaluation_p95_ms": 12.848,
2026-10-02T10:57:00.1161145Z   "static_p95_ms": 0.099,
2026-10-02T10:57:00.1161371Z   "preview_p95_ms": 10.443,
2026-10-02T10:57:00.1161619Z   "pure_llm": "not_run",
2026-10-02T10:57:00.1162167Z   "hybrid_llm": "not_run_use_benchmark.ablation_with_authorization",
2026-10-02T10:57:00.1162550Z   "human_ab": "not_run",
2026-10-02T10:57:00.1162785Z   "cohens_kappa": null,
2026-10-02T10:57:00.1163008Z   "limitations": [
2026-10-02T10:57:00.1163248Z     "synthetic authored cases only",
2026-10-02T10:57:00.1163578Z     "correlated variants, only 40 families total",
2026-10-02T10:57:00.1164394Z     "author saw all templates; family split is not independent external validation",
2026-10-02T10:57:00.1165049Z     "gate recall includes unsupported/invalid statements, not a real-world danger recall",
2026-10-02T10:57:00.1165677Z     "latency excludes network and human review; this is a bounded 1206-row SQLite demo"
2026-10-02T10:57:00.1166083Z   ]
2026-10-02T10:57:00.1166259Z }
2026-10-02T10:57:00.1291300Z ##[group]Run python scripts/run_logged.py evidence/benchmark-test.log -- python -m benchmark.evaluate --split test --output evidence/benchmark-test.json
2026-10-02T10:57:00.1292411Z [36;1mpython scripts/run_logged.py evidence/benchmark-test.log -- python -m benchmark.evaluate --split test --output evidence/benchmark-test.json[0m
2026-10-02T10:57:00.1356163Z shell: /usr/bin/bash --noprofile --norc -e -o pipefail {0}
2026-10-02T10:57:00.1356505Z env:
2026-10-02T10:57:00.1356704Z   NEXT_TELEMETRY_DISABLED: 1
2026-10-02T10:57:00.1357013Z   pythonLocation: /opt/hostedtoolcache/Python/3.13.15/x64
2026-10-02T10:57:00.1357462Z   PKG_CONFIG_PATH: /opt/hostedtoolcache/Python/3.13.15/x64/lib/pkgconfig
2026-10-02T10:57:00.1357884Z   Python_ROOT_DIR: /opt/hostedtoolcache/Python/3.13.15/x64
2026-10-02T10:57:00.1358262Z   Python2_ROOT_DIR: /opt/hostedtoolcache/Python/3.13.15/x64
2026-10-02T10:57:00.1358639Z   Python3_ROOT_DIR: /opt/hostedtoolcache/Python/3.13.15/x64
2026-10-02T10:57:00.1359089Z   LD_LIBRARY_PATH: /opt/hostedtoolcache/Python/3.13.15/x64/lib
2026-10-02T10:57:00.1359420Z ##[endgroup]
2026-10-02T10:57:02.1252058Z {
2026-10-02T10:57:02.1252761Z   "recorded_at_utc": "2026-10-02T10:57:02.070454+00:00",
2026-10-02T10:57:02.1253415Z   "split": "test",
2026-10-02T10:57:02.1254503Z   "corpus_sha256": "243854b51e7039324de4c31fa7a67af1a98ddc48b9c9edfbbac581a2c2f73af7",
2026-10-02T10:57:02.1255172Z   "python": "3.13.15",
2026-10-02T10:57:02.1255443Z   "sqlite": "3.45.1",
2026-10-02T10:57:02.1255705Z   "cases": 80,
2026-10-02T10:57:02.1255941Z   "families": 16,
2026-10-02T10:57:02.1256193Z   "keyword_baseline": {
2026-10-02T10:57:02.1256468Z     "exact_accuracy": 0.75,
2026-10-02T10:57:02.1256791Z     "policy_gating_recall": 0.8,
2026-10-02T10:57:02.1257187Z     "supported_read_fpr": 0.0,
2026-10-02T10:57:02.1257746Z     "supported_write_interception": 1.0,
2026-10-02T10:57:02.1258240Z     "denominators": {
2026-10-02T10:57:02.1258594Z       "all": 80,
2026-10-02T10:57:02.1258878Z       "requires_gate": 50,
2026-10-02T10:57:02.1259168Z       "supported_reads": 30,
2026-10-02T10:57:02.1259460Z       "supported_writes": 20
2026-10-02T10:57:02.1259742Z     },
2026-10-02T10:57:02.1260245Z     "confusion": {
2026-10-02T10:57:02.1260504Z       "pass -> pass": 30,
2026-10-02T10:57:02.1260843Z       "need_approval -> need_approval": 20,
2026-10-02T10:57:02.1261194Z       "block -> block": 10,
2026-10-02T10:57:02.1261528Z       "block -> need_approval": 10,
2026-10-02T10:57:02.1261856Z       "block -> pass": 10
2026-10-02T10:57:02.1262116Z     }
2026-10-02T10:57:02.1262325Z   },
2026-10-02T10:57:02.1262539Z   "airlock": {
2026-10-02T10:57:02.1262787Z     "exact_accuracy": 1.0,
2026-10-02T10:57:02.1263100Z     "policy_gating_recall": 1.0,
2026-10-02T10:57:02.1263438Z     "supported_read_fpr": 0.0,
2026-10-02T10:57:02.1263781Z     "supported_write_interception": 1.0,
2026-10-02T10:57:02.1264416Z     "denominators": {
2026-10-02T10:57:02.1264736Z       "all": 80,
2026-10-02T10:57:02.1264998Z       "requires_gate": 50,
2026-10-02T10:57:02.1265282Z       "supported_reads": 30,
2026-10-02T10:57:02.1265578Z       "supported_writes": 20
2026-10-02T10:57:02.1265851Z     },
2026-10-02T10:57:02.1266076Z     "confusion": {
2026-10-02T10:57:02.1266332Z       "pass -> pass": 30,
2026-10-02T10:57:02.1266667Z       "need_approval -> need_approval": 20,
2026-10-02T10:57:02.1267010Z       "block -> block": 30
2026-10-02T10:57:02.1267296Z     }
2026-10-02T10:57:02.1267505Z   },
2026-10-02T10:57:02.1267764Z   "impact_exact_match_count": 20,
2026-10-02T10:57:02.1268085Z   "impact_denominator": 20,
2026-10-02T10:57:02.1268378Z   "evaluation_p95_ms": 12.79,
2026-10-02T10:57:02.1268827Z   "static_p95_ms": 0.104,
2026-10-02T10:57:02.1269083Z   "preview_p95_ms": 10.199,
2026-10-02T10:57:02.1269323Z   "pure_llm": "not_run",
2026-10-02T10:57:02.1269706Z   "hybrid_llm": "not_run_use_benchmark.ablation_with_authorization",
2026-10-02T10:57:02.1270166Z   "human_ab": "not_run",
2026-10-02T10:57:02.1270592Z   "cohens_kappa": null,
2026-10-02T10:57:02.1271315Z   "limitations": [
2026-10-02T10:57:02.1271835Z     "synthetic authored cases only",
2026-10-02T10:57:02.1272448Z     "correlated variants, only 40 families total",
2026-10-02T10:57:02.1273338Z     "author saw all templates; family split is not independent external validation",
2026-10-02T10:57:02.1274252Z     "gate recall includes unsupported/invalid statements, not a real-world danger recall",
2026-10-02T10:57:02.1275260Z     "latency excludes network and human review; this is a bounded 1206-row SQLite demo"
2026-10-02T10:57:02.1275996Z   ]
2026-10-02T10:57:02.1276184Z }
2026-10-02T10:57:02.1399405Z ##[group]Run python -m playwright install --with-deps chromium
2026-10-02T10:57:02.1399893Z [36;1mpython -m playwright install --with-deps chromium[0m
2026-10-02T10:57:02.1463844Z shell: /usr/bin/bash --noprofile --norc -e -o pipefail {0}
2026-10-02T10:57:02.1464506Z env:
2026-10-02T10:57:02.1464711Z   NEXT_TELEMETRY_DISABLED: 1
2026-10-02T10:57:02.1465024Z   pythonLocation: /opt/hostedtoolcache/Python/3.13.15/x64
2026-10-02T10:57:02.1465462Z   PKG_CONFIG_PATH: /opt/hostedtoolcache/Python/3.13.15/x64/lib/pkgconfig
2026-10-02T10:57:02.1465911Z   Python_ROOT_DIR: /opt/hostedtoolcache/Python/3.13.15/x64
2026-10-02T10:57:02.1466312Z   Python2_ROOT_DIR: /opt/hostedtoolcache/Python/3.13.15/x64
2026-10-02T10:57:02.1466700Z   Python3_ROOT_DIR: /opt/hostedtoolcache/Python/3.13.15/x64
2026-10-02T10:57:02.1467106Z   LD_LIBRARY_PATH: /opt/hostedtoolcache/Python/3.13.15/x64/lib
2026-10-02T10:57:02.1467433Z ##[endgroup]
2026-10-02T10:57:02.4760446Z Installing dependencies...
2026-10-02T10:57:02.4841191Z Switching to root user to install dependencies...
2026-10-02T10:57:02.5766079Z Get:1 file:/etc/apt/apt-mirrors.txt Mirrorlist [144 B]
2026-10-02T10:57:02.6117807Z Get:6 https://packages.microsoft.com/ubuntu/24.04/prod noble InRelease [3600 B]
2026-10-02T10:57:02.6251146Z Hit:2 http://azure.archive.ubuntu.com/ubuntu noble InRelease
2026-10-02T10:57:02.6288447Z Get:3 http://azure.archive.ubuntu.com/ubuntu noble-updates InRelease [126 kB]
2026-10-02T10:57:02.6331410Z Get:4 http://azure.archive.ubuntu.com/ubuntu noble-backports InRelease [126 kB]
2026-10-02T10:57:02.6360318Z Get:5 http://azure.archive.ubuntu.com/ubuntu noble-security InRelease [126 kB]
2026-10-02T10:57:02.6966057Z Get:7 https://packages.microsoft.com/ubuntu/24.04/prod noble/main armhf Packages [12.6 kB]
2026-10-02T10:57:02.7060861Z Get:8 https://packages.microsoft.com/ubuntu/24.04/prod noble/main arm64 Packages [458 kB]
2026-10-02T10:57:02.7128855Z Get:9 https://packages.microsoft.com/ubuntu/24.04/prod noble/main amd64 Packages [510 kB]
2026-10-02T10:57:02.8140218Z Get:10 http://azure.archive.ubuntu.com/ubuntu noble-updates/main amd64 Packages [1364 kB]
2026-10-02T10:57:02.8226270Z Get:11 http://azure.archive.ubuntu.com/ubuntu noble-updates/main Translation-en [304 kB]
2026-10-02T10:57:02.8239641Z Get:12 http://azure.archive.ubuntu.com/ubuntu noble-updates/main amd64 Components [180 kB]
2026-10-02T10:57:02.8283296Z Get:13 http://azure.archive.ubuntu.com/ubuntu noble-updates/universe amd64 Packages [1699 kB]
2026-10-02T10:57:02.8347091Z Get:14 http://azure.archive.ubuntu.com/ubuntu noble-updates/universe Translation-en [341 kB]
2026-10-02T10:57:02.8375371Z Get:15 http://azure.archive.ubuntu.com/ubuntu noble-updates/universe amd64 Components [388 kB]
2026-10-02T10:57:02.8402382Z Get:16 http://azure.archive.ubuntu.com/ubuntu noble-updates/restricted amd64 Packages [1720 kB]
2026-10-02T10:57:02.8496732Z Get:17 http://azure.archive.ubuntu.com/ubuntu noble-updates/restricted Translation-en [394 kB]
2026-10-02T10:57:02.8547108Z Get:18 http://azure.archive.ubuntu.com/ubuntu noble-updates/multiverse amd64 Components [940 B]
2026-10-02T10:57:02.8757600Z Get:19 http://azure.archive.ubuntu.com/ubuntu noble-backports/main amd64 Components [5764 B]
2026-10-02T10:57:02.9232770Z Get:20 http://azure.archive.ubuntu.com/ubuntu noble-backports/universe amd64 Components [12.6 kB]
2026-10-02T10:57:02.9346342Z Get:21 http://azure.archive.ubuntu.com/ubuntu noble-security/main amd64 Packages [1069 kB]
2026-10-02T10:57:02.9405681Z Get:22 http://azure.archive.ubuntu.com/ubuntu noble-security/main Translation-en [221 kB]
2026-10-02T10:57:02.9430359Z Get:23 http://azure.archive.ubuntu.com/ubuntu noble-security/main amd64 Components [46.3 kB]
2026-10-02T10:57:02.9448398Z Get:24 http://azure.archive.ubuntu.com/ubuntu noble-security/universe amd64 Packages [1216 kB]
2026-10-02T10:57:02.9525986Z Get:25 http://azure.archive.ubuntu.com/ubuntu noble-security/universe Translation-en [244 kB]
2026-10-02T10:57:02.9546331Z Get:26 http://azure.archive.ubuntu.com/ubuntu noble-security/universe amd64 Components [76.3 kB]
2026-10-02T10:57:02.9562777Z Get:27 http://azure.archive.ubuntu.com/ubuntu noble-security/restricted amd64 Packages [1566 kB]
2026-10-02T10:57:02.9663218Z Get:28 http://azure.archive.ubuntu.com/ubuntu noble-security/restricted Translation-en [361 kB]
2026-10-02T10:57:07.3623447Z Fetched 12.6 MB in 1s (8930 kB/s)
2026-10-02T10:57:08.2143358Z Reading package lists...
2026-10-02T10:57:08.2387764Z Reading package lists...
2026-10-02T10:57:08.4466440Z Building dependency tree...
2026-10-02T10:57:08.4474212Z Reading state information...
2026-10-02T10:57:08.6237663Z libasound2t64 is already the newest version (1.2.11-1ubuntu0.3).
2026-10-02T10:57:08.6238482Z libasound2t64 set to manually installed.
2026-10-02T10:57:08.6239264Z libatk-bridge2.0-0t64 is already the newest version (2.52.0-1build1).
2026-10-02T10:57:08.6239896Z libatk-bridge2.0-0t64 set to manually installed.
2026-10-02T10:57:08.6240481Z libatk1.0-0t64 is already the newest version (2.52.0-1build1).
2026-10-02T10:57:08.6241228Z libatk1.0-0t64 set to manually installed.
2026-10-02T10:57:08.6241815Z libatspi2.0-0t64 is already the newest version (2.52.0-1build1).
2026-10-02T10:57:08.6242381Z libatspi2.0-0t64 set to manually installed.
2026-10-02T10:57:08.6242920Z libcairo2 is already the newest version (1.18.0-3build1).
2026-10-02T10:57:08.6243424Z libcairo2 set to manually installed.
2026-10-02T10:57:08.6244295Z libcups2t64 is already the newest version (2.4.7-1.2ubuntu7.14).
2026-10-02T10:57:08.6245106Z libcups2t64 set to manually installed.
2026-10-02T10:57:08.6245660Z libdbus-1-3 is already the newest version (1.14.10-4ubuntu4.1).
2026-10-02T10:57:08.6246637Z libdbus-1-3 set to manually installed.
2026-10-02T10:57:08.6247271Z libdrm2 is already the newest version (2.4.125-1ubuntu0.1~24.04.2).
2026-10-02T10:57:08.6248146Z libdrm2 set to manually installed.
2026-10-02T10:57:08.6248860Z libglib2.0-0t64 is already the newest version (2.80.0-6ubuntu3.9).
2026-10-02T10:57:08.6249430Z libglib2.0-0t64 set to manually installed.
2026-10-02T10:57:08.6249950Z libnspr4 is already the newest version (2:4.35-1.1build1).
2026-10-02T10:57:08.6250345Z libnspr4 set to manually installed.
2026-10-02T10:57:08.6250735Z libnss3 is already the newest version (2:3.98-1ubuntu0.2).
2026-10-02T10:57:08.6251278Z libnss3 set to manually installed.
2026-10-02T10:57:08.6251770Z libpango-1.0-0 is already the newest version (1.52.1+ds-1build1).
2026-10-02T10:57:08.6252187Z libpango-1.0-0 set to manually installed.
2026-10-02T10:57:08.6252582Z libx11-6 is already the newest version (2:1.8.7-1build1).
2026-10-02T10:57:08.6252948Z libx11-6 set to manually installed.
2026-10-02T10:57:08.6253315Z libxcb1 is already the newest version (1.15-1ubuntu2).
2026-10-02T10:57:08.6253675Z libxcb1 set to manually installed.
2026-10-02T10:57:08.6254519Z libxcomposite1 is already the newest version (1:0.4.5-1build3).
2026-10-02T10:57:08.6255238Z libxcomposite1 set to manually installed.
2026-10-02T10:57:08.6255665Z libxdamage1 is already the newest version (1:1.1.6-1build1).
2026-10-02T10:57:08.6256058Z libxdamage1 set to manually installed.
2026-10-02T10:57:08.6256444Z libxext6 is already the newest version (2:1.3.4-1build2).
2026-10-02T10:57:08.6256810Z libxext6 set to manually installed.
2026-10-02T10:57:08.6257193Z libxfixes3 is already the newest version (1:6.0.0-2build1).
2026-10-02T10:57:08.6257671Z libxfixes3 set to manually installed.
2026-10-02T10:57:08.6258178Z libxkbcommon0 is already the newest version (1.6.0-1build1).
2026-10-02T10:57:08.6258571Z libxkbcommon0 set to manually installed.
2026-10-02T10:57:08.6258966Z libxrandr2 is already the newest version (2:1.5.2-2build1).
2026-10-02T10:57:08.6259345Z libxrandr2 set to manually installed.
2026-10-02T10:57:08.6259745Z xvfb is already the newest version (2:21.1.12-1ubuntu1.8).
2026-10-02T10:57:08.6260278Z fonts-noto-color-emoji is already the newest version (2.047-0ubuntu0.24.04.1).
2026-10-02T10:57:08.6260835Z libfontconfig1 is already the newest version (2.15.0-1.1ubuntu2).
2026-10-02T10:57:08.6261456Z libfontconfig1 set to manually installed.
2026-10-02T10:57:08.6261915Z libfreetype6 is already the newest version (2.13.2+dfsg-1ubuntu0.1).
2026-10-02T10:57:08.6262345Z libfreetype6 set to manually installed.
2026-10-02T10:57:08.6262760Z fonts-liberation is already the newest version (1:2.1.5-3).
2026-10-02T10:57:08.6263261Z fonts-liberation set to manually installed.
2026-10-02T10:57:08.6263803Z The following additional packages will be installed:
2026-10-02T10:57:08.6264581Z   libgl1-mesa-dri libglx-mesa0 libwayland-server0 mesa-libgallium
2026-10-02T10:57:08.6264980Z   xfonts-encodings xfonts-utils
2026-10-02T10:57:08.6265272Z Recommended packages:
2026-10-02T10:57:08.6265541Z   fonts-ipafont-mincho fonts-tlwg-loma
2026-10-02T10:57:08.6448426Z The following NEW packages will be installed:
2026-10-02T10:57:08.6449274Z   fonts-freefont-ttf fonts-ipafont-gothic fonts-tlwg-loma-otf fonts-unifont
2026-10-02T10:57:08.6454805Z   fonts-wqy-zenhei libwayland-server0 xfonts-cyrillic xfonts-encodings
2026-10-02T10:57:08.6455670Z   xfonts-scalable xfonts-utils
2026-10-02T10:57:08.6459062Z The following packages will be upgraded:
2026-10-02T10:57:08.6463391Z   libgbm1 libgl1-mesa-dri libglx-mesa0 mesa-libgallium
2026-10-02T10:57:08.6627130Z 4 upgraded, 10 newly installed, 0 to remove and 21 not upgraded.
2026-10-02T10:57:08.6627872Z Need to get 32.1 MB of archives.
2026-10-02T10:57:08.6628341Z After this operation, 79.7 MB of additional disk space will be used.
2026-10-02T10:57:08.6628879Z Get:1 file:/etc/apt/apt-mirrors.txt Mirrorlist [144 B]
2026-10-02T10:57:08.7875031Z Get:2 http://azure.archive.ubuntu.com/ubuntu noble/universe amd64 fonts-ipafont-gothic all 00303-21ubuntu1 [3513 kB]
2026-10-02T10:57:09.0017833Z Get:3 http://azure.archive.ubuntu.com/ubuntu noble/main amd64 fonts-freefont-ttf all 20211204+svn4273-2 [5641 kB]
2026-10-02T10:57:09.2951257Z Get:4 http://azure.archive.ubuntu.com/ubuntu noble/universe amd64 fonts-tlwg-loma-otf all 1:0.7.3-1 [107 kB]
2026-10-02T10:57:09.3992184Z Get:5 http://azure.archive.ubuntu.com/ubuntu noble/universe amd64 fonts-unifont all 1:15.1.01-1build1 [2993 kB]
2026-10-02T10:57:09.6087869Z Get:6 http://azure.archive.ubuntu.com/ubuntu noble/universe amd64 fonts-wqy-zenhei all 0.9.45-8 [7472 kB]
2026-10-02T10:57:10.1027558Z Get:7 http://azure.archive.ubuntu.com/ubuntu noble-updates/main amd64 libgl1-mesa-dri amd64 25.2.8-0ubuntu0.24.04.3 [37.9 kB]
2026-10-02T10:57:10.2083850Z Get:8 http://azure.archive.ubuntu.com/ubuntu noble/main amd64 libwayland-server0 amd64 1.22.0-2.1build1 [33.9 kB]
2026-10-02T10:57:10.3137133Z Get:9 http://azure.archive.ubuntu.com/ubuntu noble-updates/main amd64 libglx-mesa0 amd64 25.2.8-0ubuntu0.24.04.3 [110 kB]
2026-10-02T10:57:10.4197297Z Get:10 http://azure.archive.ubuntu.com/ubuntu noble-updates/main amd64 libgbm1 amd64 25.2.8-0ubuntu0.24.04.3 [34.3 kB]
2026-10-02T10:57:10.5239341Z Get:11 http://azure.archive.ubuntu.com/ubuntu noble-updates/main amd64 mesa-libgallium amd64 25.2.8-0ubuntu0.24.04.3 [10.8 MB]
2026-10-02T10:57:10.9956703Z Get:12 http://azure.archive.ubuntu.com/ubuntu noble/main amd64 xfonts-encodings all 1:1.0.5-0ubuntu2 [578 kB]
2026-10-02T10:57:11.1175368Z Get:13 http://azure.archive.ubuntu.com/ubuntu noble/main amd64 xfonts-utils amd64 1:7.7+6build3 [94.4 kB]
2026-10-02T10:57:11.2253047Z Get:14 http://azure.archive.ubuntu.com/ubuntu noble/universe amd64 xfonts-cyrillic all 1:1.0.5+nmu1 [384 kB]
2026-10-02T10:57:11.3402644Z Get:15 http://azure.archive.ubuntu.com/ubuntu noble/main amd64 xfonts-scalable all 1:1.0.3-1.3 [304 kB]
2026-10-02T10:57:11.6103770Z Fetched 32.1 MB in 3s (11.9 MB/s)
2026-10-02T10:57:11.6347577Z Selecting previously unselected package fonts-ipafont-gothic.
2026-10-02T10:57:11.6664247Z (Reading database ... 
2026-10-02T10:57:11.6664798Z (Reading database ... 5%
2026-10-02T10:57:11.6665305Z (Reading database ... 10%
2026-10-02T10:57:11.6665672Z (Reading database ... 15%
2026-10-02T10:57:11.6665947Z (Reading database ... 20%
2026-10-02T10:57:11.6666230Z (Reading database ... 25%
2026-10-02T10:57:11.6666523Z (Reading database ... 30%
2026-10-02T10:57:11.6667168Z (Reading database ... 35%
2026-10-02T10:57:11.6667674Z (Reading database ... 40%
2026-10-02T10:57:11.6668141Z (Reading database ... 45%
2026-10-02T10:57:11.6668496Z (Reading database ... 50%
2026-10-02T10:57:11.6722851Z (Reading database ... 55%
2026-10-02T10:57:11.7667851Z (Reading database ... 60%
2026-10-02T10:57:11.9719273Z (Reading database ... 65%
2026-10-02T10:57:12.1819419Z (Reading database ... 70%
2026-10-02T10:57:12.3645442Z (Reading database ... 75%
2026-10-02T10:57:12.4816025Z (Reading database ... 80%
2026-10-02T10:57:12.6170076Z (Reading database ... 85%
2026-10-02T10:57:12.6884929Z (Reading database ... 90%
2026-10-02T10:57:12.7934467Z (Reading database ... 95%
2026-10-02T10:57:12.7935254Z (Reading database ... 100%
2026-10-02T10:57:12.7935957Z (Reading database ... 202296 files and directories currently installed.)
2026-10-02T10:57:12.7978259Z Preparing to unpack .../00-fonts-ipafont-gothic_00303-21ubuntu1_all.deb ...
2026-10-02T10:57:12.8068557Z Unpacking fonts-ipafont-gothic (00303-21ubuntu1) ...
2026-10-02T10:57:13.0381897Z Selecting previously unselected package fonts-freefont-ttf.
2026-10-02T10:57:13.0508437Z Preparing to unpack .../01-fonts-freefont-ttf_20211204+svn4273-2_all.deb ...
2026-10-02T10:57:13.0515151Z Unpacking fonts-freefont-ttf (20211204+svn4273-2) ...
2026-10-02T10:57:13.1293835Z Selecting previously unselected package fonts-tlwg-loma-otf.
2026-10-02T10:57:13.1419293Z Preparing to unpack .../02-fonts-tlwg-loma-otf_1%3a0.7.3-1_all.deb ...
2026-10-02T10:57:13.1425855Z Unpacking fonts-tlwg-loma-otf (1:0.7.3-1) ...
2026-10-02T10:57:13.1630780Z Selecting previously unselected package fonts-unifont.
2026-10-02T10:57:13.1759155Z Preparing to unpack .../03-fonts-unifont_1%3a15.1.01-1build1_all.deb ...
2026-10-02T10:57:13.1768161Z Unpacking fonts-unifont (1:15.1.01-1build1) ...
2026-10-02T10:57:13.2825094Z Selecting previously unselected package fonts-wqy-zenhei.
2026-10-02T10:57:13.2952381Z Preparing to unpack .../04-fonts-wqy-zenhei_0.9.45-8_all.deb ...
2026-10-02T10:57:13.3055675Z Unpacking fonts-wqy-zenhei (0.9.45-8) ...
2026-10-02T10:57:13.7929026Z Preparing to unpack .../05-libgl1-mesa-dri_25.2.8-0ubuntu0.24.04.3_amd64.deb ...
2026-10-02T10:57:13.8077480Z Unpacking libgl1-mesa-dri:amd64 (25.2.8-0ubuntu0.24.04.3) over (25.2.8-0ubuntu0.24.04.2) ...
2026-10-02T10:57:13.8483756Z Selecting previously unselected package libwayland-server0:amd64.
2026-10-02T10:57:13.8614348Z Preparing to unpack .../06-libwayland-server0_1.22.0-2.1build1_amd64.deb ...
2026-10-02T10:57:13.8630039Z Unpacking libwayland-server0:amd64 (1.22.0-2.1build1) ...
2026-10-02T10:57:13.8960028Z Preparing to unpack .../07-libglx-mesa0_25.2.8-0ubuntu0.24.04.3_amd64.deb ...
2026-10-02T10:57:13.8982884Z Unpacking libglx-mesa0:amd64 (25.2.8-0ubuntu0.24.04.3) over (25.2.8-0ubuntu0.24.04.2) ...
2026-10-02T10:57:13.9356176Z Preparing to unpack .../08-libgbm1_25.2.8-0ubuntu0.24.04.3_amd64.deb ...
2026-10-02T10:57:13.9376896Z Unpacking libgbm1:amd64 (25.2.8-0ubuntu0.24.04.3) over (25.2.8-0ubuntu0.24.04.2) ...
2026-10-02T10:57:13.9782676Z Preparing to unpack .../09-mesa-libgallium_25.2.8-0ubuntu0.24.04.3_amd64.deb ...
2026-10-02T10:57:13.9803718Z Unpacking mesa-libgallium:amd64 (25.2.8-0ubuntu0.24.04.3) over (25.2.8-0ubuntu0.24.04.2) ...
2026-10-02T10:57:14.1535645Z Selecting previously unselected package xfonts-encodings.
2026-10-02T10:57:14.1664819Z Preparing to unpack .../10-xfonts-encodings_1%3a1.0.5-0ubuntu2_all.deb ...
2026-10-02T10:57:14.1681892Z Unpacking xfonts-encodings (1:1.0.5-0ubuntu2) ...
2026-10-02T10:57:14.1963904Z Selecting previously unselected package xfonts-utils.
2026-10-02T10:57:14.2091931Z Preparing to unpack .../11-xfonts-utils_1%3a7.7+6build3_amd64.deb ...
2026-10-02T10:57:14.2099998Z Unpacking xfonts-utils (1:7.7+6build3) ...
2026-10-02T10:57:14.2480081Z Selecting previously unselected package xfonts-cyrillic.
2026-10-02T10:57:14.2611326Z Preparing to unpack .../12-xfonts-cyrillic_1%3a1.0.5+nmu1_all.deb ...
2026-10-02T10:57:14.2618700Z Unpacking xfonts-cyrillic (1:1.0.5+nmu1) ...
2026-10-02T10:57:14.2969713Z Selecting previously unselected package xfonts-scalable.
2026-10-02T10:57:14.3097864Z Preparing to unpack .../13-xfonts-scalable_1%3a1.0.3-1.3_all.deb ...
2026-10-02T10:57:14.3104486Z Unpacking xfonts-scalable (1:1.0.3-1.3) ...
2026-10-02T10:57:14.3560505Z Setting up libwayland-server0:amd64 (1.22.0-2.1build1) ...
2026-10-02T10:57:14.3577510Z Setting up mesa-libgallium:amd64 (25.2.8-0ubuntu0.24.04.3) ...
2026-10-02T10:57:14.3593753Z Setting up libgbm1:amd64 (25.2.8-0ubuntu0.24.04.3) ...
2026-10-02T10:57:14.3610522Z Setting up libgl1-mesa-dri:amd64 (25.2.8-0ubuntu0.24.04.3) ...
2026-10-02T10:57:14.3685173Z Setting up fonts-wqy-zenhei (0.9.45-8) ...
2026-10-02T10:57:14.3795995Z Setting up fonts-freefont-ttf (20211204+svn4273-2) ...
2026-10-02T10:57:14.3812435Z Setting up fonts-tlwg-loma-otf (1:0.7.3-1) ...
2026-10-02T10:57:14.3828922Z Setting up xfonts-encodings (1:1.0.5-0ubuntu2) ...
2026-10-02T10:57:14.3846467Z Setting up fonts-ipafont-gothic (00303-21ubuntu1) ...
2026-10-02T10:57:14.3911752Z update-alternatives: using /usr/share/fonts/opentype/ipafont-gothic/ipag.ttf to provide /usr/share/fonts/truetype/fonts-japanese-gothic.ttf (fonts-japanese-gothic.ttf) in auto mode
2026-10-02T10:57:14.3925957Z Setting up fonts-unifont (1:15.1.01-1build1) ...
2026-10-02T10:57:14.3941995Z Setting up libglx-mesa0:amd64 (25.2.8-0ubuntu0.24.04.3) ...
2026-10-02T10:57:14.3958082Z Setting up xfonts-utils (1:7.7+6build3) ...
2026-10-02T10:57:14.3995254Z Setting up xfonts-cyrillic (1:1.0.5+nmu1) ...
2026-10-02T10:57:14.4296973Z Setting up xfonts-scalable (1:1.0.3-1.3) ...
2026-10-02T10:57:14.4577506Z Processing triggers for libc-bin (2.39-0ubuntu8.9) ...
2026-10-02T10:57:14.4915502Z Processing triggers for man-db (2.12.0-4build2) ...
2026-10-02T10:57:14.4939225Z Not building database; man-db/auto-update is not 'true'.
2026-10-02T10:57:14.4952857Z Processing triggers for fontconfig (2.15.0-1.1ubuntu2) ...
2026-10-02T10:57:15.2252402Z 
2026-10-02T10:57:15.2253494Z Running kernel seems to be up-to-date.
2026-10-02T10:57:15.2253930Z 
2026-10-02T10:57:15.2254846Z No services need to be restarted.
2026-10-02T10:57:15.2255195Z 
2026-10-02T10:57:15.2255474Z No containers need to be restarted.
2026-10-02T10:57:15.2255793Z 
2026-10-02T10:57:15.2256112Z No user sessions are running outdated binaries.
2026-10-02T10:57:15.2256467Z 
2026-10-02T10:57:15.2256956Z No VM guests are running outdated hypervisor (qemu) binaries on this host.
2026-10-02T10:57:16.1446130Z Downloading Chromium 143.0.7499.4 (playwright build v1200) from https://cdn.playwright.dev/dbazure/download/playwright/builds/chromium/1200/chromium-linux.zip
2026-10-02T10:57:16.2439920Z (node:3535) [DEP0169] DeprecationWarning: `url.parse()` behavior is not standardized and prone to errors that have security implications. Use the WHATWG URL API instead. CVEs are not issued for `url.parse()` vulnerabilities.
2026-10-02T10:57:16.2441974Z (Use `node --trace-deprecation ...` to show where the warning was created)
2026-10-02T10:57:16.3064472Z |                                                                                |   0% of 164.7 MiB
2026-10-02T10:57:16.5671603Z |■■■■■■■■                                                                        |  10% of 164.7 MiB
2026-10-02T10:57:16.6795971Z |■■■■■■■■■■■■■■■■                                                                |  20% of 164.7 MiB
2026-10-02T10:57:16.7546378Z |■■■■■■■■■■■■■■■■■■■■■■■■                                                        |  30% of 164.7 MiB
2026-10-02T10:57:16.8279361Z |■■■■■■■■■■■■■■■■■■■■■■■■■■■■■■■■                                                |  40% of 164.7 MiB
2026-10-02T10:57:16.8900221Z |■■■■■■■■■■■■■■■■■■■■■■■■■■■■■■■■■■■■■■■■                                        |  50% of 164.7 MiB
2026-10-02T10:57:16.9430468Z |■■■■■■■■■■■■■■■■■■■■■■■■■■■■■■■■■■■■■■■■■■■■■■■■                                |  60% of 164.7 MiB
2026-10-02T10:57:16.9985294Z |■■■■■■■■■■■■■■■■■■■■■■■■■■■■■■■■■■■■■■■■■■■■■■■■■■■■■■■■                        |  70% of 164.7 MiB
2026-10-02T10:57:17.0598624Z |■■■■■■■■■■■■■■■■■■■■■■■■■■■■■■■■■■■■■■■■■■■■■■■■■■■■■■■■■■■■■■■■                |  80% of 164.7 MiB
2026-10-02T10:57:17.1208980Z |■■■■■■■■■■■■■■■■■■■■■■■■■■■■■■■■■■■■■■■■■■■■■■■■■■■■■■■■■■■■■■■■■■■■■■■■        |  90% of 164.7 MiB
2026-10-02T10:57:17.1855783Z |■■■■■■■■■■■■■■■■■■■■■■■■■■■■■■■■■■■■■■■■■■■■■■■■■■■■■■■■■■■■■■■■■■■■■■■■■■■■■■■■| 100% of 164.7 MiB
2026-10-02T10:57:19.9502906Z Chromium 143.0.7499.4 (playwright build v1200) downloaded to /home/runner/.cache/ms-playwright/chromium-1200
2026-10-02T10:57:19.9507700Z Downloading FFMPEG playwright build v1011 from https://cdn.playwright.dev/dbazure/download/playwright/builds/ffmpeg/1011/ffmpeg-linux.zip
2026-10-02T10:57:20.0535604Z (node:3546) [DEP0169] DeprecationWarning: `url.parse()` behavior is not standardized and prone to errors that have security implications. Use the WHATWG URL API instead. CVEs are not issued for `url.parse()` vulnerabilities.
2026-10-02T10:57:20.0537557Z (Use `node --trace-deprecation ...` to show where the warning was created)
2026-10-02T10:57:20.1140621Z |                                                                                |   0% of 2.3 MiB
2026-10-02T10:57:20.1196368Z |■■■■■■■■                                                                        |  10% of 2.3 MiB
2026-10-02T10:57:20.1225483Z |■■■■■■■■■■■■■■■■                                                                |  20% of 2.3 MiB
2026-10-02T10:57:20.1257652Z |■■■■■■■■■■■■■■■■■■■■■■■■                                                        |  30% of 2.3 MiB
2026-10-02T10:57:20.1281948Z |■■■■■■■■■■■■■■■■■■■■■■■■■■■■■■■■                                                |  40% of 2.3 MiB
2026-10-02T10:57:20.1318587Z |■■■■■■■■■■■■■■■■■■■■■■■■■■■■■■■■■■■■■■■■                                        |  50% of 2.3 MiB
2026-10-02T10:57:20.1465232Z |■■■■■■■■■■■■■■■■■■■■■■■■■■■■■■■■■■■■■■■■■■■■■■■■                                |  60% of 2.3 MiB
2026-10-02T10:57:20.1569685Z |■■■■■■■■■■■■■■■■■■■■■■■■■■■■■■■■■■■■■■■■■■■■■■■■■■■■■■■■                        |  70% of 2.3 MiB
2026-10-02T10:57:20.1623958Z |■■■■■■■■■■■■■■■■■■■■■■■■■■■■■■■■■■■■■■■■■■■■■■■■■■■■■■■■■■■■■■■■                |  80% of 2.3 MiB
2026-10-02T10:57:20.1652546Z |■■■■■■■■■■■■■■■■■■■■■■■■■■■■■■■■■■■■■■■■■■■■■■■■■■■■■■■■■■■■■■■■■■■■■■■■        |  90% of 2.3 MiB
2026-10-02T10:57:20.1665497Z |■■■■■■■■■■■■■■■■■■■■■■■■■■■■■■■■■■■■■■■■■■■■■■■■■■■■■■■■■■■■■■■■■■■■■■■■■■■■■■■■| 100% of 2.3 MiB
2026-10-02T10:57:20.2313218Z FFMPEG playwright build v1011 downloaded to /home/runner/.cache/ms-playwright/ffmpeg-1011
2026-10-02T10:57:20.2317431Z Downloading Chromium Headless Shell 143.0.7499.4 (playwright build v1200) from https://cdn.playwright.dev/dbazure/download/playwright/builds/chromium/1200/chromium-headless-shell-linux.zip
2026-10-02T10:57:20.3309536Z (node:3557) [DEP0169] DeprecationWarning: `url.parse()` behavior is not standardized and prone to errors that have security implications. Use the WHATWG URL API instead. CVEs are not issued for `url.parse()` vulnerabilities.
2026-10-02T10:57:20.3312134Z (Use `node --trace-deprecation ...` to show where the warning was created)
2026-10-02T10:57:20.3903636Z |                                                                                |   0% of 109.7 MiB
2026-10-02T10:57:20.5688619Z |■■■■■■■■                                                                        |  10% of 109.7 MiB
2026-10-02T10:57:20.6496625Z |■■■■■■■■■■■■■■■■                                                                |  20% of 109.7 MiB
2026-10-02T10:57:20.7147364Z |■■■■■■■■■■■■■■■■■■■■■■■■                                                        |  30% of 109.7 MiB
2026-10-02T10:57:20.7787416Z |■■■■■■■■■■■■■■■■■■■■■■■■■■■■■■■■                                                |  40% of 109.7 MiB
2026-10-02T10:57:20.8326707Z |■■■■■■■■■■■■■■■■■■■■■■■■■■■■■■■■■■■■■■■■                                        |  50% of 109.7 MiB
2026-10-02T10:57:20.8826297Z |■■■■■■■■■■■■■■■■■■■■■■■■■■■■■■■■■■■■■■■■■■■■■■■■                                |  60% of 109.7 MiB
2026-10-02T10:57:20.9245115Z |■■■■■■■■■■■■■■■■■■■■■■■■■■■■■■■■■■■■■■■■■■■■■■■■■■■■■■■■                        |  70% of 109.7 MiB
2026-10-02T10:57:20.9691859Z |■■■■■■■■■■■■■■■■■■■■■■■■■■■■■■■■■■■■■■■■■■■■■■■■■■■■■■■■■■■■■■■■                |  80% of 109.7 MiB
2026-10-02T10:57:21.0110380Z |■■■■■■■■■■■■■■■■■■■■■■■■■■■■■■■■■■■■■■■■■■■■■■■■■■■■■■■■■■■■■■■■■■■■■■■■        |  90% of 109.7 MiB
2026-10-02T10:57:21.0557056Z |■■■■■■■■■■■■■■■■■■■■■■■■■■■■■■■■■■■■■■■■■■■■■■■■■■■■■■■■■■■■■■■■■■■■■■■■■■■■■■■■| 100% of 109.7 MiB
2026-10-02T10:57:23.1281004Z Chromium Headless Shell 143.0.7499.4 (playwright build v1200) downloaded to /home/runner/.cache/ms-playwright/chromium_headless_shell-1200
2026-10-02T10:57:23.1506330Z ##[group]Run python scripts/run_logged.py evidence/browser-native.log -- python scripts/browser_smoke.py
2026-10-02T10:57:23.1507101Z [36;1mpython scripts/run_logged.py evidence/browser-native.log -- python scripts/browser_smoke.py[0m
2026-10-02T10:57:23.1570251Z shell: /usr/bin/bash --noprofile --norc -e -o pipefail {0}
2026-10-02T10:57:23.1570603Z env:
2026-10-02T10:57:23.1570801Z   NEXT_TELEMETRY_DISABLED: 1
2026-10-02T10:57:23.1571126Z   pythonLocation: /opt/hostedtoolcache/Python/3.13.15/x64
2026-10-02T10:57:23.1571580Z   PKG_CONFIG_PATH: /opt/hostedtoolcache/Python/3.13.15/x64/lib/pkgconfig
2026-10-02T10:57:23.1572013Z   Python_ROOT_DIR: /opt/hostedtoolcache/Python/3.13.15/x64
2026-10-02T10:57:23.1572409Z   Python2_ROOT_DIR: /opt/hostedtoolcache/Python/3.13.15/x64
2026-10-02T10:57:23.1572805Z   Python3_ROOT_DIR: /opt/hostedtoolcache/Python/3.13.15/x64
2026-10-02T10:57:23.1573192Z   LD_LIBRARY_PATH: /opt/hostedtoolcache/Python/3.13.15/x64/lib
2026-10-02T10:57:23.1573553Z ##[endgroup]
2026-10-02T10:58:02.9856805Z {
2026-10-02T10:58:02.9857275Z   "mode": "native_browser_e2e",
2026-10-02T10:58:02.9857654Z   "passed": [
2026-10-02T10:58:02.9857959Z     "agent_credential_rejected_by_reviewer_console",
2026-10-02T10:58:02.9858369Z     "pending_queue_survives_more_than_100_newer_reads",
2026-10-02T10:58:02.9858758Z     "approval_disabled_without_informed_confirmation",
2026-10-02T10:58:02.9859125Z     "browser_rejection_preserves_all_1206_rows",
2026-10-02T10:58:02.9859483Z     "browser_approval_executes_real_update_once",
2026-10-02T10:58:02.9859861Z     "critical_action_requires_exact_1206_scope_phrase",
2026-10-02T10:58:02.9860228Z     "390px_mobile_has_no_horizontal_overflow",
2026-10-02T10:58:02.9860585Z     "audit_replay_and_hmac_verification_render",
2026-10-02T10:58:02.9860965Z     "metrics_use_real_samples_and_unknown_model_cost",
2026-10-02T10:58:02.9861380Z     "batch_ui_lists_bound_members_and_enforces_confirmation",
2026-10-02T10:58:02.9861800Z     "recovery_is_a_separate_informed_approval",
2026-10-02T10:58:02.9862550Z     "study_import_counterbalance_visibility_and_export_automation_only",
2026-10-02T10:58:02.9862984Z     "logout_removes_authenticated_console",
2026-10-02T10:58:02.9863298Z     "no_browser_javascript_errors"
2026-10-02T10:58:02.9863546Z   ],
2026-10-02T10:58:02.9863727Z   "errors": [],
2026-10-02T10:58:02.9863935Z   "not_proven": []
2026-10-02T10:58:02.9864360Z }
2026-10-02T10:58:02.9997486Z ##[group]Run python scripts/run_logged.py evidence/browser-edges.log -- python scripts/browser_edges.py
2026-10-02T10:58:02.9998268Z [36;1mpython scripts/run_logged.py evidence/browser-edges.log -- python scripts/browser_edges.py[0m
2026-10-02T10:58:03.0071609Z shell: /usr/bin/bash --noprofile --norc -e -o pipefail {0}
2026-10-02T10:58:03.0071953Z env:
2026-10-02T10:58:03.0072156Z   NEXT_TELEMETRY_DISABLED: 1
2026-10-02T10:58:03.0072474Z   pythonLocation: /opt/hostedtoolcache/Python/3.13.15/x64
2026-10-02T10:58:03.0072916Z   PKG_CONFIG_PATH: /opt/hostedtoolcache/Python/3.13.15/x64/lib/pkgconfig
2026-10-02T10:58:03.0073364Z   Python_ROOT_DIR: /opt/hostedtoolcache/Python/3.13.15/x64
2026-10-02T10:58:03.0073748Z   Python2_ROOT_DIR: /opt/hostedtoolcache/Python/3.13.15/x64
2026-10-02T10:58:03.0074390Z   Python3_ROOT_DIR: /opt/hostedtoolcache/Python/3.13.15/x64
2026-10-02T10:58:03.0074806Z   LD_LIBRARY_PATH: /opt/hostedtoolcache/Python/3.13.15/x64/lib
2026-10-02T10:58:03.0075158Z ##[endgroup]
2026-10-02T10:58:06.5144543Z {
2026-10-02T10:58:06.5144975Z   "mode": "native_next_browser_real_http",
2026-10-02T10:58:06.5145296Z   "passed": [
2026-10-02T10:58:06.5145568Z     "stale_cas_never_overwrites_new_data",
2026-10-02T10:58:06.5145936Z     "execution_failure_rolls_back_and_renders",
2026-10-02T10:58:06.5146342Z     "unknown_requires_original_receipt_reconciliation",
2026-10-02T10:58:06.5146752Z     "untrusted_long_text_is_escaped_and_mobile_bounded",
2026-10-02T10:58:06.5147129Z     "expired_action_has_no_decision_controls",
2026-10-02T10:58:06.5147462Z     "hard_block_has_no_override_controls",
2026-10-02T10:58:06.5147857Z     "keyboard_login_and_logout_clear_memory_credentials",
2026-10-02T10:58:06.5148247Z     "next_hydration_and_strict_csp_have_no_errors"
2026-10-02T10:58:06.5148538Z   ],
2026-10-02T10:58:06.5148725Z   "errors": [],
2026-10-02T10:58:06.5148938Z   "csp_violations": [],
2026-10-02T10:58:06.5149176Z   "human_participants": 0
2026-10-02T10:58:06.5149398Z }
2026-10-02T10:58:06.5285973Z ##[group]Run python scripts/run_logged.py evidence/docker-smoke.log -- python scripts/docker_smoke.py
2026-10-02T10:58:06.5286714Z [36;1mpython scripts/run_logged.py evidence/docker-smoke.log -- python scripts/docker_smoke.py[0m
2026-10-02T10:58:06.5350629Z shell: /usr/bin/bash --noprofile --norc -e -o pipefail {0}
2026-10-02T10:58:06.5350978Z env:
2026-10-02T10:58:06.5351181Z   NEXT_TELEMETRY_DISABLED: 1
2026-10-02T10:58:06.5351504Z   pythonLocation: /opt/hostedtoolcache/Python/3.13.15/x64
2026-10-02T10:58:06.5351952Z   PKG_CONFIG_PATH: /opt/hostedtoolcache/Python/3.13.15/x64/lib/pkgconfig
2026-10-02T10:58:06.5352413Z   Python_ROOT_DIR: /opt/hostedtoolcache/Python/3.13.15/x64
2026-10-02T10:58:06.5352803Z   Python2_ROOT_DIR: /opt/hostedtoolcache/Python/3.13.15/x64
2026-10-02T10:58:06.5353196Z   Python3_ROOT_DIR: /opt/hostedtoolcache/Python/3.13.15/x64
2026-10-02T10:58:06.5353586Z   LD_LIBRARY_PATH: /opt/hostedtoolcache/Python/3.13.15/x64/lib
2026-10-02T10:58:06.5353937Z ##[endgroup]
2026-10-02T10:58:45.1992407Z {
2026-10-02T10:58:45.1992947Z   "mode": "real_docker_compose",
2026-10-02T10:58:45.1993335Z   "project": "airlock-check-c589d0117a97",
2026-10-02T10:58:45.1993633Z   "probe": {
2026-10-02T10:58:45.1993953Z     "pending_id": "e46ae1193d7746fd8f9fe5677c5d06d0",
2026-10-02T10:58:45.1995543Z     "uid": 10001,
2026-10-02T10:58:45.1995812Z     "effective_capabilities": 0,
2026-10-02T10:58:45.1996068Z     "checks": [
2026-10-02T10:58:45.1996335Z       "agent_has_no_reviewer_or_audit_secret",
2026-10-02T10:58:45.1996684Z       "target_database_not_mounted_in_agent",
2026-10-02T10:58:45.1997354Z       "no_server_config_or_docker_socket",
2026-10-02T10:58:45.1997691Z       "non_root_read_only_no_capabilities",
2026-10-02T10:58:45.1998025Z       "agent_cannot_approve_or_read_audit",
2026-10-02T10:58:45.1998335Z       "SQL_cannot_read_control_tables",
2026-10-02T10:58:45.1998642Z       "write_waits_for_separate_reviewer"
2026-10-02T10:58:45.1998910Z     ]
2026-10-02T10:58:45.1999092Z   },
2026-10-02T10:58:45.1999331Z   "rows_before_independent_approval": 1206,
2026-10-02T10:58:45.1999654Z   "rows_after_approval_and_restart": 0,
2026-10-02T10:58:45.1999927Z   "additional_checks": [
2026-10-02T10:58:45.2000246Z     "pending_survives_server_restart_without_execution",
2026-10-02T10:58:45.2000661Z     "approved_effect_and_audit_persist_without_reseeding",
2026-10-02T10:58:45.2001012Z     "compose_network_is_internal",
2026-10-02T10:58:45.2001331Z     "server_dual_network_agent_internal_only",
2026-10-02T10:58:45.2001662Z     "published_port_is_loopback_only"
2026-10-02T10:58:45.2001920Z   ],
2026-10-02T10:58:45.2002107Z   "limitations": [
2026-10-02T10:58:45.2002488Z     "controlled synthetic deployment, not a general container escape audit",
2026-10-02T10:58:45.2003003Z     "reviewer is automated test code, not a human A/B participant"
2026-10-02T10:58:45.2003353Z   ]
2026-10-02T10:58:45.2003529Z }
2026-10-02T10:58:45.2139542Z ##[group]Run python scripts/run_logged.py evidence/container-integrations.log -- python scripts/container_integrations.py
2026-10-02T10:58:45.2140462Z [36;1mpython scripts/run_logged.py evidence/container-integrations.log -- python scripts/container_integrations.py[0m
2026-10-02T10:58:45.2205119Z shell: /usr/bin/bash --noprofile --norc -e -o pipefail {0}
2026-10-02T10:58:45.2205476Z env:
2026-10-02T10:58:45.2205683Z   NEXT_TELEMETRY_DISABLED: 1
2026-10-02T10:58:45.2206010Z   pythonLocation: /opt/hostedtoolcache/Python/3.13.15/x64
2026-10-02T10:58:45.2206467Z   PKG_CONFIG_PATH: /opt/hostedtoolcache/Python/3.13.15/x64/lib/pkgconfig
2026-10-02T10:58:45.2206923Z   Python_ROOT_DIR: /opt/hostedtoolcache/Python/3.13.15/x64
2026-10-02T10:58:45.2207337Z   Python2_ROOT_DIR: /opt/hostedtoolcache/Python/3.13.15/x64
2026-10-02T10:58:45.2207734Z   Python3_ROOT_DIR: /opt/hostedtoolcache/Python/3.13.15/x64
2026-10-02T10:58:45.2208164Z   LD_LIBRARY_PATH: /opt/hostedtoolcache/Python/3.13.15/x64/lib
2026-10-02T10:58:45.2208501Z ##[endgroup]
2026-10-02T10:58:50.5890403Z {
2026-10-02T10:58:50.5891046Z   "envoy": {
2026-10-02T10:58:50.5891491Z     "image": "envoyproxy/envoy:v1.39.1",
2026-10-02T10:58:50.5892235Z     "repo_digests": "[\"envoyproxy/envoy@sha256:57e14a549d7bd43c8d3f6d03e8cfa653e037d4b38e133acd9b54f38c524401b4\"]",
2026-10-02T10:58:50.5892899Z     "rows": [
2026-10-02T10:58:50.5893110Z       {
2026-10-02T10:58:50.5893303Z         "case": "zero",
2026-10-02T10:58:50.5893538Z         "rule": "threshold",
2026-10-02T10:58:50.5893864Z         "airlock_expression": "changed_rows >= 100",
2026-10-02T10:58:50.5894728Z         "envoy_expression": "int(request.headers['x-rows']) >= 100",
2026-10-02T10:58:50.5895175Z         "airlock_hit": false,
2026-10-02T10:58:50.5895437Z         "expected": false,
2026-10-02T10:58:50.5895725Z         "envoy_hit": false
2026-10-02T10:58:50.5895953Z       },
2026-10-02T10:58:50.5896133Z       {
2026-10-02T10:58:50.5896368Z         "case": "zero",
2026-10-02T10:58:50.5896616Z         "rule": "write_only",
2026-10-02T10:58:50.5897067Z         "airlock_expression": "operation == \"delete\" && matched_rows != 0",
2026-10-02T10:58:50.5897765Z         "envoy_expression": "request.headers['x-operation'] == 'delete' && int(request.headers['x-rows']) != 0",
2026-10-02T10:58:50.5898298Z         "airlock_hit": false,
2026-10-02T10:58:50.5898544Z         "expected": false,
2026-10-02T10:58:50.5898816Z         "envoy_hit": false
2026-10-02T10:58:50.5899041Z       },
2026-10-02T10:58:50.5899286Z       {
2026-10-02T10:58:50.5899482Z         "case": "zero",
2026-10-02T10:58:50.5899740Z         "rule": "bounded",
2026-10-02T10:58:50.5900134Z         "airlock_expression": "!(changed_rows > 5) || operation == \"read\"",
2026-10-02T10:58:50.5901128Z         "envoy_expression": "!(int(request.headers['x-rows']) > 5) || request.headers['x-operation'] == 'read'",
2026-10-02T10:58:50.5901668Z         "airlock_hit": true,
2026-10-02T10:58:50.5901923Z         "expected": true,
2026-10-02T10:58:50.5902204Z         "envoy_hit": true
2026-10-02T10:58:50.5902430Z       },
2026-10-02T10:58:50.5902613Z       {
2026-10-02T10:58:50.5902804Z         "case": "small",
2026-10-02T10:58:50.5903081Z         "rule": "threshold",
2026-10-02T10:58:50.5903458Z         "airlock_expression": "changed_rows >= 100",
2026-10-02T10:58:50.5903923Z         "envoy_expression": "int(request.headers['x-rows']) >= 100",
2026-10-02T10:58:50.5904789Z         "airlock_hit": false,
2026-10-02T10:58:50.5905443Z         "expected": false,
2026-10-02T10:58:50.5905946Z         "envoy_hit": false
2026-10-02T10:58:50.5906369Z       },
2026-10-02T10:58:50.5906694Z       {
2026-10-02T10:58:50.5907020Z         "case": "small",
2026-10-02T10:58:50.5907436Z         "rule": "write_only",
2026-10-02T10:58:50.5908118Z         "airlock_expression": "operation == \"delete\" && matched_rows != 0",
2026-10-02T10:58:50.5909273Z         "envoy_expression": "request.headers['x-operation'] == 'delete' && int(request.headers['x-rows']) != 0",
2026-10-02T10:58:50.5910442Z         "airlock_hit": true,
2026-10-02T10:58:50.5910905Z         "expected": true,
2026-10-02T10:58:50.5911301Z         "envoy_hit": true
2026-10-02T10:58:50.5911662Z       },
2026-10-02T10:58:50.5911966Z       {
2026-10-02T10:58:50.5912278Z         "case": "small",
2026-10-02T10:58:50.5912658Z         "rule": "bounded",
2026-10-02T10:58:50.5913306Z         "airlock_expression": "!(changed_rows > 5) || operation == \"read\"",
2026-10-02T10:58:50.5914642Z         "envoy_expression": "!(int(request.headers['x-rows']) > 5) || request.headers['x-operation'] == 'read'",
2026-10-02T10:58:50.5915465Z         "airlock_hit": true,
2026-10-02T10:58:50.5915873Z         "expected": true,
2026-10-02T10:58:50.5916268Z         "envoy_hit": true
2026-10-02T10:58:50.5916626Z       },
2026-10-02T10:58:50.5916922Z       {
2026-10-02T10:58:50.5917229Z         "case": "high",
2026-10-02T10:58:50.5917617Z         "rule": "threshold",
2026-10-02T10:58:50.5918141Z         "airlock_expression": "changed_rows >= 100",
2026-10-02T10:58:50.5918845Z         "envoy_expression": "int(request.headers['x-rows']) >= 100",
2026-10-02T10:58:50.5919213Z         "airlock_hit": true,
2026-10-02T10:58:50.5919456Z         "expected": true,
2026-10-02T10:58:50.5919681Z         "envoy_hit": true
2026-10-02T10:58:50.5919893Z       },
2026-10-02T10:58:50.5920069Z       {
2026-10-02T10:58:50.5920252Z         "case": "high",
2026-10-02T10:58:50.5920475Z         "rule": "write_only",
2026-10-02T10:58:50.5920862Z         "airlock_expression": "operation == \"delete\" && matched_rows != 0",
2026-10-02T10:58:50.5921514Z         "envoy_expression": "request.headers['x-operation'] == 'delete' && int(request.headers['x-rows']) != 0",
2026-10-02T10:58:50.5922010Z         "airlock_hit": true,
2026-10-02T10:58:50.5922258Z         "expected": true,
2026-10-02T10:58:50.5922481Z         "envoy_hit": true
2026-10-02T10:58:50.5922688Z       },
2026-10-02T10:58:50.5922861Z       {
2026-10-02T10:58:50.5923046Z         "case": "high",
2026-10-02T10:58:50.5923275Z         "rule": "bounded",
2026-10-02T10:58:50.5923643Z         "airlock_expression": "!(changed_rows > 5) || operation == \"read\"",
2026-10-02T10:58:50.5924950Z         "envoy_expression": "!(int(request.headers['x-rows']) > 5) || request.headers['x-operation'] == 'read'",
2026-10-02T10:58:50.5925469Z         "airlock_hit": false,
2026-10-02T10:58:50.5925718Z         "expected": false,
2026-10-02T10:58:50.5925953Z         "envoy_hit": false
2026-10-02T10:58:50.5926166Z       },
2026-10-02T10:58:50.5926342Z       {
2026-10-02T10:58:50.5926527Z         "case": "read",
2026-10-02T10:58:50.5926748Z         "rule": "threshold",
2026-10-02T10:58:50.5927047Z         "airlock_expression": "changed_rows >= 100",
2026-10-02T10:58:50.5927653Z         "envoy_expression": "int(request.headers['x-rows']) >= 100",
2026-10-02T10:58:50.5928003Z         "airlock_hit": true,
2026-10-02T10:58:50.5928238Z         "expected": true,
2026-10-02T10:58:50.5928461Z         "envoy_hit": true
2026-10-02T10:58:50.5928666Z       },
2026-10-02T10:58:50.5928847Z       {
2026-10-02T10:58:50.5929036Z         "case": "read",
2026-10-02T10:58:50.5929254Z         "rule": "write_only",
2026-10-02T10:58:50.5929638Z         "airlock_expression": "operation == \"delete\" && matched_rows != 0",
2026-10-02T10:58:50.5930281Z         "envoy_expression": "request.headers['x-operation'] == 'delete' && int(request.headers['x-rows']) != 0",
2026-10-02T10:58:50.5930763Z         "airlock_hit": false,
2026-10-02T10:58:50.5931007Z         "expected": false,
2026-10-02T10:58:50.5931232Z         "envoy_hit": false
2026-10-02T10:58:50.5931440Z       },
2026-10-02T10:58:50.5931611Z       {
2026-10-02T10:58:50.5931791Z         "case": "read",
2026-10-02T10:58:50.5932007Z         "rule": "bounded",
2026-10-02T10:58:50.5932383Z         "airlock_expression": "!(changed_rows > 5) || operation == \"read\"",
2026-10-02T10:58:50.5933002Z         "envoy_expression": "!(int(request.headers['x-rows']) > 5) || request.headers['x-operation'] == 'read'",
2026-10-02T10:58:50.5933613Z         "airlock_hit": true,
2026-10-02T10:58:50.5933854Z         "expected": true,
2026-10-02T10:58:50.5934380Z         "envoy_hit": true
2026-10-02T10:58:50.5934688Z       }
2026-10-02T10:58:50.5934871Z     ],
2026-10-02T10:58:50.5935068Z     "status": "PASS",
2026-10-02T10:58:50.6385540Z     "scope": "Boolean/equality/ordering subset with explicit header-to-variable mapping; access-log filter, not Envoy authorization deployment.",
2026-10-02T10:58:50.6387702Z     "error_difference": "Missing/invalid Envoy attributes suppress its log. AIRLOCK rejects invalid typed activation and blocks authorization."
2026-10-02T10:58:50.6388589Z   },
2026-10-02T10:58:50.6388833Z   "otel": {
2026-10-02T10:58:50.6389207Z     "status": "PASS",
2026-10-02T10:58:50.6389887Z     "image": "otel/opentelemetry-collector:0.162.0",
2026-10-02T10:58:50.6391113Z     "repo_digests": "[\"otel/opentelemetry-collector@sha256:310a800ad69ee430e7c541796852a242c9c7db97aaad4daa5ccf843c525fbdb2\"]",
2026-10-02T10:58:50.6392056Z     "trace_id": "f1cac9d7781245de878f19e38f798502",
2026-10-02T10:58:50.6392467Z     "result": {
2026-10-02T10:58:50.6392757Z       "status": "ok",
2026-10-02T10:58:50.6393067Z       "exported": 1
2026-10-02T10:58:50.6393298Z     },
2026-10-02T10:58:50.6394225Z     "scope": "Official Collector accepts OTLP JSON and debug exporter records the actual trace; no production backend claim."
2026-10-02T10:58:50.6395246Z   }
2026-10-02T10:58:50.6395532Z }
2026-10-02T10:58:50.6548455Z ##[group]Run python scripts/run_logged.py evidence/dependency-audit.log -- python -m pip_audit -r requirements.txt --format json --output evidence/dependency-audit.json
2026-10-02T10:58:50.6549667Z [36;1mpython scripts/run_logged.py evidence/dependency-audit.log -- python -m pip_audit -r requirements.txt --format json --output evidence/dependency-audit.json[0m
2026-10-02T10:58:50.6612889Z shell: /usr/bin/bash --noprofile --norc -e -o pipefail {0}
2026-10-02T10:58:50.6613230Z env:
2026-10-02T10:58:50.6613423Z   NEXT_TELEMETRY_DISABLED: 1
2026-10-02T10:58:50.6613733Z   pythonLocation: /opt/hostedtoolcache/Python/3.13.15/x64
2026-10-02T10:58:50.6614496Z   PKG_CONFIG_PATH: /opt/hostedtoolcache/Python/3.13.15/x64/lib/pkgconfig
2026-10-02T10:58:50.6614917Z   Python_ROOT_DIR: /opt/hostedtoolcache/Python/3.13.15/x64
2026-10-02T10:58:50.6615291Z   Python2_ROOT_DIR: /opt/hostedtoolcache/Python/3.13.15/x64
2026-10-02T10:58:50.6615696Z   Python3_ROOT_DIR: /opt/hostedtoolcache/Python/3.13.15/x64
2026-10-02T10:58:50.6616072Z   LD_LIBRARY_PATH: /opt/hostedtoolcache/Python/3.13.15/x64/lib
2026-10-02T10:58:50.6616386Z ##[endgroup]
2026-10-02T10:58:56.7570783Z No known vulnerabilities found
2026-10-02T10:58:56.7709548Z ##[group]Run python scripts/run_logged.py evidence/latency.log -- python scripts/measure_latency.py --samples 60 --output evidence/latency.json
2026-10-02T10:58:56.7710731Z [36;1mpython scripts/run_logged.py evidence/latency.log -- python scripts/measure_latency.py --samples 60 --output evidence/latency.json[0m
2026-10-02T10:58:56.7774280Z shell: /usr/bin/bash --noprofile --norc -e -o pipefail {0}
2026-10-02T10:58:56.7774669Z env:
2026-10-02T10:58:56.7774866Z   NEXT_TELEMETRY_DISABLED: 1
2026-10-02T10:58:56.7775178Z   pythonLocation: /opt/hostedtoolcache/Python/3.13.15/x64
2026-10-02T10:58:56.7775613Z   PKG_CONFIG_PATH: /opt/hostedtoolcache/Python/3.13.15/x64/lib/pkgconfig
2026-10-02T10:58:56.7776031Z   Python_ROOT_DIR: /opt/hostedtoolcache/Python/3.13.15/x64
2026-10-02T10:58:56.7776409Z   Python2_ROOT_DIR: /opt/hostedtoolcache/Python/3.13.15/x64
2026-10-02T10:58:56.7776783Z   Python3_ROOT_DIR: /opt/hostedtoolcache/Python/3.13.15/x64
2026-10-02T10:58:56.7777189Z   LD_LIBRARY_PATH: /opt/hostedtoolcache/Python/3.13.15/x64/lib
2026-10-02T10:58:56.7777520Z ##[endgroup]
2026-10-02T10:58:59.7406997Z {
2026-10-02T10:58:59.7408139Z   "scope": "1206-row synthetic SQLite; concurrency 1; warm HTTP client; same host and target",
2026-10-02T10:58:59.7409128Z   "python": "3.13.15",
2026-10-02T10:58:59.7409604Z   "sqlite": "3.45.1",
2026-10-02T10:58:59.7410316Z   "platform": "Linux-6.17.0-1022-azure-x86_64-with-glibc2.39",
2026-10-02T10:58:59.7411073Z   "processor": "x86_64",
2026-10-02T10:58:59.7411557Z   "logical_cpus": 4,
2026-10-02T10:58:59.7412006Z   "samples": 60,
2026-10-02T10:58:59.7412289Z   "seed": 2073,
2026-10-02T10:58:59.7412580Z   "warmup_calls": 10,
2026-10-02T10:58:59.7412952Z   "first_native_call_ms": 7.623047000009819,
2026-10-02T10:58:59.7413279Z   "read": {
2026-10-02T10:58:59.7413506Z     "direct_ms": {
2026-10-02T10:58:59.7413744Z       "n": 60,
2026-10-02T10:58:59.7414225Z       "mean": 0.42928846666541176,
2026-10-02T10:58:59.7414559Z       "p50": 0.4271029999927123,
2026-10-02T10:58:59.7414896Z       "p95": 0.495790999991641,
2026-10-02T10:58:59.7415213Z       "p99": 0.5893739999862646
2026-10-02T10:58:59.7415479Z     },
2026-10-02T10:58:59.7415701Z     "proxy_ms": {
2026-10-02T10:58:59.7415935Z       "n": 60,
2026-10-02T10:58:59.7416195Z       "mean": 6.175193466668342,
2026-10-02T10:58:59.7416499Z       "p50": 6.038705999998228,
2026-10-02T10:58:59.7416798Z       "p95": 6.8554720000122416,
2026-10-02T10:58:59.7417077Z       "p99": 8.9455110000074
2026-10-02T10:58:59.7417335Z     },
2026-10-02T10:58:59.7417550Z     "added_ms": {
2026-10-02T10:58:59.7417779Z       "n": 60,
2026-10-02T10:58:59.7418035Z       "mean": 5.745905000002931,
2026-10-02T10:58:59.7418341Z       "p50": 5.622053000024607,
2026-10-02T10:58:59.7418633Z       "p95": 6.443788000012773,
2026-10-02T10:58:59.7418928Z       "p99": 8.507358000002796
2026-10-02T10:58:59.7419189Z     }
2026-10-02T10:58:59.7419394Z   },
2026-10-02T10:58:59.7419602Z   "write": {
2026-10-02T10:58:59.7419847Z     "submit_receipt_ms": {
2026-10-02T10:58:59.7420120Z       "n": 30,
2026-10-02T10:58:59.7420382Z       "p50": 17.588861000007228,
2026-10-02T10:58:59.7420689Z       "p95": 18.49620499999105,
2026-10-02T10:58:59.7420983Z       "p99": 18.57115399999998
2026-10-02T10:58:59.7421245Z     },
2026-10-02T10:58:59.7421516Z     "approval_request_to_effect_ms": {
2026-10-02T10:58:59.7421823Z       "n": 30,
2026-10-02T10:58:59.7422074Z       "p50": 23.43605199999388,
2026-10-02T10:58:59.7422372Z       "p95": 28.239896000002318,
2026-10-02T10:58:59.7422673Z       "p99": 49.18088700000567
2026-10-02T10:58:59.7422940Z     },
2026-10-02T10:58:59.7423157Z     "static_ms": {
2026-10-02T10:58:59.7423381Z       "n": 30,
2026-10-02T10:58:59.7423567Z       "p50": 0.084,
2026-10-02T10:58:59.7423765Z       "p95": 0.092,
2026-10-02T10:58:59.7423957Z       "p99": 0.096
2026-10-02T10:58:59.7424291Z     },
2026-10-02T10:58:59.7424480Z     "preview_ms": {
2026-10-02T10:58:59.7424671Z       "n": 30,
2026-10-02T10:58:59.7424853Z       "p50": 10.35,
2026-10-02T10:58:59.7425400Z       "p95": 11.067,
2026-10-02T10:58:59.7425628Z       "p99": 11.383
2026-10-02T10:58:59.7425994Z     },
2026-10-02T10:58:59.7426180Z     "evaluation_ms": {
2026-10-02T10:58:59.7426393Z       "n": 30,
2026-10-02T10:58:59.7426582Z       "p50": 12.74,
2026-10-02T10:58:59.7426774Z       "p95": 13.593,
2026-10-02T10:58:59.7426967Z       "p99": 13.602
2026-10-02T10:58:59.7427154Z     }
2026-10-02T10:58:59.7427325Z   },
2026-10-02T10:58:59.7427510Z   "not_measured": [
2026-10-02T10:58:59.7427719Z     "live LLM latency",
2026-10-02T10:58:59.7427948Z     "human review latency",
2026-10-02T10:58:59.7428235Z     "distributed upstream overhead",
2026-10-02T10:58:59.7428535Z     "cold OS filesystem cache",
2026-10-02T10:58:59.7428792Z     "production concurrency"
2026-10-02T10:58:59.7429028Z   ],
2026-10-02T10:58:59.7429699Z   "measurement_note": "direct includes SQLite connect/query; proxy includes HTTP, server admission, persistence and audit; negative deltas retained in raw rows"
2026-10-02T10:58:59.7430366Z }
2026-10-02T10:58:59.7553008Z ##[group]Run python scripts/run_logged.py evidence/ablation.log -- python -m benchmark.ablation --split test --output evidence/ablation.json
2026-10-02T10:58:59.7554505Z [36;1mpython scripts/run_logged.py evidence/ablation.log -- python -m benchmark.ablation --split test --output evidence/ablation.json[0m
2026-10-02T10:58:59.7617570Z shell: /usr/bin/bash --noprofile --norc -e -o pipefail {0}
2026-10-02T10:58:59.7617912Z env:
2026-10-02T10:58:59.7618106Z   NEXT_TELEMETRY_DISABLED: 1
2026-10-02T10:58:59.7618411Z   pythonLocation: /opt/hostedtoolcache/Python/3.13.15/x64
2026-10-02T10:58:59.7618840Z   PKG_CONFIG_PATH: /opt/hostedtoolcache/Python/3.13.15/x64/lib/pkgconfig
2026-10-02T10:58:59.7619263Z   Python_ROOT_DIR: /opt/hostedtoolcache/Python/3.13.15/x64
2026-10-02T10:58:59.7619638Z   Python2_ROOT_DIR: /opt/hostedtoolcache/Python/3.13.15/x64
2026-10-02T10:58:59.7620012Z   Python3_ROOT_DIR: /opt/hostedtoolcache/Python/3.13.15/x64
2026-10-02T10:58:59.7620424Z   LD_LIBRARY_PATH: /opt/hostedtoolcache/Python/3.13.15/x64/lib
2026-10-02T10:58:59.7620752Z ##[endgroup]
2026-10-02T10:59:00.1575471Z {
2026-10-02T10:59:00.1575903Z   "split": "test",
2026-10-02T10:59:00.1576610Z   "corpus_sha256": "243854b51e7039324de4c31fa7a67af1a98ddc48b9c9edfbbac581a2c2f73af7",
2026-10-02T10:59:00.1577115Z   "live_model_requested": false,
2026-10-02T10:59:00.1577378Z   "limitations": [
2026-10-02T10:59:00.1577812Z     "Original synthetic corpus is unchanged and has no independent human danger gold.",
2026-10-02T10:59:00.1578481Z     "The pure model arm measures advice only; it cannot execute or bypass the production gate.",
2026-10-02T10:59:00.1579152Z     "Live model arms require AIRLOCK-only configuration, key and explicit budget authorization."
2026-10-02T10:59:00.1579596Z   ],
2026-10-02T10:59:00.1579778Z   "arms": {
2026-10-02T10:59:00.1579969Z     "keyword": {
2026-10-02T10:59:00.1580181Z       "status": "MEASURED",
2026-10-02T10:59:00.1580415Z       "n": 80
2026-10-02T10:59:00.1580600Z     },
2026-10-02T10:59:00.1580813Z     "pure_llm": {
2026-10-02T10:59:00.1581073Z       "status": "BLOCKED_EXTERNAL",
2026-10-02T10:59:00.1581326Z       "n": 0
2026-10-02T10:59:00.1581514Z     },
2026-10-02T10:59:00.1581706Z     "hybrid_no_preview": {
2026-10-02T10:59:00.1581970Z       "status": "BLOCKED_EXTERNAL",
2026-10-02T10:59:00.1582223Z       "n": 0
2026-10-02T10:59:00.1582406Z     },
2026-10-02T10:59:00.1582597Z     "hybrid_with_preview": {
2026-10-02T10:59:00.1582865Z       "status": "BLOCKED_EXTERNAL",
2026-10-02T10:59:00.1583103Z       "n": 0
2026-10-02T10:59:00.1583282Z     }
2026-10-02T10:59:00.1583458Z   }
2026-10-02T10:59:00.1583623Z }
2026-10-02T10:59:00.1714516Z ##[group]Run python scripts/run_logged.py evidence/study-analysis.log -- python -m benchmark.research --output evidence/study-analysis.json study evidence/study-automation.json
2026-10-02T10:59:00.1715855Z [36;1mpython scripts/run_logged.py evidence/study-analysis.log -- python -m benchmark.research --output evidence/study-analysis.json study evidence/study-automation.json[0m
2026-10-02T10:59:00.1779637Z shell: /usr/bin/bash --noprofile --norc -e -o pipefail {0}
2026-10-02T10:59:00.1780168Z env:
2026-10-02T10:59:00.1780364Z   NEXT_TELEMETRY_DISABLED: 1
2026-10-02T10:59:00.1780676Z   pythonLocation: /opt/hostedtoolcache/Python/3.13.15/x64
2026-10-02T10:59:00.1781114Z   PKG_CONFIG_PATH: /opt/hostedtoolcache/Python/3.13.15/x64/lib/pkgconfig
2026-10-02T10:59:00.1781544Z   Python_ROOT_DIR: /opt/hostedtoolcache/Python/3.13.15/x64
2026-10-02T10:59:00.1781916Z   Python2_ROOT_DIR: /opt/hostedtoolcache/Python/3.13.15/x64
2026-10-02T10:59:00.1782319Z   Python3_ROOT_DIR: /opt/hostedtoolcache/Python/3.13.15/x64
2026-10-02T10:59:00.1782697Z   LD_LIBRARY_PATH: /opt/hostedtoolcache/Python/3.13.15/x64/lib
2026-10-02T10:59:00.1783013Z ##[endgroup]
2026-10-02T10:59:00.3854208Z {
2026-10-02T10:59:00.3854711Z   "status": "BLOCKED_EXTERNAL",
2026-10-02T10:59:00.3855671Z   "human_participants": 0,
2026-10-02T10:59:00.3856032Z   "excluded": [
2026-10-02T10:59:00.3856395Z     {
2026-10-02T10:59:00.3856838Z       "participant_id": "automation-browser",
2026-10-02T10:59:00.3857580Z       "reason": "nonhuman, no consent, duplicate or invalid metadata"
2026-10-02T10:59:00.3858016Z     }
2026-10-02T10:59:00.3858202Z   ],
2026-10-02T10:59:00.3858400Z   "participants": [],
2026-10-02T10:59:00.3858643Z   "paired_time_delta": {
2026-10-02T10:59:00.3858875Z     "n": 0,
2026-10-02T10:59:00.3859064Z     "mean": null,
2026-10-02T10:59:00.3859267Z     "ci95": null
2026-10-02T10:59:00.3859467Z   },
2026-10-02T10:59:00.3859676Z   "paired_accuracy_delta": {
2026-10-02T10:59:00.3859906Z     "n": 0,
2026-10-02T10:59:00.3860099Z     "mean": null,
2026-10-02T10:59:00.3860295Z     "ci95": null
2026-10-02T10:59:00.3860507Z   },
2026-10-02T10:59:00.3860722Z   "all_decisions_visible_ms": {
2026-10-02T10:59:00.3860957Z     "n": 0,
2026-10-02T10:59:00.3861137Z     "mean": null,
2026-10-02T10:59:00.3861335Z     "median": null,
2026-10-02T10:59:00.3861530Z     "p95": null
2026-10-02T10:59:00.3861714Z   },
2026-10-02T10:59:00.3861907Z   "correct_decisions": {
2026-10-02T10:59:00.3862136Z     "numerator": 0,
2026-10-02T10:59:00.3862341Z     "denominator": 0,
2026-10-02T10:59:00.3862547Z     "value": null
2026-10-02T10:59:00.3862732Z   },
2026-10-02T10:59:00.3862910Z   "limitations": [
2026-10-02T10:59:00.3863433Z     "No causal efficiency claim without recruitment, business gold, counterbalancing and adequate sample size.",
2026-10-02T10:59:00.3864468Z     "Exported browser timing and human identity are untrusted telemetry, never authorization.",
2026-10-02T10:59:00.3865207Z     "Visibility duration excludes hidden tabs; correctness is supplied task gold, not a policy guess."
2026-10-02T10:59:00.3865669Z   ]
2026-10-02T10:59:00.3865841Z }
2026-10-02T10:59:00.3995092Z ##[group]Run python scripts/run_logged.py evidence/comparison.log -- python scripts/demo_comparison.py --output evidence/comparison.json
2026-10-02T10:59:00.3996081Z [36;1mpython scripts/run_logged.py evidence/comparison.log -- python scripts/demo_comparison.py --output evidence/comparison.json[0m
2026-10-02T10:59:00.4059227Z shell: /usr/bin/bash --noprofile --norc -e -o pipefail {0}
2026-10-02T10:59:00.4059576Z env:
2026-10-02T10:59:00.4059770Z   NEXT_TELEMETRY_DISABLED: 1
2026-10-02T10:59:00.4060088Z   pythonLocation: /opt/hostedtoolcache/Python/3.13.15/x64
2026-10-02T10:59:00.4060525Z   PKG_CONFIG_PATH: /opt/hostedtoolcache/Python/3.13.15/x64/lib/pkgconfig
2026-10-02T10:59:00.4060970Z   Python_ROOT_DIR: /opt/hostedtoolcache/Python/3.13.15/x64
2026-10-02T10:59:00.4061373Z   Python2_ROOT_DIR: /opt/hostedtoolcache/Python/3.13.15/x64
2026-10-02T10:59:00.4061757Z   Python3_ROOT_DIR: /opt/hostedtoolcache/Python/3.13.15/x64
2026-10-02T10:59:00.4062196Z   LD_LIBRARY_PATH: /opt/hostedtoolcache/Python/3.13.15/x64/lib
2026-10-02T10:59:00.4062526Z ##[endgroup]
2026-10-02T10:59:00.9994075Z {
2026-10-02T10:59:00.9995188Z   "scope": "disposable synthetic data; automated independent reviewer fixture; no live model/human",
2026-10-02T10:59:00.9995709Z   "without_gate": {
2026-10-02T10:59:00.9995930Z     "before": 1206,
2026-10-02T10:59:00.9996406Z     "after": 0
2026-10-02T10:59:00.9996599Z   },
2026-10-02T10:59:00.9996778Z   "with_gate": {
2026-10-02T10:59:00.9996993Z     "pending_rows": 1206,
2026-10-02T10:59:00.9997229Z     "rejected_rows": 1206,
2026-10-02T10:59:00.9997456Z     "denial": {
2026-10-02T10:59:00.9997712Z       "id": "57e694c0fc9a4d638495f2495561741a",
2026-10-02T10:59:00.9998014Z       "state": "rejected",
2026-10-02T10:59:00.9998281Z       "decision": "need_approval",
2026-10-02T10:59:00.9998571Z       "reason_code": "human_rejected",
2026-10-02T10:59:00.9998840Z       "result": null,
2026-10-02T10:59:00.9999090Z       "expires_at": 1790939040.9030368,
2026-10-02T10:59:00.9999425Z       "action_id": "57e694c0fc9a4d638495f2495561741a",
2026-10-02T10:59:00.9999791Z       "trace_id": "6dfc51ab25344969aa2e0e8dbd3fe9dc",
2026-10-02T10:59:01.0000092Z       "retryable": false,
2026-10-02T10:59:01.0000350Z       "allowed_alternatives": [
2026-10-02T10:59:01.0000629Z         "query_original_action",
2026-10-02T10:59:01.0000879Z         "bounded_read"
2026-10-02T10:59:01.0001086Z       ],
2026-10-02T10:59:01.0001307Z       "execution_occurred": false,
2026-10-02T10:59:01.0001837Z       "next_step": "Use a bounded SELECT or submit a narrower NEW action; do not retry rejected writes blindly."
2026-10-02T10:59:01.0002318Z     },
2026-10-02T10:59:01.0002519Z     "safe_alternative": {
2026-10-02T10:59:01.0002809Z       "id": "78277cdeb8fe4d4ba7905bea84af6783",
2026-10-02T10:59:01.0003106Z       "state": "executed",
2026-10-02T10:59:01.0003342Z       "decision": "pass",
2026-10-02T10:59:01.0003600Z       "reason_code": "bounded_read",
2026-10-02T10:59:01.0003857Z       "result": {
2026-10-02T10:59:01.0004341Z         "matched_rows": 0,
2026-10-02T10:59:01.0004567Z         "rows": [
2026-10-02T10:59:01.0004772Z           {
2026-10-02T10:59:01.0004970Z             "remaining": 1206
2026-10-02T10:59:01.0005193Z           }
2026-10-02T10:59:01.0005368Z         ],
2026-10-02T10:59:01.0005562Z         "truncated": false
2026-10-02T10:59:01.0005789Z       },
2026-10-02T10:59:01.0006005Z       "expires_at": 1790939040.919155,
2026-10-02T10:59:01.0006330Z       "action_id": "78277cdeb8fe4d4ba7905bea84af6783",
2026-10-02T10:59:01.0006694Z       "trace_id": "1d91451263be4ac297a0ae3c5d6189e1",
2026-10-02T10:59:01.0006992Z       "retryable": false,
2026-10-02T10:59:01.0007244Z       "allowed_alternatives": [
2026-10-02T10:59:01.0007507Z         "query_original_action"
2026-10-02T10:59:01.0007730Z       ],
2026-10-02T10:59:01.0007943Z       "execution_occurred": true,
2026-10-02T10:59:01.0008224Z       "next_step": "Read the result."
2026-10-02T10:59:01.0008473Z     },
2026-10-02T10:59:01.0008889Z     "approved_rows": 0,
2026-10-02T10:59:01.0009137Z     "approved_receipt": {
2026-10-02T10:59:01.0009419Z       "id": "20932c5daf4d401b9ab901d8872bb1cf",
2026-10-02T10:59:01.0009711Z       "state": "executed",
2026-10-02T10:59:01.0009970Z       "decision": "need_approval",
2026-10-02T10:59:01.0010262Z       "reason_code": "human_approved",
2026-10-02T10:59:01.0010530Z       "result": {
2026-10-02T10:59:01.0010743Z         "matched_rows": 1206,
2026-10-02T10:59:01.0010977Z         "rows": [],
2026-10-02T10:59:01.0011186Z         "truncated": false
2026-10-02T10:59:01.0011399Z       },
2026-10-02T10:59:01.0011610Z       "expires_at": 1790939040.922802,
2026-10-02T10:59:01.0011940Z       "action_id": "20932c5daf4d401b9ab901d8872bb1cf",
2026-10-02T10:59:01.0012295Z       "trace_id": "e8ae3d58fba149e9a464ab3c68276153",
2026-10-02T10:59:01.0012627Z       "retryable": false,
2026-10-02T10:59:01.0012879Z       "allowed_alternatives": [
2026-10-02T10:59:01.0013139Z         "query_original_action"
2026-10-02T10:59:01.0013374Z       ],
2026-10-02T10:59:01.0013587Z       "execution_occurred": true,
2026-10-02T10:59:01.0013866Z       "next_step": "Read the result."
2026-10-02T10:59:01.0014350Z     }
2026-10-02T10:59:01.0014522Z   },
2026-10-02T10:59:01.0014698Z   "audit": {
2026-10-02T10:59:01.0014894Z     "valid": true,
2026-10-02T10:59:01.0030219Z     "events": 5,
2026-10-02T10:59:01.0031251Z     "head": "aa4bd26ac96d9ec64c1b9c7f4bbeb7e6c349f9de1f078a6be0bafa702f78e75d",
2026-10-02T10:59:01.0031875Z     "anchor_status": "not_configured",
2026-10-02T10:59:01.0032802Z     "limitation": "Tail truncation after the last independently retained checkpoint remains undetectable. A server with all keys can forge new history; keep checkpoints outside its write authority."
2026-10-02T10:59:01.0033597Z   }
2026-10-02T10:59:01.0033776Z }
2026-10-02T10:59:01.0136378Z ##[group]Run python scripts/verify_evidence.py
2026-10-02T10:59:01.0136760Z [36;1mpython scripts/verify_evidence.py[0m
2026-10-02T10:59:01.0199862Z shell: /usr/bin/bash --noprofile --norc -e -o pipefail {0}
2026-10-02T10:59:01.0200208Z env:
2026-10-02T10:59:01.0200402Z   NEXT_TELEMETRY_DISABLED: 1
2026-10-02T10:59:01.0200721Z   pythonLocation: /opt/hostedtoolcache/Python/3.13.15/x64
2026-10-02T10:59:01.0201151Z   PKG_CONFIG_PATH: /opt/hostedtoolcache/Python/3.13.15/x64/lib/pkgconfig
2026-10-02T10:59:01.0201576Z   Python_ROOT_DIR: /opt/hostedtoolcache/Python/3.13.15/x64
2026-10-02T10:59:01.0201971Z   Python2_ROOT_DIR: /opt/hostedtoolcache/Python/3.13.15/x64
2026-10-02T10:59:01.0202352Z   Python3_ROOT_DIR: /opt/hostedtoolcache/Python/3.13.15/x64
2026-10-02T10:59:01.0202728Z   LD_LIBRARY_PATH: /opt/hostedtoolcache/Python/3.13.15/x64/lib
2026-10-02T10:59:01.0203043Z ##[endgroup]
2026-10-02T10:59:01.0708304Z Verified all 177 JUnit cases, exit receipts, screenshots, Docker and raw benchmark rows.
2026-10-02T10:59:01.0809634Z ##[group]Run python scripts/evidence_manifest.py
2026-10-02T10:59:01.0810030Z [36;1mpython scripts/evidence_manifest.py[0m
2026-10-02T10:59:01.0872760Z shell: /usr/bin/bash --noprofile --norc -e -o pipefail {0}
2026-10-02T10:59:01.0873092Z env:
2026-10-02T10:59:01.0873283Z   NEXT_TELEMETRY_DISABLED: 1
2026-10-02T10:59:01.0873585Z   pythonLocation: /opt/hostedtoolcache/Python/3.13.15/x64
2026-10-02T10:59:01.0874173Z   PKG_CONFIG_PATH: /opt/hostedtoolcache/Python/3.13.15/x64/lib/pkgconfig
2026-10-02T10:59:01.0874618Z   Python_ROOT_DIR: /opt/hostedtoolcache/Python/3.13.15/x64
2026-10-02T10:59:01.0874998Z   Python2_ROOT_DIR: /opt/hostedtoolcache/Python/3.13.15/x64
2026-10-02T10:59:01.0875375Z   Python3_ROOT_DIR: /opt/hostedtoolcache/Python/3.13.15/x64
2026-10-02T10:59:01.0875751Z   LD_LIBRARY_PATH: /opt/hostedtoolcache/Python/3.13.15/x64/lib
2026-10-02T10:59:01.0876065Z ##[endgroup]
2026-10-02T10:59:01.1794500Z {"commit": "17ccd2c5942aa316ee94509109cc01fbca925a26", "artifact_files": 57}
2026-10-02T10:59:01.1977939Z ##[group]Run actions/upload-artifact@v4
2026-10-02T10:59:01.1978256Z with:
2026-10-02T10:59:01.1978461Z   name: acceptance-evidence
2026-10-02T10:59:01.1978702Z   path: evidence/
2026-10-02T10:59:01.1978910Z   retention-days: 90
2026-10-02T10:59:01.1979124Z   if-no-files-found: warn
2026-10-02T10:59:01.1979353Z   compression-level: 6
2026-10-02T10:59:01.1979561Z   overwrite: false
2026-10-02T10:59:01.1979775Z   include-hidden-files: false
2026-10-02T10:59:01.1980011Z env:
2026-10-02T10:59:01.1980203Z   NEXT_TELEMETRY_DISABLED: 1
2026-10-02T10:59:01.1980523Z   pythonLocation: /opt/hostedtoolcache/Python/3.13.15/x64
2026-10-02T10:59:01.1980960Z   PKG_CONFIG_PATH: /opt/hostedtoolcache/Python/3.13.15/x64/lib/pkgconfig
2026-10-02T10:59:01.1981383Z   Python_ROOT_DIR: /opt/hostedtoolcache/Python/3.13.15/x64
2026-10-02T10:59:01.1981774Z   Python2_ROOT_DIR: /opt/hostedtoolcache/Python/3.13.15/x64
2026-10-02T10:59:01.1982157Z   Python3_ROOT_DIR: /opt/hostedtoolcache/Python/3.13.15/x64
2026-10-02T10:59:01.1982571Z   LD_LIBRARY_PATH: /opt/hostedtoolcache/Python/3.13.15/x64/lib
2026-10-02T10:59:01.1982899Z ##[endgroup]
2026-10-02T10:59:01.3781473Z (node:5811) [DEP0040] DeprecationWarning: The `punycode` module is deprecated. Please use a userland alternative instead.
2026-10-02T10:59:01.3783286Z (Use `node --trace-deprecation ...` to show where the warning was created)
2026-10-02T10:59:01.4259098Z With the provided path, there will be 194 files uploaded
2026-10-02T10:59:01.4264972Z Artifact name is valid!
2026-10-02T10:59:01.4266012Z Root directory input is valid!
2026-10-02T10:59:01.6635645Z Beginning upload of artifact content to blob storage
2026-10-02T10:59:01.9869770Z (node:5811) [DEP0169] DeprecationWarning: `url.parse()` behavior is not standardized and prone to errors that have security implications. Use the WHATWG URL API instead. CVEs are not issued for `url.parse()` vulnerabilities.
2026-10-02T10:59:02.1244991Z Uploaded bytes 4523055
2026-10-02T10:59:02.1404756Z Finished uploading artifact content to blob storage!
2026-10-02T10:59:02.1406078Z SHA256 digest of uploaded artifact zip is a0d3854ab3a17581ae28e053cd0f34111ff2a5fe117c16d9fa6b22856df530fc
2026-10-02T10:59:02.1407349Z Finalizing artifact upload
2026-10-02T10:59:02.3402638Z Artifact acceptance-evidence.zip successfully finalized. Artifact ID 11222458811
2026-10-02T10:59:02.3404483Z Artifact acceptance-evidence has been successfully uploaded! Final size is 4523055 bytes. Artifact ID is 11222458811
2026-10-02T10:59:02.3410574Z Artifact download URL: https://github.com/Changxin-YR/AIRLOCK/actions/runs/36998200376/artifacts/11222458811
2026-10-02T10:59:02.3610840Z Post job cleanup.
2026-10-02T10:59:02.4874604Z (node:5823) [DEP0040] DeprecationWarning: The `punycode` module is deprecated. Please use a userland alternative instead.
2026-10-02T10:59:02.4876006Z (Use `node --trace-deprecation ...` to show where the warning was created)
2026-10-02T10:59:02.5056059Z Post job cleanup.
2026-10-02T10:59:02.6354790Z (node:5831) [DEP0040] DeprecationWarning: The `punycode` module is deprecated. Please use a userland alternative instead.
2026-10-02T10:59:02.6356267Z (Use `node --trace-deprecation ...` to show where the warning was created)
2026-10-02T10:59:02.6588708Z Post job cleanup.
2026-10-02T10:59:02.7675073Z [command]/usr/bin/git version
2026-10-02T10:59:02.7714932Z git version 2.55.0
2026-10-02T10:59:02.7767792Z Temporarily overriding HOME='/home/runner/work/_temp/b47dd0a8-be61-49ba-9533-1cab9ab13b1a' before making global git config changes
2026-10-02T10:59:02.7769732Z Adding repository directory to the temporary git global config as a safe directory
2026-10-02T10:59:02.7774475Z [command]/usr/bin/git config --global --add safe.directory /home/runner/work/AIRLOCK/AIRLOCK
2026-10-02T10:59:02.7828092Z [command]/usr/bin/git config --local --name-only --get-regexp core\.sshCommand
2026-10-02T10:59:02.7867407Z [command]/usr/bin/git submodule foreach --recursive sh -c "git config --local --name-only --get-regexp 'core\.sshCommand' && git config --local --unset-all 'core.sshCommand' || :"
2026-10-02T10:59:02.8128993Z [command]/usr/bin/git config --local --name-only --get-regexp http\.https\:\/\/github\.com\/\.extraheader
2026-10-02T10:59:02.8172055Z http.https://github.com/.extraheader
2026-10-02T10:59:02.8187966Z [command]/usr/bin/git config --local --unset-all http.https://github.com/.extraheader
2026-10-02T10:59:02.8225690Z [command]/usr/bin/git submodule foreach --recursive sh -c "git config --local --name-only --get-regexp 'http\.https\:\/\/github\.com\/\.extraheader' && git config --local --unset-all 'http.https://github.com/.extraheader' || :"
2026-10-02T10:59:02.8501888Z [command]/usr/bin/git config --local --name-only --get-regexp ^includeIf\.gitdir:
2026-10-02T10:59:02.8548871Z [command]/usr/bin/git submodule foreach --recursive git config --local --show-origin --name-only --get-regexp remote.origin.url
2026-10-02T10:59:02.8935066Z Cleaning up orphan processes
2026-10-02T10:59:02.9315218Z ##[warning]Node.js 20 is deprecated. The following actions target Node.js 20 but are being forced to run on Node.js 24: actions/checkout@v4, actions/setup-node@v4, actions/setup-python@v5, actions/upload-artifact@v4. For more information see: https://github.blog/changelog/2025-09-19-deprecation-of-node-20-on-github-actions-runners/
