2026-10-04T01:25:36.1975200Z Current runner version: '2.337.0'
2026-10-04T01:25:36.2001993Z ##[group]Runner Image Provisioner
2026-10-04T01:25:36.2002981Z Hosted Compute Agent
2026-10-04T01:25:36.2003578Z Version: 20260901.588
2026-10-04T01:25:36.2004265Z Commit: f88ec8081b781fac6c440065ac7ff9e710ce3d0b
2026-10-04T01:25:36.2005044Z Build Date: 2026-09-01T19:56:44Z
2026-10-04T01:25:36.2005748Z Worker ID: {16ccd759-19d2-4e8e-b8d0-bf4df6e5335d}
2026-10-04T01:25:36.2006518Z Azure Region: westus
2026-10-04T01:25:36.2007132Z ##[endgroup]
2026-10-04T01:25:36.2009006Z ##[group]Operating System
2026-10-04T01:25:36.2009707Z Ubuntu
2026-10-04T01:25:36.2010229Z 24.04.5
2026-10-04T01:25:36.2010797Z LTS
2026-10-04T01:25:36.2011320Z ##[endgroup]
2026-10-04T01:25:36.2011861Z ##[group]Runner Image
2026-10-04T01:25:36.2012563Z Image: ubuntu-24.04
2026-10-04T01:25:36.2013132Z Version: 20260927.320.1
2026-10-04T01:25:36.2014459Z Included Software: https://github.com/actions/runner-images/blob/ubuntu24/20260927.320/images/ubuntu/Ubuntu2404-Readme.md
2026-10-04T01:25:36.2016034Z Image Release: https://github.com/actions/runner-images/releases/tag/ubuntu24%2F20260927.320
2026-10-04T01:25:36.2017102Z ##[endgroup]
2026-10-04T01:25:36.2018539Z ##[group]GITHUB_TOKEN Permissions
2026-10-04T01:25:36.2020588Z Contents: read
2026-10-04T01:25:36.2021211Z Metadata: read
2026-10-04T01:25:36.2021885Z ##[endgroup]
2026-10-04T01:25:36.2024222Z Secret source: Actions
2026-10-04T01:25:36.2025221Z Cache mode: write
2026-10-04T01:25:36.2025947Z Prepare workflow directory
2026-10-04T01:25:36.2492900Z Prepare all required actions
2026-10-04T01:25:36.2543618Z Getting action download info
2026-10-04T01:25:36.6251439Z Download action repository 'actions/checkout@v4' (SHA:11d5960a326750d5838078e36cf38b85af677262)
2026-10-04T01:25:36.7587906Z Download action repository 'actions/setup-python@v5' (SHA:a26af69be951a213d495a4c3e4e4022e16d87065)
2026-10-04T01:25:36.8826502Z Download action repository 'actions/setup-node@v4' (SHA:49933ea5288caeca8642d1e84afbd3f7d6820020)
2026-10-04T01:25:37.0241481Z Download action repository 'actions/setup-go@v6' (SHA:924ae3a1cded613372ab5595356fb5720e22ba16)
2026-10-04T01:25:37.4313927Z Download action repository 'actions/upload-artifact@v4' (SHA:ea165f8d65b6e75b540449e92b4886f43607fa02)
2026-10-04T01:25:37.7545699Z Complete job name: verify
2026-10-04T01:25:37.8843319Z ##[group]Run actions/checkout@v4
2026-10-04T01:25:37.8844413Z with:
2026-10-04T01:25:37.8844984Z   ref: 7dcea8ab94b60753391e0d90a73179684fc39fe1
2026-10-04T01:25:37.8845841Z   repository: Changxin-YR/AIRLOCK
2026-10-04T01:25:37.8854949Z   token: ***
2026-10-04T01:25:37.8855437Z   ssh-strict: true
2026-10-04T01:25:37.8855933Z   ssh-user: git
2026-10-04T01:25:37.8856456Z   persist-credentials: true
2026-10-04T01:25:37.8857057Z   clean: true
2026-10-04T01:25:37.8857733Z   sparse-checkout-cone-mode: true
2026-10-04T01:25:37.8858416Z   fetch-depth: 1
2026-10-04T01:25:37.8858899Z   fetch-tags: false
2026-10-04T01:25:37.8859408Z   show-progress: true
2026-10-04T01:25:37.8859943Z   lfs: false
2026-10-04T01:25:37.8860459Z   submodules: false
2026-10-04T01:25:37.8861009Z   set-safe-directory: true
2026-10-04T01:25:37.8861668Z   allow-unsafe-pr-checkout: false
2026-10-04T01:25:37.8862620Z env:
2026-10-04T01:25:37.8863093Z   NEXT_TELEMETRY_DISABLED: 1
2026-10-04T01:25:37.8863758Z ##[endgroup]
2026-10-04T01:25:37.9965984Z Syncing repository: Changxin-YR/AIRLOCK
2026-10-04T01:25:37.9969135Z ##[group]Getting Git version info
2026-10-04T01:25:37.9970216Z Working directory is '/home/runner/work/AIRLOCK/AIRLOCK'
2026-10-04T01:25:37.9972102Z [command]/usr/bin/git version
2026-10-04T01:25:38.0057115Z git version 2.55.0
2026-10-04T01:25:38.0092561Z ##[endgroup]
2026-10-04T01:25:38.0109508Z Temporarily overriding HOME='/home/runner/work/_temp/f905fa19-00de-48d5-8f37-ddd5ebe8eb0c' before making global git config changes
2026-10-04T01:25:38.0112590Z Adding repository directory to the temporary git global config as a safe directory
2026-10-04T01:25:38.0115299Z [command]/usr/bin/git config --global --add safe.directory /home/runner/work/AIRLOCK/AIRLOCK
2026-10-04T01:25:38.0174401Z Deleting the contents of '/home/runner/work/AIRLOCK/AIRLOCK'
2026-10-04T01:25:38.0180508Z ##[group]Initializing the repository
2026-10-04T01:25:38.0185964Z [command]/usr/bin/git init /home/runner/work/AIRLOCK/AIRLOCK
2026-10-04T01:25:38.0339742Z hint: Using 'master' as the name for the initial branch. This default branch name
2026-10-04T01:25:38.0341804Z hint: will change to "main" in Git 3.0. To configure the initial branch name
2026-10-04T01:25:38.0343399Z hint: to use in all of your new repositories, which will suppress this warning,
2026-10-04T01:25:38.0344518Z hint: call:
2026-10-04T01:25:38.0344979Z hint:
2026-10-04T01:25:38.0345649Z hint: 	git config --global init.defaultBranch <name>
2026-10-04T01:25:38.0346501Z hint:
2026-10-04T01:25:38.0347474Z hint: Names commonly chosen instead of 'master' are 'main', 'trunk' and
2026-10-04T01:25:38.0350190Z hint: 'development'. The just-created branch can be renamed via this command:
2026-10-04T01:25:38.0352219Z hint:
2026-10-04T01:25:38.0353011Z hint: 	git branch -m <name>
2026-10-04T01:25:38.0354010Z hint:
2026-10-04T01:25:38.0355543Z hint: Disable this message with "git config set advice.defaultBranchName false"
2026-10-04T01:25:38.0358857Z Initialized empty Git repository in /home/runner/work/AIRLOCK/AIRLOCK/.git/
2026-10-04T01:25:38.0363539Z [command]/usr/bin/git remote add origin https://github.com/Changxin-YR/AIRLOCK
2026-10-04T01:25:38.0395618Z ##[endgroup]
2026-10-04T01:25:38.0397658Z ##[group]Disabling automatic garbage collection
2026-10-04T01:25:38.0401861Z [command]/usr/bin/git config --local gc.auto 0
2026-10-04T01:25:38.0443431Z ##[endgroup]
2026-10-04T01:25:38.0445393Z ##[group]Setting up auth
2026-10-04T01:25:38.0452971Z [command]/usr/bin/git config --local --name-only --get-regexp core\.sshCommand
2026-10-04T01:25:38.0493268Z [command]/usr/bin/git submodule foreach --recursive sh -c "git config --local --name-only --get-regexp 'core\.sshCommand' && git config --local --unset-all 'core.sshCommand' || :"
2026-10-04T01:25:38.0908331Z [command]/usr/bin/git config --local --name-only --get-regexp http\.https\:\/\/github\.com\/\.extraheader
2026-10-04T01:25:38.0962255Z [command]/usr/bin/git submodule foreach --recursive sh -c "git config --local --name-only --get-regexp 'http\.https\:\/\/github\.com\/\.extraheader' && git config --local --unset-all 'http.https://github.com/.extraheader' || :"
2026-10-04T01:25:38.1201421Z [command]/usr/bin/git config --local --name-only --get-regexp ^includeIf\.gitdir:
2026-10-04T01:25:38.1245726Z [command]/usr/bin/git submodule foreach --recursive git config --local --show-origin --name-only --get-regexp remote.origin.url
2026-10-04T01:25:38.1489105Z [command]/usr/bin/git config --local http.https://github.com/.extraheader AUTHORIZATION: basic ***
2026-10-04T01:25:38.1536225Z ##[endgroup]
2026-10-04T01:25:38.1537523Z ##[group]Fetching the repository
2026-10-04T01:25:38.1550232Z [command]/usr/bin/git -c protocol.version=2 fetch --no-tags --prune --no-recurse-submodules --depth=1 origin 7dcea8ab94b60753391e0d90a73179684fc39fe1
2026-10-04T01:25:40.9366156Z From https://github.com/Changxin-YR/AIRLOCK
2026-10-04T01:25:40.9368689Z  * branch            7dcea8ab94b60753391e0d90a73179684fc39fe1 -> FETCH_HEAD
2026-10-04T01:25:40.9371887Z ##[endgroup]
2026-10-04T01:25:40.9372454Z ##[group]Determining the checkout info
2026-10-04T01:25:40.9373712Z ##[endgroup]
2026-10-04T01:25:40.9380820Z [command]/usr/bin/git sparse-checkout disable
2026-10-04T01:25:40.9442805Z [command]/usr/bin/git config --local --unset-all extensions.worktreeConfig
2026-10-04T01:25:40.9523350Z ##[group]Checking out the ref
2026-10-04T01:25:40.9528745Z [command]/usr/bin/git checkout --progress --force 7dcea8ab94b60753391e0d90a73179684fc39fe1
2026-10-04T01:25:41.1454019Z Note: switching to '7dcea8ab94b60753391e0d90a73179684fc39fe1'.
2026-10-04T01:25:41.1454805Z 
2026-10-04T01:25:41.1455274Z You are in 'detached HEAD' state. You can look around, make experimental
2026-10-04T01:25:41.1456282Z changes and commit them, and you can discard any commits you make in this
2026-10-04T01:25:41.1457869Z state without impacting any branches by switching back to a branch.
2026-10-04T01:25:41.1458511Z 
2026-10-04T01:25:41.1458918Z If you want to create a new branch to retain commits you create, you may
2026-10-04T01:25:41.1459853Z do so (now or later) by using -c with the switch command. Example:
2026-10-04T01:25:41.1460336Z 
2026-10-04T01:25:41.1460589Z   git switch -c <new-branch-name>
2026-10-04T01:25:41.1460932Z 
2026-10-04T01:25:41.1461146Z Or undo this operation with:
2026-10-04T01:25:41.1461467Z 
2026-10-04T01:25:41.1461662Z   git switch -
2026-10-04T01:25:41.1462757Z 
2026-10-04T01:25:41.1463201Z Turn off this advice by setting config variable advice.detachedHead to false
2026-10-04T01:25:41.1463870Z 
2026-10-04T01:25:41.1464418Z HEAD is now at 7dcea8a Add read-only startup diagnostics and reject invalid configuration before effects
2026-10-04T01:25:41.1499831Z ##[endgroup]
2026-10-04T01:25:41.1535823Z [command]/usr/bin/git log -1 --format=%H
2026-10-04T01:25:41.1569767Z 7dcea8ab94b60753391e0d90a73179684fc39fe1
2026-10-04T01:25:41.1810979Z ##[group]Run mkdir -p evidence
2026-10-04T01:25:41.1811399Z [36;1mmkdir -p evidence[0m
2026-10-04T01:25:41.1811719Z [36;1mpython3 scripts/archive_source.py[0m
2026-10-04T01:25:41.1812073Z [36;1mgit rev-parse HEAD > evidence/commit.txt[0m
2026-10-04T01:25:41.2100773Z shell: /usr/bin/bash --noprofile --norc -e -o pipefail {0}
2026-10-04T01:25:41.2101279Z env:
2026-10-04T01:25:41.2101575Z   NEXT_TELEMETRY_DISABLED: 1
2026-10-04T01:25:41.2101971Z ##[endgroup]
2026-10-04T01:25:41.3307853Z Archived tracked source and documentation; historical evidence remains separately versioned in Git.
2026-10-04T01:25:41.3495237Z ##[group]Run actions/setup-python@v5
2026-10-04T01:25:41.3495574Z with:
2026-10-04T01:25:41.3495787Z   python-version: 3.13
2026-10-04T01:25:41.3496020Z   check-latest: false
2026-10-04T01:25:41.3499095Z   token: ***
2026-10-04T01:25:41.3499338Z   update-environment: true
2026-10-04T01:25:41.3499615Z   allow-prereleases: false
2026-10-04T01:25:41.3499858Z   freethreaded: false
2026-10-04T01:25:41.3500072Z env:
2026-10-04T01:25:41.3500266Z   NEXT_TELEMETRY_DISABLED: 1
2026-10-04T01:25:41.3500500Z ##[endgroup]
2026-10-04T01:25:41.4952122Z ##[group]Installed versions
2026-10-04T01:25:41.5044924Z (node:2322) [DEP0040] DeprecationWarning: The `punycode` module is deprecated. Please use a userland alternative instead.
2026-10-04T01:25:41.5046212Z (Use `node --trace-deprecation ...` to show where the warning was created)
2026-10-04T01:25:41.5047004Z Successfully set up CPython (3.13.15)
2026-10-04T01:25:41.5048082Z ##[endgroup]
2026-10-04T01:25:41.5322082Z ##[group]Run python scripts/run_logged.py evidence/sqlite-runtime-build.log -- python scripts/build_sqlite_runtime.py --prefix "$RUNNER_TEMP/airlock-sqlite-runtime" --output evidence/sqlite-runtime-build.json
2026-10-04T01:25:41.5324701Z [36;1mpython scripts/run_logged.py evidence/sqlite-runtime-build.log -- python scripts/build_sqlite_runtime.py --prefix "$RUNNER_TEMP/airlock-sqlite-runtime" --output evidence/sqlite-runtime-build.json[0m
2026-10-04T01:25:41.5326703Z [36;1mprintf '%s\n' "$RUNNER_TEMP/airlock-sqlite-runtime/lib" | sudo tee /etc/ld.so.conf.d/00-airlock-sqlite.conf > /dev/null[0m
2026-10-04T01:25:41.5327958Z [36;1msudo ldconfig[0m
2026-10-04T01:25:41.5509868Z shell: /usr/bin/bash --noprofile --norc -e -o pipefail {0}
2026-10-04T01:25:41.5510296Z env:
2026-10-04T01:25:41.5510551Z   NEXT_TELEMETRY_DISABLED: 1
2026-10-04T01:25:41.5510927Z   pythonLocation: /opt/hostedtoolcache/Python/3.13.15/x64
2026-10-04T01:25:41.5511578Z   PKG_CONFIG_PATH: /opt/hostedtoolcache/Python/3.13.15/x64/lib/pkgconfig
2026-10-04T01:25:41.5512095Z   Python_ROOT_DIR: /opt/hostedtoolcache/Python/3.13.15/x64
2026-10-04T01:25:41.5512558Z   Python2_ROOT_DIR: /opt/hostedtoolcache/Python/3.13.15/x64
2026-10-04T01:25:41.5513020Z   Python3_ROOT_DIR: /opt/hostedtoolcache/Python/3.13.15/x64
2026-10-04T01:25:41.5513485Z   LD_LIBRARY_PATH: /opt/hostedtoolcache/Python/3.13.15/x64/lib
2026-10-04T01:25:41.5514203Z ##[endgroup]
2026-10-04T01:26:17.4459561Z {
2026-10-04T01:26:17.4461955Z   "mode": "official_source_shared_runtime",
2026-10-04T01:26:17.4463302Z   "platform": "Linux-6.17.0-1022-azure-x86_64-with-glibc2.39",
2026-10-04T01:26:17.4464111Z   "pin": {
2026-10-04T01:26:17.4464560Z     "version": "3.53.1",
2026-10-04T01:26:17.4465244Z     "source_id": "2026-05-05 10:34:17 c88b22011a54b4f6fbd149e9f8e4de77658ce58143a1af0e3785e4e6475127e9",
2026-10-04T01:26:17.4466522Z     "archive_url": "https://sqlite.org/2026/sqlite-autoconf-3530100.tar.gz",
2026-10-04T01:26:17.4468038Z     "archive_sha256": "83e6b2020a034e9a7ad4a72feea59e1ad52f162e09cbd26735a3ffb98359fc4f",
2026-10-04T01:26:17.4468894Z     "amalgamation_path": "sqlite-autoconf-3530100/sqlite3.c",
2026-10-04T01:26:17.4469657Z     "amalgamation_sha3_256": "414432ae5719f6cdc485f3927e12c7ad107e2b8c6b434e5df2eadb5312bfabb5",
2026-10-04T01:26:17.4470762Z     "release_reference": "https://sqlite.org/releaselog/3_53_1.html",
2026-10-04T01:26:17.4471410Z     "fix_reference": "https://sqlite.org/wal.html#walresetbug"
2026-10-04T01:26:17.4471905Z   },
2026-10-04T01:26:17.4472242Z   "compiler": "cc (Ubuntu 13.3.0-6ubuntu2~24.04.1) 13.3.0",
2026-10-04T01:26:17.4472688Z   "compiler_flags": [
2026-10-04T01:26:17.4472983Z     "-O2",
2026-10-04T01:26:17.4473235Z     "-fPIC",
2026-10-04T01:26:17.4473494Z     "-shared",
2026-10-04T01:26:17.4473792Z     "-Wl,-soname,libsqlite3.so.0",
2026-10-04T01:26:17.4474164Z     "-DSQLITE_THREADSAFE=1",
2026-10-04T01:26:17.4474517Z     "-DSQLITE_ENABLE_COLUMN_METADATA",
2026-10-04T01:26:17.4474903Z     "-DSQLITE_ENABLE_FTS3",
2026-10-04T01:26:17.4475235Z     "-DSQLITE_ENABLE_FTS5",
2026-10-04T01:26:17.4475561Z     "-DSQLITE_ENABLE_RTREE",
2026-10-04T01:26:17.4475896Z     "-DSQLITE_ENABLE_DBSTAT_VTAB",
2026-10-04T01:26:17.4476265Z     "-DSQLITE_ENABLE_MATH_FUNCTIONS",
2026-10-04T01:26:17.4476632Z     "-DSQLITE_USE_URI=1"
2026-10-04T01:26:17.4476929Z   ],
2026-10-04T01:26:17.4477687Z   "library": "/home/runner/work/_temp/airlock-sqlite-runtime/lib/libsqlite3.so.0",
2026-10-04T01:26:17.4479008Z   "library_sha256": "f826cb46ed8fb7b0c33f603eb8b8e8cf6026031f3dc455aa87b0032cf8a9dee2",
2026-10-04T01:26:17.4479610Z   "verified_python_runtime": {
2026-10-04T01:26:17.4479866Z     "version": "3.53.1",
2026-10-04T01:26:17.4480286Z     "source_id": "2026-05-05 10:34:17 c88b22011a54b4f6fbd149e9f8e4de77658ce58143a1af0e3785e4e6475127e9",
2026-10-04T01:26:17.4480748Z     "compile_options": [
2026-10-04T01:26:17.4481008Z       "ATOMIC_INTRINSICS=1",
2026-10-04T01:26:17.4481250Z       "COMPILER=gcc-13.3.0",
2026-10-04T01:26:17.4481948Z       "DEFAULT_AUTOVACUUM",
2026-10-04T01:26:17.4482304Z       "DEFAULT_CACHE_SIZE=-2000",
2026-10-04T01:26:17.4482578Z       "DEFAULT_FILE_FORMAT=4",
2026-10-04T01:26:17.4482838Z       "DEFAULT_JOURNAL_SIZE_LIMIT=-1",
2026-10-04T01:26:17.4483115Z       "DEFAULT_MMAP_SIZE=0",
2026-10-04T01:26:17.4483357Z       "DEFAULT_PAGE_SIZE=4096",
2026-10-04T01:26:17.4483616Z       "DEFAULT_PCACHE_INITSZ=20",
2026-10-04T01:26:17.4484118Z       "DEFAULT_RECURSIVE_TRIGGERS",
2026-10-04T01:26:17.4484570Z       "DEFAULT_SECTOR_SIZE=4096",
2026-10-04T01:26:17.4485000Z       "DEFAULT_SYNCHRONOUS=2",
2026-10-04T01:26:17.4485470Z       "DEFAULT_WAL_AUTOCHECKPOINT=1000",
2026-10-04T01:26:17.4485956Z       "DEFAULT_WAL_SYNCHRONOUS=2",
2026-10-04T01:26:17.4486441Z       "DEFAULT_WORKER_THREADS=0",
2026-10-04T01:26:17.4486929Z       "DIRECT_OVERFLOW_READ",
2026-10-04T01:26:17.4487564Z       "ENABLE_COLUMN_METADATA",
2026-10-04T01:26:17.4488005Z       "ENABLE_DBSTAT_VTAB",
2026-10-04T01:26:17.4488438Z       "ENABLE_FTS3",
2026-10-04T01:26:17.4488804Z       "ENABLE_FTS5",
2026-10-04T01:26:17.4489182Z       "ENABLE_MATH_FUNCTIONS",
2026-10-04T01:26:17.4489586Z       "ENABLE_RTREE",
2026-10-04T01:26:17.4489959Z       "MALLOC_SOFT_LIMIT=1024",
2026-10-04T01:26:17.4490384Z       "MAX_ATTACHED=10",
2026-10-04T01:26:17.4490813Z       "MAX_COLUMN=2000",
2026-10-04T01:26:17.4491242Z       "MAX_COMPOUND_SELECT=500",
2026-10-04T01:26:17.4492054Z       "MAX_DEFAULT_PAGE_SIZE=8192",
2026-10-04T01:26:17.4492568Z       "MAX_EXPR_DEPTH=1000",
2026-10-04T01:26:17.4492898Z       "MAX_FUNCTION_ARG=1000",
2026-10-04T01:26:17.4493148Z       "MAX_LENGTH=1000000000",
2026-10-04T01:26:17.4493394Z       "MAX_LIKE_PATTERN_LENGTH=50000",
2026-10-04T01:26:17.4493784Z       "MAX_MMAP_SIZE=0x7fff0000",
2026-10-04T01:26:17.4494095Z       "MAX_PAGE_COUNT=0xfffffffe",
2026-10-04T01:26:17.4494351Z       "MAX_PAGE_SIZE=65536",
2026-10-04T01:26:17.4494584Z       "MAX_SQL_LENGTH=1000000000",
2026-10-04T01:26:17.4494830Z       "MAX_TRIGGER_DEPTH=1000",
2026-10-04T01:26:17.4495079Z       "MAX_VARIABLE_NUMBER=32766",
2026-10-04T01:26:17.4495330Z       "MAX_VDBE_OP=250000000",
2026-10-04T01:26:17.4495563Z       "MAX_WORKER_THREADS=8",
2026-10-04T01:26:17.4495797Z       "MUTEX_PTHREADS",
2026-10-04T01:26:17.4496012Z       "SYSTEM_MALLOC",
2026-10-04T01:26:17.4496224Z       "TEMP_STORE=1",
2026-10-04T01:26:17.4496434Z       "THREADSAFE=1",
2026-10-04T01:26:17.4496638Z       "USE_URI"
2026-10-04T01:26:17.4496838Z     ]
2026-10-04T01:26:17.4497011Z   },
2026-10-04T01:26:17.4497218Z   "child_exit_code": 0,
2026-10-04T01:26:17.4497790Z   "system_library_replaced": false
2026-10-04T01:26:17.4498048Z }
2026-10-04T01:26:17.7765548Z ##[group]Run python scripts/run_logged.py evidence/sqlite-runtime-linked.log -- env -u LD_LIBRARY_PATH python -m airlock.sqlite_runtime --pin-file configs/sqlite-runtime.json --build-report evidence/sqlite-runtime-build.json --output evidence/sqlite-runtime-linked.json
2026-10-04T01:26:17.7767864Z [36;1mpython scripts/run_logged.py evidence/sqlite-runtime-linked.log -- env -u LD_LIBRARY_PATH python -m airlock.sqlite_runtime --pin-file configs/sqlite-runtime.json --build-report evidence/sqlite-runtime-build.json --output evidence/sqlite-runtime-linked.json[0m
2026-10-04T01:26:17.7834259Z shell: /usr/bin/bash --noprofile --norc -e -o pipefail {0}
2026-10-04T01:26:17.7834621Z env:
2026-10-04T01:26:17.7834833Z   NEXT_TELEMETRY_DISABLED: 1
2026-10-04T01:26:17.7835172Z   pythonLocation: /opt/hostedtoolcache/Python/3.13.15/x64
2026-10-04T01:26:17.7835611Z   PKG_CONFIG_PATH: /opt/hostedtoolcache/Python/3.13.15/x64/lib/pkgconfig
2026-10-04T01:26:17.7836086Z   Python_ROOT_DIR: /opt/hostedtoolcache/Python/3.13.15/x64
2026-10-04T01:26:17.7836463Z   Python2_ROOT_DIR: /opt/hostedtoolcache/Python/3.13.15/x64
2026-10-04T01:26:17.7836848Z   Python3_ROOT_DIR: /opt/hostedtoolcache/Python/3.13.15/x64
2026-10-04T01:26:17.7837546Z   LD_LIBRARY_PATH: /opt/hostedtoolcache/Python/3.13.15/x64/lib
2026-10-04T01:26:17.7837966Z ##[endgroup]
2026-10-04T01:26:17.8939905Z {
2026-10-04T01:26:17.8940322Z   "version": "3.53.1",
2026-10-04T01:26:17.8940905Z   "source_id": "2026-05-05 10:34:17 c88b22011a54b4f6fbd149e9f8e4de77658ce58143a1af0e3785e4e6475127e9",
2026-10-04T01:26:17.8941421Z   "wal_reset_fix": "upstream_fixed_version",
2026-10-04T01:26:17.8941724Z   "compile_options": [
2026-10-04T01:26:17.8941958Z     "ATOMIC_INTRINSICS=1",
2026-10-04T01:26:17.8942208Z     "COMPILER=gcc-13.3.0",
2026-10-04T01:26:17.8942477Z     "DEFAULT_AUTOVACUUM",
2026-10-04T01:26:17.8942713Z     "DEFAULT_CACHE_SIZE=-2000",
2026-10-04T01:26:17.8942961Z     "DEFAULT_FILE_FORMAT=4",
2026-10-04T01:26:17.8943222Z     "DEFAULT_JOURNAL_SIZE_LIMIT=-1",
2026-10-04T01:26:17.8943490Z     "DEFAULT_MMAP_SIZE=0",
2026-10-04T01:26:17.8943724Z     "DEFAULT_PAGE_SIZE=4096",
2026-10-04T01:26:17.8943977Z     "DEFAULT_PCACHE_INITSZ=20",
2026-10-04T01:26:17.8944224Z     "DEFAULT_RECURSIVE_TRIGGERS",
2026-10-04T01:26:17.8944473Z     "DEFAULT_SECTOR_SIZE=4096",
2026-10-04T01:26:17.8944707Z     "DEFAULT_SYNCHRONOUS=2",
2026-10-04T01:26:17.8944956Z     "DEFAULT_WAL_AUTOCHECKPOINT=1000",
2026-10-04T01:26:17.8945231Z     "DEFAULT_WAL_SYNCHRONOUS=2",
2026-10-04T01:26:17.8945478Z     "DEFAULT_WORKER_THREADS=0",
2026-10-04T01:26:17.8945716Z     "DIRECT_OVERFLOW_READ",
2026-10-04T01:26:17.8945947Z     "ENABLE_COLUMN_METADATA",
2026-10-04T01:26:17.8946179Z     "ENABLE_DBSTAT_VTAB",
2026-10-04T01:26:17.8946403Z     "ENABLE_FTS3",
2026-10-04T01:26:17.8946912Z     "ENABLE_FTS5",
2026-10-04T01:26:17.8947116Z     "ENABLE_MATH_FUNCTIONS",
2026-10-04T01:26:17.8947704Z     "ENABLE_RTREE",
2026-10-04T01:26:17.8947922Z     "MALLOC_SOFT_LIMIT=1024",
2026-10-04T01:26:17.8948160Z     "MAX_ATTACHED=10",
2026-10-04T01:26:17.8948394Z     "MAX_COLUMN=2000",
2026-10-04T01:26:17.8948611Z     "MAX_COMPOUND_SELECT=500",
2026-10-04T01:26:17.8948866Z     "MAX_DEFAULT_PAGE_SIZE=8192",
2026-10-04T01:26:17.8949113Z     "MAX_EXPR_DEPTH=1000",
2026-10-04T01:26:17.8949340Z     "MAX_FUNCTION_ARG=1000",
2026-10-04T01:26:17.8949567Z     "MAX_LENGTH=1000000000",
2026-10-04T01:26:17.8949806Z     "MAX_LIKE_PATTERN_LENGTH=50000",
2026-10-04T01:26:17.8950067Z     "MAX_MMAP_SIZE=0x7fff0000",
2026-10-04T01:26:17.8950316Z     "MAX_PAGE_COUNT=0xfffffffe",
2026-10-04T01:26:17.8950554Z     "MAX_PAGE_SIZE=65536",
2026-10-04T01:26:17.8950775Z     "MAX_SQL_LENGTH=1000000000",
2026-10-04T01:26:17.8951011Z     "MAX_TRIGGER_DEPTH=1000",
2026-10-04T01:26:17.8951250Z     "MAX_VARIABLE_NUMBER=32766",
2026-10-04T01:26:17.8951494Z     "MAX_VDBE_OP=250000000",
2026-10-04T01:26:17.8951719Z     "MAX_WORKER_THREADS=8",
2026-10-04T01:26:17.8951941Z     "MUTEX_PTHREADS",
2026-10-04T01:26:17.8952148Z     "SYSTEM_MALLOC",
2026-10-04T01:26:17.8952556Z     "TEMP_STORE=1",
2026-10-04T01:26:17.8952773Z     "THREADSAFE=1",
2026-10-04T01:26:17.8952971Z     "USE_URI"
2026-10-04T01:26:17.8953152Z   ],
2026-10-04T01:26:17.8953331Z   "python": "3.13.15",
2026-10-04T01:26:17.8953550Z   "sqlite_threadsafety": 3,
2026-10-04T01:26:17.8953781Z   "pin_verified": true,
2026-10-04T01:26:17.8954172Z   "archive_sha256": "83e6b2020a034e9a7ad4a72feea59e1ad52f162e09cbd26735a3ffb98359fc4f",
2026-10-04T01:26:17.8954790Z   "amalgamation_sha3_256": "414432ae5719f6cdc485f3927e12c7ad107e2b8c6b434e5df2eadb5312bfabb5",
2026-10-04T01:26:17.8955272Z   "loaded_shared_library_files": [
2026-10-04T01:26:17.8955516Z     {
2026-10-04T01:26:17.8955836Z       "path": "/home/runner/work/_temp/airlock-sqlite-runtime/lib/libsqlite3.so.0",
2026-10-04T01:26:17.8956233Z       "bytes": 1591216,
2026-10-04T01:26:17.8956583Z       "sha256": "f826cb46ed8fb7b0c33f603eb8b8e8cf6026031f3dc455aa87b0032cf8a9dee2"
2026-10-04T01:26:17.8956964Z     }
2026-10-04T01:26:17.8957132Z   ],
2026-10-04T01:26:17.8957621Z   "loaded_shared_libraries": [
2026-10-04T01:26:17.8958037Z     "/home/runner/work/_temp/airlock-sqlite-runtime/lib/libsqlite3.so.0"
2026-10-04T01:26:17.8958391Z   ],
2026-10-04T01:26:17.8958585Z   "build_report_verified": true,
2026-10-04T01:26:17.8959001Z   "build_report_sha256": "df942eb5a313c85336ab90b038173f4d07778024674bed89ebec429d2846269d"
2026-10-04T01:26:17.8959430Z }
2026-10-04T01:26:17.9159969Z ##[group]Run actions/setup-node@v4
2026-10-04T01:26:17.9160268Z with:
2026-10-04T01:26:17.9160463Z   node-version: 22
2026-10-04T01:26:17.9160675Z   always-auth: false
2026-10-04T01:26:17.9160889Z   check-latest: false
2026-10-04T01:26:17.9163529Z   token: ***
2026-10-04T01:26:17.9163728Z env:
2026-10-04T01:26:17.9163921Z   NEXT_TELEMETRY_DISABLED: 1
2026-10-04T01:26:17.9164245Z   pythonLocation: /opt/hostedtoolcache/Python/3.13.15/x64
2026-10-04T01:26:17.9164674Z   PKG_CONFIG_PATH: /opt/hostedtoolcache/Python/3.13.15/x64/lib/pkgconfig
2026-10-04T01:26:17.9165102Z   Python_ROOT_DIR: /opt/hostedtoolcache/Python/3.13.15/x64
2026-10-04T01:26:17.9165479Z   Python2_ROOT_DIR: /opt/hostedtoolcache/Python/3.13.15/x64
2026-10-04T01:26:17.9165865Z   Python3_ROOT_DIR: /opt/hostedtoolcache/Python/3.13.15/x64
2026-10-04T01:26:17.9166241Z   LD_LIBRARY_PATH: /opt/hostedtoolcache/Python/3.13.15/x64/lib
2026-10-04T01:26:17.9166560Z ##[endgroup]
2026-10-04T01:26:18.0935614Z Found in cache @ /opt/hostedtoolcache/node/22.23.3/x64
2026-10-04T01:26:18.0939543Z (node:2368) [DEP0040] DeprecationWarning: The `punycode` module is deprecated. Please use a userland alternative instead.
2026-10-04T01:26:18.0940812Z (Use `node --trace-deprecation ...` to show where the warning was created)
2026-10-04T01:26:18.0942838Z ##[group]Environment details
2026-10-04T01:26:21.6625023Z node: v22.23.3
2026-10-04T01:26:21.6625977Z npm: 10.9.9
2026-10-04T01:26:21.6626302Z yarn: 1.22.22
2026-10-04T01:26:21.6627022Z ##[endgroup]
2026-10-04T01:26:21.6753923Z ##[group]Run python -m pip install -r requirements-dev.txt
2026-10-04T01:26:21.6754395Z [36;1mpython -m pip install -r requirements-dev.txt[0m
2026-10-04T01:26:21.6873693Z shell: /usr/bin/bash --noprofile --norc -e -o pipefail {0}
2026-10-04T01:26:21.6874076Z env:
2026-10-04T01:26:21.6874311Z   NEXT_TELEMETRY_DISABLED: 1
2026-10-04T01:26:21.6874652Z   pythonLocation: /opt/hostedtoolcache/Python/3.13.15/x64
2026-10-04T01:26:21.6875134Z   PKG_CONFIG_PATH: /opt/hostedtoolcache/Python/3.13.15/x64/lib/pkgconfig
2026-10-04T01:26:21.6875607Z   Python_ROOT_DIR: /opt/hostedtoolcache/Python/3.13.15/x64
2026-10-04T01:26:21.6876036Z   Python2_ROOT_DIR: /opt/hostedtoolcache/Python/3.13.15/x64
2026-10-04T01:26:21.6876457Z   Python3_ROOT_DIR: /opt/hostedtoolcache/Python/3.13.15/x64
2026-10-04T01:26:21.6876880Z   LD_LIBRARY_PATH: /opt/hostedtoolcache/Python/3.13.15/x64/lib
2026-10-04T01:26:21.6877470Z ##[endgroup]
2026-10-04T01:26:23.8006791Z Collecting fastapi==0.142.2 (from -r /home/runner/work/AIRLOCK/AIRLOCK/requirements.txt (line 1))
2026-10-04T01:26:23.8721739Z   Downloading fastapi-0.142.2-py3-none-any.whl.metadata (27 kB)
2026-10-04T01:26:23.9273069Z Collecting starlette==1.7.0 (from -r /home/runner/work/AIRLOCK/AIRLOCK/requirements.txt (line 2))
2026-10-04T01:26:23.9390283Z   Downloading starlette-1.7.0-py3-none-any.whl.metadata (6.6 kB)
2026-10-04T01:26:24.0928521Z Collecting pydantic==2.13.5 (from -r /home/runner/work/AIRLOCK/AIRLOCK/requirements.txt (line 3))
2026-10-04T01:26:24.1070119Z   Downloading pydantic-2.13.5-py3-none-any.whl.metadata (110 kB)
2026-10-04T01:26:24.1604460Z Collecting uvicorn==0.48.0 (from -r /home/runner/work/AIRLOCK/AIRLOCK/requirements.txt (line 4))
2026-10-04T01:26:24.1730219Z   Downloading uvicorn-0.48.0-py3-none-any.whl.metadata (6.7 kB)
2026-10-04T01:26:24.2081820Z Collecting httpx==0.28.1 (from -r /home/runner/work/AIRLOCK/AIRLOCK/requirements.txt (line 5))
2026-10-04T01:26:24.2192894Z   Downloading httpx-0.28.1-py3-none-any.whl.metadata (7.1 kB)
2026-10-04T01:26:24.2534684Z Collecting httpcore==1.0.9 (from -r /home/runner/work/AIRLOCK/AIRLOCK/requirements.txt (line 6))
2026-10-04T01:26:24.2647001Z   Downloading httpcore-1.0.9-py3-none-any.whl.metadata (21 kB)
2026-10-04T01:26:24.2952382Z Collecting cel-python==0.4.0 (from -r /home/runner/work/AIRLOCK/AIRLOCK/requirements.txt (line 7))
2026-10-04T01:26:24.3082731Z   Downloading cel_python-0.4.0-py3-none-any.whl.metadata (8.5 kB)
2026-10-04T01:26:24.3625238Z Collecting PyYAML==6.0.3 (from -r /home/runner/work/AIRLOCK/AIRLOCK/requirements.txt (line 8))
2026-10-04T01:26:24.3752198Z   Downloading pyyaml-6.0.3-cp313-cp313-manylinux2014_x86_64.manylinux_2_17_x86_64.manylinux_2_28_x86_64.whl.metadata (2.4 kB)
2026-10-04T01:26:24.4084658Z Collecting PyJWT==2.15.1 (from -r /home/runner/work/AIRLOCK/AIRLOCK/requirements.txt (line 9))
2026-10-04T01:26:24.4198584Z   Downloading pyjwt-2.15.1-py3-none-any.whl.metadata (3.5 kB)
2026-10-04T01:26:24.6436033Z Collecting cryptography==50.0.2 (from -r /home/runner/work/AIRLOCK/AIRLOCK/requirements.txt (line 10))
2026-10-04T01:26:24.6550772Z   Downloading cryptography-50.0.2-cp311-abi3-manylinux_2_34_x86_64.whl.metadata (4.4 kB)
2026-10-04T01:26:24.8693114Z Collecting boto3==1.43.107 (from -r /home/runner/work/AIRLOCK/AIRLOCK/requirements-archive.txt (line 2))
2026-10-04T01:26:24.8817841Z   Downloading boto3-1.43.107-py3-none-any.whl.metadata (6.6 kB)
2026-10-04T01:26:25.1117044Z Collecting botocore==1.43.107 (from -r /home/runner/work/AIRLOCK/AIRLOCK/requirements-archive.txt (line 3))
2026-10-04T01:26:25.1249079Z   Downloading botocore-1.43.107-py3-none-any.whl.metadata (5.6 kB)
2026-10-04T01:26:25.1582041Z Collecting s3transfer==0.19.2 (from -r /home/runner/work/AIRLOCK/AIRLOCK/requirements-archive.txt (line 4))
2026-10-04T01:26:25.1698473Z   Downloading s3transfer-0.19.2-py3-none-any.whl.metadata (1.7 kB)
2026-10-04T01:26:25.2196329Z Collecting pytest==9.0.2 (from -r requirements-dev.txt (line 3))
2026-10-04T01:26:25.2318552Z   Downloading pytest-9.0.2-py3-none-any.whl.metadata (7.6 kB)
2026-10-04T01:26:25.2849769Z Collecting playwright==1.57.0 (from -r requirements-dev.txt (line 4))
2026-10-04T01:26:25.2969951Z   Downloading playwright-1.57.0-py3-none-manylinux1_x86_64.whl.metadata (3.5 kB)
2026-10-04T01:26:25.3346386Z Collecting mcp==1.26.0 (from -r requirements-dev.txt (line 5))
2026-10-04T01:26:25.3474439Z   Downloading mcp-1.26.0-py3-none-any.whl.metadata (89 kB)
2026-10-04T01:26:25.3875501Z Collecting pip-audit==2.10.1 (from -r requirements-dev.txt (line 6))
2026-10-04T01:26:25.3995870Z   Downloading pip_audit-2.10.1-py3-none-any.whl.metadata (28 kB)
2026-10-04T01:26:25.4396897Z Collecting typing-extensions>=4.8.0 (from fastapi==0.142.2->-r /home/runner/work/AIRLOCK/AIRLOCK/requirements.txt (line 1))
2026-10-04T01:26:25.4507311Z   Downloading typing_extensions-4.16.0-py3-none-any.whl.metadata (3.3 kB)
2026-10-04T01:26:25.4820742Z Collecting typing-inspection>=0.4.2 (from fastapi==0.142.2->-r /home/runner/work/AIRLOCK/AIRLOCK/requirements.txt (line 1))
2026-10-04T01:26:25.4932816Z   Downloading typing_inspection-0.4.4-py3-none-any.whl.metadata (2.6 kB)
2026-10-04T01:26:25.5218171Z Collecting annotated-doc>=0.0.2 (from fastapi==0.142.2->-r /home/runner/work/AIRLOCK/AIRLOCK/requirements.txt (line 1))
2026-10-04T01:26:25.5335452Z   Downloading annotated_doc-0.0.5-py3-none-any.whl.metadata (6.5 kB)
2026-10-04T01:26:25.5713596Z Collecting opentelemetry-api>=1.44.0 (from fastapi==0.142.2->-r /home/runner/work/AIRLOCK/AIRLOCK/requirements.txt (line 1))
2026-10-04T01:26:25.5826750Z   Downloading opentelemetry_api-1.45.0-py3-none-any.whl.metadata (1.4 kB)
2026-10-04T01:26:25.6187181Z Collecting anyio<5,>=4.0.0 (from starlette==1.7.0->-r /home/runner/work/AIRLOCK/AIRLOCK/requirements.txt (line 2))
2026-10-04T01:26:25.6301870Z   Downloading anyio-4.15.1-py3-none-any.whl.metadata (4.7 kB)
2026-10-04T01:26:25.6602792Z Collecting annotated-types>=0.6.0 (from pydantic==2.13.5->-r /home/runner/work/AIRLOCK/AIRLOCK/requirements.txt (line 3))
2026-10-04T01:26:25.6716419Z   Downloading annotated_types-0.8.0-py3-none-any.whl.metadata (15 kB)
2026-10-04T01:26:26.3563411Z Collecting pydantic-core==2.46.5 (from pydantic==2.13.5->-r /home/runner/work/AIRLOCK/AIRLOCK/requirements.txt (line 3))
2026-10-04T01:26:26.3678960Z   Downloading pydantic_core-2.46.5-cp313-cp313-manylinux_2_17_x86_64.manylinux2014_x86_64.whl.metadata (6.6 kB)
2026-10-04T01:26:26.4055964Z Collecting click>=7.0 (from uvicorn==0.48.0->-r /home/runner/work/AIRLOCK/AIRLOCK/requirements.txt (line 4))
2026-10-04T01:26:26.4170088Z   Downloading click-8.5.0-py3-none-any.whl.metadata (2.6 kB)
2026-10-04T01:26:26.4468427Z Collecting h11>=0.8 (from uvicorn==0.48.0->-r /home/runner/work/AIRLOCK/AIRLOCK/requirements.txt (line 4))
2026-10-04T01:26:26.4584487Z   Downloading h11-0.16.0-py3-none-any.whl.metadata (8.3 kB)
2026-10-04T01:26:26.4969144Z Collecting certifi (from httpx==0.28.1->-r /home/runner/work/AIRLOCK/AIRLOCK/requirements.txt (line 5))
2026-10-04T01:26:26.5088901Z   Downloading certifi-2026.7.22-py3-none-any.whl.metadata (2.5 kB)
2026-10-04T01:26:26.5424472Z Collecting idna (from httpx==0.28.1->-r /home/runner/work/AIRLOCK/AIRLOCK/requirements.txt (line 5))
2026-10-04T01:26:26.5550756Z   Downloading idna-3.20-py3-none-any.whl.metadata (7.2 kB)
2026-10-04T01:26:26.6419337Z Collecting google-re2>=1.1.20240702 (from cel-python==0.4.0->-r /home/runner/work/AIRLOCK/AIRLOCK/requirements.txt (line 7))
2026-10-04T01:26:26.6543609Z   Downloading google_re2-1.1.20251105-1-cp313-cp313-manylinux_2_27_x86_64.manylinux_2_28_x86_64.whl.metadata (2.4 kB)
2026-10-04T01:26:26.6839514Z Collecting jmespath>=1.0.1 (from cel-python==0.4.0->-r /home/runner/work/AIRLOCK/AIRLOCK/requirements.txt (line 7))
2026-10-04T01:26:26.6956736Z   Downloading jmespath-1.1.0-py3-none-any.whl.metadata (7.6 kB)
2026-10-04T01:26:26.7259634Z Collecting lark>=1.2.2 (from cel-python==0.4.0->-r /home/runner/work/AIRLOCK/AIRLOCK/requirements.txt (line 7))
2026-10-04T01:26:26.7383768Z   Downloading lark-1.3.1-py3-none-any.whl.metadata (1.8 kB)
2026-10-04T01:26:26.8021795Z Collecting pendulum>=3.1.0 (from cel-python==0.4.0->-r /home/runner/work/AIRLOCK/AIRLOCK/requirements.txt (line 7))
2026-10-04T01:26:26.8147676Z   Downloading pendulum-3.2.0-cp313-cp313-manylinux_2_17_x86_64.manylinux2014_x86_64.whl.metadata (6.8 kB)
2026-10-04T01:26:26.9370033Z Collecting cffi>=2.0.0 (from cryptography==50.0.2->-r /home/runner/work/AIRLOCK/AIRLOCK/requirements.txt (line 10))
2026-10-04T01:26:26.9486228Z   Downloading cffi-2.1.1-cp313-cp313-manylinux2014_x86_64.manylinux_2_17_x86_64.whl.metadata (2.5 kB)
2026-10-04T01:26:26.9917681Z Collecting python-dateutil<3.0.0,>=2.1 (from botocore==1.43.107->-r /home/runner/work/AIRLOCK/AIRLOCK/requirements-archive.txt (line 3))
2026-10-04T01:26:27.0030214Z   Downloading python_dateutil-2.9.0.post0-py2.py3-none-any.whl.metadata (8.4 kB)
2026-10-04T01:26:27.0423632Z Collecting urllib3!=2.2.0,<3,>=1.25.4 (from botocore==1.43.107->-r /home/runner/work/AIRLOCK/AIRLOCK/requirements-archive.txt (line 3))
2026-10-04T01:26:27.0542153Z   Downloading urllib3-2.8.0-py3-none-any.whl.metadata (7.4 kB)
2026-10-04T01:26:27.0951966Z Collecting iniconfig>=1.0.1 (from pytest==9.0.2->-r requirements-dev.txt (line 3))
2026-10-04T01:26:27.1078351Z   Downloading iniconfig-2.3.0-py3-none-any.whl.metadata (2.5 kB)
2026-10-04T01:26:27.1406871Z Collecting packaging>=22 (from pytest==9.0.2->-r requirements-dev.txt (line 3))
2026-10-04T01:26:27.1524987Z   Downloading packaging-26.3-py3-none-any.whl.metadata (3.5 kB)
2026-10-04T01:26:27.1830413Z Collecting pluggy<2,>=1.5 (from pytest==9.0.2->-r requirements-dev.txt (line 3))
2026-10-04T01:26:27.1953511Z   Downloading pluggy-1.6.0-py3-none-any.whl.metadata (4.8 kB)
2026-10-04T01:26:27.2325535Z Collecting pygments>=2.7.2 (from pytest==9.0.2->-r requirements-dev.txt (line 3))
2026-10-04T01:26:27.2444267Z   Downloading pygments-2.21.0-py3-none-any.whl.metadata (2.5 kB)
2026-10-04T01:26:27.2775881Z Collecting pyee<14,>=13 (from playwright==1.57.0->-r requirements-dev.txt (line 4))
2026-10-04T01:26:27.2890011Z   Downloading pyee-13.0.1-py3-none-any.whl.metadata (3.0 kB)
2026-10-04T01:26:27.4513701Z Collecting greenlet<4.0.0,>=3.1.1 (from playwright==1.57.0->-r requirements-dev.txt (line 4))
2026-10-04T01:26:27.4635332Z   Downloading greenlet-3.5.6-cp313-cp313-manylinux_2_24_x86_64.manylinux_2_28_x86_64.whl.metadata (3.8 kB)
2026-10-04T01:26:27.4966760Z Collecting httpx-sse>=0.4 (from mcp==1.26.0->-r requirements-dev.txt (line 5))
2026-10-04T01:26:27.5080653Z   Downloading httpx_sse-0.4.3-py3-none-any.whl.metadata (9.7 kB)
2026-10-04T01:26:27.5475099Z Collecting jsonschema>=4.20.0 (from mcp==1.26.0->-r requirements-dev.txt (line 5))
2026-10-04T01:26:27.5593017Z   Downloading jsonschema-4.26.0-py3-none-any.whl.metadata (7.6 kB)
2026-10-04T01:26:27.5977772Z Collecting pydantic-settings>=2.5.2 (from mcp==1.26.0->-r requirements-dev.txt (line 5))
2026-10-04T01:26:27.6093196Z   Downloading pydantic_settings-2.15.0-py3-none-any.whl.metadata (3.9 kB)
2026-10-04T01:26:27.6448727Z Collecting python-multipart>=0.0.9 (from mcp==1.26.0->-r requirements-dev.txt (line 5))
2026-10-04T01:26:27.6560649Z   Downloading python_multipart-0.0.32-py3-none-any.whl.metadata (2.1 kB)
2026-10-04T01:26:27.6919956Z Collecting sse-starlette>=1.6.1 (from mcp==1.26.0->-r requirements-dev.txt (line 5))
2026-10-04T01:26:27.7033062Z   Downloading sse_starlette-3.5.0-py3-none-any.whl.metadata (15 kB)
2026-10-04T01:26:27.7404061Z Collecting CacheControl>=0.13.0 (from CacheControl[filecache]>=0.13.0->pip-audit==2.10.1->-r requirements-dev.txt (line 6))
2026-10-04T01:26:27.7519779Z   Downloading cachecontrol-0.14.4-py3-none-any.whl.metadata (3.1 kB)
2026-10-04T01:26:27.8002739Z Collecting cyclonedx-python-lib<12,>=5 (from pip-audit==2.10.1->-r requirements-dev.txt (line 6))
2026-10-04T01:26:27.8117539Z   Downloading cyclonedx_python_lib-11.12.0-py3-none-any.whl.metadata (6.9 kB)
2026-10-04T01:26:27.8504663Z Collecting pip-api>=0.0.28 (from pip-audit==2.10.1->-r requirements-dev.txt (line 6))
2026-10-04T01:26:27.8619749Z   Downloading pip_api-0.0.35-py3-none-any.whl.metadata (17 kB)
2026-10-04T01:26:27.8928950Z Collecting pip-requirements-parser>=32.0.0 (from pip-audit==2.10.1->-r requirements-dev.txt (line 6))
2026-10-04T01:26:27.9038596Z   Downloading pip_requirements_parser-32.0.1-py3-none-any.whl.metadata (9.3 kB)
2026-10-04T01:26:27.9436869Z Collecting requests>=2.31.0 (from pip-audit==2.10.1->-r requirements-dev.txt (line 6))
2026-10-04T01:26:27.9552086Z   Downloading requests-2.34.2-py3-none-any.whl.metadata (4.8 kB)
2026-10-04T01:26:28.0025269Z Collecting rich>=12.4 (from pip-audit==2.10.1->-r requirements-dev.txt (line 6))
2026-10-04T01:26:28.0139267Z   Downloading rich-15.0.0-py3-none-any.whl.metadata (18 kB)
2026-10-04T01:26:28.0554244Z Collecting tomli>=2.2.1 (from pip-audit==2.10.1->-r requirements-dev.txt (line 6))
2026-10-04T01:26:28.0694187Z   Downloading tomli-2.4.1-cp313-cp313-manylinux2014_x86_64.manylinux_2_17_x86_64.manylinux_2_28_x86_64.whl.metadata (10 kB)
2026-10-04T01:26:28.1030677Z Collecting tomli-w>=1.2.0 (from pip-audit==2.10.1->-r requirements-dev.txt (line 6))
2026-10-04T01:26:28.1144636Z   Downloading tomli_w-1.2.0-py3-none-any.whl.metadata (5.7 kB)
2026-10-04T01:26:28.1512959Z Collecting platformdirs>=4.2.0 (from pip-audit==2.10.1->-r requirements-dev.txt (line 6))
2026-10-04T01:26:28.1631934Z   Downloading platformdirs-4.12.3-py3-none-any.whl.metadata (5.5 kB)
2026-10-04T01:26:28.2002651Z Collecting license-expression<31,>=30 (from cyclonedx-python-lib<12,>=5->pip-audit==2.10.1->-r requirements-dev.txt (line 6))
2026-10-04T01:26:28.2119703Z   Downloading license_expression-30.4.4-py3-none-any.whl.metadata (11 kB)
2026-10-04T01:26:28.2510915Z Collecting packageurl-python<2,>=0.11 (from cyclonedx-python-lib<12,>=5->pip-audit==2.10.1->-r requirements-dev.txt (line 6))
2026-10-04T01:26:28.2816237Z   Downloading packageurl_python-0.17.6-py3-none-any.whl.metadata (5.1 kB)
2026-10-04T01:26:28.3165108Z Collecting py-serializable<3.0.0,>=2.1.0 (from cyclonedx-python-lib<12,>=5->pip-audit==2.10.1->-r requirements-dev.txt (line 6))
2026-10-04T01:26:28.3277830Z   Downloading py_serializable-2.1.0-py3-none-any.whl.metadata (4.3 kB)
2026-10-04T01:26:28.3584583Z Collecting sortedcontainers<3.0.0,>=2.4.0 (from cyclonedx-python-lib<12,>=5->pip-audit==2.10.1->-r requirements-dev.txt (line 6))
2026-10-04T01:26:28.3694929Z   Downloading sortedcontainers-2.4.0-py2.py3-none-any.whl.metadata (10 kB)
2026-10-04T01:26:28.4024764Z Collecting boolean.py>=4.0 (from license-expression<31,>=30->cyclonedx-python-lib<12,>=5->pip-audit==2.10.1->-r requirements-dev.txt (line 6))
2026-10-04T01:26:28.4134781Z   Downloading boolean_py-5.0-py3-none-any.whl.metadata (2.3 kB)
2026-10-04T01:26:28.4454545Z Collecting defusedxml<0.8.0,>=0.7.1 (from py-serializable<3.0.0,>=2.1.0->cyclonedx-python-lib<12,>=5->pip-audit==2.10.1->-r requirements-dev.txt (line 6))
2026-10-04T01:26:28.4570876Z   Downloading defusedxml-0.7.1-py2.py3-none-any.whl.metadata (32 kB)
2026-10-04T01:26:28.4931511Z Collecting six>=1.5 (from python-dateutil<3.0.0,>=2.1->botocore==1.43.107->-r /home/runner/work/AIRLOCK/AIRLOCK/requirements-archive.txt (line 3))
2026-10-04T01:26:28.5045411Z   Downloading six-1.17.0-py2.py3-none-any.whl.metadata (1.7 kB)
2026-10-04T01:26:28.6028598Z Collecting msgpack<2.0.0,>=0.5.2 (from CacheControl>=0.13.0->CacheControl[filecache]>=0.13.0->pip-audit==2.10.1->-r requirements-dev.txt (line 6))
2026-10-04T01:26:28.6159786Z   Downloading msgpack-1.2.3-cp313-cp313-manylinux2014_x86_64.manylinux_2_17_x86_64.manylinux_2_28_x86_64.whl.metadata (8.3 kB)
2026-10-04T01:26:28.6591533Z Collecting filelock>=3.8.0 (from CacheControl[filecache]>=0.13.0->pip-audit==2.10.1->-r requirements-dev.txt (line 6))
2026-10-04T01:26:28.6705969Z   Downloading filelock-4.0.10-py3-none-any.whl.metadata (2.0 kB)
2026-10-04T01:26:28.7003192Z Collecting pycparser (from cffi>=2.0.0->cryptography==50.0.2->-r /home/runner/work/AIRLOCK/AIRLOCK/requirements.txt (line 10))
2026-10-04T01:26:28.7115291Z   Downloading pycparser-3.0-py3-none-any.whl.metadata (8.2 kB)
2026-10-04T01:26:28.7481557Z Collecting attrs>=22.2.0 (from jsonschema>=4.20.0->mcp==1.26.0->-r requirements-dev.txt (line 5))
2026-10-04T01:26:28.7595488Z   Downloading attrs-26.1.0-py3-none-any.whl.metadata (8.8 kB)
2026-10-04T01:26:28.7913762Z Collecting jsonschema-specifications>=2023.03.6 (from jsonschema>=4.20.0->mcp==1.26.0->-r requirements-dev.txt (line 5))
2026-10-04T01:26:28.8039783Z   Downloading jsonschema_specifications-2025.9.1-py3-none-any.whl.metadata (2.9 kB)
2026-10-04T01:26:28.8430018Z Collecting referencing>=0.28.4 (from jsonschema>=4.20.0->mcp==1.26.0->-r requirements-dev.txt (line 5))
2026-10-04T01:26:28.8543522Z   Downloading referencing-0.37.0-py3-none-any.whl.metadata (2.8 kB)
2026-10-04T01:26:29.1122195Z Collecting rpds-py>=0.25.0 (from jsonschema>=4.20.0->mcp==1.26.0->-r requirements-dev.txt (line 5))
2026-10-04T01:26:29.1238962Z   Downloading rpds_py-2026.6.3-cp313-cp313-manylinux_2_17_x86_64.manylinux2014_x86_64.whl.metadata (4.1 kB)
2026-10-04T01:26:29.1628493Z Collecting tzdata>=2020.1 (from pendulum>=3.1.0->cel-python==0.4.0->-r /home/runner/work/AIRLOCK/AIRLOCK/requirements.txt (line 7))
2026-10-04T01:26:29.1740070Z   Downloading tzdata-2026.5-py2.py3-none-any.whl.metadata (1.4 kB)
2026-10-04T01:26:29.1785673Z Requirement already satisfied: pip in /opt/hostedtoolcache/Python/3.13.15/x64/lib/python3.13/site-packages (from pip-api>=0.0.28->pip-audit==2.10.1->-r requirements-dev.txt (line 6)) (26.2.1)
2026-10-04T01:26:29.2166844Z Collecting pyparsing (from pip-requirements-parser>=32.0.0->pip-audit==2.10.1->-r requirements-dev.txt (line 6))
2026-10-04T01:26:29.2290460Z   Downloading pyparsing-3.3.3-py3-none-any.whl.metadata (5.9 kB)
2026-10-04T01:26:29.2645593Z Collecting python-dotenv>=0.21.0 (from pydantic-settings>=2.5.2->mcp==1.26.0->-r requirements-dev.txt (line 5))
2026-10-04T01:26:29.2761807Z   Downloading python_dotenv-1.2.4-py3-none-any.whl.metadata (29 kB)
2026-10-04T01:26:29.4236783Z Collecting charset_normalizer<4,>=2 (from requests>=2.31.0->pip-audit==2.10.1->-r requirements-dev.txt (line 6))
2026-10-04T01:26:29.4357700Z   Downloading charset_normalizer-3.5.2-cp313-cp313-manylinux2014_x86_64.manylinux_2_17_x86_64.manylinux_2_28_x86_64.whl.metadata (46 kB)
2026-10-04T01:26:29.4794801Z Collecting markdown-it-py>=2.2.0 (from rich>=12.4->pip-audit==2.10.1->-r requirements-dev.txt (line 6))
2026-10-04T01:26:29.4912616Z   Downloading markdown_it_py-4.2.0-py3-none-any.whl.metadata (7.4 kB)
2026-10-04T01:26:29.5238294Z Collecting mdurl~=0.1 (from markdown-it-py>=2.2.0->rich>=12.4->pip-audit==2.10.1->-r requirements-dev.txt (line 6))
2026-10-04T01:26:29.5372709Z   Downloading mdurl-0.1.2-py3-none-any.whl.metadata (1.6 kB)
2026-10-04T01:26:29.5702856Z Downloading fastapi-0.142.2-py3-none-any.whl (144 kB)
2026-10-04T01:26:29.5861275Z Downloading starlette-1.7.0-py3-none-any.whl (78 kB)
2026-10-04T01:26:29.5996933Z Downloading pydantic-2.13.5-py3-none-any.whl (472 kB)
2026-10-04T01:26:29.6328800Z Downloading uvicorn-0.48.0-py3-none-any.whl (71 kB)
2026-10-04T01:26:29.6465930Z Downloading httpx-0.28.1-py3-none-any.whl (73 kB)
2026-10-04T01:26:29.6600113Z Downloading httpcore-1.0.9-py3-none-any.whl (78 kB)
2026-10-04T01:26:29.6758166Z Downloading cel_python-0.4.0-py3-none-any.whl (85 kB)
2026-10-04T01:26:29.6904371Z Downloading pyyaml-6.0.3-cp313-cp313-manylinux2014_x86_64.manylinux_2_17_x86_64.manylinux_2_28_x86_64.whl (801 kB)
2026-10-04T01:26:29.7062324Z    ━━━━━━━━━━━━━━━━━━━━━━━━━━━━━━━━━━━━━━━━ 801.6/801.6 kB 43.5 MB/s  0:00:00
2026-10-04T01:26:29.7195476Z Downloading pyjwt-2.15.1-py3-none-any.whl (33 kB)
2026-10-04T01:26:29.7334564Z Downloading cryptography-50.0.2-cp311-abi3-manylinux_2_34_x86_64.whl (4.8 MB)
2026-10-04T01:26:29.7716351Z    ━━━━━━━━━━━━━━━━━━━━━━━━━━━━━━━━━━━━━━━━ 4.8/4.8 MB 128.3 MB/s  0:00:00
2026-10-04T01:26:29.7833896Z Downloading boto3-1.43.107-py3-none-any.whl (140 kB)
2026-10-04T01:26:29.8025773Z Downloading botocore-1.43.107-py3-none-any.whl (16.0 MB)
2026-10-04T01:26:29.9340504Z    ━━━━━━━━━━━━━━━━━━━━━━━━━━━━━━━━━━━━━━━━ 16.0/16.0 MB 124.8 MB/s  0:00:00
2026-10-04T01:26:29.9460394Z Downloading s3transfer-0.19.2-py3-none-any.whl (90 kB)
2026-10-04T01:26:29.9615556Z Downloading pytest-9.0.2-py3-none-any.whl (374 kB)
2026-10-04T01:26:29.9773672Z Downloading playwright-1.57.0-py3-none-manylinux1_x86_64.whl (46.0 MB)
2026-10-04T01:26:30.1775705Z    ━━━━━━━━━━━━━━━━━━━━━━━━━━━━━━━━━━━━━━━━ 46.0/46.0 MB 232.3 MB/s  0:00:00
2026-10-04T01:26:30.1906468Z Downloading mcp-1.26.0-py3-none-any.whl (233 kB)
2026-10-04T01:26:30.2054583Z Downloading pip_audit-2.10.1-py3-none-any.whl (62 kB)
2026-10-04T01:26:30.2198894Z Downloading pydantic_core-2.46.5-cp313-cp313-manylinux_2_17_x86_64.manylinux2014_x86_64.whl (2.1 MB)
2026-10-04T01:26:30.2326998Z    ━━━━━━━━━━━━━━━━━━━━━━━━━━━━━━━━━━━━━━━━ 2.1/2.1 MB 186.9 MB/s  0:00:00
2026-10-04T01:26:30.2471539Z Downloading anyio-4.15.1-py3-none-any.whl (132 kB)
2026-10-04T01:26:30.2621475Z Downloading cyclonedx_python_lib-11.12.0-py3-none-any.whl (529 kB)
2026-10-04T01:26:30.2689838Z    ━━━━━━━━━━━━━━━━━━━━━━━━━━━━━━━━━━━━━━━━ 529.5/529.5 kB 78.0 MB/s  0:00:00
2026-10-04T01:26:30.2811072Z Downloading greenlet-3.5.6-cp313-cp313-manylinux_2_24_x86_64.manylinux_2_28_x86_64.whl (623 kB)
2026-10-04T01:26:30.2865650Z    ━━━━━━━━━━━━━━━━━━━━━━━━━━━━━━━━━━━━━━━━ 623.8/623.8 kB 118.3 MB/s  0:00:00
2026-10-04T01:26:30.2981293Z Downloading jmespath-1.1.0-py3-none-any.whl (20 kB)
2026-10-04T01:26:30.3121944Z Downloading license_expression-30.4.4-py3-none-any.whl (120 kB)
2026-10-04T01:26:30.3264227Z Downloading packageurl_python-0.17.6-py3-none-any.whl (36 kB)
2026-10-04T01:26:30.3399767Z Downloading pluggy-1.6.0-py3-none-any.whl (20 kB)
2026-10-04T01:26:30.3535460Z Downloading py_serializable-2.1.0-py3-none-any.whl (23 kB)
2026-10-04T01:26:30.3669686Z Downloading defusedxml-0.7.1-py2.py3-none-any.whl (25 kB)
2026-10-04T01:26:30.3804720Z Downloading pyee-13.0.1-py3-none-any.whl (15 kB)
2026-10-04T01:26:30.3944542Z Downloading python_dateutil-2.9.0.post0-py2.py3-none-any.whl (229 kB)
2026-10-04T01:26:30.4087929Z Downloading sortedcontainers-2.4.0-py2.py3-none-any.whl (29 kB)
2026-10-04T01:26:30.4224296Z Downloading urllib3-2.8.0-py3-none-any.whl (135 kB)
2026-10-04T01:26:30.4361534Z Downloading annotated_doc-0.0.5-py3-none-any.whl (5.3 kB)
2026-10-04T01:26:30.4493895Z Downloading annotated_types-0.8.0-py3-none-any.whl (13 kB)
2026-10-04T01:26:30.4627140Z Downloading boolean_py-5.0-py3-none-any.whl (26 kB)
2026-10-04T01:26:30.4762783Z Downloading cachecontrol-0.14.4-py3-none-any.whl (22 kB)
2026-10-04T01:26:30.4913770Z Downloading msgpack-1.2.3-cp313-cp313-manylinux2014_x86_64.manylinux_2_17_x86_64.manylinux_2_28_x86_64.whl (466 kB)
2026-10-04T01:26:30.5057886Z Downloading cffi-2.1.1-cp313-cp313-manylinux2014_x86_64.manylinux_2_17_x86_64.whl (221 kB)
2026-10-04T01:26:30.5198948Z Downloading click-8.5.0-py3-none-any.whl (125 kB)
2026-10-04T01:26:30.5343195Z Downloading filelock-4.0.10-py3-none-any.whl (111 kB)
2026-10-04T01:26:30.5513865Z Downloading google_re2-1.1.20251105-1-cp313-cp313-manylinux_2_27_x86_64.manylinux_2_28_x86_64.whl (591 kB)
2026-10-04T01:26:30.5567185Z    ━━━━━━━━━━━━━━━━━━━━━━━━━━━━━━━━━━━━━━━━ 591.4/591.4 kB 117.5 MB/s  0:00:00
2026-10-04T01:26:30.5677999Z Downloading h11-0.16.0-py3-none-any.whl (37 kB)
2026-10-04T01:26:30.5814520Z Downloading httpx_sse-0.4.3-py3-none-any.whl (9.0 kB)
2026-10-04T01:26:30.5947513Z Downloading idna-3.20-py3-none-any.whl (69 kB)
2026-10-04T01:26:30.6091915Z Downloading iniconfig-2.3.0-py3-none-any.whl (7.5 kB)
2026-10-04T01:26:30.6224977Z Downloading jsonschema-4.26.0-py3-none-any.whl (90 kB)
2026-10-04T01:26:30.6365659Z Downloading attrs-26.1.0-py3-none-any.whl (67 kB)
2026-10-04T01:26:30.6499483Z Downloading jsonschema_specifications-2025.9.1-py3-none-any.whl (18 kB)
2026-10-04T01:26:30.6635127Z Downloading lark-1.3.1-py3-none-any.whl (113 kB)
2026-10-04T01:26:30.6771436Z Downloading opentelemetry_api-1.45.0-py3-none-any.whl (60 kB)
2026-10-04T01:26:30.6902765Z Downloading packaging-26.3-py3-none-any.whl (129 kB)
2026-10-04T01:26:30.7064878Z Downloading pendulum-3.2.0-cp313-cp313-manylinux_2_17_x86_64.manylinux2014_x86_64.whl (348 kB)
2026-10-04T01:26:30.7211293Z Downloading pip_api-0.0.35-py3-none-any.whl (123 kB)
2026-10-04T01:26:30.7346695Z Downloading pip_requirements_parser-32.0.1-py3-none-any.whl (35 kB)
2026-10-04T01:26:30.7478569Z Downloading platformdirs-4.12.3-py3-none-any.whl (32 kB)
2026-10-04T01:26:30.7614784Z Downloading pydantic_settings-2.15.0-py3-none-any.whl (69 kB)
2026-10-04T01:26:30.7753369Z Downloading pygments-2.21.0-py3-none-any.whl (1.3 MB)
2026-10-04T01:26:30.7825486Z    ━━━━━━━━━━━━━━━━━━━━━━━━━━━━━━━━━━━━━━━━ 1.3/1.3 MB 229.2 MB/s  0:00:00
2026-10-04T01:26:30.7938608Z Downloading python_dotenv-1.2.4-py3-none-any.whl (23 kB)
2026-10-04T01:26:30.8075850Z Downloading python_multipart-0.0.32-py3-none-any.whl (30 kB)
2026-10-04T01:26:30.8210607Z Downloading referencing-0.37.0-py3-none-any.whl (26 kB)
2026-10-04T01:26:30.8345462Z Downloading requests-2.34.2-py3-none-any.whl (73 kB)
2026-10-04T01:26:30.8514530Z Downloading charset_normalizer-3.5.2-cp313-cp313-manylinux2014_x86_64.manylinux_2_17_x86_64.manylinux_2_28_x86_64.whl (254 kB)
2026-10-04T01:26:30.8678288Z Downloading certifi-2026.7.22-py3-none-any.whl (136 kB)
2026-10-04T01:26:30.8818984Z Downloading rich-15.0.0-py3-none-any.whl (310 kB)
2026-10-04T01:26:30.8972209Z Downloading markdown_it_py-4.2.0-py3-none-any.whl (91 kB)
2026-10-04T01:26:30.9158730Z Downloading mdurl-0.1.2-py3-none-any.whl (10.0 kB)
2026-10-04T01:26:30.9297611Z Downloading rpds_py-2026.6.3-cp313-cp313-manylinux_2_17_x86_64.manylinux2014_x86_64.whl (365 kB)
2026-10-04T01:26:30.9444379Z Downloading six-1.17.0-py2.py3-none-any.whl (11 kB)
2026-10-04T01:26:30.9593479Z Downloading sse_starlette-3.5.0-py3-none-any.whl (17 kB)
2026-10-04T01:26:30.9733771Z Downloading tomli-2.4.1-cp313-cp313-manylinux2014_x86_64.manylinux_2_17_x86_64.manylinux_2_28_x86_64.whl (251 kB)
2026-10-04T01:26:30.9875916Z Downloading tomli_w-1.2.0-py3-none-any.whl (6.7 kB)
2026-10-04T01:26:31.0006617Z Downloading typing_extensions-4.16.0-py3-none-any.whl (45 kB)
2026-10-04T01:26:31.0139707Z Downloading typing_inspection-0.4.4-py3-none-any.whl (14 kB)
2026-10-04T01:26:31.0269898Z Downloading tzdata-2026.5-py2.py3-none-any.whl (347 kB)
2026-10-04T01:26:31.0407060Z Downloading pycparser-3.0-py3-none-any.whl (48 kB)
2026-10-04T01:26:31.0542172Z Downloading pyparsing-3.3.3-py3-none-any.whl (126 kB)
2026-10-04T01:26:31.5878346Z Installing collected packages: sortedcontainers, boolean.py, urllib3, tzdata, typing-extensions, tomli-w, tomli, six, rpds-py, PyYAML, python-multipart, python-dotenv, pyparsing, PyJWT, pygments, pycparser, pluggy, platformdirs, pip-api, packaging, packageurl-python, msgpack, mdurl, license-expression, lark, jmespath, iniconfig, idna, httpx-sse, h11, greenlet, google-re2, filelock, defusedxml, click, charset_normalizer, certifi, attrs, annotated-types, annotated-doc, uvicorn, typing-inspection, requests, referencing, python-dateutil, pytest, pyee, pydantic-core, py-serializable, pip-requirements-parser, opentelemetry-api, markdown-it-py, httpcore, cffi, anyio, starlette, rich, pydantic, playwright, pendulum, jsonschema-specifications, httpx, cyclonedx-python-lib, cryptography, CacheControl, botocore, sse-starlette, s3transfer, pydantic-settings, jsonschema, fastapi, cel-python, pip-audit, mcp, boto3
2026-10-04T01:26:37.7793679Z 
2026-10-04T01:26:37.7873973Z Successfully installed CacheControl-0.14.4 PyJWT-2.15.1 PyYAML-6.0.3 annotated-doc-0.0.5 annotated-types-0.8.0 anyio-4.15.1 attrs-26.1.0 boolean.py-5.0 boto3-1.43.107 botocore-1.43.107 cel-python-0.4.0 certifi-2026.7.22 cffi-2.1.1 charset_normalizer-3.5.2 click-8.5.0 cryptography-50.0.2 cyclonedx-python-lib-11.12.0 defusedxml-0.7.1 fastapi-0.142.2 filelock-4.0.10 google-re2-1.1.20251105 greenlet-3.5.6 h11-0.16.0 httpcore-1.0.9 httpx-0.28.1 httpx-sse-0.4.3 idna-3.20 iniconfig-2.3.0 jmespath-1.1.0 jsonschema-4.26.0 jsonschema-specifications-2025.9.1 lark-1.3.1 license-expression-30.4.4 markdown-it-py-4.2.0 mcp-1.26.0 mdurl-0.1.2 msgpack-1.2.3 opentelemetry-api-1.45.0 packageurl-python-0.17.6 packaging-26.3 pendulum-3.2.0 pip-api-0.0.35 pip-audit-2.10.1 pip-requirements-parser-32.0.1 platformdirs-4.12.3 playwright-1.57.0 pluggy-1.6.0 py-serializable-2.1.0 pycparser-3.0 pydantic-2.13.5 pydantic-core-2.46.5 pydantic-settings-2.15.0 pyee-13.0.1 pygments-2.21.0 pyparsing-3.3.3 pytest-9.0.2 python-dateutil-2.9.0.post0 python-dotenv-1.2.4 python-multipart-0.0.32 referencing-0.37.0 requests-2.34.2 rich-15.0.0 rpds-py-2026.6.3 s3transfer-0.19.2 six-1.17.0 sortedcontainers-2.4.0 sse-starlette-3.5.0 starlette-1.7.0 tomli-2.4.1 tomli-w-1.2.0 typing-extensions-4.16.0 typing-inspection-0.4.4 tzdata-2026.5 urllib3-2.8.0 uvicorn-0.48.0
2026-10-04T01:26:38.1071803Z ##[group]Run npm ci
2026-10-04T01:26:38.1072069Z [36;1mnpm ci[0m
2026-10-04T01:26:38.1137536Z shell: /usr/bin/bash --noprofile --norc -e -o pipefail {0}
2026-10-04T01:26:38.1137905Z env:
2026-10-04T01:26:38.1138114Z   NEXT_TELEMETRY_DISABLED: 1
2026-10-04T01:26:38.1138434Z   pythonLocation: /opt/hostedtoolcache/Python/3.13.15/x64
2026-10-04T01:26:38.1138875Z   PKG_CONFIG_PATH: /opt/hostedtoolcache/Python/3.13.15/x64/lib/pkgconfig
2026-10-04T01:26:38.1139332Z   Python_ROOT_DIR: /opt/hostedtoolcache/Python/3.13.15/x64
2026-10-04T01:26:38.1139721Z   Python2_ROOT_DIR: /opt/hostedtoolcache/Python/3.13.15/x64
2026-10-04T01:26:38.1140120Z   Python3_ROOT_DIR: /opt/hostedtoolcache/Python/3.13.15/x64
2026-10-04T01:26:38.1140524Z   LD_LIBRARY_PATH: /opt/hostedtoolcache/Python/3.13.15/x64/lib
2026-10-04T01:26:38.1140875Z ##[endgroup]
2026-10-04T01:26:47.2534396Z 
2026-10-04T01:26:47.2535260Z added 24 packages, and audited 25 packages in 9s
2026-10-04T01:26:47.2535742Z 
2026-10-04T01:26:47.2536107Z 6 packages are looking for funding
2026-10-04T01:26:47.2536623Z   run `npm fund` for details
2026-10-04T01:26:47.2545274Z 
2026-10-04T01:26:47.2545646Z found 0 vulnerabilities
2026-10-04T01:26:47.3151153Z ##[group]Run python scripts/run_logged.py evidence/next-build.log -- npm run build
2026-10-04T01:26:47.3151777Z [36;1mpython scripts/run_logged.py evidence/next-build.log -- npm run build[0m
2026-10-04T01:26:47.3217180Z shell: /usr/bin/bash --noprofile --norc -e -o pipefail {0}
2026-10-04T01:26:47.3217826Z env:
2026-10-04T01:26:47.3218034Z   NEXT_TELEMETRY_DISABLED: 1
2026-10-04T01:26:47.3218354Z   pythonLocation: /opt/hostedtoolcache/Python/3.13.15/x64
2026-10-04T01:26:47.3218799Z   PKG_CONFIG_PATH: /opt/hostedtoolcache/Python/3.13.15/x64/lib/pkgconfig
2026-10-04T01:26:47.3219240Z   Python_ROOT_DIR: /opt/hostedtoolcache/Python/3.13.15/x64
2026-10-04T01:26:47.3219643Z   Python2_ROOT_DIR: /opt/hostedtoolcache/Python/3.13.15/x64
2026-10-04T01:26:47.3220042Z   Python3_ROOT_DIR: /opt/hostedtoolcache/Python/3.13.15/x64
2026-10-04T01:26:47.3220450Z   LD_LIBRARY_PATH: /opt/hostedtoolcache/Python/3.13.15/x64/lib
2026-10-04T01:26:47.3220787Z ##[endgroup]
2026-10-04T01:27:04.7169192Z 
2026-10-04T01:27:04.7169903Z > airlock-review-console@0.1.0 build
2026-10-04T01:27:04.7170797Z > next build frontend --webpack && node scripts/package_console.mjs
2026-10-04T01:27:04.7171316Z 
2026-10-04T01:27:04.7171883Z ▲ Next.js 16.3.8 (webpack)
2026-10-04T01:27:04.7172464Z ✓ Running next.config.mjs took 13ms
2026-10-04T01:27:04.7173336Z ⚠ No build cache found. Please configure build caching for faster rebuilds. Read more: https://nextjs.org/docs/messages/no-cache
2026-10-04T01:27:04.7173841Z 
2026-10-04T01:27:04.7174007Z   Creating an optimized production build ...
2026-10-04T01:27:04.7174395Z ✓ Compiled successfully in 5.2s
2026-10-04T01:27:04.7174664Z   Running TypeScript ...
2026-10-04T01:27:04.7175092Z   Finished TypeScript in 1ms ...
2026-10-04T01:27:04.7175683Z   Collecting page data using 3 workers ...
2026-10-04T01:27:04.7176317Z   Generating static pages using 3 workers (0/3) ...
2026-10-04T01:27:04.7176890Z ✓ Generating static pages using 3 workers (3/3) in 507ms
2026-10-04T01:27:04.7177587Z   Finalizing page optimization ...
2026-10-04T01:27:04.7177906Z   Collecting build traces ...
2026-10-04T01:27:04.7178075Z 
2026-10-04T01:27:04.7178175Z Route (app)
2026-10-04T01:27:04.7178404Z ┌ ○ /
2026-10-04T01:27:04.7178626Z └ ○ /_not-found
2026-10-04T01:27:04.7179177Z 
2026-10-04T01:27:04.7179184Z 
2026-10-04T01:27:04.7179437Z ○  (Static)  prerendered as static content
2026-10-04T01:27:04.7179639Z 
2026-10-04T01:27:04.7180185Z {"framework":"Next.js static export","inline_script_hashes":2,"destination":"/home/runner/work/AIRLOCK/AIRLOCK/airlock/console"}
2026-10-04T01:27:04.7336613Z ##[group]Run python scripts/run_logged.py evidence/npm-audit.log -- npm audit --omit=dev
2026-10-04T01:27:04.7337894Z [36;1mpython scripts/run_logged.py evidence/npm-audit.log -- npm audit --omit=dev[0m
2026-10-04T01:27:04.7404061Z shell: /usr/bin/bash --noprofile --norc -e -o pipefail {0}
2026-10-04T01:27:04.7404431Z env:
2026-10-04T01:27:04.7404643Z   NEXT_TELEMETRY_DISABLED: 1
2026-10-04T01:27:04.7404968Z   pythonLocation: /opt/hostedtoolcache/Python/3.13.15/x64
2026-10-04T01:27:04.7405419Z   PKG_CONFIG_PATH: /opt/hostedtoolcache/Python/3.13.15/x64/lib/pkgconfig
2026-10-04T01:27:04.7405867Z   Python_ROOT_DIR: /opt/hostedtoolcache/Python/3.13.15/x64
2026-10-04T01:27:04.7406310Z   Python2_ROOT_DIR: /opt/hostedtoolcache/Python/3.13.15/x64
2026-10-04T01:27:04.7406709Z   Python3_ROOT_DIR: /opt/hostedtoolcache/Python/3.13.15/x64
2026-10-04T01:27:04.7407107Z   LD_LIBRARY_PATH: /opt/hostedtoolcache/Python/3.13.15/x64/lib
2026-10-04T01:27:04.7407735Z ##[endgroup]
2026-10-04T01:27:05.1569424Z found 0 vulnerabilities
2026-10-04T01:27:05.1725507Z ##[group]Run python scripts/run_logged.py evidence/pytest.log -- python -m pytest -q --junitxml=evidence/pytest.xml
2026-10-04T01:27:05.1726511Z [36;1mpython scripts/run_logged.py evidence/pytest.log -- python -m pytest -q --junitxml=evidence/pytest.xml[0m
2026-10-04T01:27:05.1790935Z shell: /usr/bin/bash --noprofile --norc -e -o pipefail {0}
2026-10-04T01:27:05.1791539Z env:
2026-10-04T01:27:05.1803219Z   NEXT_TELEMETRY_DISABLED: 1
2026-10-04T01:27:05.1803667Z   pythonLocation: /opt/hostedtoolcache/Python/3.13.15/x64
2026-10-04T01:27:05.1804168Z   PKG_CONFIG_PATH: /opt/hostedtoolcache/Python/3.13.15/x64/lib/pkgconfig
2026-10-04T01:27:05.1804673Z   Python_ROOT_DIR: /opt/hostedtoolcache/Python/3.13.15/x64
2026-10-04T01:27:05.1805102Z   Python2_ROOT_DIR: /opt/hostedtoolcache/Python/3.13.15/x64
2026-10-04T01:27:05.1805543Z   Python3_ROOT_DIR: /opt/hostedtoolcache/Python/3.13.15/x64
2026-10-04T01:27:05.1805970Z   LD_LIBRARY_PATH: /opt/hostedtoolcache/Python/3.13.15/x64/lib
2026-10-04T01:27:05.1806361Z ##[endgroup]
2026-10-04T01:29:15.0266250Z ........................................................................ [  9%]
2026-10-04T01:29:15.0266870Z ........................................................................ [ 18%]
2026-10-04T01:29:15.0267667Z ........................................................................ [ 27%]
2026-10-04T01:29:15.0268230Z ........................................................................ [ 36%]
2026-10-04T01:29:15.0268764Z ........................................................................ [ 45%]
2026-10-04T01:29:15.0269285Z ........................................................................ [ 54%]
2026-10-04T01:29:15.0269833Z ........................................................................ [ 63%]
2026-10-04T01:29:15.0270346Z ........................................................................ [ 72%]
2026-10-04T01:29:15.0270864Z ........................................................................ [ 81%]
2026-10-04T01:29:15.0271384Z ........................................................................ [ 90%]
2026-10-04T01:29:15.0271896Z ........................................................................ [ 99%]
2026-10-04T01:29:15.0272385Z ....                                                                     [100%]
2026-10-04T01:29:15.0272900Z =============================== warnings summary ===============================
2026-10-04T01:29:15.0273661Z ../../../../../opt/hostedtoolcache/Python/3.13.15/x64/lib/python3.13/site-packages/fastapi/testclient.py:1
2026-10-04T01:29:15.0275009Z   /opt/hostedtoolcache/Python/3.13.15/x64/lib/python3.13/site-packages/fastapi/testclient.py:1: StarletteDeprecationWarning: Using `httpx` with `starlette.testclient` is deprecated; install `httpx2` instead.
2026-10-04T01:29:15.0276472Z     from starlette.testclient import TestClient as TestClient  # noqa
2026-10-04T01:29:15.0276796Z 
2026-10-04T01:29:15.0277123Z -- Docs: https://docs.pytest.org/en/stable/how-to/capture-warnings.html
2026-10-04T01:29:15.0278089Z 796 passed, 1 warning in 126.76s (0:02:06)
2026-10-04T01:29:15.0426692Z ##[group]Run python scripts/run_logged.py evidence/acceptance-matrix.log -- python docs/acceptance/validate_matrix.py
2026-10-04T01:29:15.0427859Z [36;1mpython scripts/run_logged.py evidence/acceptance-matrix.log -- python docs/acceptance/validate_matrix.py[0m
2026-10-04T01:29:15.0493115Z shell: /usr/bin/bash --noprofile --norc -e -o pipefail {0}
2026-10-04T01:29:15.0493466Z env:
2026-10-04T01:29:15.0493674Z   NEXT_TELEMETRY_DISABLED: 1
2026-10-04T01:29:15.0493990Z   pythonLocation: /opt/hostedtoolcache/Python/3.13.15/x64
2026-10-04T01:29:15.0494445Z   PKG_CONFIG_PATH: /opt/hostedtoolcache/Python/3.13.15/x64/lib/pkgconfig
2026-10-04T01:29:15.0494908Z   Python_ROOT_DIR: /opt/hostedtoolcache/Python/3.13.15/x64
2026-10-04T01:29:15.0495303Z   Python2_ROOT_DIR: /opt/hostedtoolcache/Python/3.13.15/x64
2026-10-04T01:29:15.0495704Z   Python3_ROOT_DIR: /opt/hostedtoolcache/Python/3.13.15/x64
2026-10-04T01:29:15.0496100Z   LD_LIBRARY_PATH: /opt/hostedtoolcache/Python/3.13.15/x64/lib
2026-10-04T01:29:15.0496478Z ##[endgroup]
2026-10-04T01:29:15.3262954Z {"target_records": 126, "unique_receipts_checked": 30, "counts": {"implementation": {"IMPLEMENTED": 111, "PARTIAL": 15}, "verification": {"PASS": 105, "BLOCKED_EXTERNAL": 21}}, "original_goals_all_satisfied": false, "meaning": "bidirectional structure and provenance only; not functional or human acceptance"}
2026-10-04T01:29:15.3424235Z ##[group]Run python scripts/run_logged.py evidence/frontend-check.log -- npm run check
2026-10-04T01:29:15.3424883Z [36;1mpython scripts/run_logged.py evidence/frontend-check.log -- npm run check[0m
2026-10-04T01:29:15.3491436Z shell: /usr/bin/bash --noprofile --norc -e -o pipefail {0}
2026-10-04T01:29:15.3491805Z env:
2026-10-04T01:29:15.3492021Z   NEXT_TELEMETRY_DISABLED: 1
2026-10-04T01:29:15.3492340Z   pythonLocation: /opt/hostedtoolcache/Python/3.13.15/x64
2026-10-04T01:29:15.3492790Z   PKG_CONFIG_PATH: /opt/hostedtoolcache/Python/3.13.15/x64/lib/pkgconfig
2026-10-04T01:29:15.3493241Z   Python_ROOT_DIR: /opt/hostedtoolcache/Python/3.13.15/x64
2026-10-04T01:29:15.3493630Z   Python2_ROOT_DIR: /opt/hostedtoolcache/Python/3.13.15/x64
2026-10-04T01:29:15.3494022Z   Python3_ROOT_DIR: /opt/hostedtoolcache/Python/3.13.15/x64
2026-10-04T01:29:15.3494424Z   LD_LIBRARY_PATH: /opt/hostedtoolcache/Python/3.13.15/x64/lib
2026-10-04T01:29:15.3494763Z ##[endgroup]
2026-10-04T01:29:15.6537922Z 
2026-10-04T01:29:15.6538552Z > airlock-review-console@0.1.0 check
2026-10-04T01:29:15.6540694Z > node --check airlock/static/app.js && node --check airlock/static/review.js && node --check airlock/static/api.js && node --check airlock/static/lib.js && node --check airlock/static/governance.js && node --check airlock/static/study.js
2026-10-04T01:29:15.6541881Z 
2026-10-04T01:29:15.6707709Z ##[group]Run python scripts/run_logged.py evidence/frontend-tests.log -- npm test
2026-10-04T01:29:15.6708371Z [36;1mpython scripts/run_logged.py evidence/frontend-tests.log -- npm test[0m
2026-10-04T01:29:15.6773677Z shell: /usr/bin/bash --noprofile --norc -e -o pipefail {0}
2026-10-04T01:29:15.6774024Z env:
2026-10-04T01:29:15.6774234Z   NEXT_TELEMETRY_DISABLED: 1
2026-10-04T01:29:15.6774556Z   pythonLocation: /opt/hostedtoolcache/Python/3.13.15/x64
2026-10-04T01:29:15.6775005Z   PKG_CONFIG_PATH: /opt/hostedtoolcache/Python/3.13.15/x64/lib/pkgconfig
2026-10-04T01:29:15.6775457Z   Python_ROOT_DIR: /opt/hostedtoolcache/Python/3.13.15/x64
2026-10-04T01:29:15.6775853Z   Python2_ROOT_DIR: /opt/hostedtoolcache/Python/3.13.15/x64
2026-10-04T01:29:15.6776247Z   Python3_ROOT_DIR: /opt/hostedtoolcache/Python/3.13.15/x64
2026-10-04T01:29:15.6776866Z   LD_LIBRARY_PATH: /opt/hostedtoolcache/Python/3.13.15/x64/lib
2026-10-04T01:29:15.6777204Z ##[endgroup]
2026-10-04T01:29:15.9543553Z 
2026-10-04T01:29:15.9544184Z > airlock-review-console@0.1.0 test
2026-10-04T01:29:15.9544630Z > node --test tests-js/*.test.js
2026-10-04T01:29:15.9544821Z 
2026-10-04T01:29:15.9544925Z TAP version 13
2026-10-04T01:29:15.9545682Z # Subtest: visibility timing excludes background and unselected periods
2026-10-04T01:29:15.9546681Z ok 1 - visibility timing excludes background and unselected periods
2026-10-04T01:29:15.9547594Z   ---
2026-10-04T01:29:15.9547992Z   duration_ms: 0.972994
2026-10-04T01:29:15.9548414Z   type: 'test'
2026-10-04T01:29:15.9548739Z   ...
2026-10-04T01:29:15.9549294Z # Subtest: approval requires exact scope phrase and reason
2026-10-04T01:29:15.9550056Z ok 2 - approval requires exact scope phrase and reason
2026-10-04T01:29:15.9550571Z   ---
2026-10-04T01:29:15.9550893Z   duration_ms: 0.298647
2026-10-04T01:29:15.9551257Z   type: 'test'
2026-10-04T01:29:15.9551592Z   ...
2026-10-04T01:29:15.9552138Z # Subtest: SSE framing survives partial chunks, CRLF and heartbeats
2026-10-04T01:29:15.9552665Z ok 3 - SSE framing survives partial chunks, CRLF and heartbeats
2026-10-04T01:29:15.9553000Z   ---
2026-10-04T01:29:15.9553190Z   duration_ms: 1.076828
2026-10-04T01:29:15.9553405Z   type: 'test'
2026-10-04T01:29:15.9553591Z   ...
2026-10-04T01:29:15.9553829Z # Subtest: oversized event rejected
2026-10-04T01:29:15.9554135Z ok 4 - oversized event rejected
2026-10-04T01:29:15.9554379Z   ---
2026-10-04T01:29:15.9554565Z   duration_ms: 1.153981
2026-10-04T01:29:15.9554774Z   type: 'test'
2026-10-04T01:29:15.9554960Z   ...
2026-10-04T01:29:15.9555218Z # Subtest: countdown clamps expired actions
2026-10-04T01:29:15.9555568Z ok 5 - countdown clamps expired actions
2026-10-04T01:29:15.9555828Z   ---
2026-10-04T01:29:15.9556021Z   duration_ms: 0.306291
2026-10-04T01:29:15.9556233Z   type: 'test'
2026-10-04T01:29:15.9556439Z   ...
2026-10-04T01:29:15.9556808Z # Subtest: latency formatting keeps number and unit together on mobile
2026-10-04T01:29:15.9558083Z ok 6 - latency formatting keeps number and unit together on mobile
2026-10-04T01:29:15.9558508Z   ---
2026-10-04T01:29:15.9558704Z   duration_ms: 0.192228
2026-10-04T01:29:15.9558927Z   type: 'test'
2026-10-04T01:29:15.9559117Z   ...
2026-10-04T01:29:15.9559294Z 1..6
2026-10-04T01:29:15.9559467Z # tests 6
2026-10-04T01:29:15.9559647Z # suites 0
2026-10-04T01:29:15.9559832Z # pass 6
2026-10-04T01:29:15.9560008Z # fail 0
2026-10-04T01:29:15.9560194Z # cancelled 0
2026-10-04T01:29:15.9560387Z # skipped 0
2026-10-04T01:29:15.9560567Z # todo 0
2026-10-04T01:29:15.9560767Z # duration_ms 69.072274
2026-10-04T01:29:15.9722867Z ##[group]Run python -m benchmark.generate
2026-10-04T01:29:15.9723503Z [36;1mpython -m benchmark.generate[0m
2026-10-04T01:29:15.9818491Z shell: /usr/bin/bash --noprofile --norc -e -o pipefail {0}
2026-10-04T01:29:15.9819110Z env:
2026-10-04T01:29:15.9819472Z   NEXT_TELEMETRY_DISABLED: 1
2026-10-04T01:29:15.9820048Z   pythonLocation: /opt/hostedtoolcache/Python/3.13.15/x64
2026-10-04T01:29:15.9820871Z   PKG_CONFIG_PATH: /opt/hostedtoolcache/Python/3.13.15/x64/lib/pkgconfig
2026-10-04T01:29:15.9821679Z   Python_ROOT_DIR: /opt/hostedtoolcache/Python/3.13.15/x64
2026-10-04T01:29:15.9822433Z   Python2_ROOT_DIR: /opt/hostedtoolcache/Python/3.13.15/x64
2026-10-04T01:29:15.9823155Z   Python3_ROOT_DIR: /opt/hostedtoolcache/Python/3.13.15/x64
2026-10-04T01:29:15.9823884Z   LD_LIBRARY_PATH: /opt/hostedtoolcache/Python/3.13.15/x64/lib
2026-10-04T01:29:15.9824486Z ##[endgroup]
2026-10-04T01:29:16.0281362Z {"sha256": "243854b51e7039324de4c31fa7a67af1a98ddc48b9c9edfbbac581a2c2f73af7", "cases": 200, "families": 40, "dev_cases": 120, "test_cases": 80, "source": "synthetic only", "independent_annotators": 0, "human_experiment": "not_run"}
2026-10-04T01:29:16.0385514Z ##[group]Run cp benchmark/cases.jsonl evidence/synthetic-cases.jsonl
2026-10-04T01:29:16.0386419Z [36;1mcp benchmark/cases.jsonl evidence/synthetic-cases.jsonl[0m
2026-10-04T01:29:16.0481001Z shell: /usr/bin/bash --noprofile --norc -e -o pipefail {0}
2026-10-04T01:29:16.0481609Z env:
2026-10-04T01:29:16.0481953Z   NEXT_TELEMETRY_DISABLED: 1
2026-10-04T01:29:16.0482490Z   pythonLocation: /opt/hostedtoolcache/Python/3.13.15/x64
2026-10-04T01:29:16.0483261Z   PKG_CONFIG_PATH: /opt/hostedtoolcache/Python/3.13.15/x64/lib/pkgconfig
2026-10-04T01:29:16.0484013Z   Python_ROOT_DIR: /opt/hostedtoolcache/Python/3.13.15/x64
2026-10-04T01:29:16.0484699Z   Python2_ROOT_DIR: /opt/hostedtoolcache/Python/3.13.15/x64
2026-10-04T01:29:16.0485386Z   Python3_ROOT_DIR: /opt/hostedtoolcache/Python/3.13.15/x64
2026-10-04T01:29:16.0486068Z   LD_LIBRARY_PATH: /opt/hostedtoolcache/Python/3.13.15/x64/lib
2026-10-04T01:29:16.0486618Z ##[endgroup]
2026-10-04T01:29:16.0633707Z ##[group]Run python scripts/run_logged.py evidence/benchmark-dev.log -- python -m benchmark.evaluate --split dev --tuning --output evidence/benchmark-dev.json
2026-10-04T01:29:16.0634822Z [36;1mpython scripts/run_logged.py evidence/benchmark-dev.log -- python -m benchmark.evaluate --split dev --tuning --output evidence/benchmark-dev.json[0m
2026-10-04T01:29:16.0699637Z shell: /usr/bin/bash --noprofile --norc -e -o pipefail {0}
2026-10-04T01:29:16.0699977Z env:
2026-10-04T01:29:16.0700181Z   NEXT_TELEMETRY_DISABLED: 1
2026-10-04T01:29:16.0700493Z   pythonLocation: /opt/hostedtoolcache/Python/3.13.15/x64
2026-10-04T01:29:16.0700920Z   PKG_CONFIG_PATH: /opt/hostedtoolcache/Python/3.13.15/x64/lib/pkgconfig
2026-10-04T01:29:16.0701339Z   Python_ROOT_DIR: /opt/hostedtoolcache/Python/3.13.15/x64
2026-10-04T01:29:16.0701720Z   Python2_ROOT_DIR: /opt/hostedtoolcache/Python/3.13.15/x64
2026-10-04T01:29:16.0702100Z   Python3_ROOT_DIR: /opt/hostedtoolcache/Python/3.13.15/x64
2026-10-04T01:29:16.0702532Z   LD_LIBRARY_PATH: /opt/hostedtoolcache/Python/3.13.15/x64/lib
2026-10-04T01:29:16.0703120Z ##[endgroup]
2026-10-04T01:29:18.9672765Z {
2026-10-04T01:29:18.9673575Z   "recorded_at_utc": "2026-10-04T01:29:18.884199+00:00",
2026-10-04T01:29:18.9674317Z   "split": "dev",
2026-10-04T01:29:18.9675260Z   "corpus_sha256": "243854b51e7039324de4c31fa7a67af1a98ddc48b9c9edfbbac581a2c2f73af7",
2026-10-04T01:29:18.9676053Z   "python": "3.13.15",
2026-10-04T01:29:18.9676419Z   "sqlite": "3.53.1",
2026-10-04T01:29:18.9676693Z   "cases": 120,
2026-10-04T01:29:18.9676950Z   "families": 24,
2026-10-04T01:29:18.9677226Z   "keyword_baseline": {
2026-10-04T01:29:18.9678034Z     "exact_accuracy": 0.5833333333333334,
2026-10-04T01:29:18.9678655Z     "policy_gating_recall": 0.7222222222222222,
2026-10-04T01:29:18.9679255Z     "supported_read_fpr": 0.5,
2026-10-04T01:29:18.9679707Z     "supported_write_interception": 1.0,
2026-10-04T01:29:18.9680077Z     "denominators": {
2026-10-04T01:29:18.9680368Z       "all": 120,
2026-10-04T01:29:18.9680656Z       "requires_gate": 90,
2026-10-04T01:29:18.9680967Z       "supported_reads": 30,
2026-10-04T01:29:18.9681322Z       "supported_writes": 40
2026-10-04T01:29:18.9681617Z     },
2026-10-04T01:29:18.9681860Z     "confusion": {
2026-10-04T01:29:18.9682150Z       "pass -> block": 5,
2026-10-04T01:29:18.9682502Z       "pass -> need_approval": 10,
2026-10-04T01:29:18.9682836Z       "pass -> pass": 15,
2026-10-04T01:29:18.9683193Z       "need_approval -> need_approval": 40,
2026-10-04T01:29:18.9683564Z       "block -> block": 15,
2026-10-04T01:29:18.9683870Z       "block -> pass": 25,
2026-10-04T01:29:18.9684216Z       "block -> need_approval": 10
2026-10-04T01:29:18.9684535Z     }
2026-10-04T01:29:18.9684760Z   },
2026-10-04T01:29:18.9684988Z   "airlock": {
2026-10-04T01:29:18.9685257Z     "exact_accuracy": 1.0,
2026-10-04T01:29:18.9685594Z     "policy_gating_recall": 1.0,
2026-10-04T01:29:18.9685953Z     "supported_read_fpr": 0.0,
2026-10-04T01:29:18.9686351Z     "supported_write_interception": 1.0,
2026-10-04T01:29:18.9686708Z     "denominators": {
2026-10-04T01:29:18.9686982Z       "all": 120,
2026-10-04T01:29:18.9687196Z       "requires_gate": 90,
2026-10-04T01:29:18.9687870Z       "supported_reads": 30,
2026-10-04T01:29:18.9688122Z       "supported_writes": 40
2026-10-04T01:29:18.9688717Z     },
2026-10-04T01:29:18.9688905Z     "confusion": {
2026-10-04T01:29:18.9689120Z       "pass -> pass": 30,
2026-10-04T01:29:18.9689394Z       "need_approval -> need_approval": 40,
2026-10-04T01:29:18.9689672Z       "block -> block": 50
2026-10-04T01:29:18.9689887Z     }
2026-10-04T01:29:18.9690142Z   },
2026-10-04T01:29:18.9690502Z   "impact_exact_match_count": 40,
2026-10-04T01:29:18.9690774Z   "impact_denominator": 40,
2026-10-04T01:29:18.9691033Z   "evaluation_p95_ms": 13.108,
2026-10-04T01:29:18.9691272Z   "static_p95_ms": 0.113,
2026-10-04T01:29:18.9691496Z   "preview_p95_ms": 11.143,
2026-10-04T01:29:18.9691733Z   "pure_llm": "not_run",
2026-10-04T01:29:18.9692668Z   "hybrid_llm": "not_run_use_benchmark.ablation_with_authorization",
2026-10-04T01:29:18.9693355Z   "human_ab": "not_run",
2026-10-04T01:29:18.9693781Z   "cohens_kappa": null,
2026-10-04T01:29:18.9694177Z   "limitations": [
2026-10-04T01:29:18.9694640Z     "synthetic authored cases only",
2026-10-04T01:29:18.9695201Z     "correlated variants, only 40 families total",
2026-10-04T01:29:18.9695697Z     "author saw all templates; family split is not independent external validation",
2026-10-04T01:29:18.9696318Z     "gate recall includes unsupported/invalid statements, not a real-world danger recall",
2026-10-04T01:29:18.9696931Z     "latency excludes network and human review; this is a bounded 1206-row SQLite demo"
2026-10-04T01:29:18.9697813Z   ]
2026-10-04T01:29:18.9698127Z }
2026-10-04T01:29:18.9866094Z ##[group]Run python scripts/run_logged.py evidence/benchmark-test.log -- python -m benchmark.evaluate --split test --output evidence/benchmark-test.json
2026-10-04T01:29:18.9867192Z [36;1mpython scripts/run_logged.py evidence/benchmark-test.log -- python -m benchmark.evaluate --split test --output evidence/benchmark-test.json[0m
2026-10-04T01:29:18.9933557Z shell: /usr/bin/bash --noprofile --norc -e -o pipefail {0}
2026-10-04T01:29:18.9933918Z env:
2026-10-04T01:29:18.9934137Z   NEXT_TELEMETRY_DISABLED: 1
2026-10-04T01:29:18.9934489Z   pythonLocation: /opt/hostedtoolcache/Python/3.13.15/x64
2026-10-04T01:29:18.9934950Z   PKG_CONFIG_PATH: /opt/hostedtoolcache/Python/3.13.15/x64/lib/pkgconfig
2026-10-04T01:29:18.9935392Z   Python_ROOT_DIR: /opt/hostedtoolcache/Python/3.13.15/x64
2026-10-04T01:29:18.9935787Z   Python2_ROOT_DIR: /opt/hostedtoolcache/Python/3.13.15/x64
2026-10-04T01:29:18.9936193Z   Python3_ROOT_DIR: /opt/hostedtoolcache/Python/3.13.15/x64
2026-10-04T01:29:18.9936697Z   LD_LIBRARY_PATH: /opt/hostedtoolcache/Python/3.13.15/x64/lib
2026-10-04T01:29:18.9937040Z ##[endgroup]
2026-10-04T01:29:21.0347667Z {
2026-10-04T01:29:21.0348389Z   "recorded_at_utc": "2026-10-04T01:29:20.951358+00:00",
2026-10-04T01:29:21.0348863Z   "split": "test",
2026-10-04T01:29:21.0349343Z   "corpus_sha256": "243854b51e7039324de4c31fa7a67af1a98ddc48b9c9edfbbac581a2c2f73af7",
2026-10-04T01:29:21.0349831Z   "python": "3.13.15",
2026-10-04T01:29:21.0350070Z   "sqlite": "3.53.1",
2026-10-04T01:29:21.0350306Z   "cases": 80,
2026-10-04T01:29:21.0350557Z   "families": 16,
2026-10-04T01:29:21.0350857Z   "keyword_baseline": {
2026-10-04T01:29:21.0351244Z     "exact_accuracy": 0.75,
2026-10-04T01:29:21.0351676Z     "policy_gating_recall": 0.8,
2026-10-04T01:29:21.0352124Z     "supported_read_fpr": 0.0,
2026-10-04T01:29:21.0352630Z     "supported_write_interception": 1.0,
2026-10-04T01:29:21.0353035Z     "denominators": {
2026-10-04T01:29:21.0353274Z       "all": 80,
2026-10-04T01:29:21.0353533Z       "requires_gate": 50,
2026-10-04T01:29:21.0353802Z       "supported_reads": 30,
2026-10-04T01:29:21.0354068Z       "supported_writes": 20
2026-10-04T01:29:21.0354322Z     },
2026-10-04T01:29:21.0354528Z     "confusion": {
2026-10-04T01:29:21.0354767Z       "pass -> pass": 30,
2026-10-04T01:29:21.0355101Z       "need_approval -> need_approval": 20,
2026-10-04T01:29:21.0355431Z       "block -> block": 10,
2026-10-04T01:29:21.0355715Z       "block -> need_approval": 10,
2026-10-04T01:29:21.0356003Z       "block -> pass": 10
2026-10-04T01:29:21.0356565Z     }
2026-10-04T01:29:21.0356747Z   },
2026-10-04T01:29:21.0356934Z   "airlock": {
2026-10-04T01:29:21.0357145Z     "exact_accuracy": 1.0,
2026-10-04T01:29:21.0357707Z     "policy_gating_recall": 1.0,
2026-10-04T01:29:21.0358005Z     "supported_read_fpr": 0.0,
2026-10-04T01:29:21.0358310Z     "supported_write_interception": 1.0,
2026-10-04T01:29:21.0358596Z     "denominators": {
2026-10-04T01:29:21.0358812Z       "all": 80,
2026-10-04T01:29:21.0359039Z       "requires_gate": 50,
2026-10-04T01:29:21.0359285Z       "supported_reads": 30,
2026-10-04T01:29:21.0359538Z       "supported_writes": 20
2026-10-04T01:29:21.0359767Z     },
2026-10-04T01:29:21.0359956Z     "confusion": {
2026-10-04T01:29:21.0360177Z       "pass -> pass": 30,
2026-10-04T01:29:21.0360462Z       "need_approval -> need_approval": 20,
2026-10-04T01:29:21.0360758Z       "block -> block": 30
2026-10-04T01:29:21.0360987Z     }
2026-10-04T01:29:21.0361166Z   },
2026-10-04T01:29:21.0361388Z   "impact_exact_match_count": 20,
2026-10-04T01:29:21.0361669Z   "impact_denominator": 20,
2026-10-04T01:29:21.0361938Z   "evaluation_p95_ms": 12.317,
2026-10-04T01:29:21.0362189Z   "static_p95_ms": 0.113,
2026-10-04T01:29:21.0362430Z   "preview_p95_ms": 10.376,
2026-10-04T01:29:21.0362671Z   "pure_llm": "not_run",
2026-10-04T01:29:21.0363040Z   "hybrid_llm": "not_run_use_benchmark.ablation_with_authorization",
2026-10-04T01:29:21.0363420Z   "human_ab": "not_run",
2026-10-04T01:29:21.0363658Z   "cohens_kappa": null,
2026-10-04T01:29:21.0364143Z   "limitations": [
2026-10-04T01:29:21.0364416Z     "synthetic authored cases only",
2026-10-04T01:29:21.0364758Z     "correlated variants, only 40 families total",
2026-10-04T01:29:21.0365280Z     "author saw all templates; family split is not independent external validation",
2026-10-04T01:29:21.0365917Z     "gate recall includes unsupported/invalid statements, not a real-world danger recall",
2026-10-04T01:29:21.0366531Z     "latency excludes network and human review; this is a bounded 1206-row SQLite demo"
2026-10-04T01:29:21.0366950Z   ]
2026-10-04T01:29:21.0367121Z }
2026-10-04T01:29:21.0523040Z ##[group]Run python -m playwright install --with-deps chromium
2026-10-04T01:29:21.0523540Z [36;1mpython -m playwright install --with-deps chromium[0m
2026-10-04T01:29:21.0589534Z shell: /usr/bin/bash --noprofile --norc -e -o pipefail {0}
2026-10-04T01:29:21.0589954Z env:
2026-10-04T01:29:21.0590204Z   NEXT_TELEMETRY_DISABLED: 1
2026-10-04T01:29:21.0590575Z   pythonLocation: /opt/hostedtoolcache/Python/3.13.15/x64
2026-10-04T01:29:21.0591101Z   PKG_CONFIG_PATH: /opt/hostedtoolcache/Python/3.13.15/x64/lib/pkgconfig
2026-10-04T01:29:21.0591621Z   Python_ROOT_DIR: /opt/hostedtoolcache/Python/3.13.15/x64
2026-10-04T01:29:21.0592080Z   Python2_ROOT_DIR: /opt/hostedtoolcache/Python/3.13.15/x64
2026-10-04T01:29:21.0592536Z   Python3_ROOT_DIR: /opt/hostedtoolcache/Python/3.13.15/x64
2026-10-04T01:29:21.0592994Z   LD_LIBRARY_PATH: /opt/hostedtoolcache/Python/3.13.15/x64/lib
2026-10-04T01:29:21.0593383Z ##[endgroup]
2026-10-04T01:29:21.3952107Z Installing dependencies...
2026-10-04T01:29:21.4031151Z Switching to root user to install dependencies...
2026-10-04T01:29:21.5956787Z Get:1 file:/etc/apt/apt-mirrors.txt Mirrorlist [144 B]
2026-10-04T01:29:21.6132275Z Get:6 https://packages.microsoft.com/ubuntu/24.04/prod noble InRelease [3600 B]
2026-10-04T01:29:21.6376626Z Hit:2 http://azure.archive.ubuntu.com/ubuntu noble InRelease
2026-10-04T01:29:21.6451502Z Get:3 http://azure.archive.ubuntu.com/ubuntu noble-updates InRelease [126 kB]
2026-10-04T01:29:21.6524958Z Get:4 http://azure.archive.ubuntu.com/ubuntu noble-backports InRelease [126 kB]
2026-10-04T01:29:21.6591193Z Get:5 http://azure.archive.ubuntu.com/ubuntu noble-security InRelease [126 kB]
2026-10-04T01:29:21.7744923Z Get:7 https://packages.microsoft.com/ubuntu/24.04/prod noble/main amd64 Packages [511 kB]
2026-10-04T01:29:21.7919855Z Get:8 https://packages.microsoft.com/ubuntu/24.04/prod noble/main armhf Packages [12.6 kB]
2026-10-04T01:29:21.7931153Z Get:9 https://packages.microsoft.com/ubuntu/24.04/prod noble/main arm64 Packages [458 kB]
2026-10-04T01:29:21.9046245Z Get:10 http://azure.archive.ubuntu.com/ubuntu noble-updates/main amd64 Packages [1364 kB]
2026-10-04T01:29:21.9120484Z Get:11 http://azure.archive.ubuntu.com/ubuntu noble-updates/main Translation-en [304 kB]
2026-10-04T01:29:21.9141011Z Get:12 http://azure.archive.ubuntu.com/ubuntu noble-updates/main amd64 Components [181 kB]
2026-10-04T01:29:21.9155864Z Get:13 http://azure.archive.ubuntu.com/ubuntu noble-updates/universe amd64 Packages [1699 kB]
2026-10-04T01:29:21.9249169Z Get:14 http://azure.archive.ubuntu.com/ubuntu noble-updates/universe Translation-en [341 kB]
2026-10-04T01:29:21.9262658Z Get:15 http://azure.archive.ubuntu.com/ubuntu noble-updates/universe amd64 Components [388 kB]
2026-10-04T01:29:21.9289146Z Get:16 http://azure.archive.ubuntu.com/ubuntu noble-updates/restricted amd64 Packages [1720 kB]
2026-10-04T01:29:21.9371882Z Get:17 http://azure.archive.ubuntu.com/ubuntu noble-updates/restricted Translation-en [394 kB]
2026-10-04T01:29:21.9395503Z Get:18 http://azure.archive.ubuntu.com/ubuntu noble-updates/multiverse amd64 Components [940 B]
2026-10-04T01:29:21.9662217Z Get:19 http://azure.archive.ubuntu.com/ubuntu noble-backports/main amd64 Components [5736 B]
2026-10-04T01:29:22.0083266Z Get:20 http://azure.archive.ubuntu.com/ubuntu noble-backports/universe amd64 Components [12.6 kB]
2026-10-04T01:29:22.0250666Z Get:21 http://azure.archive.ubuntu.com/ubuntu noble-security/main amd64 Packages [1069 kB]
2026-10-04T01:29:22.0283028Z Get:22 http://azure.archive.ubuntu.com/ubuntu noble-security/main Translation-en [221 kB]
2026-10-04T01:29:22.0299641Z Get:23 http://azure.archive.ubuntu.com/ubuntu noble-security/main amd64 Components [46.5 kB]
2026-10-04T01:29:22.0309147Z Get:24 http://azure.archive.ubuntu.com/ubuntu noble-security/universe amd64 Packages [1216 kB]
2026-10-04T01:29:22.0371394Z Get:25 http://azure.archive.ubuntu.com/ubuntu noble-security/universe Translation-en [244 kB]
2026-10-04T01:29:22.0389256Z Get:26 http://azure.archive.ubuntu.com/ubuntu noble-security/universe amd64 Components [76.3 kB]
2026-10-04T01:29:22.0399161Z Get:27 http://azure.archive.ubuntu.com/ubuntu noble-security/restricted amd64 Packages [1566 kB]
2026-10-04T01:29:22.0476869Z Get:28 http://azure.archive.ubuntu.com/ubuntu noble-security/restricted Translation-en [361 kB]
2026-10-04T01:29:30.8198399Z Fetched 12.6 MB in 1s (8576 kB/s)
2026-10-04T01:29:31.7638803Z Reading package lists...
2026-10-04T01:29:31.7893777Z Reading package lists...
2026-10-04T01:29:32.0359694Z Building dependency tree...
2026-10-04T01:29:32.0368039Z Reading state information...
2026-10-04T01:29:32.3003758Z libasound2t64 is already the newest version (1.2.11-1ubuntu0.3).
2026-10-04T01:29:32.3004615Z libasound2t64 set to manually installed.
2026-10-04T01:29:32.3005401Z libatk-bridge2.0-0t64 is already the newest version (2.52.0-1build1).
2026-10-04T01:29:32.3006295Z libatk-bridge2.0-0t64 set to manually installed.
2026-10-04T01:29:32.3007067Z libatk1.0-0t64 is already the newest version (2.52.0-1build1).
2026-10-04T01:29:32.3008158Z libatk1.0-0t64 set to manually installed.
2026-10-04T01:29:32.3008895Z libatspi2.0-0t64 is already the newest version (2.52.0-1build1).
2026-10-04T01:29:32.3009616Z libatspi2.0-0t64 set to manually installed.
2026-10-04T01:29:32.3010292Z libcairo2 is already the newest version (1.18.0-3build1).
2026-10-04T01:29:32.3010956Z libcairo2 set to manually installed.
2026-10-04T01:29:32.3011653Z libcups2t64 is already the newest version (2.4.7-1.2ubuntu7.14).
2026-10-04T01:29:32.3012382Z libcups2t64 set to manually installed.
2026-10-04T01:29:32.3013074Z libdbus-1-3 is already the newest version (1.14.10-4ubuntu4.1).
2026-10-04T01:29:32.3013785Z libdbus-1-3 set to manually installed.
2026-10-04T01:29:32.3014513Z libdrm2 is already the newest version (2.4.125-1ubuntu0.1~24.04.2).
2026-10-04T01:29:32.3015229Z libdrm2 set to manually installed.
2026-10-04T01:29:32.3016003Z libglib2.0-0t64 is already the newest version (2.80.0-6ubuntu3.9).
2026-10-04T01:29:32.3017748Z libglib2.0-0t64 set to manually installed.
2026-10-04T01:29:32.3018438Z libnspr4 is already the newest version (2:4.35-1.1build1).
2026-10-04T01:29:32.3019125Z libnspr4 set to manually installed.
2026-10-04T01:29:32.3019767Z libnss3 is already the newest version (2:3.98-1ubuntu0.2).
2026-10-04T01:29:32.3020376Z libnss3 set to manually installed.
2026-10-04T01:29:32.3021058Z libpango-1.0-0 is already the newest version (1.52.1+ds-1build1).
2026-10-04T01:29:32.3021748Z libpango-1.0-0 set to manually installed.
2026-10-04T01:29:32.3022395Z libx11-6 is already the newest version (2:1.8.7-1build1).
2026-10-04T01:29:32.3022969Z libx11-6 set to manually installed.
2026-10-04T01:29:32.3023531Z libxcb1 is already the newest version (1.15-1ubuntu2).
2026-10-04T01:29:32.3023901Z libxcb1 set to manually installed.
2026-10-04T01:29:32.3024334Z libxcomposite1 is already the newest version (1:0.4.5-1build3).
2026-10-04T01:29:32.3024745Z libxcomposite1 set to manually installed.
2026-10-04T01:29:32.3025184Z libxdamage1 is already the newest version (1:1.1.6-1build1).
2026-10-04T01:29:32.3025768Z libxdamage1 set to manually installed.
2026-10-04T01:29:32.3026222Z libxext6 is already the newest version (2:1.3.4-1build2).
2026-10-04T01:29:32.3026612Z libxext6 set to manually installed.
2026-10-04T01:29:32.3026998Z libxfixes3 is already the newest version (1:6.0.0-2build1).
2026-10-04T01:29:32.3027661Z libxfixes3 set to manually installed.
2026-10-04T01:29:32.3028251Z libxkbcommon0 is already the newest version (1.6.0-1build1).
2026-10-04T01:29:32.3028653Z libxkbcommon0 set to manually installed.
2026-10-04T01:29:32.3029045Z libxrandr2 is already the newest version (2:1.5.2-2build1).
2026-10-04T01:29:32.3029423Z libxrandr2 set to manually installed.
2026-10-04T01:29:32.3029812Z xvfb is already the newest version (2:21.1.12-1ubuntu1.8).
2026-10-04T01:29:32.3030340Z fonts-noto-color-emoji is already the newest version (2.047-0ubuntu0.24.04.1).
2026-10-04T01:29:32.3030885Z libfontconfig1 is already the newest version (2.15.0-1.1ubuntu2).
2026-10-04T01:29:32.3031533Z libfontconfig1 set to manually installed.
2026-10-04T01:29:32.3031978Z libfreetype6 is already the newest version (2.13.2+dfsg-1ubuntu0.1).
2026-10-04T01:29:32.3032396Z libfreetype6 set to manually installed.
2026-10-04T01:29:32.3032798Z fonts-liberation is already the newest version (1:2.1.5-3).
2026-10-04T01:29:32.3033197Z fonts-liberation set to manually installed.
2026-10-04T01:29:32.3033594Z The following additional packages will be installed:
2026-10-04T01:29:32.3034081Z   libgl1-mesa-dri libglx-mesa0 mesa-libgallium xfonts-encodings xfonts-utils
2026-10-04T01:29:32.3034497Z Recommended packages:
2026-10-04T01:29:32.3034765Z   fonts-ipafont-mincho fonts-tlwg-loma
2026-10-04T01:29:32.3609467Z The following NEW packages will be installed:
2026-10-04T01:29:32.3610520Z   fonts-freefont-ttf fonts-ipafont-gothic fonts-tlwg-loma-otf fonts-unifont
2026-10-04T01:29:32.3621095Z   fonts-wqy-zenhei xfonts-cyrillic xfonts-encodings xfonts-scalable
2026-10-04T01:29:32.3621786Z   xfonts-utils
2026-10-04T01:29:32.3628816Z The following packages will be upgraded:
2026-10-04T01:29:32.3635281Z   libgbm1 libgl1-mesa-dri libglx-mesa0 mesa-libgallium
2026-10-04T01:29:32.3831134Z 4 upgraded, 9 newly installed, 0 to remove and 21 not upgraded.
2026-10-04T01:29:32.3831985Z Need to get 32.1 MB of archives.
2026-10-04T01:29:32.3832767Z After this operation, 79.5 MB of additional disk space will be used.
2026-10-04T01:29:32.3833666Z Get:1 file:/etc/apt/apt-mirrors.txt Mirrorlist [144 B]
2026-10-04T01:29:32.4708895Z Get:2 http://azure.archive.ubuntu.com/ubuntu noble/universe amd64 fonts-ipafont-gothic all 00303-21ubuntu1 [3513 kB]
2026-10-04T01:29:32.6230913Z Get:3 http://azure.archive.ubuntu.com/ubuntu noble/main amd64 fonts-freefont-ttf all 20211204+svn4273-2 [5641 kB]
2026-10-04T01:29:32.8184558Z Get:4 http://azure.archive.ubuntu.com/ubuntu noble/universe amd64 fonts-tlwg-loma-otf all 1:0.7.3-1 [107 kB]
2026-10-04T01:29:32.8897932Z Get:5 http://azure.archive.ubuntu.com/ubuntu noble/universe amd64 fonts-unifont all 1:15.1.01-1build1 [2993 kB]
2026-10-04T01:29:33.0249493Z Get:6 http://azure.archive.ubuntu.com/ubuntu noble/universe amd64 fonts-wqy-zenhei all 0.9.45-8 [7472 kB]
2026-10-04T01:29:33.2617579Z Get:7 http://azure.archive.ubuntu.com/ubuntu noble-updates/main amd64 libgl1-mesa-dri amd64 25.2.8-0ubuntu0.24.04.4 [38.0 kB]
2026-10-04T01:29:33.3326430Z Get:8 http://azure.archive.ubuntu.com/ubuntu noble-updates/main amd64 libglx-mesa0 amd64 25.2.8-0ubuntu0.24.04.4 [110 kB]
2026-10-04T01:29:33.4039622Z Get:9 http://azure.archive.ubuntu.com/ubuntu noble-updates/main amd64 libgbm1 amd64 25.2.8-0ubuntu0.24.04.4 [34.2 kB]
2026-10-04T01:29:33.4748736Z Get:10 http://azure.archive.ubuntu.com/ubuntu noble-updates/main amd64 mesa-libgallium amd64 25.2.8-0ubuntu0.24.04.4 [10.8 MB]
2026-10-04T01:29:33.7830664Z Get:11 http://azure.archive.ubuntu.com/ubuntu noble/main amd64 xfonts-encodings all 1:1.0.5-0ubuntu2 [578 kB]
2026-10-04T01:29:33.8651247Z Get:12 http://azure.archive.ubuntu.com/ubuntu noble/main amd64 xfonts-utils amd64 1:7.7+6build3 [94.4 kB]
2026-10-04T01:29:33.9362073Z Get:13 http://azure.archive.ubuntu.com/ubuntu noble/universe amd64 xfonts-cyrillic all 1:1.0.5+nmu1 [384 kB]
2026-10-04T01:29:34.0138411Z Get:14 http://azure.archive.ubuntu.com/ubuntu noble/main amd64 xfonts-scalable all 1:1.0.3-1.3 [304 kB]
2026-10-04T01:29:34.3514742Z Fetched 32.1 MB in 2s (19.4 MB/s)
2026-10-04T01:29:34.3971857Z Selecting previously unselected package fonts-ipafont-gothic.
2026-10-04T01:29:34.4966259Z (Reading database ... 
2026-10-04T01:29:34.4966935Z (Reading database ... 5%
2026-10-04T01:29:34.4967932Z (Reading database ... 10%
2026-10-04T01:29:34.4968655Z (Reading database ... 15%
2026-10-04T01:29:34.4969364Z (Reading database ... 20%
2026-10-04T01:29:34.4970077Z (Reading database ... 25%
2026-10-04T01:29:34.4970789Z (Reading database ... 30%
2026-10-04T01:29:34.4971488Z (Reading database ... 35%
2026-10-04T01:29:34.4972734Z (Reading database ... 40%
2026-10-04T01:29:34.4973462Z (Reading database ... 45%
2026-10-04T01:29:34.4974216Z (Reading database ... 50%
2026-10-04T01:29:34.5762436Z (Reading database ... 55%
2026-10-04T01:29:35.4606095Z (Reading database ... 60%
2026-10-04T01:29:35.8377045Z (Reading database ... 65%
2026-10-04T01:29:36.2089887Z (Reading database ... 70%
2026-10-04T01:29:36.5956527Z (Reading database ... 75%
2026-10-04T01:29:37.1084974Z (Reading database ... 80%
2026-10-04T01:29:37.8674500Z (Reading database ... 85%
2026-10-04T01:29:38.6707122Z (Reading database ... 90%
2026-10-04T01:29:39.4574712Z (Reading database ... 95%
2026-10-04T01:29:39.4575444Z (Reading database ... 100%
2026-10-04T01:29:39.4576536Z (Reading database ... 202296 files and directories currently installed.)
2026-10-04T01:29:39.4628217Z Preparing to unpack .../00-fonts-ipafont-gothic_00303-21ubuntu1_all.deb ...
2026-10-04T01:29:39.4726819Z Unpacking fonts-ipafont-gothic (00303-21ubuntu1) ...
2026-10-04T01:29:39.7054824Z Selecting previously unselected package fonts-freefont-ttf.
2026-10-04T01:29:39.7191195Z Preparing to unpack .../01-fonts-freefont-ttf_20211204+svn4273-2_all.deb ...
2026-10-04T01:29:39.7198357Z Unpacking fonts-freefont-ttf (20211204+svn4273-2) ...
2026-10-04T01:29:39.8055298Z Selecting previously unselected package fonts-tlwg-loma-otf.
2026-10-04T01:29:39.8189641Z Preparing to unpack .../02-fonts-tlwg-loma-otf_1%3a0.7.3-1_all.deb ...
2026-10-04T01:29:39.8196144Z Unpacking fonts-tlwg-loma-otf (1:0.7.3-1) ...
2026-10-04T01:29:39.8454185Z Selecting previously unselected package fonts-unifont.
2026-10-04T01:29:39.8586315Z Preparing to unpack .../03-fonts-unifont_1%3a15.1.01-1build1_all.deb ...
2026-10-04T01:29:39.8593425Z Unpacking fonts-unifont (1:15.1.01-1build1) ...
2026-10-04T01:29:39.9759200Z Selecting previously unselected package fonts-wqy-zenhei.
2026-10-04T01:29:39.9893685Z Preparing to unpack .../04-fonts-wqy-zenhei_0.9.45-8_all.deb ...
2026-10-04T01:29:39.9998726Z Unpacking fonts-wqy-zenhei (0.9.45-8) ...
2026-10-04T01:29:40.4991192Z Preparing to unpack .../05-libgl1-mesa-dri_25.2.8-0ubuntu0.24.04.4_amd64.deb ...
2026-10-04T01:29:40.5150503Z Unpacking libgl1-mesa-dri:amd64 (25.2.8-0ubuntu0.24.04.4) over (25.2.8-0ubuntu0.24.04.2) ...
2026-10-04T01:29:40.5808432Z Preparing to unpack .../06-libglx-mesa0_25.2.8-0ubuntu0.24.04.4_amd64.deb ...
2026-10-04T01:29:40.5839353Z Unpacking libglx-mesa0:amd64 (25.2.8-0ubuntu0.24.04.4) over (25.2.8-0ubuntu0.24.04.2) ...
2026-10-04T01:29:40.6304719Z Preparing to unpack .../07-libgbm1_25.2.8-0ubuntu0.24.04.4_amd64.deb ...
2026-10-04T01:29:40.6378556Z Unpacking libgbm1:amd64 (25.2.8-0ubuntu0.24.04.4) over (25.2.8-0ubuntu0.24.04.2) ...
2026-10-04T01:29:40.6844250Z Preparing to unpack .../08-mesa-libgallium_25.2.8-0ubuntu0.24.04.4_amd64.deb ...
2026-10-04T01:29:40.6868140Z Unpacking mesa-libgallium:amd64 (25.2.8-0ubuntu0.24.04.4) over (25.2.8-0ubuntu0.24.04.2) ...
2026-10-04T01:29:40.8771653Z Selecting previously unselected package xfonts-encodings.
2026-10-04T01:29:40.8909680Z Preparing to unpack .../09-xfonts-encodings_1%3a1.0.5-0ubuntu2_all.deb ...
2026-10-04T01:29:40.8916646Z Unpacking xfonts-encodings (1:1.0.5-0ubuntu2) ...
2026-10-04T01:29:40.9222934Z Selecting previously unselected package xfonts-utils.
2026-10-04T01:29:40.9358922Z Preparing to unpack .../10-xfonts-utils_1%3a7.7+6build3_amd64.deb ...
2026-10-04T01:29:40.9365887Z Unpacking xfonts-utils (1:7.7+6build3) ...
2026-10-04T01:29:41.0548395Z Selecting previously unselected package xfonts-cyrillic.
2026-10-04T01:29:41.0687792Z Preparing to unpack .../11-xfonts-cyrillic_1%3a1.0.5+nmu1_all.deb ...
2026-10-04T01:29:41.0695803Z Unpacking xfonts-cyrillic (1:1.0.5+nmu1) ...
2026-10-04T01:29:41.1125617Z Selecting previously unselected package xfonts-scalable.
2026-10-04T01:29:41.1281106Z Preparing to unpack .../12-xfonts-scalable_1%3a1.0.3-1.3_all.deb ...
2026-10-04T01:29:41.1288316Z Unpacking xfonts-scalable (1:1.0.3-1.3) ...
2026-10-04T01:29:41.1750676Z Setting up mesa-libgallium:amd64 (25.2.8-0ubuntu0.24.04.4) ...
2026-10-04T01:29:41.1779316Z Setting up libgbm1:amd64 (25.2.8-0ubuntu0.24.04.4) ...
2026-10-04T01:29:41.1795148Z Setting up libgl1-mesa-dri:amd64 (25.2.8-0ubuntu0.24.04.4) ...
2026-10-04T01:29:41.1876037Z Setting up fonts-wqy-zenhei (0.9.45-8) ...
2026-10-04T01:29:41.2000487Z Setting up fonts-freefont-ttf (20211204+svn4273-2) ...
2026-10-04T01:29:41.2016835Z Setting up fonts-tlwg-loma-otf (1:0.7.3-1) ...
2026-10-04T01:29:41.2032280Z Setting up xfonts-encodings (1:1.0.5-0ubuntu2) ...
2026-10-04T01:29:41.2076051Z Setting up fonts-ipafont-gothic (00303-21ubuntu1) ...
2026-10-04T01:29:41.2149007Z update-alternatives: using /usr/share/fonts/opentype/ipafont-gothic/ipag.ttf to provide /usr/share/fonts/truetype/fonts-japanese-gothic.ttf (fonts-japanese-gothic.ttf) in auto mode
2026-10-04T01:29:41.2163572Z Setting up fonts-unifont (1:15.1.01-1build1) ...
2026-10-04T01:29:41.2181272Z Setting up libglx-mesa0:amd64 (25.2.8-0ubuntu0.24.04.4) ...
2026-10-04T01:29:41.2198862Z Setting up xfonts-utils (1:7.7+6build3) ...
2026-10-04T01:29:41.2244501Z Setting up xfonts-cyrillic (1:1.0.5+nmu1) ...
2026-10-04T01:29:41.2604797Z Setting up xfonts-scalable (1:1.0.3-1.3) ...
2026-10-04T01:29:41.3048948Z Processing triggers for libc-bin (2.39-0ubuntu8.9) ...
2026-10-04T01:29:41.3199293Z Processing triggers for man-db (2.12.0-4build2) ...
2026-10-04T01:29:41.3221116Z Not building database; man-db/auto-update is not 'true'.
2026-10-04T01:29:41.3234118Z Processing triggers for fontconfig (2.15.0-1.1ubuntu2) ...
2026-10-04T01:29:43.1499252Z 
2026-10-04T01:29:43.1500242Z Running kernel seems to be up-to-date.
2026-10-04T01:29:43.1500646Z 
2026-10-04T01:29:43.1500910Z No services need to be restarted.
2026-10-04T01:29:43.1501208Z 
2026-10-04T01:29:43.1501481Z No containers need to be restarted.
2026-10-04T01:29:43.1501780Z 
2026-10-04T01:29:43.1502085Z No user sessions are running outdated binaries.
2026-10-04T01:29:43.1502483Z 
2026-10-04T01:29:43.1502976Z No VM guests are running outdated hypervisor (qemu) binaries on this host.
2026-10-04T01:29:44.4492305Z Downloading Chromium 143.0.7499.4 (playwright build v1200) from https://cdn.playwright.dev/dbazure/download/playwright/builds/chromium/1200/chromium-linux.zip
2026-10-04T01:29:44.5519054Z (node:4190) [DEP0169] DeprecationWarning: `url.parse()` behavior is not standardized and prone to errors that have security implications. Use the WHATWG URL API instead. CVEs are not issued for `url.parse()` vulnerabilities.
2026-10-04T01:29:44.5520635Z (Use `node --trace-deprecation ...` to show where the warning was created)
2026-10-04T01:29:44.6584017Z |                                                                                |   0% of 164.7 MiB
2026-10-04T01:29:44.8382662Z |■■■■■■■■                                                                        |  10% of 164.7 MiB
2026-10-04T01:29:44.9691441Z |■■■■■■■■■■■■■■■■                                                                |  20% of 164.7 MiB
2026-10-04T01:29:45.0797804Z |■■■■■■■■■■■■■■■■■■■■■■■■                                                        |  30% of 164.7 MiB
2026-10-04T01:29:45.1776528Z |■■■■■■■■■■■■■■■■■■■■■■■■■■■■■■■■                                                |  40% of 164.7 MiB
2026-10-04T01:29:45.2758393Z |■■■■■■■■■■■■■■■■■■■■■■■■■■■■■■■■■■■■■■■■                                        |  50% of 164.7 MiB
2026-10-04T01:29:45.3626659Z |■■■■■■■■■■■■■■■■■■■■■■■■■■■■■■■■■■■■■■■■■■■■■■■■                                |  60% of 164.7 MiB
2026-10-04T01:29:45.4569524Z |■■■■■■■■■■■■■■■■■■■■■■■■■■■■■■■■■■■■■■■■■■■■■■■■■■■■■■■■                        |  70% of 164.7 MiB
2026-10-04T01:29:45.5494020Z |■■■■■■■■■■■■■■■■■■■■■■■■■■■■■■■■■■■■■■■■■■■■■■■■■■■■■■■■■■■■■■■■                |  80% of 164.7 MiB
2026-10-04T01:29:45.6562592Z |■■■■■■■■■■■■■■■■■■■■■■■■■■■■■■■■■■■■■■■■■■■■■■■■■■■■■■■■■■■■■■■■■■■■■■■■        |  90% of 164.7 MiB
2026-10-04T01:29:45.7390865Z |■■■■■■■■■■■■■■■■■■■■■■■■■■■■■■■■■■■■■■■■■■■■■■■■■■■■■■■■■■■■■■■■■■■■■■■■■■■■■■■■| 100% of 164.7 MiB
2026-10-04T01:29:48.3258832Z Chromium 143.0.7499.4 (playwright build v1200) downloaded to /home/runner/.cache/ms-playwright/chromium-1200
2026-10-04T01:29:48.3263922Z Downloading FFMPEG playwright build v1011 from https://cdn.playwright.dev/dbazure/download/playwright/builds/ffmpeg/1011/ffmpeg-linux.zip
2026-10-04T01:29:48.4316305Z (node:4203) [DEP0169] DeprecationWarning: `url.parse()` behavior is not standardized and prone to errors that have security implications. Use the WHATWG URL API instead. CVEs are not issued for `url.parse()` vulnerabilities.
2026-10-04T01:29:48.4318929Z (Use `node --trace-deprecation ...` to show where the warning was created)
2026-10-04T01:29:48.4705694Z |                                                                                |   0% of 2.3 MiB
2026-10-04T01:29:48.4748786Z |■■■■■■■■                                                                        |  10% of 2.3 MiB
2026-10-04T01:29:48.4764541Z |■■■■■■■■■■■■■■■■                                                                |  20% of 2.3 MiB
2026-10-04T01:29:48.4783393Z |■■■■■■■■■■■■■■■■■■■■■■■■                                                        |  30% of 2.3 MiB
2026-10-04T01:29:48.4806421Z |■■■■■■■■■■■■■■■■■■■■■■■■■■■■■■■■                                                |  40% of 2.3 MiB
2026-10-04T01:29:48.4827665Z |■■■■■■■■■■■■■■■■■■■■■■■■■■■■■■■■■■■■■■■■                                        |  50% of 2.3 MiB
2026-10-04T01:29:48.4843834Z |■■■■■■■■■■■■■■■■■■■■■■■■■■■■■■■■■■■■■■■■■■■■■■■■                                |  60% of 2.3 MiB
2026-10-04T01:29:48.4858721Z |■■■■■■■■■■■■■■■■■■■■■■■■■■■■■■■■■■■■■■■■■■■■■■■■■■■■■■■■                        |  70% of 2.3 MiB
2026-10-04T01:29:48.4880254Z |■■■■■■■■■■■■■■■■■■■■■■■■■■■■■■■■■■■■■■■■■■■■■■■■■■■■■■■■■■■■■■■■                |  80% of 2.3 MiB
2026-10-04T01:29:48.4898580Z |■■■■■■■■■■■■■■■■■■■■■■■■■■■■■■■■■■■■■■■■■■■■■■■■■■■■■■■■■■■■■■■■■■■■■■■■        |  90% of 2.3 MiB
2026-10-04T01:29:48.4911519Z |■■■■■■■■■■■■■■■■■■■■■■■■■■■■■■■■■■■■■■■■■■■■■■■■■■■■■■■■■■■■■■■■■■■■■■■■■■■■■■■■| 100% of 2.3 MiB
2026-10-04T01:29:48.5511666Z FFMPEG playwright build v1011 downloaded to /home/runner/.cache/ms-playwright/ffmpeg-1011
2026-10-04T01:29:48.5515588Z Downloading Chromium Headless Shell 143.0.7499.4 (playwright build v1200) from https://cdn.playwright.dev/dbazure/download/playwright/builds/chromium/1200/chromium-headless-shell-linux.zip
2026-10-04T01:29:48.6559802Z (node:4214) [DEP0169] DeprecationWarning: `url.parse()` behavior is not standardized and prone to errors that have security implications. Use the WHATWG URL API instead. CVEs are not issued for `url.parse()` vulnerabilities.
2026-10-04T01:29:48.6561966Z (Use `node --trace-deprecation ...` to show where the warning was created)
2026-10-04T01:29:48.7736214Z |                                                                                |   0% of 109.7 MiB
2026-10-04T01:29:48.9858471Z |■■■■■■■■                                                                        |  10% of 109.7 MiB
2026-10-04T01:29:49.1397680Z |■■■■■■■■■■■■■■■■                                                                |  20% of 109.7 MiB
2026-10-04T01:29:49.2756836Z |■■■■■■■■■■■■■■■■■■■■■■■■                                                        |  30% of 109.7 MiB
2026-10-04T01:29:49.4198926Z |■■■■■■■■■■■■■■■■■■■■■■■■■■■■■■■■                                                |  40% of 109.7 MiB
2026-10-04T01:29:49.5337170Z |■■■■■■■■■■■■■■■■■■■■■■■■■■■■■■■■■■■■■■■■                                        |  50% of 109.7 MiB
2026-10-04T01:29:49.6162436Z |■■■■■■■■■■■■■■■■■■■■■■■■■■■■■■■■■■■■■■■■■■■■■■■■                                |  60% of 109.7 MiB
2026-10-04T01:29:49.6833685Z |■■■■■■■■■■■■■■■■■■■■■■■■■■■■■■■■■■■■■■■■■■■■■■■■■■■■■■■■                        |  70% of 109.7 MiB
2026-10-04T01:29:49.7651792Z |■■■■■■■■■■■■■■■■■■■■■■■■■■■■■■■■■■■■■■■■■■■■■■■■■■■■■■■■■■■■■■■■                |  80% of 109.7 MiB
2026-10-04T01:29:49.8513513Z |■■■■■■■■■■■■■■■■■■■■■■■■■■■■■■■■■■■■■■■■■■■■■■■■■■■■■■■■■■■■■■■■■■■■■■■■        |  90% of 109.7 MiB
2026-10-04T01:29:49.9469809Z |■■■■■■■■■■■■■■■■■■■■■■■■■■■■■■■■■■■■■■■■■■■■■■■■■■■■■■■■■■■■■■■■■■■■■■■■■■■■■■■■| 100% of 109.7 MiB
2026-10-04T01:29:51.9512654Z Chromium Headless Shell 143.0.7499.4 (playwright build v1200) downloaded to /home/runner/.cache/ms-playwright/chromium_headless_shell-1200
2026-10-04T01:29:51.9766908Z ##[group]Run python scripts/run_logged.py evidence/browser-native.log -- python scripts/browser_smoke.py
2026-10-04T01:29:51.9768475Z [36;1mpython scripts/run_logged.py evidence/browser-native.log -- python scripts/browser_smoke.py[0m
2026-10-04T01:29:51.9854272Z shell: /usr/bin/bash --noprofile --norc -e -o pipefail {0}
2026-10-04T01:29:51.9854847Z env:
2026-10-04T01:29:51.9855181Z   NEXT_TELEMETRY_DISABLED: 1
2026-10-04T01:29:51.9855694Z   pythonLocation: /opt/hostedtoolcache/Python/3.13.15/x64
2026-10-04T01:29:51.9856414Z   PKG_CONFIG_PATH: /opt/hostedtoolcache/Python/3.13.15/x64/lib/pkgconfig
2026-10-04T01:29:51.9857147Z   Python_ROOT_DIR: /opt/hostedtoolcache/Python/3.13.15/x64
2026-10-04T01:29:51.9858052Z   Python2_ROOT_DIR: /opt/hostedtoolcache/Python/3.13.15/x64
2026-10-04T01:29:51.9858710Z   Python3_ROOT_DIR: /opt/hostedtoolcache/Python/3.13.15/x64
2026-10-04T01:29:51.9859389Z   LD_LIBRARY_PATH: /opt/hostedtoolcache/Python/3.13.15/x64/lib
2026-10-04T01:29:51.9859985Z ##[endgroup]
2026-10-04T01:30:22.8872270Z {
2026-10-04T01:30:22.8874016Z   "mode": "native_browser_e2e",
2026-10-04T01:30:22.8874930Z   "passed": [
2026-10-04T01:30:22.8875461Z     "agent_credential_rejected_by_reviewer_console",
2026-10-04T01:30:22.8876065Z     "pending_queue_survives_more_than_100_newer_reads",
2026-10-04T01:30:22.8876486Z     "approval_disabled_without_informed_confirmation",
2026-10-04T01:30:22.8876877Z     "browser_rejection_preserves_all_1206_rows",
2026-10-04T01:30:22.8877584Z     "browser_approval_executes_real_update_once",
2026-10-04T01:30:22.8878073Z     "critical_action_requires_exact_1206_scope_phrase",
2026-10-04T01:30:22.8878470Z     "390px_mobile_has_no_horizontal_overflow",
2026-10-04T01:30:22.8878832Z     "audit_replay_and_hmac_verification_render",
2026-10-04T01:30:22.8879213Z     "metrics_use_real_samples_and_unknown_model_cost",
2026-10-04T01:30:22.8879635Z     "batch_ui_lists_bound_members_and_enforces_confirmation",
2026-10-04T01:30:22.8880078Z     "recovery_is_a_separate_informed_approval",
2026-10-04T01:30:22.8880540Z     "study_import_counterbalance_visibility_and_export_automation_only",
2026-10-04T01:30:22.8880979Z     "logout_removes_authenticated_console",
2026-10-04T01:30:22.8881305Z     "no_browser_javascript_errors"
2026-10-04T01:30:22.8881562Z   ],
2026-10-04T01:30:22.8881749Z   "errors": [],
2026-10-04T01:30:22.8881964Z   "not_proven": []
2026-10-04T01:30:22.8882170Z }
2026-10-04T01:30:22.9029135Z ##[group]Run python scripts/run_logged.py evidence/browser-edges.log -- python scripts/browser_edges.py
2026-10-04T01:30:22.9029930Z [36;1mpython scripts/run_logged.py evidence/browser-edges.log -- python scripts/browser_edges.py[0m
2026-10-04T01:30:22.9093496Z shell: /usr/bin/bash --noprofile --norc -e -o pipefail {0}
2026-10-04T01:30:22.9093854Z env:
2026-10-04T01:30:22.9094061Z   NEXT_TELEMETRY_DISABLED: 1
2026-10-04T01:30:22.9094383Z   pythonLocation: /opt/hostedtoolcache/Python/3.13.15/x64
2026-10-04T01:30:22.9095032Z   PKG_CONFIG_PATH: /opt/hostedtoolcache/Python/3.13.15/x64/lib/pkgconfig
2026-10-04T01:30:22.9095477Z   Python_ROOT_DIR: /opt/hostedtoolcache/Python/3.13.15/x64
2026-10-04T01:30:22.9095873Z   Python2_ROOT_DIR: /opt/hostedtoolcache/Python/3.13.15/x64
2026-10-04T01:30:22.9096264Z   Python3_ROOT_DIR: /opt/hostedtoolcache/Python/3.13.15/x64
2026-10-04T01:30:22.9096663Z   LD_LIBRARY_PATH: /opt/hostedtoolcache/Python/3.13.15/x64/lib
2026-10-04T01:30:22.9097035Z ##[endgroup]
2026-10-04T01:30:27.0996282Z {
2026-10-04T01:30:27.0996738Z   "mode": "native_next_browser_real_http",
2026-10-04T01:30:27.0997140Z   "passed": [
2026-10-04T01:30:27.0997943Z     "stale_cas_never_overwrites_new_data",
2026-10-04T01:30:27.0998477Z     "execution_failure_rolls_back_and_renders",
2026-10-04T01:30:27.0998974Z     "unknown_requires_original_receipt_reconciliation",
2026-10-04T01:30:27.0999482Z     "untrusted_long_text_is_escaped_and_mobile_bounded",
2026-10-04T01:30:27.0999953Z     "expired_action_has_no_decision_controls",
2026-10-04T01:30:27.1000410Z     "hard_block_has_no_override_controls",
2026-10-04T01:30:27.1000872Z     "keyboard_login_and_logout_clear_memory_credentials",
2026-10-04T01:30:27.1001571Z     "study_comprehension_is_separate_required_and_exported_as_automation",
2026-10-04T01:30:27.1002152Z     "next_hydration_and_strict_csp_have_no_errors"
2026-10-04T01:30:27.1002523Z   ],
2026-10-04T01:30:27.1002753Z   "errors": [],
2026-10-04T01:30:27.1003026Z   "csp_violations": [],
2026-10-04T01:30:27.1003323Z   "human_participants": 0
2026-10-04T01:30:27.1003613Z }
2026-10-04T01:30:27.1155739Z ##[group]Run python scripts/run_logged.py evidence/pilot-browser.log -- python scripts/pilot_browser.py
2026-10-04T01:30:27.1156491Z [36;1mpython scripts/run_logged.py evidence/pilot-browser.log -- python scripts/pilot_browser.py[0m
2026-10-04T01:30:27.1220696Z shell: /usr/bin/bash --noprofile --norc -e -o pipefail {0}
2026-10-04T01:30:27.1221033Z env:
2026-10-04T01:30:27.1221228Z   NEXT_TELEMETRY_DISABLED: 1
2026-10-04T01:30:27.1221558Z   pythonLocation: /opt/hostedtoolcache/Python/3.13.15/x64
2026-10-04T01:30:27.1221989Z   PKG_CONFIG_PATH: /opt/hostedtoolcache/Python/3.13.15/x64/lib/pkgconfig
2026-10-04T01:30:27.1222432Z   Python_ROOT_DIR: /opt/hostedtoolcache/Python/3.13.15/x64
2026-10-04T01:30:27.1222808Z   Python2_ROOT_DIR: /opt/hostedtoolcache/Python/3.13.15/x64
2026-10-04T01:30:27.1223184Z   Python3_ROOT_DIR: /opt/hostedtoolcache/Python/3.13.15/x64
2026-10-04T01:30:27.1223554Z   LD_LIBRARY_PATH: /opt/hostedtoolcache/Python/3.13.15/x64/lib
2026-10-04T01:30:27.1223896Z ##[endgroup]
2026-10-04T01:30:29.7723434Z {
2026-10-04T01:30:29.7723865Z   "status": "PASS",
2026-10-04T01:30:29.7724310Z   "mode": "native_browser_e2e",
2026-10-04T01:30:29.7724914Z   "browser_plugin": "not available; project Playwright",
2026-10-04T01:30:29.7725471Z   "passed": [
2026-10-04T01:30:29.7725963Z     "pilot_public_assets_load_without_approval_service",
2026-10-04T01:30:29.7726758Z     "eight_practice_decisions_exported_and_excluded_from_human_metrics",
2026-10-04T01:30:29.7727663Z     "pilot_390px_no_horizontal_overflow",
2026-10-04T01:30:29.7728077Z     "sender_alert_dedup_and_recovery_render_as_two_events",
2026-10-04T01:30:29.7728503Z     "inbox_read_token_not_in_url_or_browser_storage",
2026-10-04T01:30:29.7728858Z     "inbox_390px_no_horizontal_overflow",
2026-10-04T01:30:29.7729218Z     "inbox_logout_clears_authenticated_content",
2026-10-04T01:30:29.7729585Z     "no_browser_javascript_or_csp_errors"
2026-10-04T01:30:29.7729860Z   ],
2026-10-04T01:30:29.7730056Z   "errors": [],
2026-10-04T01:30:29.7730284Z   "csp_violations": [],
2026-10-04T01:30:29.7730525Z   "human_participants": 0,
2026-10-04T01:30:29.7730813Z   "external_notifications": 0,
2026-10-04T01:30:29.7731090Z   "business_side_effects": 0
2026-10-04T01:30:29.7731328Z }
2026-10-04T01:30:29.7875488Z ##[group]Run python scripts/run_logged.py evidence/docker-smoke.log -- python scripts/docker_smoke.py
2026-10-04T01:30:29.7876216Z [36;1mpython scripts/run_logged.py evidence/docker-smoke.log -- python scripts/docker_smoke.py[0m
2026-10-04T01:30:29.7940861Z shell: /usr/bin/bash --noprofile --norc -e -o pipefail {0}
2026-10-04T01:30:29.7941265Z env:
2026-10-04T01:30:29.7941471Z   NEXT_TELEMETRY_DISABLED: 1
2026-10-04T01:30:29.7941799Z   pythonLocation: /opt/hostedtoolcache/Python/3.13.15/x64
2026-10-04T01:30:29.7942255Z   PKG_CONFIG_PATH: /opt/hostedtoolcache/Python/3.13.15/x64/lib/pkgconfig
2026-10-04T01:30:29.7942699Z   Python_ROOT_DIR: /opt/hostedtoolcache/Python/3.13.15/x64
2026-10-04T01:30:29.7943099Z   Python2_ROOT_DIR: /opt/hostedtoolcache/Python/3.13.15/x64
2026-10-04T01:30:29.7943491Z   Python3_ROOT_DIR: /opt/hostedtoolcache/Python/3.13.15/x64
2026-10-04T01:30:29.7943889Z   LD_LIBRARY_PATH: /opt/hostedtoolcache/Python/3.13.15/x64/lib
2026-10-04T01:30:29.7944266Z ##[endgroup]
2026-10-04T01:31:46.3914010Z {
2026-10-04T01:31:46.3914515Z   "mode": "real_docker_compose",
2026-10-04T01:31:46.3915113Z   "project": "airlock-check-0f7f8d8117cd",
2026-10-04T01:31:46.3915585Z   "probe": {
2026-10-04T01:31:46.3915897Z     "pending_id": "aa986eac8bf74c3e9b7b0a564afeb1aa",
2026-10-04T01:31:46.3916223Z     "uid": 10001,
2026-10-04T01:31:46.3916484Z     "effective_capabilities": 0,
2026-10-04T01:31:46.3916758Z     "sqlite_runtime": {
2026-10-04T01:31:46.3916998Z       "version": "3.53.1",
2026-10-04T01:31:46.3917985Z       "source_id": "2026-05-05 10:34:17 c88b22011a54b4f6fbd149e9f8e4de77658ce58143a1af0e3785e4e6475127e9",
2026-10-04T01:31:46.3918600Z       "wal_reset_fix": "upstream_fixed_version",
2026-10-04T01:31:46.3918925Z       "compile_options": [
2026-10-04T01:31:46.3919203Z         "ATOMIC_INTRINSICS=1",
2026-10-04T01:31:46.3919482Z         "COMPILER=gcc-14.2.0",
2026-10-04T01:31:46.3919779Z         "DEFAULT_AUTOVACUUM",
2026-10-04T01:31:46.3920084Z         "DEFAULT_CACHE_SIZE=-2000",
2026-10-04T01:31:46.3920389Z         "DEFAULT_FILE_FORMAT=4",
2026-10-04T01:31:46.3920698Z         "DEFAULT_JOURNAL_SIZE_LIMIT=-1",
2026-10-04T01:31:46.3921010Z         "DEFAULT_MMAP_SIZE=0",
2026-10-04T01:31:46.3921300Z         "DEFAULT_PAGE_SIZE=4096",
2026-10-04T01:31:46.3921613Z         "DEFAULT_PCACHE_INITSZ=20",
2026-10-04T01:31:46.3921924Z         "DEFAULT_RECURSIVE_TRIGGERS",
2026-10-04T01:31:46.3922230Z         "DEFAULT_SECTOR_SIZE=4096",
2026-10-04T01:31:46.3922528Z         "DEFAULT_SYNCHRONOUS=2",
2026-10-04T01:31:46.3922838Z         "DEFAULT_WAL_AUTOCHECKPOINT=1000",
2026-10-04T01:31:46.3923161Z         "DEFAULT_WAL_SYNCHRONOUS=2",
2026-10-04T01:31:46.3923471Z         "DEFAULT_WORKER_THREADS=0",
2026-10-04T01:31:46.3923762Z         "DIRECT_OVERFLOW_READ",
2026-10-04T01:31:46.3924048Z         "ENABLE_COLUMN_METADATA",
2026-10-04T01:31:46.3924314Z         "ENABLE_DBSTAT_VTAB",
2026-10-04T01:31:46.3924565Z         "ENABLE_FTS3",
2026-10-04T01:31:46.3924788Z         "ENABLE_FTS5",
2026-10-04T01:31:46.3925051Z         "ENABLE_MATH_FUNCTIONS",
2026-10-04T01:31:46.3925314Z         "ENABLE_RTREE",
2026-10-04T01:31:46.3925566Z         "MALLOC_SOFT_LIMIT=1024",
2026-10-04T01:31:46.3925838Z         "MAX_ATTACHED=10",
2026-10-04T01:31:46.3926075Z         "MAX_COLUMN=2000",
2026-10-04T01:31:46.3926331Z         "MAX_COMPOUND_SELECT=500",
2026-10-04T01:31:46.3926618Z         "MAX_DEFAULT_PAGE_SIZE=8192",
2026-10-04T01:31:46.3926895Z         "MAX_EXPR_DEPTH=1000",
2026-10-04T01:31:46.3927158Z         "MAX_FUNCTION_ARG=1000",
2026-10-04T01:31:46.3927795Z         "MAX_LENGTH=1000000000",
2026-10-04T01:31:46.3928084Z         "MAX_LIKE_PATTERN_LENGTH=50000",
2026-10-04T01:31:46.3928387Z         "MAX_MMAP_SIZE=0x7fff0000",
2026-10-04T01:31:46.3928664Z         "MAX_PAGE_COUNT=0xfffffffe",
2026-10-04T01:31:46.3928939Z         "MAX_PAGE_SIZE=65536",
2026-10-04T01:31:46.3929197Z         "MAX_SQL_LENGTH=1000000000",
2026-10-04T01:31:46.3929466Z         "MAX_TRIGGER_DEPTH=1000",
2026-10-04T01:31:46.3930037Z         "MAX_VARIABLE_NUMBER=32766",
2026-10-04T01:31:46.3930329Z         "MAX_VDBE_OP=250000000",
2026-10-04T01:31:46.3930588Z         "MAX_WORKER_THREADS=8",
2026-10-04T01:31:46.3930827Z         "MUTEX_PTHREADS",
2026-10-04T01:31:46.3931257Z         "SYSTEM_MALLOC",
2026-10-04T01:31:46.3931484Z         "TEMP_STORE=1",
2026-10-04T01:31:46.3931699Z         "THREADSAFE=1",
2026-10-04T01:31:46.3931911Z         "USE_URI"
2026-10-04T01:31:46.3932103Z       ],
2026-10-04T01:31:46.3932300Z       "python": "3.13.16",
2026-10-04T01:31:46.3932556Z       "sqlite_threadsafety": 3,
2026-10-04T01:31:46.3932834Z       "loaded_shared_library_files": [
2026-10-04T01:31:46.3933083Z         {
2026-10-04T01:31:46.3933379Z           "path": "/opt/airlock-sqlite/lib/libsqlite3.so.0",
2026-10-04T01:31:46.3933701Z           "bytes": 1605768,
2026-10-04T01:31:46.3934106Z           "sha256": "8fac480a6336553316e0417dad6fc91f32b054396724b34b65f25546637dcd26"
2026-10-04T01:31:46.3934500Z         }
2026-10-04T01:31:46.3934671Z       ],
2026-10-04T01:31:46.3934894Z       "build_report_verified": true,
2026-10-04T01:31:46.3935405Z       "build_report_sha256": "7b06c542bba71858f7499dc24352ea1f0c39e7aa2f6e36dfdf1b17b64a6cdb2f"
2026-10-04T01:31:46.3935846Z     },
2026-10-04T01:31:46.3936031Z     "checks": [
2026-10-04T01:31:46.3936286Z       "agent_has_no_reviewer_or_audit_secret",
2026-10-04T01:31:46.3936617Z       "target_database_not_mounted_in_agent",
2026-10-04T01:31:46.3936943Z       "no_server_config_or_docker_socket",
2026-10-04T01:31:46.3937480Z       "non_root_read_only_no_capabilities",
2026-10-04T01:31:46.3937868Z       "agent_cannot_approve_or_read_audit",
2026-10-04T01:31:46.3938179Z       "SQL_cannot_read_control_tables",
2026-10-04T01:31:46.3938482Z       "write_waits_for_separate_reviewer",
2026-10-04T01:31:46.3938800Z       "container_loads_pinned_sqlite_runtime"
2026-10-04T01:31:46.3939071Z     ]
2026-10-04T01:31:46.3939244Z   },
2026-10-04T01:31:46.3939672Z   "runtime_image_id": "sha256:ced10441c30ec6ee8b0e0a1bf91d419d772a81f319564557616e87bd6816dd1f",
2026-10-04T01:31:46.3940174Z   "rows_before_independent_approval": 1206,
2026-10-04T01:31:46.3940484Z   "rows_after_approval_and_restart": 0,
2026-10-04T01:31:46.3940767Z   "additional_checks": [
2026-10-04T01:31:46.3941079Z     "pending_survives_server_restart_without_execution",
2026-10-04T01:31:46.3941479Z     "approved_effect_and_audit_persist_without_reseeding",
2026-10-04T01:31:46.3941824Z     "compose_network_is_internal",
2026-10-04T01:31:46.3942130Z     "server_dual_network_agent_internal_only",
2026-10-04T01:31:46.3942446Z     "published_port_is_loopback_only"
2026-10-04T01:31:46.3942701Z   ],
2026-10-04T01:31:46.3942883Z   "limitations": [
2026-10-04T01:31:46.3943247Z     "controlled synthetic deployment, not a general container escape audit",
2026-10-04T01:31:46.3943744Z     "reviewer is automated test code, not a human A/B participant"
2026-10-04T01:31:46.3944076Z   ]
2026-10-04T01:31:46.3944255Z }
2026-10-04T01:31:46.4083128Z ##[group]Run python scripts/run_logged.py evidence/upstream-isolation.log -- python scripts/upstream_isolation.py
2026-10-04T01:31:46.4084131Z [36;1mpython scripts/run_logged.py evidence/upstream-isolation.log -- python scripts/upstream_isolation.py[0m
2026-10-04T01:31:46.4164632Z shell: /usr/bin/bash --noprofile --norc -e -o pipefail {0}
2026-10-04T01:31:46.4165044Z env:
2026-10-04T01:31:46.4165276Z   NEXT_TELEMETRY_DISABLED: 1
2026-10-04T01:31:46.4165640Z   pythonLocation: /opt/hostedtoolcache/Python/3.13.15/x64
2026-10-04T01:31:46.4166162Z   PKG_CONFIG_PATH: /opt/hostedtoolcache/Python/3.13.15/x64/lib/pkgconfig
2026-10-04T01:31:46.4166666Z   Python_ROOT_DIR: /opt/hostedtoolcache/Python/3.13.15/x64
2026-10-04T01:31:46.4167111Z   Python2_ROOT_DIR: /opt/hostedtoolcache/Python/3.13.15/x64
2026-10-04T01:31:46.4167846Z   Python3_ROOT_DIR: /opt/hostedtoolcache/Python/3.13.15/x64
2026-10-04T01:31:46.4168321Z   LD_LIBRARY_PATH: /opt/hostedtoolcache/Python/3.13.15/x64/lib
2026-10-04T01:31:46.4168743Z ##[endgroup]
2026-10-04T01:31:49.8347965Z {"status": "PASS", "mode": "real_docker_protected_upstream", "image": "sha256:ced10441c30ec6ee8b0e0a1bf91d419d772a81f319564557616e87bd6816dd1f", "probe": {"action_id": "21a874facbdf47979b028ac5662e4b0c", "checks": ["no_upstream_dns", "no_direct_ip_access", "no_upstream_or_review_secret", "no_server_volume_or_socket", "single_internal_agent_network", "write_waits_for_reviewer"]}, "checks": ["rejection_preserves_remote_value", "separate_approval_executes_once", "separate_compensation_restores_value", "audit_chain_valid"], "network_boundary": "Agent only on internal ingress; upstream only on distinct internal target network; gate on both; no upstream published port", "limitations": ["Synthetic remote CAS counter, scripted reviewer; not a human study", "Dedicated pinned private HTTP in isolated fixture; production untrusted networks require TLS", "Host administrator and container escape outside tested boundary"]}
2026-10-04T01:31:49.8536354Z ##[group]Run actions/setup-go@v6
2026-10-04T01:31:49.8536640Z with:
2026-10-04T01:31:49.8536836Z   go-version: 1.24.8
2026-10-04T01:31:49.8537043Z   cache: false
2026-10-04T01:31:49.8537530Z   check-latest: false
2026-10-04T01:31:49.8540255Z   token: ***
2026-10-04T01:31:49.8540468Z env:
2026-10-04T01:31:49.8540653Z   NEXT_TELEMETRY_DISABLED: 1
2026-10-04T01:31:49.8540959Z   pythonLocation: /opt/hostedtoolcache/Python/3.13.15/x64
2026-10-04T01:31:49.8541383Z   PKG_CONFIG_PATH: /opt/hostedtoolcache/Python/3.13.15/x64/lib/pkgconfig
2026-10-04T01:31:49.8541797Z   Python_ROOT_DIR: /opt/hostedtoolcache/Python/3.13.15/x64
2026-10-04T01:31:49.8542167Z   Python2_ROOT_DIR: /opt/hostedtoolcache/Python/3.13.15/x64
2026-10-04T01:31:49.8542532Z   Python3_ROOT_DIR: /opt/hostedtoolcache/Python/3.13.15/x64
2026-10-04T01:31:49.8542913Z   LD_LIBRARY_PATH: /opt/hostedtoolcache/Python/3.13.15/x64/lib
2026-10-04T01:31:49.8543228Z ##[endgroup]
2026-10-04T01:31:49.9868498Z Setup go version spec 1.24.8
2026-10-04T01:31:49.9882368Z Attempting to download 1.24.8...
2026-10-04T01:31:50.5990822Z matching 1.24.8...
2026-10-04T01:31:50.6050831Z Acquiring 1.24.8 from https://github.com/actions/go-versions/releases/download/1.24.8-18331018734/go-1.24.8-linux-x64.tar.gz
2026-10-04T01:31:51.2228494Z Extracting Go...
2026-10-04T01:31:51.2365064Z [command]/usr/bin/tar xz --warning=no-unknown-keyword --overwrite -C /home/runner/work/_temp/2128cbcb-a15d-48a3-bac2-a3292ce2fe59 -f /home/runner/work/_temp/a6c187b3-704e-4231-9b14-b213889d2062
2026-10-04T01:31:53.0590377Z Successfully extracted go to /home/runner/work/_temp/2128cbcb-a15d-48a3-bac2-a3292ce2fe59
2026-10-04T01:31:53.0598966Z Adding to the cache ...
2026-10-04T01:31:58.5189722Z Successfully cached go to /opt/hostedtoolcache/go/1.24.8/x64
2026-10-04T01:31:58.5192923Z Added go to the path
2026-10-04T01:31:58.5195340Z Successfully set up Go version 1.24.8
2026-10-04T01:31:58.5418321Z go version go1.24.8 linux/amd64
2026-10-04T01:31:58.5418809Z 
2026-10-04T01:31:58.5419486Z ##[group]go env
2026-10-04T01:31:58.6460275Z AR='ar'
2026-10-04T01:31:58.6460750Z CC='gcc'
2026-10-04T01:31:58.6461181Z CGO_CFLAGS='-O2 -g'
2026-10-04T01:31:58.6461719Z CGO_CPPFLAGS=''
2026-10-04T01:31:58.6462152Z CGO_CXXFLAGS='-O2 -g'
2026-10-04T01:31:58.6462557Z CGO_ENABLED='1'
2026-10-04T01:31:58.6462983Z CGO_FFLAGS='-O2 -g'
2026-10-04T01:31:58.6463386Z CGO_LDFLAGS='-O2 -g'
2026-10-04T01:31:58.6463751Z CXX='g++'
2026-10-04T01:31:58.6464091Z GCCGO='gccgo'
2026-10-04T01:31:58.6464492Z GO111MODULE=''
2026-10-04T01:31:58.6464829Z GOAMD64='v1'
2026-10-04T01:31:58.6465163Z GOARCH='amd64'
2026-10-04T01:31:58.6465499Z GOAUTH='netrc'
2026-10-04T01:31:58.6465823Z GOBIN=''
2026-10-04T01:31:58.6466346Z GOCACHE='/home/runner/.cache/go-build'
2026-10-04T01:31:58.6466843Z GOCACHEPROG=''
2026-10-04T01:31:58.6467139Z GODEBUG=''
2026-10-04T01:31:58.6467710Z GOENV='/home/runner/.config/go/env'
2026-10-04T01:31:58.6467991Z GOEXE=''
2026-10-04T01:31:58.6468191Z GOEXPERIMENT=''
2026-10-04T01:31:58.6468421Z GOFIPS140='off'
2026-10-04T01:31:58.6468632Z GOFLAGS=''
2026-10-04T01:31:58.6469528Z GOGCCFLAGS='-fPIC -m64 -pthread -Wl,--no-gc-sections -fmessage-length=0 -ffile-prefix-map=/tmp/go-build2678846495=/tmp/go-build -gno-record-gcc-switches'
2026-10-04T01:31:58.6470265Z GOHOSTARCH='amd64'
2026-10-04T01:31:58.6470489Z GOHOSTOS='linux'
2026-10-04T01:31:58.6470983Z GOINSECURE=''
2026-10-04T01:31:58.6471210Z GOMOD='/dev/null'
2026-10-04T01:31:58.6471504Z GOMODCACHE='/home/runner/go/pkg/mod'
2026-10-04T01:31:58.6471783Z GONOPROXY=''
2026-10-04T01:31:58.6471985Z GONOSUMDB=''
2026-10-04T01:31:58.6472182Z GOOS='linux'
2026-10-04T01:31:58.6472411Z GOPATH='/home/runner/go'
2026-10-04T01:31:58.6472647Z GOPRIVATE=''
2026-10-04T01:31:58.6472959Z GOPROXY='https://proxy.golang.org,direct'
2026-10-04T01:31:58.6473353Z GOROOT='/opt/hostedtoolcache/go/1.24.8/x64'
2026-10-04T01:31:58.6473675Z GOSUMDB='sum.golang.org'
2026-10-04T01:31:58.6473933Z GOTELEMETRY='local'
2026-10-04T01:31:58.6474278Z GOTELEMETRYDIR='/home/runner/.config/go/telemetry'
2026-10-04T01:31:58.6474806Z GOTMPDIR=''
2026-10-04T01:31:58.6475048Z GOTOOLCHAIN='local'
2026-10-04T01:31:58.6475459Z GOTOOLDIR='/opt/hostedtoolcache/go/1.24.8/x64/pkg/tool/linux_amd64'
2026-10-04T01:31:58.6475824Z GOVCS=''
2026-10-04T01:31:58.6476035Z GOVERSION='go1.24.8'
2026-10-04T01:31:58.6476257Z GOWORK=''
2026-10-04T01:31:58.6476489Z PKG_CONFIG='pkg-config'
2026-10-04T01:31:58.6476645Z 
2026-10-04T01:31:58.6476990Z ##[endgroup]
2026-10-04T01:31:58.6662782Z ##[group]Run python scripts/run_logged.py evidence/archive-build.log -- python scripts/build_archive_fixture.py --output evidence/archive-image.json
2026-10-04T01:31:58.6663846Z [36;1mpython scripts/run_logged.py evidence/archive-build.log -- python scripts/build_archive_fixture.py --output evidence/archive-image.json[0m
2026-10-04T01:31:58.6731227Z shell: /usr/bin/bash --noprofile --norc -e -o pipefail {0}
2026-10-04T01:31:58.6731614Z env:
2026-10-04T01:31:58.6731840Z   NEXT_TELEMETRY_DISABLED: 1
2026-10-04T01:31:58.6732179Z   pythonLocation: /opt/hostedtoolcache/Python/3.13.15/x64
2026-10-04T01:31:58.6732667Z   PKG_CONFIG_PATH: /opt/hostedtoolcache/Python/3.13.15/x64/lib/pkgconfig
2026-10-04T01:31:58.6733135Z   Python_ROOT_DIR: /opt/hostedtoolcache/Python/3.13.15/x64
2026-10-04T01:31:58.6733553Z   Python2_ROOT_DIR: /opt/hostedtoolcache/Python/3.13.15/x64
2026-10-04T01:31:58.6733993Z   Python3_ROOT_DIR: /opt/hostedtoolcache/Python/3.13.15/x64
2026-10-04T01:31:58.6734449Z   LD_LIBRARY_PATH: /opt/hostedtoolcache/Python/3.13.15/x64/lib
2026-10-04T01:31:58.6734827Z   GOTOOLCHAIN: local
2026-10-04T01:31:58.6735076Z ##[endgroup]
2026-10-04T01:32:03.7420625Z From https://github.com/minio/minio
2026-10-04T01:32:03.7421478Z  * branch            7aac2a2c5b7c882e68c1ce017d8256be2feea27f -> FETCH_HEAD
2026-10-04T01:32:03.7422559Z HEAD is now at 7aac2a2 update README.md format and clarify state of the project
2026-10-04T01:32:03.7423476Z go: downloading cloud.google.com/go/storage v1.52.0
2026-10-04T01:32:03.7424370Z go: downloading github.com/Azure/azure-sdk-for-go/sdk/azcore v1.18.0
2026-10-04T01:32:03.7425353Z go: downloading github.com/Azure/azure-sdk-for-go/sdk/azidentity v1.9.0
2026-10-04T01:32:03.7426434Z go: downloading github.com/Azure/azure-sdk-for-go/sdk/storage/azblob v1.6.1
2026-10-04T01:32:03.7427526Z go: downloading github.com/cespare/xxhash/v2 v2.3.0
2026-10-04T01:32:03.7428286Z go: downloading github.com/cheggaaa/pb v1.0.29
2026-10-04T01:32:03.7429024Z go: downloading github.com/coreos/go-oidc/v3 v3.14.1
2026-10-04T01:32:03.7429718Z go: downloading cloud.google.com/go v0.120.1
2026-10-04T01:32:03.7430423Z go: downloading github.com/coreos/go-systemd/v22 v22.5.0
2026-10-04T01:32:03.7431174Z go: downloading github.com/cosnicolaou/pbzip2 v1.0.5
2026-10-04T01:32:03.7431889Z go: downloading github.com/dchest/siphash v1.2.3
2026-10-04T01:32:03.7432577Z go: downloading github.com/dustin/go-humanize v1.0.1
2026-10-04T01:32:03.7433274Z go: downloading github.com/fatih/color v1.18.0
2026-10-04T01:32:03.7433948Z go: downloading github.com/felixge/fgprof v0.9.5
2026-10-04T01:32:03.7434626Z go: downloading github.com/go-openapi/loads v0.22.0
2026-10-04T01:32:03.7435346Z go: downloading github.com/golang-jwt/jwt/v4 v4.5.2
2026-10-04T01:32:03.7435994Z go: downloading github.com/google/uuid v1.6.0
2026-10-04T01:32:03.7436741Z go: downloading github.com/inconshreveable/mousetrap v1.1.0
2026-10-04T01:32:03.7438099Z go: downloading github.com/json-iterator/go v1.1.12
2026-10-04T01:32:03.7438828Z go: downloading github.com/klauspost/compress v1.18.0
2026-10-04T01:32:03.7439538Z go: downloading github.com/klauspost/pgzip v1.2.6
2026-10-04T01:32:03.7440252Z go: downloading github.com/klauspost/filepathx v1.1.1
2026-10-04T01:32:03.7440980Z go: downloading github.com/klauspost/readahead v1.4.0
2026-10-04T01:32:03.7441742Z go: downloading github.com/klauspost/reedsolomon v1.12.4
2026-10-04T01:32:03.7442516Z go: downloading github.com/lithammer/shortuuid/v4 v4.2.0
2026-10-04T01:32:03.7443185Z go: downloading github.com/miekg/dns v1.1.65
2026-10-04T01:32:03.7443800Z go: downloading github.com/minio/cli v1.24.2
2026-10-04T01:32:03.7444642Z go: downloading github.com/minio/console v1.7.7-0.20250905210349-2017f33b26e1
2026-10-04T01:32:03.7445510Z go: downloading github.com/minio/dnscache v0.1.1
2026-10-04T01:32:03.7446151Z go: downloading github.com/minio/dperf v0.6.3
2026-10-04T01:32:03.7446874Z go: downloading github.com/minio/highwayhash v1.0.3
2026-10-04T01:32:03.7448199Z go: downloading github.com/minio/kms-go/kes v0.3.1
2026-10-04T01:32:03.7448931Z go: downloading github.com/minio/madmin-go/v3 v3.0.109
2026-10-04T01:32:03.7449684Z go: downloading github.com/minio/minio-go/v7 v7.0.91
2026-10-04T01:32:03.7450347Z go: downloading github.com/minio/pkg/v3 v3.1.3
2026-10-04T01:32:03.7450991Z go: downloading github.com/minio/mux v1.9.2
2026-10-04T01:32:03.7451617Z go: downloading github.com/minio/sio v0.4.1
2026-10-04T01:32:03.7452283Z go: downloading github.com/minio/selfupdate v0.6.0
2026-10-04T01:32:03.7452954Z go: downloading github.com/minio/xxml v0.0.3
2026-10-04T01:32:03.7453610Z go: downloading github.com/minio/zipindex v0.4.0
2026-10-04T01:32:03.7454340Z go: downloading github.com/mitchellh/go-homedir v1.1.0
2026-10-04T01:32:03.7455054Z go: downloading github.com/philhofer/fwd v1.2.0
2026-10-04T01:32:03.7455727Z go: downloading github.com/pierrec/lz4/v4 v4.1.22
2026-10-04T01:32:03.7456391Z go: downloading github.com/pkg/errors v0.9.1
2026-10-04T01:32:03.7457026Z go: downloading github.com/pkg/sftp v1.13.9
2026-10-04T01:32:03.7457898Z go: downloading github.com/pkg/xattr v0.4.10
2026-10-04T01:32:03.7458654Z go: downloading github.com/prometheus/client_golang v1.22.0
2026-10-04T01:32:03.7459477Z go: downloading github.com/prometheus/client_model v0.6.2
2026-10-04T01:32:03.7460221Z go: downloading github.com/prometheus/common v0.63.0
2026-10-04T01:32:03.7460964Z go: downloading github.com/prometheus/procfs v0.16.1
2026-10-04T01:32:03.7461773Z go: downloading github.com/puzpuzpuz/xsync/v3 v3.5.1
2026-10-04T01:32:03.7462726Z go: downloading github.com/rcrowley/go-metrics v0.0.0-20250401214520-65e299d6c5c9
2026-10-04T01:32:03.7463544Z go: downloading github.com/rs/cors v1.11.1
2026-10-04T01:32:03.7464213Z go: downloading github.com/secure-io/sio-go v0.3.1
2026-10-04T01:32:03.7464918Z go: downloading github.com/shirou/gopsutil/v3 v3.24.5
2026-10-04T01:32:03.7465623Z go: downloading github.com/tinylib/msgp v1.4.0
2026-10-04T01:32:03.7466372Z go: downloading github.com/valyala/bytebufferpool v1.0.0
2026-10-04T01:32:03.7467065Z go: downloading github.com/zeebo/xxh3 v1.0.2
2026-10-04T01:32:03.7467913Z go: downloading go.etcd.io/etcd/api/v3 v3.5.21
2026-10-04T01:32:03.7468586Z go: downloading go.etcd.io/etcd/client/v3 v3.5.21
2026-10-04T01:32:03.7469204Z go: downloading go.uber.org/atomic v1.11.0
2026-10-04T01:32:03.7469820Z go: downloading goftp.io/server/v2 v2.0.1
2026-10-04T01:32:03.7470445Z go: downloading golang.org/x/crypto v0.37.0
2026-10-04T01:32:03.7471042Z go: downloading golang.org/x/oauth2 v0.29.0
2026-10-04T01:32:03.7471648Z go: downloading golang.org/x/sync v0.13.0
2026-10-04T01:32:03.7472250Z go: downloading golang.org/x/sys v0.32.0
2026-10-04T01:32:03.7472862Z go: downloading golang.org/x/term v0.31.0
2026-10-04T01:32:03.7473473Z go: downloading google.golang.org/api v0.230.0
2026-10-04T01:32:03.7474106Z go: downloading gopkg.in/yaml.v2 v2.4.0
2026-10-04T01:32:03.7474695Z go: downloading gopkg.in/yaml.v3 v3.0.1
2026-10-04T01:32:03.7475748Z go: downloading github.com/Azure/azure-sdk-for-go/sdk/internal v1.11.1
2026-10-04T01:32:03.7476853Z go: downloading github.com/AzureAD/microsoft-authentication-library-for-go v1.4.2
2026-10-04T01:32:03.7478023Z go: downloading github.com/mattn/go-runewidth v0.0.16
2026-10-04T01:32:03.7478759Z go: downloading github.com/go-jose/go-jose/v4 v4.1.0
2026-10-04T01:32:03.7479462Z go: downloading github.com/mattn/go-colorable v0.1.14
2026-10-04T01:32:06.6552638Z go: downloading github.com/mattn/go-isatty v0.0.20
2026-10-04T01:32:06.6553707Z go: downloading cloud.google.com/go/compute/metadata v0.6.0
2026-10-04T01:32:06.6554268Z go: downloading cloud.google.com/go/iam v1.5.2
2026-10-04T01:32:06.6555007Z go: downloading github.com/GoogleCloudPlatform/opentelemetry-operations-go/exporter/metric v0.51.0
2026-10-04T01:32:06.6555716Z go: downloading github.com/googleapis/gax-go/v2 v2.14.1
2026-10-04T01:32:06.6556263Z go: downloading go.opentelemetry.io/contrib/detectors/gcp v1.35.0
2026-10-04T01:32:06.6556802Z go: downloading go.opentelemetry.io/otel v1.35.0
2026-10-04T01:32:06.6557807Z go: downloading go.opentelemetry.io/otel/sdk/metric v1.35.0
2026-10-04T01:32:06.6558556Z go: downloading go.opentelemetry.io/otel/sdk v1.35.0
2026-10-04T01:32:06.6559054Z go: downloading go.opentelemetry.io/otel/trace v1.35.0
2026-10-04T01:32:06.6559639Z go: downloading google.golang.org/genproto v0.0.0-20250422160041-2d3770c4ea7f
2026-10-04T01:32:06.6560170Z go: downloading google.golang.org/grpc v1.72.0
2026-10-04T01:32:06.6560625Z go: downloading google.golang.org/protobuf v1.36.6
2026-10-04T01:32:06.6561182Z go: downloading github.com/google/pprof v0.0.0-20250422154841-e1f9c1950416
2026-10-04T01:32:06.6561735Z go: downloading github.com/go-openapi/analysis v0.23.0
2026-10-04T01:32:06.6562193Z go: downloading github.com/go-openapi/spec v0.21.0
2026-10-04T01:32:06.6562641Z go: downloading github.com/go-openapi/swag v0.23.1
2026-10-04T01:32:06.6563213Z go: downloading github.com/modern-go/concurrent v0.0.0-20180306012644-bacd9c7ef1dd
2026-10-04T01:32:06.6563788Z go: downloading github.com/modern-go/reflect2 v1.0.2
2026-10-04T01:32:06.6564220Z go: downloading golang.org/x/net v0.39.0
2026-10-04T01:32:06.6564658Z go: downloading github.com/klauspost/cpuid/v2 v2.2.10
2026-10-04T01:32:06.6565118Z go: downloading github.com/go-openapi/errors v0.22.1
2026-10-04T01:32:06.6565568Z go: downloading github.com/go-openapi/runtime v0.28.0
2026-10-04T01:32:06.6566025Z go: downloading github.com/jessevdk/go-flags v1.6.1
2026-10-04T01:32:06.6566545Z go: downloading github.com/minio/mc v0.0.0-20250313080218-cf909e1063a9
2026-10-04T01:32:06.6567043Z go: downloading github.com/minio/websocket v1.6.0
2026-10-04T01:32:06.6568298Z go: downloading github.com/unrolled/secure v1.17.0
2026-10-04T01:32:06.6578394Z go: downloading github.com/go-openapi/strfmt v0.23.0
2026-10-04T01:32:06.6579170Z go: downloading aead.dev/mem v0.2.0
2026-10-04T01:32:06.6579951Z go: downloading github.com/ncw/directio v1.0.5
2026-10-04T01:32:06.6580879Z go: downloading github.com/prometheus/prom2json v1.4.2
2026-10-04T01:32:06.6581786Z go: downloading github.com/safchain/ethtool v0.5.10
2026-10-04T01:32:06.6582603Z go: downloading github.com/go-ini/ini v1.67.0
2026-10-04T01:32:06.6583456Z go: downloading github.com/goccy/go-json v0.10.5
2026-10-04T01:32:06.6584277Z go: downloading github.com/rs/xid v1.6.0
2026-10-04T01:32:06.6585654Z go: downloading github.com/minio/crc64nvme v1.0.1
2026-10-04T01:32:06.6586314Z go: downloading github.com/minio/md5-simd v1.1.2
2026-10-04T01:32:06.6586964Z go: downloading golang.org/x/time v0.11.0
2026-10-04T01:32:06.6587835Z go: downloading github.com/beevik/ntp v1.4.3
2026-10-04T01:32:06.6588480Z go: downloading go.uber.org/zap v1.27.0
2026-10-04T01:32:06.6589149Z go: downloading github.com/go-ldap/ldap/v3 v3.4.11
2026-10-04T01:32:06.6589916Z go: downloading github.com/rabbitmq/amqp091-go v1.10.0
2026-10-04T01:32:06.6590618Z go: downloading github.com/gobwas/ws v1.4.0
2026-10-04T01:32:06.6591273Z go: downloading github.com/buger/jsonparser v1.1.1
2026-10-04T01:32:06.6591978Z go: downloading aead.dev/mtls v0.2.1
2026-10-04T01:32:06.6592488Z go: downloading github.com/minio/kms-go/kms v0.5.1-0.20250225090116-4e64ce8d0f35
2026-10-04T01:32:06.6593005Z go: downloading github.com/IBM/sarama v1.45.1
2026-10-04T01:32:06.6593455Z go: downloading github.com/eclipse/paho.mqtt.golang v1.5.0
2026-10-04T01:32:06.6593957Z go: downloading github.com/elastic/go-elasticsearch/v7 v7.17.10
2026-10-04T01:32:06.6594428Z go: downloading github.com/go-sql-driver/mysql v1.9.2
2026-10-04T01:32:06.6594836Z go: downloading github.com/gomodule/redigo v1.9.2
2026-10-04T01:32:06.6595206Z go: downloading github.com/lib/pq v1.10.9
2026-10-04T01:32:06.6595593Z go: downloading github.com/nats-io/nats.go v1.41.2
2026-10-04T01:32:06.6595986Z go: downloading github.com/nats-io/stan.go v0.10.4
2026-10-04T01:32:06.6596367Z go: downloading github.com/nsqio/go-nsq v1.1.0
2026-10-04T01:32:06.6596731Z go: downloading github.com/xdg/scram v1.0.5
2026-10-04T01:32:06.6597119Z go: downloading github.com/minio/simdjson-go v0.4.5
2026-10-04T01:32:06.6598287Z go: downloading github.com/rjeczalik/notify v0.9.3
2026-10-04T01:32:06.6598848Z go: downloading github.com/fatih/structs v1.1.0
2026-10-04T01:32:06.6599256Z go: downloading github.com/lestrrat-go/jwx/v2 v2.1.4
2026-10-04T01:32:06.6599625Z go: downloading aead.dev/minisign v0.3.0
2026-10-04T01:32:06.6599965Z go: downloading github.com/kr/fs v0.1.0
2026-10-04T01:32:06.6600320Z go: downloading github.com/beorn7/perks v1.0.1
2026-10-04T01:32:06.6600824Z go: downloading github.com/munnerz/goautoneg v0.0.0-20191010083416-a7dc8b61c822
2026-10-04T01:32:06.6601325Z go: downloading github.com/tklauser/go-sysconf v0.3.15
2026-10-04T01:32:06.6601723Z go: downloading github.com/gogo/protobuf v1.3.2
2026-10-04T01:32:06.6602111Z go: downloading github.com/golang/protobuf v1.5.4
2026-10-04T01:32:06.6602517Z go: downloading go.etcd.io/etcd/client/pkg/v3 v3.5.21
2026-10-04T01:32:06.6602927Z go: downloading github.com/kylelemons/godebug v1.1.0
2026-10-04T01:32:06.6603417Z go: downloading github.com/pkg/browser v0.0.0-20240102092130-5ac0b6a4141c
2026-10-04T01:32:06.6603869Z go: downloading github.com/rivo/uniseg v0.4.7
2026-10-04T01:32:06.6604439Z go: downloading google.golang.org/genproto/googleapis/api v0.0.0-20250422160041-2d3770c4ea7f
2026-10-04T01:32:06.6605152Z go: downloading google.golang.org/genproto/googleapis/rpc v0.0.0-20250422160041-2d3770c4ea7f
2026-10-04T01:32:06.6605692Z go: downloading cloud.google.com/go/monitoring v1.24.2
2026-10-04T01:32:07.8268168Z go: downloading github.com/GoogleCloudPlatform/opentelemetry-operations-go/internal/resourcemapping v0.51.0
2026-10-04T01:32:07.8269566Z go: downloading github.com/GoogleCloudPlatform/opentelemetry-operations-go/detectors/gcp v1.27.0
2026-10-04T01:32:07.8270455Z go: downloading github.com/go-logr/logr v1.4.2
2026-10-04T01:32:07.8271284Z go: downloading go.opentelemetry.io/otel/metric v1.35.0
2026-10-04T01:32:07.8272024Z go: downloading cloud.google.com/go/auth v0.16.0
2026-10-04T01:32:07.8272872Z go: downloading cloud.google.com/go/auth/oauth2adapt v0.2.8
2026-10-04T01:32:07.8273991Z go: downloading go.opentelemetry.io/contrib/instrumentation/net/http/otelhttp v0.60.0
2026-10-04T01:32:07.8274885Z go: downloading github.com/go-openapi/jsonpointer v0.21.1
2026-10-04T01:32:07.8275708Z go: downloading github.com/go-openapi/jsonreference v0.21.0
2026-10-04T01:32:07.8276450Z go: downloading github.com/mailru/easyjson v0.9.0
2026-10-04T01:32:07.8277183Z go: downloading github.com/docker/go-units v0.5.0
2026-10-04T01:32:07.8278190Z go: downloading github.com/go-openapi/validate v0.24.0
2026-10-04T01:32:07.8278995Z go: downloading github.com/charmbracelet/bubbles v0.20.0
2026-10-04T01:32:07.8279792Z go: downloading github.com/charmbracelet/bubbletea v1.3.4
2026-10-04T01:32:07.8280575Z go: downloading github.com/charmbracelet/lipgloss v1.0.0
2026-10-04T01:32:07.8281476Z go: downloading github.com/google/shlex v0.0.0-20191202100458-e7afc7fbc510
2026-10-04T01:32:07.8282274Z go: downloading github.com/jedib0t/go-pretty/v6 v6.6.7
2026-10-04T01:32:07.8283416Z go: downloading github.com/mattn/go-ieproxy v0.0.12
2026-10-04T01:32:07.8284082Z go: downloading github.com/minio/colorjson v1.0.8
2026-10-04T01:32:07.8284487Z go: downloading github.com/minio/filepath v1.0.0
2026-10-04T01:32:07.8284880Z go: downloading github.com/muesli/reflow v0.3.0
2026-10-04T01:32:07.8285294Z go: downloading github.com/muesli/termenv v0.16.0
2026-10-04T01:32:07.8285731Z go: downloading github.com/olekukonko/tablewriter v0.0.5
2026-10-04T01:32:07.8299162Z go: downloading github.com/posener/complete v1.2.3
2026-10-04T01:32:07.8299879Z go: downloading github.com/tidwall/gjson v1.18.0
2026-10-04T01:32:07.8300530Z go: downloading github.com/vbauerster/mpb/v8 v8.9.3
2026-10-04T01:32:07.8301173Z go: downloading golang.org/x/text v0.24.0
2026-10-04T01:32:07.8302045Z go: downloading github.com/asaskevich/govalidator v0.0.0-20230301143203-a9d515a09cc2
2026-10-04T01:32:07.8302959Z go: downloading github.com/mitchellh/mapstructure v1.5.0
2026-10-04T01:32:07.8303661Z go: downloading github.com/oklog/ulid v1.3.1
2026-10-04T01:32:07.8304636Z go: downloading go.mongodb.org/mongo-driver v1.17.3
2026-10-04T01:32:07.8305602Z go: downloading github.com/matttproud/golang_protobuf_extensions v1.0.4
2026-10-04T01:32:07.8306658Z go: downloading github.com/Azure/go-ntlmssp v0.0.0-20221128193559-754e69321358
2026-10-04T01:32:07.8308136Z go: downloading github.com/go-asn1-ber/asn1-ber v1.5.8-0.20250403174932-29230038a667
2026-10-04T01:32:07.8309087Z go: downloading github.com/gobwas/httphead v0.1.0
2026-10-04T01:32:07.8309788Z go: downloading github.com/gobwas/pool v0.2.1
2026-10-04T01:32:07.8310471Z go: downloading go.uber.org/multierr v1.11.0
2026-10-04T01:32:07.8311200Z go: downloading github.com/gorilla/websocket v1.5.3
2026-10-04T01:32:07.8311931Z go: downloading filippo.io/edwards25519 v1.1.0
2026-10-04T01:32:07.8312876Z go: downloading github.com/davecgh/go-spew v1.1.2-0.20180830191138-d8f796af33cc
2026-10-04T01:32:07.8313883Z go: downloading github.com/eapache/go-resiliency v1.7.0
2026-10-04T01:32:07.8315020Z go: downloading github.com/eapache/go-xerial-snappy v0.0.0-20230731223053-c322873962e3
2026-10-04T01:32:07.8316013Z go: downloading github.com/eapache/queue v1.1.0
2026-10-04T01:32:07.8316840Z go: downloading github.com/hashicorp/go-multierror v1.1.1
2026-10-04T01:32:07.8317970Z go: downloading github.com/jcmturner/gofork v1.7.6
2026-10-04T01:32:07.8318799Z go: downloading github.com/jcmturner/gokrb5/v8 v8.4.4
2026-10-04T01:32:07.8319569Z go: downloading github.com/nats-io/nuid v1.0.1
2026-10-04T01:32:07.8320309Z go: downloading github.com/golang/snappy v1.0.0
2026-10-04T01:32:07.8321059Z go: downloading github.com/minio/csvparser v1.0.0
2026-10-04T01:32:07.8321886Z go: downloading github.com/fraugster/parquet-go v0.12.0
2026-10-04T01:32:07.8322689Z go: downloading github.com/xdg/stringprep v1.0.3
2026-10-04T01:32:07.8323487Z go: downloading github.com/alecthomas/participle v0.7.1
2026-10-04T01:32:07.8324249Z go: downloading github.com/nats-io/nkeys v0.4.11
2026-10-04T01:32:07.8325037Z go: downloading github.com/lestrrat-go/option v1.0.1
2026-10-04T01:32:07.8325896Z go: downloading github.com/lestrrat-go/blackmagic v1.0.2
2026-10-04T01:32:07.8326674Z go: downloading github.com/lestrrat-go/httprc v1.0.6
2026-10-04T01:32:07.8327686Z go: downloading github.com/lestrrat-go/iter v1.0.2
2026-10-04T01:32:07.8328462Z go: downloading github.com/coreos/go-semver v0.3.1
2026-10-04T01:32:07.8329208Z go: downloading github.com/tklauser/numcpus v0.10.0
2026-10-04T01:32:07.8329974Z go: downloading github.com/golang-jwt/jwt/v5 v5.2.2
2026-10-04T01:32:07.8331217Z go: downloading go.opentelemetry.io/contrib/instrumentation/google.golang.org/grpc/otelgrpc v0.60.0
2026-10-04T01:32:07.8332347Z go: downloading github.com/go-logr/stdr v1.2.2
2026-10-04T01:32:07.8333128Z go: downloading go.opentelemetry.io/auto/sdk v1.1.0
2026-10-04T01:32:07.8333886Z go: downloading github.com/google/s2a-go v0.1.9
2026-10-04T01:32:07.8334829Z go: downloading github.com/googleapis/enterprise-certificate-proxy v0.3.6
2026-10-04T01:32:07.8336261Z go: downloading github.com/envoyproxy/go-control-plane/envoy v1.32.4
2026-10-04T01:32:07.8337172Z go: downloading github.com/felixge/httpsnoop v1.0.4
2026-10-04T01:32:07.8338210Z go: downloading github.com/josharian/intern v1.0.0
2026-10-04T01:32:07.8339032Z go: downloading github.com/charmbracelet/x/ansi v0.8.0
2026-10-04T01:32:07.8339837Z go: downloading github.com/charmbracelet/x/term v0.2.1
2026-10-04T01:32:07.8340807Z go: downloading github.com/muesli/ansi v0.0.0-20230316100256-276c6243b2f6
2026-10-04T01:33:52.2113009Z go: downloading github.com/muesli/cancelreader v0.2.2
2026-10-04T01:33:52.2113810Z go: downloading github.com/juju/ratelimit v1.0.2
2026-10-04T01:33:52.2114524Z go: downloading github.com/tidwall/match v1.1.1
2026-10-04T01:33:52.2115228Z go: downloading github.com/tidwall/pretty v1.2.1
2026-10-04T01:33:52.2116019Z go: downloading github.com/aymanbagabas/go-osc52/v2 v2.0.1
2026-10-04T01:33:52.2116573Z go: downloading github.com/lucasb-eyer/go-colorful v1.2.0
2026-10-04T01:33:52.2119396Z go: downloading github.com/acarl005/stripansi v0.0.0-20180116102854-5a71ef0e047d
2026-10-04T01:33:52.2120164Z go: downloading github.com/VividCortex/ewma v1.2.0
2026-10-04T01:33:52.2120634Z go: downloading github.com/prometheus/prometheus v0.303.0
2026-10-04T01:33:52.2121085Z go: downloading github.com/hashicorp/errwrap v1.1.0
2026-10-04T01:33:52.2121532Z go: downloading github.com/jcmturner/dnsutils/v2 v2.0.0
2026-10-04T01:33:52.2121954Z go: downloading github.com/hashicorp/go-uuid v1.0.3
2026-10-04T01:33:52.2122350Z go: downloading github.com/apache/thrift v0.21.0
2026-10-04T01:33:52.2122754Z go: downloading github.com/lestrrat-go/httpcc v1.0.1
2026-10-04T01:33:52.2123175Z go: downloading github.com/spiffe/go-spiffe/v2 v2.5.0
2026-10-04T01:33:52.2123681Z go: downloading github.com/cncf/xds/go v0.0.0-20250326154945-ae57f3c0d45f
2026-10-04T01:33:52.2124250Z go: downloading github.com/envoyproxy/protoc-gen-validate v1.2.1
2026-10-04T01:33:52.2124727Z go: downloading github.com/jcmturner/rpc/v2 v2.0.3
2026-10-04T01:33:52.2125110Z go: downloading cel.dev/expr v0.23.1
2026-10-04T01:33:52.2125465Z go: downloading github.com/zeebo/errs v1.4.0
2026-10-04T01:33:52.2125861Z go: downloading github.com/jcmturner/aescts/v2 v2.0.0
2026-10-04T01:33:52.2126302Z #0 building with "default" instance using docker driver
2026-10-04T01:33:52.2126533Z 
2026-10-04T01:33:52.2126770Z #1 [internal] load build definition from Dockerfile.fixture
2026-10-04T01:33:52.2127161Z #1 transferring dockerfile: 235B done
2026-10-04T01:33:52.2127715Z #1 DONE 0.0s
2026-10-04T01:33:52.2127837Z 
2026-10-04T01:33:52.2127978Z #2 [internal] load build context
2026-10-04T01:33:52.2128289Z #2 transferring context: 33.47MB 0.1s
2026-10-04T01:33:52.2128626Z #2 transferring context: 151.09MB 0.4s done
2026-10-04T01:33:52.2128904Z #2 DONE 0.4s
2026-10-04T01:33:52.2129011Z 
2026-10-04T01:33:52.2129128Z #3 [1/2] COPY minio /minio
2026-10-04T01:33:52.2129352Z #3 DONE 0.1s
2026-10-04T01:33:52.2129599Z 
2026-10-04T01:33:52.2129829Z #4 [2/2] COPY LICENSE /LICENSE
2026-10-04T01:33:52.2130079Z #4 DONE 1.5s
2026-10-04T01:33:52.2130185Z 
2026-10-04T01:33:52.2130303Z #5 exporting to image
2026-10-04T01:33:52.2130534Z #5 exporting layers
2026-10-04T01:33:52.2130774Z #5 exporting layers 1.0s done
2026-10-04T01:33:52.2131601Z #5 writing image sha256:e5da8411dae6e5b48a1ed7fdcf0b945a10768ec6919cba534a6d5b580556cb5d
2026-10-04T01:33:52.2132971Z #5 writing image sha256:e5da8411dae6e5b48a1ed7fdcf0b945a10768ec6919cba534a6d5b580556cb5d done
2026-10-04T01:33:52.2134108Z #5 naming to docker.io/library/airlock-archive-fixture:5a320661cfa0 done
2026-10-04T01:33:52.2134494Z #5 DONE 1.0s
2026-10-04T01:33:52.2137192Z {"source": "https://github.com/minio/minio.git", "source_commit": "7aac2a2c5b7c882e68c1ce017d8256be2feea27f", "binary_sha256": "e7425aad90f11c859f386485a63a5af888ee645a99fbfcdb64bd960d7d20f7a8", "runtime_image_id": "sha256:e5da8411dae6e5b48a1ed7fdcf0b945a10768ec6919cba534a6d5b580556cb5d", "local_tag": "airlock-archive-fixture:5a320661cfa0", "scope": "archived upstream source built only for throwaway S3 contract tests, not a production distribution recommendation"}
2026-10-04T01:33:52.2270626Z ##[group]Run python scripts/run_logged.py evidence/archive-integration.log -- python scripts/archive_integration.py --output evidence/archive-integration.json
2026-10-04T01:33:52.2271769Z [36;1mpython scripts/run_logged.py evidence/archive-integration.log -- python scripts/archive_integration.py --output evidence/archive-integration.json[0m
2026-10-04T01:33:52.2337150Z shell: /usr/bin/bash --noprofile --norc -e -o pipefail {0}
2026-10-04T01:33:52.2337640Z env:
2026-10-04T01:33:52.2337844Z   NEXT_TELEMETRY_DISABLED: 1
2026-10-04T01:33:52.2338155Z   pythonLocation: /opt/hostedtoolcache/Python/3.13.15/x64
2026-10-04T01:33:52.2338579Z   PKG_CONFIG_PATH: /opt/hostedtoolcache/Python/3.13.15/x64/lib/pkgconfig
2026-10-04T01:33:52.2338998Z   Python_ROOT_DIR: /opt/hostedtoolcache/Python/3.13.15/x64
2026-10-04T01:33:52.2339367Z   Python2_ROOT_DIR: /opt/hostedtoolcache/Python/3.13.15/x64
2026-10-04T01:33:52.2339759Z   Python3_ROOT_DIR: /opt/hostedtoolcache/Python/3.13.15/x64
2026-10-04T01:33:52.2340178Z   LD_LIBRARY_PATH: /opt/hostedtoolcache/Python/3.13.15/x64/lib
2026-10-04T01:33:52.2340503Z   GOTOOLCHAIN: local
2026-10-04T01:33:52.2340712Z ##[endgroup]
2026-10-04T01:33:53.8689503Z {"mode": "real_docker_s3_object_lock", "image_digests": [], "runtime_image_id": "sha256:e5da8411dae6e5b48a1ed7fdcf0b945a10768ec6919cba534a6d5b580556cb5d", "receipt": {"bucket": "airlock-evidence", "key": "checkpoints/8b511036917f4caf9a19fdfeb125893e/000000000001-4408cce365f83cd874de6901eeb424f01d57f97ccfc13604fc5222ad9aa06cb4.json", "version_id": "e34ea3af-ccb8-4d58-85a5-56646fd38c14", "sha256": "4408cce365f83cd874de6901eeb424f01d57f97ccfc13604fc5222ad9aa06cb4", "retain_until": "2026-10-05T01:33:53+00:00", "mode": "COMPLIANCE", "database_instance": "8b511036917f4caf9a19fdfeb125893e", "seq": 1}, "checks": ["delete_exact_version", "shorten_compliance", "downgrade_to_governance", "version_pinned_after_new_version", "retrieved_anchor_detects_tail_deletion", "unapproved_target_unchanged", "receipt_sequence_substitution_rejected", "receipt_database_substitution_rejected", "expired_receipt_rejected"], "actual_denials": {"delete_exact_version": {"http_status": 400, "code": "InvalidRequest", "message": "Object is WORM protected and cannot be overwritten"}, "shorten_compliance": {"http_status": 400, "code": "InvalidRequest", "message": "Object is WORM protected and cannot be overwritten"}, "downgrade_to_governance": {"http_status": 400, "code": "InvalidRequest", "message": "Object is WORM protected and cannot be overwritten"}}, "credential_scope": "new synthetic fixture only; never read default AWS credentials", "retention_scope": "COMPLIANCE API semantics; temporary test container removed, not permanent production archive", "exit_code": 0}
2026-10-04T01:33:53.8836374Z ##[group]Run python scripts/run_logged.py evidence/research-pipeline.log -- python scripts/research_pipeline.py --output evidence/research-pipeline
2026-10-04T01:33:53.8837893Z [36;1mpython scripts/run_logged.py evidence/research-pipeline.log -- python scripts/research_pipeline.py --output evidence/research-pipeline[0m
2026-10-04T01:33:53.8903879Z shell: /usr/bin/bash --noprofile --norc -e -o pipefail {0}
2026-10-04T01:33:53.8904232Z env:
2026-10-04T01:33:53.8904438Z   NEXT_TELEMETRY_DISABLED: 1
2026-10-04T01:33:53.8904747Z   pythonLocation: /opt/hostedtoolcache/Python/3.13.15/x64
2026-10-04T01:33:53.8905191Z   PKG_CONFIG_PATH: /opt/hostedtoolcache/Python/3.13.15/x64/lib/pkgconfig
2026-10-04T01:33:53.8905620Z   Python_ROOT_DIR: /opt/hostedtoolcache/Python/3.13.15/x64
2026-10-04T01:33:53.8905993Z   Python2_ROOT_DIR: /opt/hostedtoolcache/Python/3.13.15/x64
2026-10-04T01:33:53.8906392Z   Python3_ROOT_DIR: /opt/hostedtoolcache/Python/3.13.15/x64
2026-10-04T01:33:53.8906834Z   LD_LIBRARY_PATH: /opt/hostedtoolcache/Python/3.13.15/x64/lib
2026-10-04T01:33:53.8907164Z   GOTOOLCHAIN: local
2026-10-04T01:33:53.8907802Z ##[endgroup]
2026-10-04T01:33:54.5544774Z {"status": "PASS", "meaning": "Pipeline contract passed; research acceptance remains blocked", "source_families": 3, "source_types": ["synthetic", "public_incident"], "public_incident_families": 1, "human_participants": 0, "paired_human_labels": 0, "authorized_log_records": 0, "checks": ["blank_annotation_templates_only", "exact_prediction_coverage", "authority_and_semantic_metrics_separate", "missing_humans_do_not_pass", "no_target_write", "empty_governance_denominators_remain_unknown"]}
2026-10-04T01:33:54.5700531Z ##[group]Run python scripts/run_logged.py evidence/container-integrations.log -- python scripts/container_integrations.py
2026-10-04T01:33:54.5701435Z [36;1mpython scripts/run_logged.py evidence/container-integrations.log -- python scripts/container_integrations.py[0m
2026-10-04T01:33:54.5767494Z shell: /usr/bin/bash --noprofile --norc -e -o pipefail {0}
2026-10-04T01:33:54.5767865Z env:
2026-10-04T01:33:54.5768072Z   NEXT_TELEMETRY_DISABLED: 1
2026-10-04T01:33:54.5768410Z   pythonLocation: /opt/hostedtoolcache/Python/3.13.15/x64
2026-10-04T01:33:54.5768852Z   PKG_CONFIG_PATH: /opt/hostedtoolcache/Python/3.13.15/x64/lib/pkgconfig
2026-10-04T01:33:54.5769278Z   Python_ROOT_DIR: /opt/hostedtoolcache/Python/3.13.15/x64
2026-10-04T01:33:54.5769689Z   Python2_ROOT_DIR: /opt/hostedtoolcache/Python/3.13.15/x64
2026-10-04T01:33:54.5770076Z   Python3_ROOT_DIR: /opt/hostedtoolcache/Python/3.13.15/x64
2026-10-04T01:33:54.5770496Z   LD_LIBRARY_PATH: /opt/hostedtoolcache/Python/3.13.15/x64/lib
2026-10-04T01:33:54.5770821Z   GOTOOLCHAIN: local
2026-10-04T01:33:54.5771031Z ##[endgroup]
2026-10-04T01:34:01.9732387Z {
2026-10-04T01:34:01.9732810Z   "envoy": {
2026-10-04T01:34:01.9733324Z     "image": "envoyproxy/envoy:v1.39.1",
2026-10-04T01:34:01.9734578Z     "repo_digests": "[\"envoyproxy/envoy@sha256:57e14a549d7bd43c8d3f6d03e8cfa653e037d4b38e133acd9b54f38c524401b4\"]",
2026-10-04T01:34:01.9735420Z     "rows": [
2026-10-04T01:34:01.9735728Z       {
2026-10-04T01:34:01.9736082Z         "case": "zero",
2026-10-04T01:34:01.9736559Z         "rule": "threshold",
2026-10-04T01:34:01.9737186Z         "airlock_expression": "changed_rows >= 100",
2026-10-04T01:34:01.9738464Z         "envoy_expression": "int(request.headers['x-rows']) >= 100",
2026-10-04T01:34:01.9739131Z         "airlock_hit": false,
2026-10-04T01:34:01.9739595Z         "expected": false,
2026-10-04T01:34:01.9740015Z         "envoy_hit": false
2026-10-04T01:34:01.9740379Z       },
2026-10-04T01:34:01.9740715Z       {
2026-10-04T01:34:01.9741083Z         "case": "zero",
2026-10-04T01:34:01.9741507Z         "rule": "write_only",
2026-10-04T01:34:01.9742330Z         "airlock_expression": "operation == \"delete\" && matched_rows != 0",
2026-10-04T01:34:01.9743706Z         "envoy_expression": "request.headers['x-operation'] == 'delete' && int(request.headers['x-rows']) != 0",
2026-10-04T01:34:01.9744539Z         "airlock_hit": false,
2026-10-04T01:34:01.9744972Z         "expected": false,
2026-10-04T01:34:01.9745402Z         "envoy_hit": false
2026-10-04T01:34:01.9745855Z       },
2026-10-04T01:34:01.9746140Z       {
2026-10-04T01:34:01.9746493Z         "case": "zero",
2026-10-04T01:34:01.9746904Z         "rule": "bounded",
2026-10-04T01:34:01.9747950Z         "airlock_expression": "!(changed_rows > 5) || operation == \"read\"",
2026-10-04T01:34:01.9749292Z         "envoy_expression": "!(int(request.headers['x-rows']) > 5) || request.headers['x-operation'] == 'read'",
2026-10-04T01:34:01.9750098Z         "airlock_hit": true,
2026-10-04T01:34:01.9750549Z         "expected": true,
2026-10-04T01:34:01.9750957Z         "envoy_hit": true
2026-10-04T01:34:01.9751321Z       },
2026-10-04T01:34:01.9751605Z       {
2026-10-04T01:34:01.9751947Z         "case": "small",
2026-10-04T01:34:01.9752364Z         "rule": "threshold",
2026-10-04T01:34:01.9752989Z         "airlock_expression": "changed_rows >= 100",
2026-10-04T01:34:01.9753810Z         "envoy_expression": "int(request.headers['x-rows']) >= 100",
2026-10-04T01:34:01.9754423Z         "airlock_hit": false,
2026-10-04T01:34:01.9755281Z         "expected": false,
2026-10-04T01:34:01.9755710Z         "envoy_hit": false
2026-10-04T01:34:01.9756054Z       },
2026-10-04T01:34:01.9756333Z       {
2026-10-04T01:34:01.9756678Z         "case": "small",
2026-10-04T01:34:01.9757083Z         "rule": "write_only",
2026-10-04T01:34:01.9758151Z         "airlock_expression": "operation == \"delete\" && matched_rows != 0",
2026-10-04T01:34:01.9759841Z         "envoy_expression": "request.headers['x-operation'] == 'delete' && int(request.headers['x-rows']) != 0",
2026-10-04T01:34:01.9760707Z         "airlock_hit": true,
2026-10-04T01:34:01.9761150Z         "expected": true,
2026-10-04T01:34:01.9761564Z         "envoy_hit": true
2026-10-04T01:34:01.9761895Z       },
2026-10-04T01:34:01.9762175Z       {
2026-10-04T01:34:01.9762510Z         "case": "small",
2026-10-04T01:34:01.9762910Z         "rule": "bounded",
2026-10-04T01:34:01.9763720Z         "airlock_expression": "!(changed_rows > 5) || operation == \"read\"",
2026-10-04T01:34:01.9765128Z         "envoy_expression": "!(int(request.headers['x-rows']) > 5) || request.headers['x-operation'] == 'read'",
2026-10-04T01:34:01.9765950Z         "airlock_hit": true,
2026-10-04T01:34:01.9766397Z         "expected": true,
2026-10-04T01:34:01.9766812Z         "envoy_hit": true
2026-10-04T01:34:01.9767159Z       },
2026-10-04T01:34:01.9767740Z       {
2026-10-04T01:34:01.9768105Z         "case": "high",
2026-10-04T01:34:01.9768566Z         "rule": "threshold",
2026-10-04T01:34:01.9769198Z         "airlock_expression": "changed_rows >= 100",
2026-10-04T01:34:01.9770026Z         "envoy_expression": "int(request.headers['x-rows']) >= 100",
2026-10-04T01:34:01.9770638Z         "airlock_hit": true,
2026-10-04T01:34:01.9771070Z         "expected": true,
2026-10-04T01:34:01.9771494Z         "envoy_hit": true
2026-10-04T01:34:01.9771836Z       },
2026-10-04T01:34:01.9772112Z       {
2026-10-04T01:34:01.9772457Z         "case": "high",
2026-10-04T01:34:01.9772901Z         "rule": "write_only",
2026-10-04T01:34:01.9773744Z         "airlock_expression": "operation == \"delete\" && matched_rows != 0",
2026-10-04T01:34:01.9775088Z         "envoy_expression": "request.headers['x-operation'] == 'delete' && int(request.headers['x-rows']) != 0",
2026-10-04T01:34:01.9775911Z         "airlock_hit": true,
2026-10-04T01:34:01.9776346Z         "expected": true,
2026-10-04T01:34:01.9776761Z         "envoy_hit": true
2026-10-04T01:34:01.9777104Z       },
2026-10-04T01:34:01.9778046Z       {
2026-10-04T01:34:01.9778410Z         "case": "high",
2026-10-04T01:34:01.9778837Z         "rule": "bounded",
2026-10-04T01:34:01.9779614Z         "airlock_expression": "!(changed_rows > 5) || operation == \"read\"",
2026-10-04T01:34:01.9780937Z         "envoy_expression": "!(int(request.headers['x-rows']) > 5) || request.headers['x-operation'] == 'read'",
2026-10-04T01:34:01.9781760Z         "airlock_hit": false,
2026-10-04T01:34:01.9782204Z         "expected": false,
2026-10-04T01:34:01.9782621Z         "envoy_hit": false
2026-10-04T01:34:01.9783012Z       },
2026-10-04T01:34:01.9783289Z       {
2026-10-04T01:34:01.9783638Z         "case": "read",
2026-10-04T01:34:01.9784046Z         "rule": "threshold",
2026-10-04T01:34:01.9784660Z         "airlock_expression": "changed_rows >= 100",
2026-10-04T01:34:01.9785481Z         "envoy_expression": "int(request.headers['x-rows']) >= 100",
2026-10-04T01:34:01.9786087Z         "airlock_hit": true,
2026-10-04T01:34:01.9786517Z         "expected": true,
2026-10-04T01:34:01.9786925Z         "envoy_hit": true
2026-10-04T01:34:01.9787682Z       },
2026-10-04T01:34:01.9787990Z       {
2026-10-04T01:34:01.9788332Z         "case": "read",
2026-10-04T01:34:01.9788755Z         "rule": "write_only",
2026-10-04T01:34:01.9789590Z         "airlock_expression": "operation == \"delete\" && matched_rows != 0",
2026-10-04T01:34:01.9790938Z         "envoy_expression": "request.headers['x-operation'] == 'delete' && int(request.headers['x-rows']) != 0",
2026-10-04T01:34:01.9791770Z         "airlock_hit": false,
2026-10-04T01:34:01.9792594Z         "expected": false,
2026-10-04T01:34:01.9793032Z         "envoy_hit": false
2026-10-04T01:34:01.9793367Z       },
2026-10-04T01:34:01.9793656Z       {
2026-10-04T01:34:01.9793994Z         "case": "read",
2026-10-04T01:34:01.9794393Z         "rule": "bounded",
2026-10-04T01:34:01.9795191Z         "airlock_expression": "!(changed_rows > 5) || operation == \"read\"",
2026-10-04T01:34:01.9796754Z         "envoy_expression": "!(int(request.headers['x-rows']) > 5) || request.headers['x-operation'] == 'read'",
2026-10-04T01:34:01.9797791Z         "airlock_hit": true,
2026-10-04T01:34:01.9798230Z         "expected": true,
2026-10-04T01:34:01.9798658Z         "envoy_hit": true
2026-10-04T01:34:01.9799001Z       }
2026-10-04T01:34:01.9799277Z     ],
2026-10-04T01:34:01.9799598Z     "status": "PASS",
2026-10-04T01:34:02.0580543Z     "scope": "Boolean/equality/ordering subset with explicit header-to-variable mapping; access-log filter, not Envoy authorization deployment.",
2026-10-04T01:34:02.0582370Z     "error_difference": "Missing/invalid Envoy attributes suppress its log. AIRLOCK rejects invalid typed activation and blocks authorization."
2026-10-04T01:34:02.0583196Z   },
2026-10-04T01:34:02.0583445Z   "otel": {
2026-10-04T01:34:02.0583754Z     "status": "PASS",
2026-10-04T01:34:02.0584331Z     "image": "otel/opentelemetry-collector:0.162.0",
2026-10-04T01:34:02.0585469Z     "repo_digests": "[\"otel/opentelemetry-collector@sha256:310a800ad69ee430e7c541796852a242c9c7db97aaad4daa5ccf843c525fbdb2\"]",
2026-10-04T01:34:02.0586406Z     "trace_id": "b82e2e0a63e44c7eaff6f2aeb6a1b7da",
2026-10-04T01:34:02.0586821Z     "result": {
2026-10-04T01:34:02.0587135Z       "status": "ok",
2026-10-04T01:34:02.0587812Z       "exported": 1
2026-10-04T01:34:02.0588234Z     },
2026-10-04T01:34:02.0589134Z     "scope": "Official Collector accepts OTLP JSON and debug exporter records the actual trace; no production backend claim."
2026-10-04T01:34:02.0589833Z   }
2026-10-04T01:34:02.0590108Z }
2026-10-04T01:34:02.0748209Z ##[group]Run python scripts/run_logged.py evidence/dependency-audit.log -- python -m pip_audit -r requirements-archive.txt --format json --output evidence/dependency-audit.json
2026-10-04T01:34:02.0749539Z [36;1mpython scripts/run_logged.py evidence/dependency-audit.log -- python -m pip_audit -r requirements-archive.txt --format json --output evidence/dependency-audit.json[0m
2026-10-04T01:34:02.0816596Z shell: /usr/bin/bash --noprofile --norc -e -o pipefail {0}
2026-10-04T01:34:02.0816954Z env:
2026-10-04T01:34:02.0817161Z   NEXT_TELEMETRY_DISABLED: 1
2026-10-04T01:34:02.0817651Z   pythonLocation: /opt/hostedtoolcache/Python/3.13.15/x64
2026-10-04T01:34:02.0818087Z   PKG_CONFIG_PATH: /opt/hostedtoolcache/Python/3.13.15/x64/lib/pkgconfig
2026-10-04T01:34:02.0818509Z   Python_ROOT_DIR: /opt/hostedtoolcache/Python/3.13.15/x64
2026-10-04T01:34:02.0818894Z   Python2_ROOT_DIR: /opt/hostedtoolcache/Python/3.13.15/x64
2026-10-04T01:34:02.0819336Z   Python3_ROOT_DIR: /opt/hostedtoolcache/Python/3.13.15/x64
2026-10-04T01:34:02.0819729Z   LD_LIBRARY_PATH: /opt/hostedtoolcache/Python/3.13.15/x64/lib
2026-10-04T01:34:02.0820053Z   GOTOOLCHAIN: local
2026-10-04T01:34:02.0820261Z ##[endgroup]
2026-10-04T01:34:10.2832143Z No known vulnerabilities found
2026-10-04T01:34:10.3000180Z ##[group]Run python scripts/run_logged.py evidence/latency.log -- python scripts/measure_latency.py --samples 60 --output evidence/latency.json
2026-10-04T01:34:10.3001229Z [36;1mpython scripts/run_logged.py evidence/latency.log -- python scripts/measure_latency.py --samples 60 --output evidence/latency.json[0m
2026-10-04T01:34:10.3068093Z shell: /usr/bin/bash --noprofile --norc -e -o pipefail {0}
2026-10-04T01:34:10.3068451Z env:
2026-10-04T01:34:10.3068664Z   NEXT_TELEMETRY_DISABLED: 1
2026-10-04T01:34:10.3068980Z   pythonLocation: /opt/hostedtoolcache/Python/3.13.15/x64
2026-10-04T01:34:10.3069430Z   PKG_CONFIG_PATH: /opt/hostedtoolcache/Python/3.13.15/x64/lib/pkgconfig
2026-10-04T01:34:10.3069856Z   Python_ROOT_DIR: /opt/hostedtoolcache/Python/3.13.15/x64
2026-10-04T01:34:10.3070500Z   Python2_ROOT_DIR: /opt/hostedtoolcache/Python/3.13.15/x64
2026-10-04T01:34:10.3070884Z   Python3_ROOT_DIR: /opt/hostedtoolcache/Python/3.13.15/x64
2026-10-04T01:34:10.3071313Z   LD_LIBRARY_PATH: /opt/hostedtoolcache/Python/3.13.15/x64/lib
2026-10-04T01:34:10.3071642Z   GOTOOLCHAIN: local
2026-10-04T01:34:10.3071850Z ##[endgroup]
2026-10-04T01:34:13.7615196Z {
2026-10-04T01:34:13.7616197Z   "scope": "1206-row synthetic SQLite; concurrency 1; warm HTTP client; same host and target",
2026-10-04T01:34:13.7617049Z   "python": "3.13.15",
2026-10-04T01:34:13.7617719Z   "sqlite": "3.53.1",
2026-10-04T01:34:13.7618358Z   "platform": "Linux-6.17.0-1022-azure-x86_64-with-glibc2.39",
2026-10-04T01:34:13.7618983Z   "processor": "x86_64",
2026-10-04T01:34:13.7619397Z   "logical_cpus": 4,
2026-10-04T01:34:13.7619760Z   "samples": 60,
2026-10-04T01:34:13.7619979Z   "seed": 2073,
2026-10-04T01:34:13.7620205Z   "warmup_calls": 10,
2026-10-04T01:34:13.7620506Z   "first_native_call_ms": 46.599986999922294,
2026-10-04T01:34:13.7620824Z   "read": {
2026-10-04T01:34:13.7621040Z     "direct_ms": {
2026-10-04T01:34:13.7621265Z       "n": 60,
2026-10-04T01:34:13.7621529Z       "mean": 0.4673062999927424,
2026-10-04T01:34:13.7621854Z       "p50": 0.4687730000796364,
2026-10-04T01:34:13.7622161Z       "p95": 0.5359470000030342,
2026-10-04T01:34:13.7622455Z       "p99": 0.629000999992968
2026-10-04T01:34:13.7622690Z     },
2026-10-04T01:34:13.7622897Z     "proxy_ms": {
2026-10-04T01:34:13.7623121Z       "n": 60,
2026-10-04T01:34:13.7623387Z       "mean": 5.908007050002577,
2026-10-04T01:34:13.7623690Z       "p50": 5.758298000046125,
2026-10-04T01:34:13.7623985Z       "p95": 7.055141000023468,
2026-10-04T01:34:13.7624250Z       "p99": 9.53784299997551
2026-10-04T01:34:13.7624480Z     },
2026-10-04T01:34:13.7624680Z     "added_ms": {
2026-10-04T01:34:13.7624893Z       "n": 60,
2026-10-04T01:34:13.7625157Z       "mean": 5.440700750009834,
2026-10-04T01:34:13.7625446Z       "p50": 5.246684999974605,
2026-10-04T01:34:13.7625777Z       "p95": 6.5663619999440925,
2026-10-04T01:34:13.7626063Z       "p99": 9.158496999930321
2026-10-04T01:34:13.7626279Z     }
2026-10-04T01:34:13.7626463Z   },
2026-10-04T01:34:13.7626648Z   "write": {
2026-10-04T01:34:13.7626888Z     "submit_receipt_ms": {
2026-10-04T01:34:13.7627133Z       "n": 30,
2026-10-04T01:34:13.7627839Z       "p50": 17.247913999995035,
2026-10-04T01:34:13.7628294Z       "p95": 30.635277999977006,
2026-10-04T01:34:13.7628717Z       "p99": 54.63012300003811
2026-10-04T01:34:13.7629167Z     },
2026-10-04T01:34:13.7629533Z     "approval_request_to_effect_ms": {
2026-10-04T01:34:13.7629931Z       "n": 30,
2026-10-04T01:34:13.7630355Z       "p50": 24.843652000072325,
2026-10-04T01:34:13.7630784Z       "p95": 26.972613999987516,
2026-10-04T01:34:13.7631207Z       "p99": 28.717541999981222
2026-10-04T01:34:13.7631532Z     },
2026-10-04T01:34:13.7631852Z     "static_ms": {
2026-10-04T01:34:13.7632236Z       "n": 30,
2026-10-04T01:34:13.7632557Z       "p50": 0.087,
2026-10-04T01:34:13.7632979Z       "p95": 0.127,
2026-10-04T01:34:13.7633296Z       "p99": 0.14
2026-10-04T01:34:13.7633606Z     },
2026-10-04T01:34:13.7634036Z     "preview_ms": {
2026-10-04T01:34:13.7634350Z       "n": 30,
2026-10-04T01:34:13.7635031Z       "p50": 10.43,
2026-10-04T01:34:13.7635413Z       "p95": 10.874,
2026-10-04T01:34:13.7635726Z       "p99": 47.581
2026-10-04T01:34:13.7636099Z     },
2026-10-04T01:34:13.7636407Z     "evaluation_ms": {
2026-10-04T01:34:13.7636767Z       "n": 30,
2026-10-04T01:34:13.7637169Z       "p50": 12.367,
2026-10-04T01:34:13.7637819Z       "p95": 25.748,
2026-10-04T01:34:13.7638260Z       "p99": 49.479
2026-10-04T01:34:13.7638551Z     }
2026-10-04T01:34:13.7638848Z   },
2026-10-04T01:34:13.7639195Z   "not_measured": [
2026-10-04T01:34:13.7639552Z     "live LLM latency",
2026-10-04T01:34:13.7639960Z     "human review latency",
2026-10-04T01:34:13.7640364Z     "distributed upstream overhead",
2026-10-04T01:34:13.7640819Z     "cold OS filesystem cache",
2026-10-04T01:34:13.7641535Z     "production concurrency"
2026-10-04T01:34:13.7641927Z   ],
2026-10-04T01:34:13.7642900Z   "measurement_note": "direct includes SQLite connect/query; proxy includes HTTP, server admission, persistence and audit; negative deltas retained in raw rows",
2026-10-04T01:34:13.7644518Z   "phase_note": "server evaluation ends before final audit/commit/close; HTTP minus evaluation also includes transport, scheduling and serialization, not a pure fsync measurement. Phase data read after all timed requests."
2026-10-04T01:34:13.7645494Z }
2026-10-04T01:34:13.7780182Z ##[group]Run python scripts/run_logged.py evidence/ablation.log -- python -m benchmark.ablation --split test --output evidence/ablation.json
2026-10-04T01:34:13.7781409Z [36;1mpython scripts/run_logged.py evidence/ablation.log -- python -m benchmark.ablation --split test --output evidence/ablation.json[0m
2026-10-04T01:34:13.7848209Z shell: /usr/bin/bash --noprofile --norc -e -o pipefail {0}
2026-10-04T01:34:13.7848659Z env:
2026-10-04T01:34:13.7848969Z   NEXT_TELEMETRY_DISABLED: 1
2026-10-04T01:34:13.7849473Z   pythonLocation: /opt/hostedtoolcache/Python/3.13.15/x64
2026-10-04T01:34:13.7850076Z   PKG_CONFIG_PATH: /opt/hostedtoolcache/Python/3.13.15/x64/lib/pkgconfig
2026-10-04T01:34:13.7850646Z   Python_ROOT_DIR: /opt/hostedtoolcache/Python/3.13.15/x64
2026-10-04T01:34:13.7851120Z   Python2_ROOT_DIR: /opt/hostedtoolcache/Python/3.13.15/x64
2026-10-04T01:34:13.7851583Z   Python3_ROOT_DIR: /opt/hostedtoolcache/Python/3.13.15/x64
2026-10-04T01:34:13.7852264Z   LD_LIBRARY_PATH: /opt/hostedtoolcache/Python/3.13.15/x64/lib
2026-10-04T01:34:13.7852671Z   GOTOOLCHAIN: local
2026-10-04T01:34:13.7853045Z ##[endgroup]
2026-10-04T01:34:14.2613587Z {
2026-10-04T01:34:14.2614107Z   "split": "test",
2026-10-04T01:34:14.2615038Z   "corpus_sha256": "243854b51e7039324de4c31fa7a67af1a98ddc48b9c9edfbbac581a2c2f73af7",
2026-10-04T01:34:14.2615680Z   "live_model_requested": false,
2026-10-04T01:34:14.2616139Z   "limitations": [
2026-10-04T01:34:14.2616829Z     "Original synthetic corpus is unchanged and has no independent human danger gold.",
2026-10-04T01:34:14.2618144Z     "The pure model arm measures advice only; it cannot execute or bypass the production gate.",
2026-10-04T01:34:14.2619251Z     "Live model arms require AIRLOCK-only configuration, key and explicit budget authorization."
2026-10-04T01:34:14.2619841Z   ],
2026-10-04T01:34:14.2620209Z   "arms": {
2026-10-04T01:34:14.2620547Z     "keyword": {
2026-10-04T01:34:14.2620938Z       "status": "MEASURED",
2026-10-04T01:34:14.2621214Z       "n": 80
2026-10-04T01:34:14.2621422Z     },
2026-10-04T01:34:14.2621641Z     "pure_llm": {
2026-10-04T01:34:14.2621957Z       "status": "BLOCKED_EXTERNAL",
2026-10-04T01:34:14.2622240Z       "n": 0
2026-10-04T01:34:14.2622440Z     },
2026-10-04T01:34:14.2622671Z     "hybrid_no_preview": {
2026-10-04T01:34:14.2622998Z       "status": "BLOCKED_EXTERNAL",
2026-10-04T01:34:14.2623274Z       "n": 0
2026-10-04T01:34:14.2623475Z     },
2026-10-04T01:34:14.2623707Z     "hybrid_with_preview": {
2026-10-04T01:34:14.2624052Z       "status": "BLOCKED_EXTERNAL",
2026-10-04T01:34:14.2624324Z       "n": 0
2026-10-04T01:34:14.2624513Z     }
2026-10-04T01:34:14.2624695Z   }
2026-10-04T01:34:14.2624883Z }
2026-10-04T01:34:14.2793135Z ##[group]Run python scripts/run_logged.py evidence/study-analysis.log -- python -m benchmark.research --output evidence/study-analysis.json study evidence/study-automation.json
2026-10-04T01:34:14.2795317Z [36;1mpython scripts/run_logged.py evidence/study-analysis.log -- python -m benchmark.research --output evidence/study-analysis.json study evidence/study-automation.json[0m
2026-10-04T01:34:14.2871287Z shell: /usr/bin/bash --noprofile --norc -e -o pipefail {0}
2026-10-04T01:34:14.2871647Z env:
2026-10-04T01:34:14.2871852Z   NEXT_TELEMETRY_DISABLED: 1
2026-10-04T01:34:14.2872170Z   pythonLocation: /opt/hostedtoolcache/Python/3.13.15/x64
2026-10-04T01:34:14.2872598Z   PKG_CONFIG_PATH: /opt/hostedtoolcache/Python/3.13.15/x64/lib/pkgconfig
2026-10-04T01:34:14.2873271Z   Python_ROOT_DIR: /opt/hostedtoolcache/Python/3.13.15/x64
2026-10-04T01:34:14.2873653Z   Python2_ROOT_DIR: /opt/hostedtoolcache/Python/3.13.15/x64
2026-10-04T01:34:14.2874066Z   Python3_ROOT_DIR: /opt/hostedtoolcache/Python/3.13.15/x64
2026-10-04T01:34:14.2874444Z   LD_LIBRARY_PATH: /opt/hostedtoolcache/Python/3.13.15/x64/lib
2026-10-04T01:34:14.2874763Z   GOTOOLCHAIN: local
2026-10-04T01:34:14.2874967Z ##[endgroup]
2026-10-04T01:34:14.5130003Z {
2026-10-04T01:34:14.5130551Z   "status": "BLOCKED_EXTERNAL",
2026-10-04T01:34:14.5131050Z   "human_participants": 0,
2026-10-04T01:34:14.5131328Z   "excluded": [
2026-10-04T01:34:14.5131539Z     {
2026-10-04T01:34:14.5131874Z       "participant_id": "automation-browser",
2026-10-04T01:34:14.5132417Z       "reason": "nonhuman, no consent, duplicate or invalid metadata"
2026-10-04T01:34:14.5132772Z     }
2026-10-04T01:34:14.5132949Z   ],
2026-10-04T01:34:14.5133159Z   "participants": [],
2026-10-04T01:34:14.5133426Z   "acceptance_metrics": null,
2026-10-04T01:34:14.5133727Z   "paired_time_delta": {
2026-10-04T01:34:14.5133965Z     "n": 0,
2026-10-04T01:34:14.5134176Z     "mean": null,
2026-10-04T01:34:14.5134393Z     "ci95": null
2026-10-04T01:34:14.5134583Z   },
2026-10-04T01:34:14.5134862Z   "paired_accuracy_delta": {
2026-10-04T01:34:14.5135113Z     "n": 0,
2026-10-04T01:34:14.5135321Z     "mean": null,
2026-10-04T01:34:14.5135535Z     "ci95": null
2026-10-04T01:34:14.5135727Z   },
2026-10-04T01:34:14.5135964Z   "all_decisions_visible_ms": {
2026-10-04T01:34:14.5136218Z     "n": 0,
2026-10-04T01:34:14.5136424Z     "mean": null,
2026-10-04T01:34:14.5136643Z     "median": null,
2026-10-04T01:34:14.5136862Z     "p95": null
2026-10-04T01:34:14.5137058Z   },
2026-10-04T01:34:14.5137454Z   "correct_decisions": {
2026-10-04T01:34:14.5137721Z     "numerator": 0,
2026-10-04T01:34:14.5137961Z     "denominator": 0,
2026-10-04T01:34:14.5138191Z     "value": null
2026-10-04T01:34:14.5138380Z   },
2026-10-04T01:34:14.5138730Z   "gold_verification": "unverified_browser_supplied_correctness",
2026-10-04T01:34:14.5139299Z   "comprehension_verification": "unverified_browser_supplied_correctness",
2026-10-04T01:34:14.5139727Z   "comprehension_correct": {
2026-10-04T01:34:14.5139991Z     "numerator": 0,
2026-10-04T01:34:14.5140221Z     "denominator": 0,
2026-10-04T01:34:14.5140448Z     "value": null
2026-10-04T01:34:14.5140638Z   },
2026-10-04T01:34:14.5140833Z   "limitations": [
2026-10-04T01:34:14.5141465Z     "No causal efficiency claim without recruitment, business gold, counterbalancing and adequate sample size.",
2026-10-04T01:34:14.5142553Z     "A single participant is a descriptive pilot: repeated decisions do not create independent participants or a population confidence interval.",
2026-10-04T01:34:14.5143507Z     "Exported browser timing and human identity are untrusted telemetry, never authorization.",
2026-10-04T01:34:14.5144318Z     "Visibility duration excludes hidden tabs; correctness is supplied task gold, not a policy guess."
2026-10-04T01:34:14.5144783Z   ]
2026-10-04T01:34:14.5144963Z }
2026-10-04T01:34:14.5302056Z ##[group]Run python scripts/run_logged.py evidence/comparison.log -- python scripts/demo_comparison.py --output evidence/comparison.json
2026-10-04T01:34:14.5303037Z [36;1mpython scripts/run_logged.py evidence/comparison.log -- python scripts/demo_comparison.py --output evidence/comparison.json[0m
2026-10-04T01:34:14.5369811Z shell: /usr/bin/bash --noprofile --norc -e -o pipefail {0}
2026-10-04T01:34:14.5370159Z env:
2026-10-04T01:34:14.5370373Z   NEXT_TELEMETRY_DISABLED: 1
2026-10-04T01:34:14.5370701Z   pythonLocation: /opt/hostedtoolcache/Python/3.13.15/x64
2026-10-04T01:34:14.5371138Z   PKG_CONFIG_PATH: /opt/hostedtoolcache/Python/3.13.15/x64/lib/pkgconfig
2026-10-04T01:34:14.5371564Z   Python_ROOT_DIR: /opt/hostedtoolcache/Python/3.13.15/x64
2026-10-04T01:34:14.5371938Z   Python2_ROOT_DIR: /opt/hostedtoolcache/Python/3.13.15/x64
2026-10-04T01:34:14.5372316Z   Python3_ROOT_DIR: /opt/hostedtoolcache/Python/3.13.15/x64
2026-10-04T01:34:14.5373017Z   LD_LIBRARY_PATH: /opt/hostedtoolcache/Python/3.13.15/x64/lib
2026-10-04T01:34:14.5373340Z   GOTOOLCHAIN: local
2026-10-04T01:34:14.5373550Z ##[endgroup]
2026-10-04T01:34:15.1959869Z {
2026-10-04T01:34:15.1961310Z   "scope": "disposable synthetic data; automated independent reviewer fixture; no live model/human",
2026-10-04T01:34:15.1962159Z   "without_gate": {
2026-10-04T01:34:15.1962782Z     "before": 1206,
2026-10-04T01:34:15.1963296Z     "after": 0
2026-10-04T01:34:15.1963730Z   },
2026-10-04T01:34:15.1964169Z   "with_gate": {
2026-10-04T01:34:15.1964771Z     "pending_rows": 1206,
2026-10-04T01:34:15.1965278Z     "rejected_rows": 1206,
2026-10-04T01:34:15.1965678Z     "denial": {
2026-10-04T01:34:15.1966202Z       "id": "dc472703446941fd9f12692426ee24c6",
2026-10-04T01:34:15.1966734Z       "state": "rejected",
2026-10-04T01:34:15.1967545Z       "decision": "need_approval",
2026-10-04T01:34:15.1968153Z       "reason_code": "human_rejected",
2026-10-04T01:34:15.1968630Z       "result": null,
2026-10-04T01:34:15.1969183Z       "expires_at": 1791077955.0818903,
2026-10-04T01:34:15.1969855Z       "action_id": "dc472703446941fd9f12692426ee24c6",
2026-10-04T01:34:15.1970458Z       "trace_id": "4058c51eb85e43cfbde72d873d858e1e",
2026-10-04T01:34:15.1970906Z       "retryable": false,
2026-10-04T01:34:15.1971297Z       "allowed_alternatives": [
2026-10-04T01:34:15.1971737Z         "query_original_action",
2026-10-04T01:34:15.1972109Z         "bounded_read"
2026-10-04T01:34:15.1972401Z       ],
2026-10-04T01:34:15.1972760Z       "execution_occurred": false,
2026-10-04T01:34:15.1973698Z       "next_step": "Use a bounded SELECT or submit a narrower NEW action; do not retry rejected writes blindly."
2026-10-04T01:34:15.1974335Z     },
2026-10-04T01:34:15.1974628Z     "safe_alternative": {
2026-10-04T01:34:15.1975081Z       "id": "c9e770f332a84e329cd134005e392b54",
2026-10-04T01:34:15.1975503Z       "state": "executed",
2026-10-04T01:34:15.1975854Z       "decision": "pass",
2026-10-04T01:34:15.1976261Z       "reason_code": "bounded_read",
2026-10-04T01:34:15.1976645Z       "result": {
2026-10-04T01:34:15.1976977Z         "matched_rows": 0,
2026-10-04T01:34:15.1977545Z         "rows": [
2026-10-04T01:34:15.1977831Z           {
2026-10-04T01:34:15.1978180Z             "remaining": 1206
2026-10-04T01:34:15.1978501Z           }
2026-10-04T01:34:15.1978752Z         ],
2026-10-04T01:34:15.1979066Z         "truncated": false
2026-10-04T01:34:15.1979358Z       },
2026-10-04T01:34:15.1979720Z       "expires_at": 1791077955.0990026,
2026-10-04T01:34:15.1980261Z       "action_id": "c9e770f332a84e329cd134005e392b54",
2026-10-04T01:34:15.1980767Z       "trace_id": "0e13dcaac0aa49eab8128d38db298f1f",
2026-10-04T01:34:15.1981103Z       "retryable": false,
2026-10-04T01:34:15.1981400Z       "allowed_alternatives": [
2026-10-04T01:34:15.1981718Z         "query_original_action"
2026-10-04T01:34:15.1981959Z       ],
2026-10-04T01:34:15.1982220Z       "execution_occurred": true,
2026-10-04T01:34:15.1982573Z       "next_step": "Read the result."
2026-10-04T01:34:15.1983164Z     },
2026-10-04T01:34:15.1983403Z     "approved_rows": 0,
2026-10-04T01:34:15.1983663Z     "approved_receipt": {
2026-10-04T01:34:15.1984016Z       "id": "d23de2eef1e142ea994c25e783c4fe23",
2026-10-04T01:34:15.1984359Z       "state": "executed",
2026-10-04T01:34:15.1984667Z       "decision": "need_approval",
2026-10-04T01:34:15.1985013Z       "reason_code": "human_approved",
2026-10-04T01:34:15.1985290Z       "result": {
2026-10-04T01:34:15.1985551Z         "matched_rows": 1206,
2026-10-04T01:34:15.1985814Z         "rows": [],
2026-10-04T01:34:15.1986065Z         "truncated": false
2026-10-04T01:34:15.1986292Z       },
2026-10-04T01:34:15.1986563Z       "expires_at": 1791077955.101894,
2026-10-04T01:34:15.1986958Z       "action_id": "d23de2eef1e142ea994c25e783c4fe23",
2026-10-04T01:34:15.1987638Z       "trace_id": "d70972fce1fb4b8999969360baa55458",
2026-10-04T01:34:15.1987973Z       "retryable": false,
2026-10-04T01:34:15.1988270Z       "allowed_alternatives": [
2026-10-04T01:34:15.1988807Z         "query_original_action"
2026-10-04T01:34:15.1989044Z       ],
2026-10-04T01:34:15.1989331Z       "execution_occurred": true,
2026-10-04T01:34:15.1989662Z       "next_step": "Read the result."
2026-10-04T01:34:15.1989909Z     }
2026-10-04T01:34:15.1990077Z   },
2026-10-04T01:34:15.1990264Z   "audit": {
2026-10-04T01:34:15.1990484Z     "valid": true,
2026-10-04T01:34:15.1990704Z     "events": 5,
2026-10-04T01:34:15.1991149Z     "head": "2005899fd1ff74f6dec11c989795ff23e1508f785767e537c382b3bf301e72e6",
2026-10-04T01:34:15.1991620Z     "anchor_status": "not_configured",
2026-10-04T01:34:15.1992707Z     "limitation": "Tail truncation after the last independently retained checkpoint remains undetectable. A server with all keys can forge new history; keep checkpoints outside its write authority."
2026-10-04T01:34:15.1993482Z   }
2026-10-04T01:34:15.1993653Z }
2026-10-04T01:34:15.2141682Z ##[group]Run python scripts/verify_evidence.py
2026-10-04T01:34:15.2142063Z [36;1mpython scripts/verify_evidence.py[0m
2026-10-04T01:34:15.2208205Z shell: /usr/bin/bash --noprofile --norc -e -o pipefail {0}
2026-10-04T01:34:15.2208573Z env:
2026-10-04T01:34:15.2208793Z   NEXT_TELEMETRY_DISABLED: 1
2026-10-04T01:34:15.2209119Z   pythonLocation: /opt/hostedtoolcache/Python/3.13.15/x64
2026-10-04T01:34:15.2209566Z   PKG_CONFIG_PATH: /opt/hostedtoolcache/Python/3.13.15/x64/lib/pkgconfig
2026-10-04T01:34:15.2210004Z   Python_ROOT_DIR: /opt/hostedtoolcache/Python/3.13.15/x64
2026-10-04T01:34:15.2210396Z   Python2_ROOT_DIR: /opt/hostedtoolcache/Python/3.13.15/x64
2026-10-04T01:34:15.2210794Z   Python3_ROOT_DIR: /opt/hostedtoolcache/Python/3.13.15/x64
2026-10-04T01:34:15.2211190Z   LD_LIBRARY_PATH: /opt/hostedtoolcache/Python/3.13.15/x64/lib
2026-10-04T01:34:15.2211526Z   GOTOOLCHAIN: local
2026-10-04T01:34:15.2211739Z ##[endgroup]
2026-10-04T01:34:15.2789428Z Verified all 796 JUnit cases, exit receipts, screenshots, Docker and raw benchmark rows.
2026-10-04T01:34:15.2903159Z ##[group]Run python scripts/evidence_manifest.py
2026-10-04T01:34:15.2903839Z [36;1mpython scripts/evidence_manifest.py[0m
2026-10-04T01:34:15.2994695Z shell: /usr/bin/bash --noprofile --norc -e -o pipefail {0}
2026-10-04T01:34:15.2995300Z env:
2026-10-04T01:34:15.2995639Z   NEXT_TELEMETRY_DISABLED: 1
2026-10-04T01:34:15.2996176Z   pythonLocation: /opt/hostedtoolcache/Python/3.13.15/x64
2026-10-04T01:34:15.2996941Z   PKG_CONFIG_PATH: /opt/hostedtoolcache/Python/3.13.15/x64/lib/pkgconfig
2026-10-04T01:34:15.2997937Z   Python_ROOT_DIR: /opt/hostedtoolcache/Python/3.13.15/x64
2026-10-04T01:34:15.2998613Z   Python2_ROOT_DIR: /opt/hostedtoolcache/Python/3.13.15/x64
2026-10-04T01:34:15.2999288Z   Python3_ROOT_DIR: /opt/hostedtoolcache/Python/3.13.15/x64
2026-10-04T01:34:15.2999985Z   LD_LIBRARY_PATH: /opt/hostedtoolcache/Python/3.13.15/x64/lib
2026-10-04T01:34:15.3000561Z   GOTOOLCHAIN: local
2026-10-04T01:34:15.3000900Z ##[endgroup]
2026-10-04T01:34:15.4025986Z {"commit": "7dcea8ab94b60753391e0d90a73179684fc39fe1", "artifact_files": 94}
2026-10-04T01:34:15.4200358Z ##[group]Run actions/upload-artifact@v4
2026-10-04T01:34:15.4200659Z with:
2026-10-04T01:34:15.4200857Z   name: acceptance-evidence
2026-10-04T01:34:15.4201145Z   path: evidence/*.*
evidence/research-pipeline/

2026-10-04T01:34:15.4201444Z   retention-days: 90
2026-10-04T01:34:15.4201660Z   if-no-files-found: warn
2026-10-04T01:34:15.4201883Z   compression-level: 6
2026-10-04T01:34:15.4202108Z   overwrite: false
2026-10-04T01:34:15.4202314Z   include-hidden-files: false
2026-10-04T01:34:15.4202535Z env:
2026-10-04T01:34:15.4202718Z   NEXT_TELEMETRY_DISABLED: 1
2026-10-04T01:34:15.4203022Z   pythonLocation: /opt/hostedtoolcache/Python/3.13.15/x64
2026-10-04T01:34:15.4203449Z   PKG_CONFIG_PATH: /opt/hostedtoolcache/Python/3.13.15/x64/lib/pkgconfig
2026-10-04T01:34:15.4203874Z   Python_ROOT_DIR: /opt/hostedtoolcache/Python/3.13.15/x64
2026-10-04T01:34:15.4204242Z   Python2_ROOT_DIR: /opt/hostedtoolcache/Python/3.13.15/x64
2026-10-04T01:34:15.4204650Z   Python3_ROOT_DIR: /opt/hostedtoolcache/Python/3.13.15/x64
2026-10-04T01:34:15.4205217Z   LD_LIBRARY_PATH: /opt/hostedtoolcache/Python/3.13.15/x64/lib
2026-10-04T01:34:15.4205536Z   GOTOOLCHAIN: local
2026-10-04T01:34:15.4205734Z ##[endgroup]
2026-10-04T01:34:15.5985516Z (node:16259) [DEP0040] DeprecationWarning: The `punycode` module is deprecated. Please use a userland alternative instead.
2026-10-04T01:34:15.5986943Z (Use `node --trace-deprecation ...` to show where the warning was created)
2026-10-04T01:34:15.6218114Z With the provided path, there will be 97 files uploaded
2026-10-04T01:34:15.6224802Z Artifact name is valid!
2026-10-04T01:34:15.6225480Z Root directory input is valid!
2026-10-04T01:34:16.0226532Z Beginning upload of artifact content to blob storage
2026-10-04T01:34:16.1998905Z (node:16259) [DEP0169] DeprecationWarning: `url.parse()` behavior is not standardized and prone to errors that have security implications. Use the WHATWG URL API instead. CVEs are not issued for `url.parse()` vulnerabilities.
2026-10-04T01:34:16.9865697Z Uploaded bytes 1963487
2026-10-04T01:34:17.0693805Z Finished uploading artifact content to blob storage!
2026-10-04T01:34:17.0694882Z SHA256 digest of uploaded artifact zip is fe6bf15b99c9902da6f87b6b36bebcfe9692f457fe00d36d0017c47d6d270b21
2026-10-04T01:34:17.0696541Z Finalizing artifact upload
2026-10-04T01:34:17.3220460Z Artifact acceptance-evidence.zip successfully finalized. Artifact ID 11290722179
2026-10-04T01:34:17.3221636Z Artifact acceptance-evidence has been successfully uploaded! Final size is 1963487 bytes. Artifact ID is 11290722179
2026-10-04T01:34:17.3228761Z Artifact download URL: https://github.com/Changxin-YR/AIRLOCK/actions/runs/37167936489/artifacts/11290722179
2026-10-04T01:34:17.3412570Z Post job cleanup.
2026-10-04T01:34:17.4773330Z Post job cleanup.
2026-10-04T01:34:17.6106524Z (node:16279) [DEP0040] DeprecationWarning: The `punycode` module is deprecated. Please use a userland alternative instead.
2026-10-04T01:34:17.6108054Z (Use `node --trace-deprecation ...` to show where the warning was created)
2026-10-04T01:34:17.6291746Z Post job cleanup.
2026-10-04T01:34:17.7596327Z (node:16287) [DEP0040] DeprecationWarning: The `punycode` module is deprecated. Please use a userland alternative instead.
2026-10-04T01:34:17.7598137Z (Use `node --trace-deprecation ...` to show where the warning was created)
2026-10-04T01:34:17.7764692Z Post job cleanup.
2026-10-04T01:34:17.8721242Z [command]/usr/bin/git version
2026-10-04T01:34:17.8782824Z git version 2.55.0
2026-10-04T01:34:17.8824742Z Temporarily overriding HOME='/home/runner/work/_temp/2d02b8a6-84e0-4c2d-8fdf-e33b23a1109b' before making global git config changes
2026-10-04T01:34:17.8826808Z Adding repository directory to the temporary git global config as a safe directory
2026-10-04T01:34:17.8833276Z [command]/usr/bin/git config --global --add safe.directory /home/runner/work/AIRLOCK/AIRLOCK
2026-10-04T01:34:17.8880240Z [command]/usr/bin/git config --local --name-only --get-regexp core\.sshCommand
2026-10-04T01:34:17.8930942Z [command]/usr/bin/git submodule foreach --recursive sh -c "git config --local --name-only --get-regexp 'core\.sshCommand' && git config --local --unset-all 'core.sshCommand' || :"
2026-10-04T01:34:17.9198526Z [command]/usr/bin/git config --local --name-only --get-regexp http\.https\:\/\/github\.com\/\.extraheader
2026-10-04T01:34:17.9228680Z http.https://github.com/.extraheader
2026-10-04T01:34:17.9241535Z [command]/usr/bin/git config --local --unset-all http.https://github.com/.extraheader
2026-10-04T01:34:17.9284653Z [command]/usr/bin/git submodule foreach --recursive sh -c "git config --local --name-only --get-regexp 'http\.https\:\/\/github\.com\/\.extraheader' && git config --local --unset-all 'http.https://github.com/.extraheader' || :"
2026-10-04T01:34:17.9562359Z [command]/usr/bin/git config --local --name-only --get-regexp ^includeIf\.gitdir:
2026-10-04T01:34:17.9607236Z [command]/usr/bin/git submodule foreach --recursive git config --local --show-origin --name-only --get-regexp remote.origin.url
2026-10-04T01:34:18.0019187Z Cleaning up orphan processes
2026-10-04T01:34:18.0373509Z ##[warning]Node.js 20 is deprecated. The following actions target Node.js 20 but are being forced to run on Node.js 24: actions/checkout@v4, actions/setup-node@v4, actions/setup-python@v5, actions/upload-artifact@v4. For more information see: https://github.blog/changelog/2025-09-19-deprecation-of-node-20-on-github-actions-runners/
