2026-10-03T10:55:22.2922002Z Current runner version: '2.337.0'
2026-10-03T10:55:22.2947517Z ##[group]Runner Image Provisioner
2026-10-03T10:55:22.2948500Z Hosted Compute Agent
2026-10-03T10:55:22.2949138Z Version: 20260901.588
2026-10-03T10:55:22.2949819Z Commit: f88ec8081b781fac6c440065ac7ff9e710ce3d0b
2026-10-03T10:55:22.2950584Z Build Date: 2026-09-01T19:56:44Z
2026-10-03T10:55:22.2951293Z Worker ID: {f1254fc0-8f3c-43aa-b049-97ce5ed89e2f}
2026-10-03T10:55:22.2952079Z Azure Region: westus
2026-10-03T10:55:22.2952699Z ##[endgroup]
2026-10-03T10:55:22.2954193Z ##[group]Operating System
2026-10-03T10:55:22.2954997Z Ubuntu
2026-10-03T10:55:22.2955532Z 24.04.5
2026-10-03T10:55:22.2956313Z LTS
2026-10-03T10:55:22.2956909Z ##[endgroup]
2026-10-03T10:55:22.2957464Z ##[group]Runner Image
2026-10-03T10:55:22.2958164Z Image: ubuntu-24.04
2026-10-03T10:55:22.2958775Z Version: 20260927.320.1
2026-10-03T10:55:22.2960128Z Included Software: https://github.com/actions/runner-images/blob/ubuntu24/20260927.320/images/ubuntu/Ubuntu2404-Readme.md
2026-10-03T10:55:22.2961706Z Image Release: https://github.com/actions/runner-images/releases/tag/ubuntu24%2F20260927.320
2026-10-03T10:55:22.2962755Z ##[endgroup]
2026-10-03T10:55:22.2963866Z ##[group]GITHUB_TOKEN Permissions
2026-10-03T10:55:22.2965887Z Contents: read
2026-10-03T10:55:22.2966728Z Metadata: read
2026-10-03T10:55:22.2967377Z ##[endgroup]
2026-10-03T10:55:22.2969458Z Secret source: Actions
2026-10-03T10:55:22.2970589Z Cache mode: write
2026-10-03T10:55:22.2971350Z Prepare workflow directory
2026-10-03T10:55:22.3390280Z Prepare all required actions
2026-10-03T10:55:22.3439128Z Getting action download info
2026-10-03T10:55:22.7171981Z Download action repository 'actions/checkout@v4' (SHA:11d5960a326750d5838078e36cf38b85af677262)
2026-10-03T10:55:22.8145606Z Download action repository 'actions/setup-python@v5' (SHA:a26af69be951a213d495a4c3e4e4022e16d87065)
2026-10-03T10:55:22.8999456Z Download action repository 'actions/setup-node@v4' (SHA:49933ea5288caeca8642d1e84afbd3f7d6820020)
2026-10-03T10:55:22.9841527Z Download action repository 'actions/setup-go@v6' (SHA:924ae3a1cded613372ab5595356fb5720e22ba16)
2026-10-03T10:55:23.4841193Z Download action repository 'actions/upload-artifact@v4' (SHA:ea165f8d65b6e75b540449e92b4886f43607fa02)
2026-10-03T10:55:23.7088204Z Complete job name: verify
2026-10-03T10:55:23.8203415Z ##[group]Run actions/checkout@v4
2026-10-03T10:55:23.8204591Z with:
2026-10-03T10:55:23.8205375Z   ref: 533726aa72eeeb71d5c28d81ac84ad7b1a23dd3c
2026-10-03T10:55:23.8206506Z   repository: Changxin-YR/AIRLOCK
2026-10-03T10:55:23.8210612Z   token: ***
2026-10-03T10:55:23.8211104Z   ssh-strict: true
2026-10-03T10:55:23.8211588Z   ssh-user: git
2026-10-03T10:55:23.8212318Z   persist-credentials: true
2026-10-03T10:55:23.8213064Z   clean: true
2026-10-03T10:55:23.8213571Z   sparse-checkout-cone-mode: true
2026-10-03T10:55:23.8214136Z   fetch-depth: 1
2026-10-03T10:55:23.8214593Z   fetch-tags: false
2026-10-03T10:55:23.8215084Z   show-progress: true
2026-10-03T10:55:23.8215572Z   lfs: false
2026-10-03T10:55:23.8216041Z   submodules: false
2026-10-03T10:55:23.8216949Z   set-safe-directory: true
2026-10-03T10:55:23.8217516Z   allow-unsafe-pr-checkout: false
2026-10-03T10:55:23.8218435Z env:
2026-10-03T10:55:23.8218903Z   NEXT_TELEMETRY_DISABLED: 1
2026-10-03T10:55:23.8219488Z ##[endgroup]
2026-10-03T10:55:23.9276069Z Syncing repository: Changxin-YR/AIRLOCK
2026-10-03T10:55:23.9278454Z ##[group]Getting Git version info
2026-10-03T10:55:23.9279256Z Working directory is '/home/runner/work/AIRLOCK/AIRLOCK'
2026-10-03T10:55:23.9280346Z [command]/usr/bin/git version
2026-10-03T10:55:23.9353326Z git version 2.55.0
2026-10-03T10:55:23.9417655Z ##[endgroup]
2026-10-03T10:55:23.9431380Z Temporarily overriding HOME='/home/runner/work/_temp/d6c71af4-da71-4ae3-866e-17a024b8cad7' before making global git config changes
2026-10-03T10:55:23.9434382Z Adding repository directory to the temporary git global config as a safe directory
2026-10-03T10:55:23.9437968Z [command]/usr/bin/git config --global --add safe.directory /home/runner/work/AIRLOCK/AIRLOCK
2026-10-03T10:55:23.9492751Z Deleting the contents of '/home/runner/work/AIRLOCK/AIRLOCK'
2026-10-03T10:55:23.9497666Z ##[group]Initializing the repository
2026-10-03T10:55:23.9503032Z [command]/usr/bin/git init /home/runner/work/AIRLOCK/AIRLOCK
2026-10-03T10:55:23.9634985Z hint: Using 'master' as the name for the initial branch. This default branch name
2026-10-03T10:55:23.9637092Z hint: will change to "main" in Git 3.0. To configure the initial branch name
2026-10-03T10:55:23.9638106Z hint: to use in all of your new repositories, which will suppress this warning,
2026-10-03T10:55:23.9638883Z hint: call:
2026-10-03T10:55:23.9639321Z hint:
2026-10-03T10:55:23.9639896Z hint: 	git config --global init.defaultBranch <name>
2026-10-03T10:55:23.9640557Z hint:
2026-10-03T10:55:23.9641174Z hint: Names commonly chosen instead of 'master' are 'main', 'trunk' and
2026-10-03T10:55:23.9642169Z hint: 'development'. The just-created branch can be renamed via this command:
2026-10-03T10:55:23.9642962Z hint:
2026-10-03T10:55:23.9643413Z hint: 	git branch -m <name>
2026-10-03T10:55:23.9643921Z hint:
2026-10-03T10:55:23.9644948Z hint: Disable this message with "git config set advice.defaultBranchName false"
2026-10-03T10:55:23.9654449Z Initialized empty Git repository in /home/runner/work/AIRLOCK/AIRLOCK/.git/
2026-10-03T10:55:23.9674477Z [command]/usr/bin/git remote add origin https://github.com/Changxin-YR/AIRLOCK
2026-10-03T10:55:23.9722914Z ##[endgroup]
2026-10-03T10:55:23.9724640Z ##[group]Disabling automatic garbage collection
2026-10-03T10:55:23.9726955Z [command]/usr/bin/git config --local gc.auto 0
2026-10-03T10:55:23.9764343Z ##[endgroup]
2026-10-03T10:55:23.9765322Z ##[group]Setting up auth
2026-10-03T10:55:23.9774111Z [command]/usr/bin/git config --local --name-only --get-regexp core\.sshCommand
2026-10-03T10:55:23.9813478Z [command]/usr/bin/git submodule foreach --recursive sh -c "git config --local --name-only --get-regexp 'core\.sshCommand' && git config --local --unset-all 'core.sshCommand' || :"
2026-10-03T10:55:24.0214637Z [command]/usr/bin/git config --local --name-only --get-regexp http\.https\:\/\/github\.com\/\.extraheader
2026-10-03T10:55:24.0253677Z [command]/usr/bin/git submodule foreach --recursive sh -c "git config --local --name-only --get-regexp 'http\.https\:\/\/github\.com\/\.extraheader' && git config --local --unset-all 'http.https://github.com/.extraheader' || :"
2026-10-03T10:55:24.0479058Z [command]/usr/bin/git config --local --name-only --get-regexp ^includeIf\.gitdir:
2026-10-03T10:55:24.0517317Z [command]/usr/bin/git submodule foreach --recursive git config --local --show-origin --name-only --get-regexp remote.origin.url
2026-10-03T10:55:24.0743498Z [command]/usr/bin/git config --local http.https://github.com/.extraheader AUTHORIZATION: basic ***
2026-10-03T10:55:24.0785483Z ##[endgroup]
2026-10-03T10:55:24.0786593Z ##[group]Fetching the repository
2026-10-03T10:55:24.0794946Z [command]/usr/bin/git -c protocol.version=2 fetch --no-tags --prune --no-recurse-submodules --depth=1 origin 533726aa72eeeb71d5c28d81ac84ad7b1a23dd3c
2026-10-03T10:55:25.7124026Z From https://github.com/Changxin-YR/AIRLOCK
2026-10-03T10:55:25.7125131Z  * branch            533726aa72eeeb71d5c28d81ac84ad7b1a23dd3c -> FETCH_HEAD
2026-10-03T10:55:25.7130088Z ##[endgroup]
2026-10-03T10:55:25.7131082Z ##[group]Determining the checkout info
2026-10-03T10:55:25.7133213Z ##[endgroup]
2026-10-03T10:55:25.7140195Z [command]/usr/bin/git sparse-checkout disable
2026-10-03T10:55:25.7196289Z [command]/usr/bin/git config --local --unset-all extensions.worktreeConfig
2026-10-03T10:55:25.7237814Z ##[group]Checking out the ref
2026-10-03T10:55:25.7241641Z [command]/usr/bin/git checkout --progress --force 533726aa72eeeb71d5c28d81ac84ad7b1a23dd3c
2026-10-03T10:55:25.8733383Z Note: switching to '533726aa72eeeb71d5c28d81ac84ad7b1a23dd3c'.
2026-10-03T10:55:25.8734027Z 
2026-10-03T10:55:25.8734297Z You are in 'detached HEAD' state. You can look around, make experimental
2026-10-03T10:55:25.8734871Z changes and commit them, and you can discard any commits you make in this
2026-10-03T10:55:25.8735882Z state without impacting any branches by switching back to a branch.
2026-10-03T10:55:25.8736648Z 
2026-10-03T10:55:25.8736937Z If you want to create a new branch to retain commits you create, you may
2026-10-03T10:55:25.8737492Z do so (now or later) by using -c with the switch command. Example:
2026-10-03T10:55:25.8737785Z 
2026-10-03T10:55:25.8737930Z   git switch -c <new-branch-name>
2026-10-03T10:55:25.8738188Z 
2026-10-03T10:55:25.8738326Z Or undo this operation with:
2026-10-03T10:55:25.8738534Z 
2026-10-03T10:55:25.8738657Z   git switch -
2026-10-03T10:55:25.8738861Z 
2026-10-03T10:55:25.8739111Z Turn off this advice by setting config variable advice.detachedHead to false
2026-10-03T10:55:25.8739470Z 
2026-10-03T10:55:25.8739781Z HEAD is now at 533726a Enforce revocation, transport deadlines and verifiable archive custody
2026-10-03T10:55:25.8753984Z ##[endgroup]
2026-10-03T10:55:25.8804857Z [command]/usr/bin/git log -1 --format=%H
2026-10-03T10:55:25.8832335Z 533726aa72eeeb71d5c28d81ac84ad7b1a23dd3c
2026-10-03T10:55:25.9057570Z ##[group]Run mkdir -p evidence
2026-10-03T10:55:25.9057988Z [36;1mmkdir -p evidence[0m
2026-10-03T10:55:25.9058359Z [36;1mpython3 scripts/archive_source.py[0m
2026-10-03T10:55:25.9058760Z [36;1mgit rev-parse HEAD > evidence/commit.txt[0m
2026-10-03T10:55:25.9349778Z shell: /usr/bin/bash --noprofile --norc -e -o pipefail {0}
2026-10-03T10:55:25.9350218Z env:
2026-10-03T10:55:25.9350483Z   NEXT_TELEMETRY_DISABLED: 1
2026-10-03T10:55:25.9350831Z ##[endgroup]
2026-10-03T10:55:26.0481784Z Archived tracked source and documentation; historical evidence remains separately versioned in Git.
2026-10-03T10:55:26.0656916Z ##[group]Run actions/setup-python@v5
2026-10-03T10:55:26.0657322Z with:
2026-10-03T10:55:26.0657587Z   python-version: 3.13
2026-10-03T10:55:26.0657875Z   check-latest: false
2026-10-03T10:55:26.0660315Z   token: ***
2026-10-03T10:55:26.0660593Z   update-environment: true
2026-10-03T10:55:26.0660928Z   allow-prereleases: false
2026-10-03T10:55:26.0661225Z   freethreaded: false
2026-10-03T10:55:26.0661493Z env:
2026-10-03T10:55:26.0661745Z   NEXT_TELEMETRY_DISABLED: 1
2026-10-03T10:55:26.0662032Z ##[endgroup]
2026-10-03T10:55:26.1967559Z ##[group]Installed versions
2026-10-03T10:55:26.2056375Z (node:2323) [DEP0040] DeprecationWarning: The `punycode` module is deprecated. Please use a userland alternative instead.
2026-10-03T10:55:26.2057365Z (Use `node --trace-deprecation ...` to show where the warning was created)
2026-10-03T10:55:26.2058133Z Successfully set up CPython (3.13.15)
2026-10-03T10:55:26.2059061Z ##[endgroup]
2026-10-03T10:55:26.2243877Z ##[group]Run python scripts/run_logged.py evidence/sqlite-runtime-build.log -- python scripts/build_sqlite_runtime.py --prefix "$RUNNER_TEMP/airlock-sqlite-runtime" --output evidence/sqlite-runtime-build.json
2026-10-03T10:55:26.2245506Z [36;1mpython scripts/run_logged.py evidence/sqlite-runtime-build.log -- python scripts/build_sqlite_runtime.py --prefix "$RUNNER_TEMP/airlock-sqlite-runtime" --output evidence/sqlite-runtime-build.json[0m
2026-10-03T10:55:26.2247215Z [36;1mprintf '%s\n' "$RUNNER_TEMP/airlock-sqlite-runtime/lib" | sudo tee /etc/ld.so.conf.d/00-airlock-sqlite.conf > /dev/null[0m
2026-10-03T10:55:26.2247855Z [36;1msudo ldconfig[0m
2026-10-03T10:55:26.2345202Z shell: /usr/bin/bash --noprofile --norc -e -o pipefail {0}
2026-10-03T10:55:26.2345633Z env:
2026-10-03T10:55:26.2345895Z   NEXT_TELEMETRY_DISABLED: 1
2026-10-03T10:55:26.2346674Z   pythonLocation: /opt/hostedtoolcache/Python/3.13.15/x64
2026-10-03T10:55:26.2347260Z   PKG_CONFIG_PATH: /opt/hostedtoolcache/Python/3.13.15/x64/lib/pkgconfig
2026-10-03T10:55:26.2347991Z   Python_ROOT_DIR: /opt/hostedtoolcache/Python/3.13.15/x64
2026-10-03T10:55:26.2348448Z   Python2_ROOT_DIR: /opt/hostedtoolcache/Python/3.13.15/x64
2026-10-03T10:55:26.2348917Z   Python3_ROOT_DIR: /opt/hostedtoolcache/Python/3.13.15/x64
2026-10-03T10:55:26.2349392Z   LD_LIBRARY_PATH: /opt/hostedtoolcache/Python/3.13.15/x64/lib
2026-10-03T10:55:26.2350442Z ##[endgroup]
2026-10-03T10:55:57.2141770Z {
2026-10-03T10:55:57.2142312Z   "mode": "official_source_shared_runtime",
2026-10-03T10:55:57.2143052Z   "platform": "Linux-6.17.0-1022-azure-x86_64-with-glibc2.39",
2026-10-03T10:55:57.2143689Z   "pin": {
2026-10-03T10:55:57.2144091Z     "version": "3.53.1",
2026-10-03T10:55:57.2144919Z     "source_id": "2026-05-05 10:34:17 c88b22011a54b4f6fbd149e9f8e4de77658ce58143a1af0e3785e4e6475127e9",
2026-10-03T10:55:57.2145951Z     "archive_url": "https://sqlite.org/2026/sqlite-autoconf-3530100.tar.gz",
2026-10-03T10:55:57.2147300Z     "archive_sha256": "83e6b2020a034e9a7ad4a72feea59e1ad52f162e09cbd26735a3ffb98359fc4f",
2026-10-03T10:55:57.2148401Z     "amalgamation_path": "sqlite-autoconf-3530100/sqlite3.c",
2026-10-03T10:55:57.2149397Z     "amalgamation_sha3_256": "414432ae5719f6cdc485f3927e12c7ad107e2b8c6b434e5df2eadb5312bfabb5",
2026-10-03T10:55:57.2150704Z     "release_reference": "https://sqlite.org/releaselog/3_53_1.html",
2026-10-03T10:55:57.2151587Z     "fix_reference": "https://sqlite.org/wal.html#walresetbug"
2026-10-03T10:55:57.2152246Z   },
2026-10-03T10:55:57.2152717Z   "compiler": "cc (Ubuntu 13.3.0-6ubuntu2~24.04.1) 13.3.0",
2026-10-03T10:55:57.2153294Z   "compiler_flags": [
2026-10-03T10:55:57.2153686Z     "-O2",
2026-10-03T10:55:57.2154033Z     "-fPIC",
2026-10-03T10:55:57.2154377Z     "-shared",
2026-10-03T10:55:57.2154785Z     "-Wl,-soname,libsqlite3.so.0",
2026-10-03T10:55:57.2155307Z     "-DSQLITE_THREADSAFE=1",
2026-10-03T10:55:57.2155789Z     "-DSQLITE_ENABLE_COLUMN_METADATA",
2026-10-03T10:55:57.2156636Z     "-DSQLITE_ENABLE_FTS3",
2026-10-03T10:55:57.2157078Z     "-DSQLITE_ENABLE_FTS5",
2026-10-03T10:55:57.2157506Z     "-DSQLITE_ENABLE_RTREE",
2026-10-03T10:55:57.2157936Z     "-DSQLITE_ENABLE_DBSTAT_VTAB",
2026-10-03T10:55:57.2158405Z     "-DSQLITE_ENABLE_MATH_FUNCTIONS",
2026-10-03T10:55:57.2158868Z     "-DSQLITE_USE_URI=1"
2026-10-03T10:55:57.2159266Z   ],
2026-10-03T10:55:57.2159832Z   "library": "/home/runner/work/_temp/airlock-sqlite-runtime/lib/libsqlite3.so.0",
2026-10-03T10:55:57.2160930Z   "library_sha256": "f826cb46ed8fb7b0c33f603eb8b8e8cf6026031f3dc455aa87b0032cf8a9dee2",
2026-10-03T10:55:57.2161743Z   "verified_python_runtime": {
2026-10-03T10:55:57.2162181Z     "version": "3.53.1",
2026-10-03T10:55:57.2162933Z     "source_id": "2026-05-05 10:34:17 c88b22011a54b4f6fbd149e9f8e4de77658ce58143a1af0e3785e4e6475127e9",
2026-10-03T10:55:57.2163411Z     "compile_options": [
2026-10-03T10:55:57.2163657Z       "ATOMIC_INTRINSICS=1",
2026-10-03T10:55:57.2163899Z       "COMPILER=gcc-13.3.0",
2026-10-03T10:55:57.2164406Z       "DEFAULT_AUTOVACUUM",
2026-10-03T10:55:57.2164668Z       "DEFAULT_CACHE_SIZE=-2000",
2026-10-03T10:55:57.2164927Z       "DEFAULT_FILE_FORMAT=4",
2026-10-03T10:55:57.2165182Z       "DEFAULT_JOURNAL_SIZE_LIMIT=-1",
2026-10-03T10:55:57.2165449Z       "DEFAULT_MMAP_SIZE=0",
2026-10-03T10:55:57.2165683Z       "DEFAULT_PAGE_SIZE=4096",
2026-10-03T10:55:57.2165928Z       "DEFAULT_PCACHE_INITSZ=20",
2026-10-03T10:55:57.2176700Z       "DEFAULT_RECURSIVE_TRIGGERS",
2026-10-03T10:55:57.2177232Z       "DEFAULT_SECTOR_SIZE=4096",
2026-10-03T10:55:57.2177717Z       "DEFAULT_SYNCHRONOUS=2",
2026-10-03T10:55:57.2178192Z       "DEFAULT_WAL_AUTOCHECKPOINT=1000",
2026-10-03T10:55:57.2178709Z       "DEFAULT_WAL_SYNCHRONOUS=2",
2026-10-03T10:55:57.2179218Z       "DEFAULT_WORKER_THREADS=0",
2026-10-03T10:55:57.2179701Z       "DIRECT_OVERFLOW_READ",
2026-10-03T10:55:57.2180162Z       "ENABLE_COLUMN_METADATA",
2026-10-03T10:55:57.2180627Z       "ENABLE_DBSTAT_VTAB",
2026-10-03T10:55:57.2181062Z       "ENABLE_FTS3",
2026-10-03T10:55:57.2181451Z       "ENABLE_FTS5",
2026-10-03T10:55:57.2181839Z       "ENABLE_MATH_FUNCTIONS",
2026-10-03T10:55:57.2182284Z       "ENABLE_RTREE",
2026-10-03T10:55:57.2182675Z       "MALLOC_SOFT_LIMIT=1024",
2026-10-03T10:55:57.2183113Z       "MAX_ATTACHED=10",
2026-10-03T10:55:57.2183520Z       "MAX_COLUMN=2000",
2026-10-03T10:55:57.2183928Z       "MAX_COMPOUND_SELECT=500",
2026-10-03T10:55:57.2184405Z       "MAX_DEFAULT_PAGE_SIZE=8192",
2026-10-03T10:55:57.2185249Z       "MAX_EXPR_DEPTH=1000",
2026-10-03T10:55:57.2185705Z       "MAX_FUNCTION_ARG=1000",
2026-10-03T10:55:57.2186503Z       "MAX_LENGTH=1000000000",
2026-10-03T10:55:57.2187006Z       "MAX_LIKE_PATTERN_LENGTH=50000",
2026-10-03T10:55:57.2187591Z       "MAX_MMAP_SIZE=0x7fff0000",
2026-10-03T10:55:57.2188116Z       "MAX_PAGE_COUNT=0xfffffffe",
2026-10-03T10:55:57.2188588Z       "MAX_PAGE_SIZE=65536",
2026-10-03T10:55:57.2189032Z       "MAX_SQL_LENGTH=1000000000",
2026-10-03T10:55:57.2189494Z       "MAX_TRIGGER_DEPTH=1000",
2026-10-03T10:55:57.2189955Z       "MAX_VARIABLE_NUMBER=32766",
2026-10-03T10:55:57.2190429Z       "MAX_VDBE_OP=250000000",
2026-10-03T10:55:57.2190891Z       "MAX_WORKER_THREADS=8",
2026-10-03T10:55:57.2191343Z       "MUTEX_PTHREADS",
2026-10-03T10:55:57.2191734Z       "SYSTEM_MALLOC",
2026-10-03T10:55:57.2192111Z       "TEMP_STORE=1",
2026-10-03T10:55:57.2192494Z       "THREADSAFE=1",
2026-10-03T10:55:57.2192858Z       "USE_URI"
2026-10-03T10:55:57.2193199Z     ]
2026-10-03T10:55:57.2193499Z   },
2026-10-03T10:55:57.2193849Z   "child_exit_code": 0,
2026-10-03T10:55:57.2194267Z   "system_library_replaced": false
2026-10-03T10:55:57.2194703Z }
2026-10-03T10:55:57.4018497Z ##[group]Run python scripts/run_logged.py evidence/sqlite-runtime-linked.log -- env -u LD_LIBRARY_PATH python -m airlock.sqlite_runtime --pin-file configs/sqlite-runtime.json --build-report evidence/sqlite-runtime-build.json --output evidence/sqlite-runtime-linked.json
2026-10-03T10:55:57.4020445Z [36;1mpython scripts/run_logged.py evidence/sqlite-runtime-linked.log -- env -u LD_LIBRARY_PATH python -m airlock.sqlite_runtime --pin-file configs/sqlite-runtime.json --build-report evidence/sqlite-runtime-build.json --output evidence/sqlite-runtime-linked.json[0m
2026-10-03T10:55:57.4084327Z shell: /usr/bin/bash --noprofile --norc -e -o pipefail {0}
2026-10-03T10:55:57.4084680Z env:
2026-10-03T10:55:57.4084890Z   NEXT_TELEMETRY_DISABLED: 1
2026-10-03T10:55:57.4085214Z   pythonLocation: /opt/hostedtoolcache/Python/3.13.15/x64
2026-10-03T10:55:57.4085690Z   PKG_CONFIG_PATH: /opt/hostedtoolcache/Python/3.13.15/x64/lib/pkgconfig
2026-10-03T10:55:57.4086402Z   Python_ROOT_DIR: /opt/hostedtoolcache/Python/3.13.15/x64
2026-10-03T10:55:57.4086823Z   Python2_ROOT_DIR: /opt/hostedtoolcache/Python/3.13.15/x64
2026-10-03T10:55:57.4087216Z   Python3_ROOT_DIR: /opt/hostedtoolcache/Python/3.13.15/x64
2026-10-03T10:55:57.4087610Z   LD_LIBRARY_PATH: /opt/hostedtoolcache/Python/3.13.15/x64/lib
2026-10-03T10:55:57.4087939Z ##[endgroup]
2026-10-03T10:55:57.4979275Z {
2026-10-03T10:55:57.4979699Z   "version": "3.53.1",
2026-10-03T10:55:57.4980345Z   "source_id": "2026-05-05 10:34:17 c88b22011a54b4f6fbd149e9f8e4de77658ce58143a1af0e3785e4e6475127e9",
2026-10-03T10:55:57.4980860Z   "wal_reset_fix": "upstream_fixed_version",
2026-10-03T10:55:57.4981149Z   "compile_options": [
2026-10-03T10:55:57.4981382Z     "ATOMIC_INTRINSICS=1",
2026-10-03T10:55:57.4981620Z     "COMPILER=gcc-13.3.0",
2026-10-03T10:55:57.4981875Z     "DEFAULT_AUTOVACUUM",
2026-10-03T10:55:57.4982106Z     "DEFAULT_CACHE_SIZE=-2000",
2026-10-03T10:55:57.4982357Z     "DEFAULT_FILE_FORMAT=4",
2026-10-03T10:55:57.4982615Z     "DEFAULT_JOURNAL_SIZE_LIMIT=-1",
2026-10-03T10:55:57.4982907Z     "DEFAULT_MMAP_SIZE=0",
2026-10-03T10:55:57.4983140Z     "DEFAULT_PAGE_SIZE=4096",
2026-10-03T10:55:57.4983383Z     "DEFAULT_PCACHE_INITSZ=20",
2026-10-03T10:55:57.4983643Z     "DEFAULT_RECURSIVE_TRIGGERS",
2026-10-03T10:55:57.4983894Z     "DEFAULT_SECTOR_SIZE=4096",
2026-10-03T10:55:57.4984135Z     "DEFAULT_SYNCHRONOUS=2",
2026-10-03T10:55:57.4984385Z     "DEFAULT_WAL_AUTOCHECKPOINT=1000",
2026-10-03T10:55:57.4984657Z     "DEFAULT_WAL_SYNCHRONOUS=2",
2026-10-03T10:55:57.4984907Z     "DEFAULT_WORKER_THREADS=0",
2026-10-03T10:55:57.4985143Z     "DIRECT_OVERFLOW_READ",
2026-10-03T10:55:57.4985380Z     "ENABLE_COLUMN_METADATA",
2026-10-03T10:55:57.4985619Z     "ENABLE_DBSTAT_VTAB",
2026-10-03T10:55:57.4985841Z     "ENABLE_FTS3",
2026-10-03T10:55:57.4986754Z     "ENABLE_FTS5",
2026-10-03T10:55:57.4986975Z     "ENABLE_MATH_FUNCTIONS",
2026-10-03T10:55:57.4987212Z     "ENABLE_RTREE",
2026-10-03T10:55:57.4987418Z     "MALLOC_SOFT_LIMIT=1024",
2026-10-03T10:55:57.4987661Z     "MAX_ATTACHED=10",
2026-10-03T10:55:57.4987916Z     "MAX_COLUMN=2000",
2026-10-03T10:55:57.4988137Z     "MAX_COMPOUND_SELECT=500",
2026-10-03T10:55:57.4988387Z     "MAX_DEFAULT_PAGE_SIZE=8192",
2026-10-03T10:55:57.4988637Z     "MAX_EXPR_DEPTH=1000",
2026-10-03T10:55:57.4988869Z     "MAX_FUNCTION_ARG=1000",
2026-10-03T10:55:57.4989096Z     "MAX_LENGTH=1000000000",
2026-10-03T10:55:57.4989335Z     "MAX_LIKE_PATTERN_LENGTH=50000",
2026-10-03T10:55:57.4989594Z     "MAX_MMAP_SIZE=0x7fff0000",
2026-10-03T10:55:57.4989836Z     "MAX_PAGE_COUNT=0xfffffffe",
2026-10-03T10:55:57.4990074Z     "MAX_PAGE_SIZE=65536",
2026-10-03T10:55:57.4990299Z     "MAX_SQL_LENGTH=1000000000",
2026-10-03T10:55:57.4990537Z     "MAX_TRIGGER_DEPTH=1000",
2026-10-03T10:55:57.4990774Z     "MAX_VARIABLE_NUMBER=32766",
2026-10-03T10:55:57.4991021Z     "MAX_VDBE_OP=250000000",
2026-10-03T10:55:57.4991249Z     "MAX_WORKER_THREADS=8",
2026-10-03T10:55:57.4991480Z     "MUTEX_PTHREADS",
2026-10-03T10:55:57.4991689Z     "SYSTEM_MALLOC",
2026-10-03T10:55:57.4992081Z     "TEMP_STORE=1",
2026-10-03T10:55:57.4992296Z     "THREADSAFE=1",
2026-10-03T10:55:57.4992491Z     "USE_URI"
2026-10-03T10:55:57.4992678Z   ],
2026-10-03T10:55:57.4992861Z   "python": "3.13.15",
2026-10-03T10:55:57.4993083Z   "sqlite_threadsafety": 3,
2026-10-03T10:55:57.4993318Z   "pin_verified": true,
2026-10-03T10:55:57.4993711Z   "archive_sha256": "83e6b2020a034e9a7ad4a72feea59e1ad52f162e09cbd26735a3ffb98359fc4f",
2026-10-03T10:55:57.4994380Z   "amalgamation_sha3_256": "414432ae5719f6cdc485f3927e12c7ad107e2b8c6b434e5df2eadb5312bfabb5",
2026-10-03T10:55:57.4994853Z   "loaded_shared_library_files": [
2026-10-03T10:55:57.4995105Z     {
2026-10-03T10:55:57.4995429Z       "path": "/home/runner/work/_temp/airlock-sqlite-runtime/lib/libsqlite3.so.0",
2026-10-03T10:55:57.4995839Z       "bytes": 1591216,
2026-10-03T10:55:57.4996340Z       "sha256": "f826cb46ed8fb7b0c33f603eb8b8e8cf6026031f3dc455aa87b0032cf8a9dee2"
2026-10-03T10:55:57.4996733Z     }
2026-10-03T10:55:57.4996905Z   ],
2026-10-03T10:55:57.4997104Z   "loaded_shared_libraries": [
2026-10-03T10:55:57.4997453Z     "/home/runner/work/_temp/airlock-sqlite-runtime/lib/libsqlite3.so.0"
2026-10-03T10:55:57.4997812Z   ],
2026-10-03T10:55:57.4998002Z   "build_report_verified": true,
2026-10-03T10:55:57.4998425Z   "build_report_sha256": "df942eb5a313c85336ab90b038173f4d07778024674bed89ebec429d2846269d"
2026-10-03T10:55:57.4998850Z }
2026-10-03T10:55:57.5200596Z ##[group]Run actions/setup-node@v4
2026-10-03T10:55:57.5200884Z with:
2026-10-03T10:55:57.5201082Z   node-version: 22
2026-10-03T10:55:57.5201297Z   always-auth: false
2026-10-03T10:55:57.5201514Z   check-latest: false
2026-10-03T10:55:57.5203778Z   token: ***
2026-10-03T10:55:57.5203977Z env:
2026-10-03T10:55:57.5204168Z   NEXT_TELEMETRY_DISABLED: 1
2026-10-03T10:55:57.5204492Z   pythonLocation: /opt/hostedtoolcache/Python/3.13.15/x64
2026-10-03T10:55:57.5204919Z   PKG_CONFIG_PATH: /opt/hostedtoolcache/Python/3.13.15/x64/lib/pkgconfig
2026-10-03T10:55:57.5205340Z   Python_ROOT_DIR: /opt/hostedtoolcache/Python/3.13.15/x64
2026-10-03T10:55:57.5205718Z   Python2_ROOT_DIR: /opt/hostedtoolcache/Python/3.13.15/x64
2026-10-03T10:55:57.5206351Z   Python3_ROOT_DIR: /opt/hostedtoolcache/Python/3.13.15/x64
2026-10-03T10:55:57.5206763Z   LD_LIBRARY_PATH: /opt/hostedtoolcache/Python/3.13.15/x64/lib
2026-10-03T10:55:57.5207094Z ##[endgroup]
2026-10-03T10:55:57.6640135Z Found in cache @ /opt/hostedtoolcache/node/22.23.3/x64
2026-10-03T10:55:57.6644956Z (node:2366) [DEP0040] DeprecationWarning: The `punycode` module is deprecated. Please use a userland alternative instead.
2026-10-03T10:55:57.6645846Z (Use `node --trace-deprecation ...` to show where the warning was created)
2026-10-03T10:55:57.6648456Z ##[group]Environment details
2026-10-03T10:55:58.1008852Z node: v22.23.3
2026-10-03T10:55:58.1009690Z npm: 10.9.9
2026-10-03T10:55:58.1010055Z yarn: 1.22.22
2026-10-03T10:55:58.1010759Z ##[endgroup]
2026-10-03T10:55:58.1139340Z ##[group]Run python -m pip install -r requirements-dev.txt
2026-10-03T10:55:58.1139791Z [36;1mpython -m pip install -r requirements-dev.txt[0m
2026-10-03T10:55:58.1210876Z shell: /usr/bin/bash --noprofile --norc -e -o pipefail {0}
2026-10-03T10:55:58.1211223Z env:
2026-10-03T10:55:58.1211426Z   NEXT_TELEMETRY_DISABLED: 1
2026-10-03T10:55:58.1211740Z   pythonLocation: /opt/hostedtoolcache/Python/3.13.15/x64
2026-10-03T10:55:58.1212204Z   PKG_CONFIG_PATH: /opt/hostedtoolcache/Python/3.13.15/x64/lib/pkgconfig
2026-10-03T10:55:58.1212645Z   Python_ROOT_DIR: /opt/hostedtoolcache/Python/3.13.15/x64
2026-10-03T10:55:58.1213043Z   Python2_ROOT_DIR: /opt/hostedtoolcache/Python/3.13.15/x64
2026-10-03T10:55:58.1213430Z   Python3_ROOT_DIR: /opt/hostedtoolcache/Python/3.13.15/x64
2026-10-03T10:55:58.1213817Z   LD_LIBRARY_PATH: /opt/hostedtoolcache/Python/3.13.15/x64/lib
2026-10-03T10:55:58.1214153Z ##[endgroup]
2026-10-03T10:55:59.0168662Z Collecting fastapi==0.142.2 (from -r /home/runner/work/AIRLOCK/AIRLOCK/requirements.txt (line 1))
2026-10-03T10:55:59.0623916Z   Downloading fastapi-0.142.2-py3-none-any.whl.metadata (27 kB)
2026-10-03T10:55:59.0972044Z Collecting starlette==1.7.0 (from -r /home/runner/work/AIRLOCK/AIRLOCK/requirements.txt (line 2))
2026-10-03T10:55:59.0999384Z   Downloading starlette-1.7.0-py3-none-any.whl.metadata (6.6 kB)
2026-10-03T10:55:59.1973491Z Collecting pydantic==2.13.5 (from -r /home/runner/work/AIRLOCK/AIRLOCK/requirements.txt (line 3))
2026-10-03T10:55:59.2002320Z   Downloading pydantic-2.13.5-py3-none-any.whl.metadata (110 kB)
2026-10-03T10:55:59.2317630Z Collecting uvicorn==0.48.0 (from -r /home/runner/work/AIRLOCK/AIRLOCK/requirements.txt (line 4))
2026-10-03T10:55:59.2354895Z   Downloading uvicorn-0.48.0-py3-none-any.whl.metadata (6.7 kB)
2026-10-03T10:55:59.2509583Z Collecting httpx==0.28.1 (from -r /home/runner/work/AIRLOCK/AIRLOCK/requirements.txt (line 5))
2026-10-03T10:55:59.2535183Z   Downloading httpx-0.28.1-py3-none-any.whl.metadata (7.1 kB)
2026-10-03T10:55:59.2675420Z Collecting httpcore==1.0.9 (from -r /home/runner/work/AIRLOCK/AIRLOCK/requirements.txt (line 6))
2026-10-03T10:55:59.2703849Z   Downloading httpcore-1.0.9-py3-none-any.whl.metadata (21 kB)
2026-10-03T10:55:59.2822289Z Collecting cel-python==0.4.0 (from -r /home/runner/work/AIRLOCK/AIRLOCK/requirements.txt (line 7))
2026-10-03T10:55:59.2858537Z   Downloading cel_python-0.4.0-py3-none-any.whl.metadata (8.5 kB)
2026-10-03T10:55:59.3186103Z Collecting PyYAML==6.0.3 (from -r /home/runner/work/AIRLOCK/AIRLOCK/requirements.txt (line 8))
2026-10-03T10:55:59.3214185Z   Downloading pyyaml-6.0.3-cp313-cp313-manylinux2014_x86_64.manylinux_2_17_x86_64.manylinux_2_28_x86_64.whl.metadata (2.4 kB)
2026-10-03T10:55:59.3350012Z Collecting PyJWT==2.15.1 (from -r /home/runner/work/AIRLOCK/AIRLOCK/requirements.txt (line 9))
2026-10-03T10:55:59.3376340Z   Downloading pyjwt-2.15.1-py3-none-any.whl.metadata (3.5 kB)
2026-10-03T10:55:59.5065812Z Collecting cryptography==50.0.2 (from -r /home/runner/work/AIRLOCK/AIRLOCK/requirements.txt (line 10))
2026-10-03T10:55:59.5094681Z   Downloading cryptography-50.0.2-cp311-abi3-manylinux_2_34_x86_64.whl.metadata (4.4 kB)
2026-10-03T10:55:59.6821005Z Collecting boto3==1.43.107 (from -r /home/runner/work/AIRLOCK/AIRLOCK/requirements-archive.txt (line 2))
2026-10-03T10:55:59.6859752Z   Downloading boto3-1.43.107-py3-none-any.whl.metadata (6.6 kB)
2026-10-03T10:55:59.8875031Z Collecting botocore==1.43.107 (from -r /home/runner/work/AIRLOCK/AIRLOCK/requirements-archive.txt (line 3))
2026-10-03T10:55:59.8914706Z   Downloading botocore-1.43.107-py3-none-any.whl.metadata (5.6 kB)
2026-10-03T10:55:59.9060955Z Collecting s3transfer==0.19.2 (from -r /home/runner/work/AIRLOCK/AIRLOCK/requirements-archive.txt (line 4))
2026-10-03T10:55:59.9088133Z   Downloading s3transfer-0.19.2-py3-none-any.whl.metadata (1.7 kB)
2026-10-03T10:55:59.9317524Z Collecting pytest==9.0.2 (from -r requirements-dev.txt (line 3))
2026-10-03T10:55:59.9345425Z   Downloading pytest-9.0.2-py3-none-any.whl.metadata (7.6 kB)
2026-10-03T10:55:59.9668037Z Collecting playwright==1.57.0 (from -r requirements-dev.txt (line 4))
2026-10-03T10:55:59.9695204Z   Downloading playwright-1.57.0-py3-none-manylinux1_x86_64.whl.metadata (3.5 kB)
2026-10-03T10:55:59.9841142Z Collecting mcp==1.26.0 (from -r requirements-dev.txt (line 5))
2026-10-03T10:55:59.9883533Z   Downloading mcp-1.26.0-py3-none-any.whl.metadata (89 kB)
2026-10-03T10:56:00.0079014Z Collecting pip-audit==2.10.1 (from -r requirements-dev.txt (line 6))
2026-10-03T10:56:00.0105366Z   Downloading pip_audit-2.10.1-py3-none-any.whl.metadata (28 kB)
2026-10-03T10:56:00.0292178Z Collecting typing-extensions>=4.8.0 (from fastapi==0.142.2->-r /home/runner/work/AIRLOCK/AIRLOCK/requirements.txt (line 1))
2026-10-03T10:56:00.0319127Z   Downloading typing_extensions-4.16.0-py3-none-any.whl.metadata (3.3 kB)
2026-10-03T10:56:00.0415152Z Collecting typing-inspection>=0.4.2 (from fastapi==0.142.2->-r /home/runner/work/AIRLOCK/AIRLOCK/requirements.txt (line 1))
2026-10-03T10:56:00.0442827Z   Downloading typing_inspection-0.4.4-py3-none-any.whl.metadata (2.6 kB)
2026-10-03T10:56:00.0532068Z Collecting annotated-doc>=0.0.2 (from fastapi==0.142.2->-r /home/runner/work/AIRLOCK/AIRLOCK/requirements.txt (line 1))
2026-10-03T10:56:00.0559946Z   Downloading annotated_doc-0.0.5-py3-none-any.whl.metadata (6.5 kB)
2026-10-03T10:56:00.0742787Z Collecting opentelemetry-api>=1.44.0 (from fastapi==0.142.2->-r /home/runner/work/AIRLOCK/AIRLOCK/requirements.txt (line 1))
2026-10-03T10:56:00.0770263Z   Downloading opentelemetry_api-1.45.0-py3-none-any.whl.metadata (1.4 kB)
2026-10-03T10:56:00.0933123Z Collecting anyio<5,>=4.0.0 (from starlette==1.7.0->-r /home/runner/work/AIRLOCK/AIRLOCK/requirements.txt (line 2))
2026-10-03T10:56:00.0959935Z   Downloading anyio-4.15.1-py3-none-any.whl.metadata (4.7 kB)
2026-10-03T10:56:00.1058344Z Collecting annotated-types>=0.6.0 (from pydantic==2.13.5->-r /home/runner/work/AIRLOCK/AIRLOCK/requirements.txt (line 3))
2026-10-03T10:56:00.1086748Z   Downloading annotated_types-0.8.0-py3-none-any.whl.metadata (15 kB)
2026-10-03T10:56:00.7623230Z Collecting pydantic-core==2.46.5 (from pydantic==2.13.5->-r /home/runner/work/AIRLOCK/AIRLOCK/requirements.txt (line 3))
2026-10-03T10:56:00.7654221Z   Downloading pydantic_core-2.46.5-cp313-cp313-manylinux_2_17_x86_64.manylinux2014_x86_64.whl.metadata (6.6 kB)
2026-10-03T10:56:00.7828710Z Collecting click>=7.0 (from uvicorn==0.48.0->-r /home/runner/work/AIRLOCK/AIRLOCK/requirements.txt (line 4))
2026-10-03T10:56:00.7855908Z   Downloading click-8.5.0-py3-none-any.whl.metadata (2.6 kB)
2026-10-03T10:56:00.7963054Z Collecting h11>=0.8 (from uvicorn==0.48.0->-r /home/runner/work/AIRLOCK/AIRLOCK/requirements.txt (line 4))
2026-10-03T10:56:00.7991808Z   Downloading h11-0.16.0-py3-none-any.whl.metadata (8.3 kB)
2026-10-03T10:56:00.8168154Z Collecting certifi (from httpx==0.28.1->-r /home/runner/work/AIRLOCK/AIRLOCK/requirements.txt (line 5))
2026-10-03T10:56:00.8194454Z   Downloading certifi-2026.7.22-py3-none-any.whl.metadata (2.5 kB)
2026-10-03T10:56:00.8328842Z Collecting idna (from httpx==0.28.1->-r /home/runner/work/AIRLOCK/AIRLOCK/requirements.txt (line 5))
2026-10-03T10:56:00.8354975Z   Downloading idna-3.20-py3-none-any.whl.metadata (7.2 kB)
2026-10-03T10:56:00.8857577Z Collecting google-re2>=1.1.20240702 (from cel-python==0.4.0->-r /home/runner/work/AIRLOCK/AIRLOCK/requirements.txt (line 7))
2026-10-03T10:56:00.8893827Z   Downloading google_re2-1.1.20251105-1-cp313-cp313-manylinux_2_27_x86_64.manylinux_2_28_x86_64.whl.metadata (2.4 kB)
2026-10-03T10:56:00.8994300Z Collecting jmespath>=1.0.1 (from cel-python==0.4.0->-r /home/runner/work/AIRLOCK/AIRLOCK/requirements.txt (line 7))
2026-10-03T10:56:00.9021265Z   Downloading jmespath-1.1.0-py3-none-any.whl.metadata (7.6 kB)
2026-10-03T10:56:00.9123795Z Collecting lark>=1.2.2 (from cel-python==0.4.0->-r /home/runner/work/AIRLOCK/AIRLOCK/requirements.txt (line 7))
2026-10-03T10:56:00.9150033Z   Downloading lark-1.3.1-py3-none-any.whl.metadata (1.8 kB)
2026-10-03T10:56:00.9539960Z Collecting pendulum>=3.1.0 (from cel-python==0.4.0->-r /home/runner/work/AIRLOCK/AIRLOCK/requirements.txt (line 7))
2026-10-03T10:56:00.9576726Z   Downloading pendulum-3.2.0-cp313-cp313-manylinux_2_17_x86_64.manylinux2014_x86_64.whl.metadata (6.8 kB)
2026-10-03T10:56:01.0531674Z Collecting cffi>=2.0.0 (from cryptography==50.0.2->-r /home/runner/work/AIRLOCK/AIRLOCK/requirements.txt (line 10))
2026-10-03T10:56:01.0562807Z   Downloading cffi-2.1.1-cp313-cp313-manylinux2014_x86_64.manylinux_2_17_x86_64.whl.metadata (2.5 kB)
2026-10-03T10:56:01.0792425Z Collecting python-dateutil<3.0.0,>=2.1 (from botocore==1.43.107->-r /home/runner/work/AIRLOCK/AIRLOCK/requirements-archive.txt (line 3))
2026-10-03T10:56:01.0820259Z   Downloading python_dateutil-2.9.0.post0-py2.py3-none-any.whl.metadata (8.4 kB)
2026-10-03T10:56:01.1014026Z Collecting urllib3!=2.2.0,<3,>=1.25.4 (from botocore==1.43.107->-r /home/runner/work/AIRLOCK/AIRLOCK/requirements-archive.txt (line 3))
2026-10-03T10:56:01.1041282Z   Downloading urllib3-2.8.0-py3-none-any.whl.metadata (7.4 kB)
2026-10-03T10:56:01.1229339Z Collecting iniconfig>=1.0.1 (from pytest==9.0.2->-r requirements-dev.txt (line 3))
2026-10-03T10:56:01.1256807Z   Downloading iniconfig-2.3.0-py3-none-any.whl.metadata (2.5 kB)
2026-10-03T10:56:01.1393721Z Collecting packaging>=22 (from pytest==9.0.2->-r requirements-dev.txt (line 3))
2026-10-03T10:56:01.1421368Z   Downloading packaging-26.3-py3-none-any.whl.metadata (3.5 kB)
2026-10-03T10:56:01.1527138Z Collecting pluggy<2,>=1.5 (from pytest==9.0.2->-r requirements-dev.txt (line 3))
2026-10-03T10:56:01.1556475Z   Downloading pluggy-1.6.0-py3-none-any.whl.metadata (4.8 kB)
2026-10-03T10:56:01.1718499Z Collecting pygments>=2.7.2 (from pytest==9.0.2->-r requirements-dev.txt (line 3))
2026-10-03T10:56:01.1745368Z   Downloading pygments-2.21.0-py3-none-any.whl.metadata (2.5 kB)
2026-10-03T10:56:01.1884192Z Collecting pyee<14,>=13 (from playwright==1.57.0->-r requirements-dev.txt (line 4))
2026-10-03T10:56:01.1910674Z   Downloading pyee-13.0.1-py3-none-any.whl.metadata (3.0 kB)
2026-10-03T10:56:01.3248109Z Collecting greenlet<4.0.0,>=3.1.1 (from playwright==1.57.0->-r requirements-dev.txt (line 4))
2026-10-03T10:56:01.3278941Z   Downloading greenlet-3.5.6-cp313-cp313-manylinux_2_24_x86_64.manylinux_2_28_x86_64.whl.metadata (3.8 kB)
2026-10-03T10:56:01.3395947Z Collecting httpx-sse>=0.4 (from mcp==1.26.0->-r requirements-dev.txt (line 5))
2026-10-03T10:56:01.3422822Z   Downloading httpx_sse-0.4.3-py3-none-any.whl.metadata (9.7 kB)
2026-10-03T10:56:01.3608638Z Collecting jsonschema>=4.20.0 (from mcp==1.26.0->-r requirements-dev.txt (line 5))
2026-10-03T10:56:01.3634830Z   Downloading jsonschema-4.26.0-py3-none-any.whl.metadata (7.6 kB)
2026-10-03T10:56:01.3778827Z Collecting pydantic-settings>=2.5.2 (from mcp==1.26.0->-r requirements-dev.txt (line 5))
2026-10-03T10:56:01.3806424Z   Downloading pydantic_settings-2.15.0-py3-none-any.whl.metadata (3.9 kB)
2026-10-03T10:56:01.3960385Z Collecting python-multipart>=0.0.9 (from mcp==1.26.0->-r requirements-dev.txt (line 5))
2026-10-03T10:56:01.3988904Z   Downloading python_multipart-0.0.32-py3-none-any.whl.metadata (2.1 kB)
2026-10-03T10:56:01.4145162Z Collecting sse-starlette>=1.6.1 (from mcp==1.26.0->-r requirements-dev.txt (line 5))
2026-10-03T10:56:01.4174944Z   Downloading sse_starlette-3.5.0-py3-none-any.whl.metadata (15 kB)
2026-10-03T10:56:01.4355551Z Collecting CacheControl>=0.13.0 (from CacheControl[filecache]>=0.13.0->pip-audit==2.10.1->-r requirements-dev.txt (line 6))
2026-10-03T10:56:01.4382763Z   Downloading cachecontrol-0.14.4-py3-none-any.whl.metadata (3.1 kB)
2026-10-03T10:56:01.4639974Z Collecting cyclonedx-python-lib<12,>=5 (from pip-audit==2.10.1->-r requirements-dev.txt (line 6))
2026-10-03T10:56:01.4669379Z   Downloading cyclonedx_python_lib-11.12.0-py3-none-any.whl.metadata (6.9 kB)
2026-10-03T10:56:01.4798872Z Collecting pip-api>=0.0.28 (from pip-audit==2.10.1->-r requirements-dev.txt (line 6))
2026-10-03T10:56:01.4826042Z   Downloading pip_api-0.0.35-py3-none-any.whl.metadata (17 kB)
2026-10-03T10:56:01.4933967Z Collecting pip-requirements-parser>=32.0.0 (from pip-audit==2.10.1->-r requirements-dev.txt (line 6))
2026-10-03T10:56:01.4961216Z   Downloading pip_requirements_parser-32.0.1-py3-none-any.whl.metadata (9.3 kB)
2026-10-03T10:56:01.5151511Z Collecting requests>=2.31.0 (from pip-audit==2.10.1->-r requirements-dev.txt (line 6))
2026-10-03T10:56:01.5178754Z   Downloading requests-2.34.2-py3-none-any.whl.metadata (4.8 kB)
2026-10-03T10:56:01.5443923Z Collecting rich>=12.4 (from pip-audit==2.10.1->-r requirements-dev.txt (line 6))
2026-10-03T10:56:01.5471645Z   Downloading rich-15.0.0-py3-none-any.whl.metadata (18 kB)
2026-10-03T10:56:01.5674652Z Collecting tomli>=2.2.1 (from pip-audit==2.10.1->-r requirements-dev.txt (line 6))
2026-10-03T10:56:01.5714471Z   Downloading tomli-2.4.1-cp313-cp313-manylinux2014_x86_64.manylinux_2_17_x86_64.manylinux_2_28_x86_64.whl.metadata (10 kB)
2026-10-03T10:56:01.5809705Z Collecting tomli-w>=1.2.0 (from pip-audit==2.10.1->-r requirements-dev.txt (line 6))
2026-10-03T10:56:01.5839853Z   Downloading tomli_w-1.2.0-py3-none-any.whl.metadata (5.7 kB)
2026-10-03T10:56:01.6007803Z Collecting platformdirs>=4.2.0 (from pip-audit==2.10.1->-r requirements-dev.txt (line 6))
2026-10-03T10:56:01.6034975Z   Downloading platformdirs-4.12.2-py3-none-any.whl.metadata (5.5 kB)
2026-10-03T10:56:01.6201871Z Collecting license-expression<31,>=30 (from cyclonedx-python-lib<12,>=5->pip-audit==2.10.1->-r requirements-dev.txt (line 6))
2026-10-03T10:56:01.6263909Z   Downloading license_expression-30.4.4-py3-none-any.whl.metadata (11 kB)
2026-10-03T10:56:01.6434600Z Collecting packageurl-python<2,>=0.11 (from cyclonedx-python-lib<12,>=5->pip-audit==2.10.1->-r requirements-dev.txt (line 6))
2026-10-03T10:56:01.6463908Z   Downloading packageurl_python-0.17.6-py3-none-any.whl.metadata (5.1 kB)
2026-10-03T10:56:01.6601855Z Collecting py-serializable<3.0.0,>=2.1.0 (from cyclonedx-python-lib<12,>=5->pip-audit==2.10.1->-r requirements-dev.txt (line 6))
2026-10-03T10:56:01.6628879Z   Downloading py_serializable-2.1.0-py3-none-any.whl.metadata (4.3 kB)
2026-10-03T10:56:01.6739298Z Collecting sortedcontainers<3.0.0,>=2.4.0 (from cyclonedx-python-lib<12,>=5->pip-audit==2.10.1->-r requirements-dev.txt (line 6))
2026-10-03T10:56:01.6764736Z   Downloading sortedcontainers-2.4.0-py2.py3-none-any.whl.metadata (10 kB)
2026-10-03T10:56:01.6892133Z Collecting boolean.py>=4.0 (from license-expression<31,>=30->cyclonedx-python-lib<12,>=5->pip-audit==2.10.1->-r requirements-dev.txt (line 6))
2026-10-03T10:56:01.6923378Z   Downloading boolean_py-5.0-py3-none-any.whl.metadata (2.3 kB)
2026-10-03T10:56:01.7044614Z Collecting defusedxml<0.8.0,>=0.7.1 (from py-serializable<3.0.0,>=2.1.0->cyclonedx-python-lib<12,>=5->pip-audit==2.10.1->-r requirements-dev.txt (line 6))
2026-10-03T10:56:01.7071157Z   Downloading defusedxml-0.7.1-py2.py3-none-any.whl.metadata (32 kB)
2026-10-03T10:56:01.7224611Z Collecting six>=1.5 (from python-dateutil<3.0.0,>=2.1->botocore==1.43.107->-r /home/runner/work/AIRLOCK/AIRLOCK/requirements-archive.txt (line 3))
2026-10-03T10:56:01.7253479Z   Downloading six-1.17.0-py2.py3-none-any.whl.metadata (1.7 kB)
2026-10-03T10:56:01.8004731Z Collecting msgpack<2.0.0,>=0.5.2 (from CacheControl>=0.13.0->CacheControl[filecache]>=0.13.0->pip-audit==2.10.1->-r requirements-dev.txt (line 6))
2026-10-03T10:56:01.8036376Z   Downloading msgpack-1.2.3-cp313-cp313-manylinux2014_x86_64.manylinux_2_17_x86_64.manylinux_2_28_x86_64.whl.metadata (8.3 kB)
2026-10-03T10:56:01.8259123Z Collecting filelock>=3.8.0 (from CacheControl[filecache]>=0.13.0->pip-audit==2.10.1->-r requirements-dev.txt (line 6))
2026-10-03T10:56:01.8285580Z   Downloading filelock-4.0.9-py3-none-any.whl.metadata (2.0 kB)
2026-10-03T10:56:01.8390038Z Collecting pycparser (from cffi>=2.0.0->cryptography==50.0.2->-r /home/runner/work/AIRLOCK/AIRLOCK/requirements.txt (line 10))
2026-10-03T10:56:01.8418336Z   Downloading pycparser-3.0-py3-none-any.whl.metadata (8.2 kB)
2026-10-03T10:56:01.8582197Z Collecting attrs>=22.2.0 (from jsonschema>=4.20.0->mcp==1.26.0->-r requirements-dev.txt (line 5))
2026-10-03T10:56:01.8611283Z   Downloading attrs-26.1.0-py3-none-any.whl.metadata (8.8 kB)
2026-10-03T10:56:01.8722112Z Collecting jsonschema-specifications>=2023.03.6 (from jsonschema>=4.20.0->mcp==1.26.0->-r requirements-dev.txt (line 5))
2026-10-03T10:56:01.8751451Z   Downloading jsonschema_specifications-2025.9.1-py3-none-any.whl.metadata (2.9 kB)
2026-10-03T10:56:01.8922560Z Collecting referencing>=0.28.4 (from jsonschema>=4.20.0->mcp==1.26.0->-r requirements-dev.txt (line 5))
2026-10-03T10:56:01.8951835Z   Downloading referencing-0.37.0-py3-none-any.whl.metadata (2.8 kB)
2026-10-03T10:56:02.1266553Z Collecting rpds-py>=0.25.0 (from jsonschema>=4.20.0->mcp==1.26.0->-r requirements-dev.txt (line 5))
2026-10-03T10:56:02.1298393Z   Downloading rpds_py-2026.6.3-cp313-cp313-manylinux_2_17_x86_64.manylinux2014_x86_64.whl.metadata (4.1 kB)
2026-10-03T10:56:02.1495939Z Collecting tzdata>=2020.1 (from pendulum>=3.1.0->cel-python==0.4.0->-r /home/runner/work/AIRLOCK/AIRLOCK/requirements.txt (line 7))
2026-10-03T10:56:02.1525127Z   Downloading tzdata-2026.5-py2.py3-none-any.whl.metadata (1.4 kB)
2026-10-03T10:56:02.1569682Z Requirement already satisfied: pip in /opt/hostedtoolcache/Python/3.13.15/x64/lib/python3.13/site-packages (from pip-api>=0.0.28->pip-audit==2.10.1->-r requirements-dev.txt (line 6)) (26.2.1)
2026-10-03T10:56:02.1756829Z Collecting pyparsing (from pip-requirements-parser>=32.0.0->pip-audit==2.10.1->-r requirements-dev.txt (line 6))
2026-10-03T10:56:02.1784381Z   Downloading pyparsing-3.3.3-py3-none-any.whl.metadata (5.9 kB)
2026-10-03T10:56:02.1942244Z Collecting python-dotenv>=0.21.0 (from pydantic-settings>=2.5.2->mcp==1.26.0->-r requirements-dev.txt (line 5))
2026-10-03T10:56:02.1968959Z   Downloading python_dotenv-1.2.4-py3-none-any.whl.metadata (29 kB)
2026-10-03T10:56:02.3182392Z Collecting charset_normalizer<4,>=2 (from requests>=2.31.0->pip-audit==2.10.1->-r requirements-dev.txt (line 6))
2026-10-03T10:56:02.3215388Z   Downloading charset_normalizer-3.5.2-cp313-cp313-manylinux2014_x86_64.manylinux_2_17_x86_64.manylinux_2_28_x86_64.whl.metadata (46 kB)
2026-10-03T10:56:02.3440697Z Collecting markdown-it-py>=2.2.0 (from rich>=12.4->pip-audit==2.10.1->-r requirements-dev.txt (line 6))
2026-10-03T10:56:02.3467543Z   Downloading markdown_it_py-4.2.0-py3-none-any.whl.metadata (7.4 kB)
2026-10-03T10:56:02.3605547Z Collecting mdurl~=0.1 (from markdown-it-py>=2.2.0->rich>=12.4->pip-audit==2.10.1->-r requirements-dev.txt (line 6))
2026-10-03T10:56:02.3635196Z   Downloading mdurl-0.1.2-py3-none-any.whl.metadata (1.6 kB)
2026-10-03T10:56:02.3820091Z Downloading fastapi-0.142.2-py3-none-any.whl (144 kB)
2026-10-03T10:56:02.3872596Z Downloading starlette-1.7.0-py3-none-any.whl (78 kB)
2026-10-03T10:56:02.3921401Z Downloading pydantic-2.13.5-py3-none-any.whl (472 kB)
2026-10-03T10:56:02.3993024Z Downloading uvicorn-0.48.0-py3-none-any.whl (71 kB)
2026-10-03T10:56:02.4038689Z Downloading httpx-0.28.1-py3-none-any.whl (73 kB)
2026-10-03T10:56:02.4084554Z Downloading httpcore-1.0.9-py3-none-any.whl (78 kB)
2026-10-03T10:56:02.4140040Z Downloading cel_python-0.4.0-py3-none-any.whl (85 kB)
2026-10-03T10:56:02.4188531Z Downloading pyyaml-6.0.3-cp313-cp313-manylinux2014_x86_64.manylinux_2_17_x86_64.manylinux_2_28_x86_64.whl (801 kB)
2026-10-03T10:56:02.4277201Z    ━━━━━━━━━━━━━━━━━━━━━━━━━━━━━━━━━━━━━━━━ 801.6/801.6 kB 106.4 MB/s  0:00:00
2026-10-03T10:56:02.4303735Z Downloading pyjwt-2.15.1-py3-none-any.whl (33 kB)
2026-10-03T10:56:02.4350094Z Downloading cryptography-50.0.2-cp311-abi3-manylinux_2_34_x86_64.whl (4.8 MB)
2026-10-03T10:56:02.4600385Z    ━━━━━━━━━━━━━━━━━━━━━━━━━━━━━━━━━━━━━━━━ 4.8/4.8 MB 205.4 MB/s  0:00:00
2026-10-03T10:56:02.4632287Z Downloading boto3-1.43.107-py3-none-any.whl (140 kB)
2026-10-03T10:56:02.4681496Z Downloading botocore-1.43.107-py3-none-any.whl (16.0 MB)
2026-10-03T10:56:02.5440681Z    ━━━━━━━━━━━━━━━━━━━━━━━━━━━━━━━━━━━━━━━━ 16.0/16.0 MB 220.1 MB/s  0:00:00
2026-10-03T10:56:02.5471892Z Downloading s3transfer-0.19.2-py3-none-any.whl (90 kB)
2026-10-03T10:56:02.5524670Z Downloading pytest-9.0.2-py3-none-any.whl (374 kB)
2026-10-03T10:56:02.5581045Z Downloading playwright-1.57.0-py3-none-manylinux1_x86_64.whl (46.0 MB)
2026-10-03T10:56:02.7659024Z    ━━━━━━━━━━━━━━━━━━━━━━━━━━━━━━━━━━━━━━━━ 46.0/46.0 MB 224.8 MB/s  0:00:00
2026-10-03T10:56:02.7689341Z Downloading mcp-1.26.0-py3-none-any.whl (233 kB)
2026-10-03T10:56:02.7741903Z Downloading pip_audit-2.10.1-py3-none-any.whl (62 kB)
2026-10-03T10:56:02.7795816Z Downloading pydantic_core-2.46.5-cp313-cp313-manylinux_2_17_x86_64.manylinux2014_x86_64.whl (2.1 MB)
2026-10-03T10:56:02.7886832Z    ━━━━━━━━━━━━━━━━━━━━━━━━━━━━━━━━━━━━━━━━ 2.1/2.1 MB 263.4 MB/s  0:00:00
2026-10-03T10:56:02.7914538Z Downloading anyio-4.15.1-py3-none-any.whl (132 kB)
2026-10-03T10:56:02.7963147Z Downloading cyclonedx_python_lib-11.12.0-py3-none-any.whl (529 kB)
2026-10-03T10:56:02.8019399Z    ━━━━━━━━━━━━━━━━━━━━━━━━━━━━━━━━━━━━━━━━ 529.5/529.5 kB 93.0 MB/s  0:00:00
2026-10-03T10:56:02.8046689Z Downloading greenlet-3.5.6-cp313-cp313-manylinux_2_24_x86_64.manylinux_2_28_x86_64.whl (623 kB)
2026-10-03T10:56:02.8103102Z    ━━━━━━━━━━━━━━━━━━━━━━━━━━━━━━━━━━━━━━━━ 623.8/623.8 kB 141.6 MB/s  0:00:00
2026-10-03T10:56:02.8129492Z Downloading jmespath-1.1.0-py3-none-any.whl (20 kB)
2026-10-03T10:56:02.8174405Z Downloading license_expression-30.4.4-py3-none-any.whl (120 kB)
2026-10-03T10:56:02.8224389Z Downloading packageurl_python-0.17.6-py3-none-any.whl (36 kB)
2026-10-03T10:56:02.8268947Z Downloading pluggy-1.6.0-py3-none-any.whl (20 kB)
2026-10-03T10:56:02.8313939Z Downloading py_serializable-2.1.0-py3-none-any.whl (23 kB)
2026-10-03T10:56:02.8358339Z Downloading defusedxml-0.7.1-py2.py3-none-any.whl (25 kB)
2026-10-03T10:56:02.8403835Z Downloading pyee-13.0.1-py3-none-any.whl (15 kB)
2026-10-03T10:56:02.8448919Z Downloading python_dateutil-2.9.0.post0-py2.py3-none-any.whl (229 kB)
2026-10-03T10:56:02.8499647Z Downloading sortedcontainers-2.4.0-py2.py3-none-any.whl (29 kB)
2026-10-03T10:56:02.8542656Z Downloading urllib3-2.8.0-py3-none-any.whl (135 kB)
2026-10-03T10:56:02.8587990Z Downloading annotated_doc-0.0.5-py3-none-any.whl (5.3 kB)
2026-10-03T10:56:02.8631508Z Downloading annotated_types-0.8.0-py3-none-any.whl (13 kB)
2026-10-03T10:56:02.8674924Z Downloading boolean_py-5.0-py3-none-any.whl (26 kB)
2026-10-03T10:56:02.8725776Z Downloading cachecontrol-0.14.4-py3-none-any.whl (22 kB)
2026-10-03T10:56:02.8770449Z Downloading msgpack-1.2.3-cp313-cp313-manylinux2014_x86_64.manylinux_2_17_x86_64.manylinux_2_28_x86_64.whl (466 kB)
2026-10-03T10:56:02.8835221Z Downloading cffi-2.1.1-cp313-cp313-manylinux2014_x86_64.manylinux_2_17_x86_64.whl (221 kB)
2026-10-03T10:56:02.8886705Z Downloading click-8.5.0-py3-none-any.whl (125 kB)
2026-10-03T10:56:02.8934489Z Downloading filelock-4.0.9-py3-none-any.whl (110 kB)
2026-10-03T10:56:02.8991076Z Downloading google_re2-1.1.20251105-1-cp313-cp313-manylinux_2_27_x86_64.manylinux_2_28_x86_64.whl (591 kB)
2026-10-03T10:56:02.9044507Z    ━━━━━━━━━━━━━━━━━━━━━━━━━━━━━━━━━━━━━━━━ 591.4/591.4 kB 128.8 MB/s  0:00:00
2026-10-03T10:56:02.9071957Z Downloading h11-0.16.0-py3-none-any.whl (37 kB)
2026-10-03T10:56:02.9116853Z Downloading httpx_sse-0.4.3-py3-none-any.whl (9.0 kB)
2026-10-03T10:56:02.9160498Z Downloading idna-3.20-py3-none-any.whl (69 kB)
2026-10-03T10:56:02.9207151Z Downloading iniconfig-2.3.0-py3-none-any.whl (7.5 kB)
2026-10-03T10:56:02.9253758Z Downloading jsonschema-4.26.0-py3-none-any.whl (90 kB)
2026-10-03T10:56:02.9319234Z Downloading attrs-26.1.0-py3-none-any.whl (67 kB)
2026-10-03T10:56:02.9366790Z Downloading jsonschema_specifications-2025.9.1-py3-none-any.whl (18 kB)
2026-10-03T10:56:02.9410100Z Downloading lark-1.3.1-py3-none-any.whl (113 kB)
2026-10-03T10:56:02.9455963Z Downloading opentelemetry_api-1.45.0-py3-none-any.whl (60 kB)
2026-10-03T10:56:02.9502652Z Downloading packaging-26.3-py3-none-any.whl (129 kB)
2026-10-03T10:56:02.9560328Z Downloading pendulum-3.2.0-cp313-cp313-manylinux_2_17_x86_64.manylinux2014_x86_64.whl (348 kB)
2026-10-03T10:56:02.9616007Z Downloading pip_api-0.0.35-py3-none-any.whl (123 kB)
2026-10-03T10:56:02.9663857Z Downloading pip_requirements_parser-32.0.1-py3-none-any.whl (35 kB)
2026-10-03T10:56:02.9708312Z Downloading platformdirs-4.12.2-py3-none-any.whl (32 kB)
2026-10-03T10:56:02.9753840Z Downloading pydantic_settings-2.15.0-py3-none-any.whl (69 kB)
2026-10-03T10:56:02.9806201Z Downloading pygments-2.21.0-py3-none-any.whl (1.3 MB)
2026-10-03T10:56:02.9870373Z    ━━━━━━━━━━━━━━━━━━━━━━━━━━━━━━━━━━━━━━━━ 1.3/1.3 MB 240.0 MB/s  0:00:00
2026-10-03T10:56:02.9898500Z Downloading python_dotenv-1.2.4-py3-none-any.whl (23 kB)
2026-10-03T10:56:02.9942521Z Downloading python_multipart-0.0.32-py3-none-any.whl (30 kB)
2026-10-03T10:56:02.9987566Z Downloading referencing-0.37.0-py3-none-any.whl (26 kB)
2026-10-03T10:56:03.0032225Z Downloading requests-2.34.2-py3-none-any.whl (73 kB)
2026-10-03T10:56:03.0077534Z Downloading charset_normalizer-3.5.2-cp313-cp313-manylinux2014_x86_64.manylinux_2_17_x86_64.manylinux_2_28_x86_64.whl (254 kB)
2026-10-03T10:56:03.0133004Z Downloading certifi-2026.7.22-py3-none-any.whl (136 kB)
2026-10-03T10:56:03.0177156Z Downloading rich-15.0.0-py3-none-any.whl (310 kB)
2026-10-03T10:56:03.0225860Z Downloading markdown_it_py-4.2.0-py3-none-any.whl (91 kB)
2026-10-03T10:56:03.0271451Z Downloading mdurl-0.1.2-py3-none-any.whl (10.0 kB)
2026-10-03T10:56:03.0314608Z Downloading rpds_py-2026.6.3-cp313-cp313-manylinux_2_17_x86_64.manylinux2014_x86_64.whl (365 kB)
2026-10-03T10:56:03.0372738Z Downloading six-1.17.0-py2.py3-none-any.whl (11 kB)
2026-10-03T10:56:03.0478618Z Downloading sse_starlette-3.5.0-py3-none-any.whl (17 kB)
2026-10-03T10:56:03.0523051Z Downloading tomli-2.4.1-cp313-cp313-manylinux2014_x86_64.manylinux_2_17_x86_64.manylinux_2_28_x86_64.whl (251 kB)
2026-10-03T10:56:03.0579366Z Downloading tomli_w-1.2.0-py3-none-any.whl (6.7 kB)
2026-10-03T10:56:03.0626151Z Downloading typing_extensions-4.16.0-py3-none-any.whl (45 kB)
2026-10-03T10:56:03.0672294Z Downloading typing_inspection-0.4.4-py3-none-any.whl (14 kB)
2026-10-03T10:56:03.0722000Z Downloading tzdata-2026.5-py2.py3-none-any.whl (347 kB)
2026-10-03T10:56:03.0773714Z Downloading pycparser-3.0-py3-none-any.whl (48 kB)
2026-10-03T10:56:03.0820939Z Downloading pyparsing-3.3.3-py3-none-any.whl (126 kB)
2026-10-03T10:56:03.4730139Z Installing collected packages: sortedcontainers, boolean.py, urllib3, tzdata, typing-extensions, tomli-w, tomli, six, rpds-py, PyYAML, python-multipart, python-dotenv, pyparsing, PyJWT, pygments, pycparser, pluggy, platformdirs, pip-api, packaging, packageurl-python, msgpack, mdurl, license-expression, lark, jmespath, iniconfig, idna, httpx-sse, h11, greenlet, google-re2, filelock, defusedxml, click, charset_normalizer, certifi, attrs, annotated-types, annotated-doc, uvicorn, typing-inspection, requests, referencing, python-dateutil, pytest, pyee, pydantic-core, py-serializable, pip-requirements-parser, opentelemetry-api, markdown-it-py, httpcore, cffi, anyio, starlette, rich, pydantic, playwright, pendulum, jsonschema-specifications, httpx, cyclonedx-python-lib, cryptography, CacheControl, botocore, sse-starlette, s3transfer, pydantic-settings, jsonschema, fastapi, cel-python, pip-audit, mcp, boto3
2026-10-03T10:56:09.3730518Z 
2026-10-03T10:56:09.3809971Z Successfully installed CacheControl-0.14.4 PyJWT-2.15.1 PyYAML-6.0.3 annotated-doc-0.0.5 annotated-types-0.8.0 anyio-4.15.1 attrs-26.1.0 boolean.py-5.0 boto3-1.43.107 botocore-1.43.107 cel-python-0.4.0 certifi-2026.7.22 cffi-2.1.1 charset_normalizer-3.5.2 click-8.5.0 cryptography-50.0.2 cyclonedx-python-lib-11.12.0 defusedxml-0.7.1 fastapi-0.142.2 filelock-4.0.9 google-re2-1.1.20251105 greenlet-3.5.6 h11-0.16.0 httpcore-1.0.9 httpx-0.28.1 httpx-sse-0.4.3 idna-3.20 iniconfig-2.3.0 jmespath-1.1.0 jsonschema-4.26.0 jsonschema-specifications-2025.9.1 lark-1.3.1 license-expression-30.4.4 markdown-it-py-4.2.0 mcp-1.26.0 mdurl-0.1.2 msgpack-1.2.3 opentelemetry-api-1.45.0 packageurl-python-0.17.6 packaging-26.3 pendulum-3.2.0 pip-api-0.0.35 pip-audit-2.10.1 pip-requirements-parser-32.0.1 platformdirs-4.12.2 playwright-1.57.0 pluggy-1.6.0 py-serializable-2.1.0 pycparser-3.0 pydantic-2.13.5 pydantic-core-2.46.5 pydantic-settings-2.15.0 pyee-13.0.1 pygments-2.21.0 pyparsing-3.3.3 pytest-9.0.2 python-dateutil-2.9.0.post0 python-dotenv-1.2.4 python-multipart-0.0.32 referencing-0.37.0 requests-2.34.2 rich-15.0.0 rpds-py-2026.6.3 s3transfer-0.19.2 six-1.17.0 sortedcontainers-2.4.0 sse-starlette-3.5.0 starlette-1.7.0 tomli-2.4.1 tomli-w-1.2.0 typing-extensions-4.16.0 typing-inspection-0.4.4 tzdata-2026.5 urllib3-2.8.0 uvicorn-0.48.0
2026-10-03T10:56:09.5963606Z ##[group]Run npm ci
2026-10-03T10:56:09.5963874Z [36;1mnpm ci[0m
2026-10-03T10:56:09.6027171Z shell: /usr/bin/bash --noprofile --norc -e -o pipefail {0}
2026-10-03T10:56:09.6027502Z env:
2026-10-03T10:56:09.6027693Z   NEXT_TELEMETRY_DISABLED: 1
2026-10-03T10:56:09.6028006Z   pythonLocation: /opt/hostedtoolcache/Python/3.13.15/x64
2026-10-03T10:56:09.6028431Z   PKG_CONFIG_PATH: /opt/hostedtoolcache/Python/3.13.15/x64/lib/pkgconfig
2026-10-03T10:56:09.6028876Z   Python_ROOT_DIR: /opt/hostedtoolcache/Python/3.13.15/x64
2026-10-03T10:56:09.6029267Z   Python2_ROOT_DIR: /opt/hostedtoolcache/Python/3.13.15/x64
2026-10-03T10:56:09.6029645Z   Python3_ROOT_DIR: /opt/hostedtoolcache/Python/3.13.15/x64
2026-10-03T10:56:09.6030022Z   LD_LIBRARY_PATH: /opt/hostedtoolcache/Python/3.13.15/x64/lib
2026-10-03T10:56:09.6030337Z ##[endgroup]
2026-10-03T10:56:17.2599289Z 
2026-10-03T10:56:17.2599955Z added 24 packages, and audited 25 packages in 8s
2026-10-03T10:56:17.2600415Z 
2026-10-03T10:56:17.2600864Z 6 packages are looking for funding
2026-10-03T10:56:17.2601467Z   run `npm fund` for details
2026-10-03T10:56:17.2609300Z 
2026-10-03T10:56:17.2609626Z found 0 vulnerabilities
2026-10-03T10:56:17.3150685Z ##[group]Run python scripts/run_logged.py evidence/next-build.log -- npm run build
2026-10-03T10:56:17.3151299Z [36;1mpython scripts/run_logged.py evidence/next-build.log -- npm run build[0m
2026-10-03T10:56:17.3214911Z shell: /usr/bin/bash --noprofile --norc -e -o pipefail {0}
2026-10-03T10:56:17.3215258Z env:
2026-10-03T10:56:17.3215456Z   NEXT_TELEMETRY_DISABLED: 1
2026-10-03T10:56:17.3215766Z   pythonLocation: /opt/hostedtoolcache/Python/3.13.15/x64
2026-10-03T10:56:17.3216443Z   PKG_CONFIG_PATH: /opt/hostedtoolcache/Python/3.13.15/x64/lib/pkgconfig
2026-10-03T10:56:17.3216880Z   Python_ROOT_DIR: /opt/hostedtoolcache/Python/3.13.15/x64
2026-10-03T10:56:17.3217255Z   Python2_ROOT_DIR: /opt/hostedtoolcache/Python/3.13.15/x64
2026-10-03T10:56:17.3217652Z   Python3_ROOT_DIR: /opt/hostedtoolcache/Python/3.13.15/x64
2026-10-03T10:56:17.3218039Z   LD_LIBRARY_PATH: /opt/hostedtoolcache/Python/3.13.15/x64/lib
2026-10-03T10:56:17.3218356Z ##[endgroup]
2026-10-03T10:56:33.7087287Z 
2026-10-03T10:56:33.7090829Z > airlock-review-console@0.1.0 build
2026-10-03T10:56:33.7091695Z > next build frontend --webpack && node scripts/package_console.mjs
2026-10-03T10:56:33.7092114Z 
2026-10-03T10:56:33.7092578Z ▲ Next.js 16.3.8 (webpack)
2026-10-03T10:56:33.7093238Z ✓ Running next.config.mjs took 12ms
2026-10-03T10:56:33.7094884Z ⚠ No build cache found. Please configure build caching for faster rebuilds. Read more: https://nextjs.org/docs/messages/no-cache
2026-10-03T10:56:33.7095781Z 
2026-10-03T10:56:33.7096049Z   Creating an optimized production build ...
2026-10-03T10:56:33.7097394Z ✓ Compiled successfully in 4.7s
2026-10-03T10:56:33.7097887Z   Running TypeScript ...
2026-10-03T10:56:33.7098332Z   Finished TypeScript in 1ms ...
2026-10-03T10:56:33.7098875Z   Collecting page data using 3 workers ...
2026-10-03T10:56:33.7099501Z   Generating static pages using 3 workers (0/3) ...
2026-10-03T10:56:33.7100311Z ✓ Generating static pages using 3 workers (3/3) in 473ms
2026-10-03T10:56:33.7100992Z   Finalizing page optimization ...
2026-10-03T10:56:33.7101464Z   Collecting build traces ...
2026-10-03T10:56:33.7101744Z 
2026-10-03T10:56:33.7101894Z Route (app)
2026-10-03T10:56:33.7102290Z ┌ ○ /
2026-10-03T10:56:33.7102664Z └ ○ /_not-found
2026-10-03T10:56:33.7103217Z 
2026-10-03T10:56:33.7103228Z 
2026-10-03T10:56:33.7103616Z ○  (Static)  prerendered as static content
2026-10-03T10:56:33.7103975Z 
2026-10-03T10:56:33.7104917Z {"framework":"Next.js static export","inline_script_hashes":2,"destination":"/home/runner/work/AIRLOCK/AIRLOCK/airlock/console"}
2026-10-03T10:56:33.7243180Z ##[group]Run python scripts/run_logged.py evidence/npm-audit.log -- npm audit --omit=dev
2026-10-03T10:56:33.7243830Z [36;1mpython scripts/run_logged.py evidence/npm-audit.log -- npm audit --omit=dev[0m
2026-10-03T10:56:33.7307422Z shell: /usr/bin/bash --noprofile --norc -e -o pipefail {0}
2026-10-03T10:56:33.7307755Z env:
2026-10-03T10:56:33.7307948Z   NEXT_TELEMETRY_DISABLED: 1
2026-10-03T10:56:33.7308247Z   pythonLocation: /opt/hostedtoolcache/Python/3.13.15/x64
2026-10-03T10:56:33.7308669Z   PKG_CONFIG_PATH: /opt/hostedtoolcache/Python/3.13.15/x64/lib/pkgconfig
2026-10-03T10:56:33.7309107Z   Python_ROOT_DIR: /opt/hostedtoolcache/Python/3.13.15/x64
2026-10-03T10:56:33.7309501Z   Python2_ROOT_DIR: /opt/hostedtoolcache/Python/3.13.15/x64
2026-10-03T10:56:33.7309894Z   Python3_ROOT_DIR: /opt/hostedtoolcache/Python/3.13.15/x64
2026-10-03T10:56:33.7310281Z   LD_LIBRARY_PATH: /opt/hostedtoolcache/Python/3.13.15/x64/lib
2026-10-03T10:56:33.7310599Z ##[endgroup]
2026-10-03T10:56:34.1270025Z found 0 vulnerabilities
2026-10-03T10:56:34.1442896Z ##[group]Run python scripts/run_logged.py evidence/pytest.log -- python -m pytest -q --junitxml=evidence/pytest.xml
2026-10-03T10:56:34.1444444Z [36;1mpython scripts/run_logged.py evidence/pytest.log -- python -m pytest -q --junitxml=evidence/pytest.xml[0m
2026-10-03T10:56:34.1510126Z shell: /usr/bin/bash --noprofile --norc -e -o pipefail {0}
2026-10-03T10:56:34.1510496Z env:
2026-10-03T10:56:34.1510690Z   NEXT_TELEMETRY_DISABLED: 1
2026-10-03T10:56:34.1510995Z   pythonLocation: /opt/hostedtoolcache/Python/3.13.15/x64
2026-10-03T10:56:34.1511437Z   PKG_CONFIG_PATH: /opt/hostedtoolcache/Python/3.13.15/x64/lib/pkgconfig
2026-10-03T10:56:34.1511866Z   Python_ROOT_DIR: /opt/hostedtoolcache/Python/3.13.15/x64
2026-10-03T10:56:34.1512252Z   Python2_ROOT_DIR: /opt/hostedtoolcache/Python/3.13.15/x64
2026-10-03T10:56:34.1512639Z   Python3_ROOT_DIR: /opt/hostedtoolcache/Python/3.13.15/x64
2026-10-03T10:56:34.1513018Z   LD_LIBRARY_PATH: /opt/hostedtoolcache/Python/3.13.15/x64/lib
2026-10-03T10:56:34.1513362Z ##[endgroup]
2026-10-03T10:58:40.3489614Z ........................................................................ [ 10%]
2026-10-03T10:58:40.3492359Z ........................................................................ [ 20%]
2026-10-03T10:58:40.3493137Z ........................................................................ [ 31%]
2026-10-03T10:58:40.3493973Z ........................................................................ [ 41%]
2026-10-03T10:58:40.3494823Z ........................................................................ [ 52%]
2026-10-03T10:58:40.3495789Z ........................................................................ [ 62%]
2026-10-03T10:58:40.3496979Z ........................................................................ [ 73%]
2026-10-03T10:58:40.3497851Z ........................................................................ [ 83%]
2026-10-03T10:58:40.3498689Z ........................................................................ [ 94%]
2026-10-03T10:58:40.3499547Z .......................................                                  [100%]
2026-10-03T10:58:40.3500377Z =============================== warnings summary ===============================
2026-10-03T10:58:40.3501533Z ../../../../../opt/hostedtoolcache/Python/3.13.15/x64/lib/python3.13/site-packages/fastapi/testclient.py:1
2026-10-03T10:58:40.3503702Z   /opt/hostedtoolcache/Python/3.13.15/x64/lib/python3.13/site-packages/fastapi/testclient.py:1: StarletteDeprecationWarning: Using `httpx` with `starlette.testclient` is deprecated; install `httpx2` instead.
2026-10-03T10:58:40.3505514Z     from starlette.testclient import TestClient as TestClient  # noqa
2026-10-03T10:58:40.3506666Z 
2026-10-03T10:58:40.3507198Z -- Docs: https://docs.pytest.org/en/stable/how-to/capture-warnings.html
2026-10-03T10:58:40.3508089Z 687 passed, 1 warning in 124.22s (0:02:04)
2026-10-03T10:58:40.3636839Z ##[group]Run python scripts/run_logged.py evidence/acceptance-matrix.log -- python docs/acceptance/validate_matrix.py
2026-10-03T10:58:40.3637718Z [36;1mpython scripts/run_logged.py evidence/acceptance-matrix.log -- python docs/acceptance/validate_matrix.py[0m
2026-10-03T10:58:40.3700320Z shell: /usr/bin/bash --noprofile --norc -e -o pipefail {0}
2026-10-03T10:58:40.3700659Z env:
2026-10-03T10:58:40.3700857Z   NEXT_TELEMETRY_DISABLED: 1
2026-10-03T10:58:40.3701170Z   pythonLocation: /opt/hostedtoolcache/Python/3.13.15/x64
2026-10-03T10:58:40.3701596Z   PKG_CONFIG_PATH: /opt/hostedtoolcache/Python/3.13.15/x64/lib/pkgconfig
2026-10-03T10:58:40.3702039Z   Python_ROOT_DIR: /opt/hostedtoolcache/Python/3.13.15/x64
2026-10-03T10:58:40.3702443Z   Python2_ROOT_DIR: /opt/hostedtoolcache/Python/3.13.15/x64
2026-10-03T10:58:40.3702838Z   Python3_ROOT_DIR: /opt/hostedtoolcache/Python/3.13.15/x64
2026-10-03T10:58:40.3703220Z   LD_LIBRARY_PATH: /opt/hostedtoolcache/Python/3.13.15/x64/lib
2026-10-03T10:58:40.3703568Z ##[endgroup]
2026-10-03T10:58:40.6199271Z {"target_records": 126, "unique_receipts_checked": 30, "counts": {"implementation": {"IMPLEMENTED": 111, "PARTIAL": 15}, "verification": {"PASS": 105, "BLOCKED_EXTERNAL": 21}}, "original_goals_all_satisfied": false, "meaning": "bidirectional structure and provenance only; not functional or human acceptance"}
2026-10-03T10:58:40.6343262Z ##[group]Run python scripts/run_logged.py evidence/frontend-check.log -- npm run check
2026-10-03T10:58:40.6343939Z [36;1mpython scripts/run_logged.py evidence/frontend-check.log -- npm run check[0m
2026-10-03T10:58:40.6407279Z shell: /usr/bin/bash --noprofile --norc -e -o pipefail {0}
2026-10-03T10:58:40.6407612Z env:
2026-10-03T10:58:40.6407807Z   NEXT_TELEMETRY_DISABLED: 1
2026-10-03T10:58:40.6408112Z   pythonLocation: /opt/hostedtoolcache/Python/3.13.15/x64
2026-10-03T10:58:40.6408552Z   PKG_CONFIG_PATH: /opt/hostedtoolcache/Python/3.13.15/x64/lib/pkgconfig
2026-10-03T10:58:40.6408965Z   Python_ROOT_DIR: /opt/hostedtoolcache/Python/3.13.15/x64
2026-10-03T10:58:40.6409338Z   Python2_ROOT_DIR: /opt/hostedtoolcache/Python/3.13.15/x64
2026-10-03T10:58:40.6409721Z   Python3_ROOT_DIR: /opt/hostedtoolcache/Python/3.13.15/x64
2026-10-03T10:58:40.6410125Z   LD_LIBRARY_PATH: /opt/hostedtoolcache/Python/3.13.15/x64/lib
2026-10-03T10:58:40.6410442Z ##[endgroup]
2026-10-03T10:58:40.9258888Z 
2026-10-03T10:58:40.9259373Z > airlock-review-console@0.1.0 check
2026-10-03T10:58:40.9260747Z > node --check airlock/static/app.js && node --check airlock/static/review.js && node --check airlock/static/api.js && node --check airlock/static/lib.js && node --check airlock/static/governance.js && node --check airlock/static/study.js
2026-10-03T10:58:40.9261682Z 
2026-10-03T10:58:40.9415715Z ##[group]Run python scripts/run_logged.py evidence/frontend-tests.log -- npm test
2026-10-03T10:58:40.9416747Z [36;1mpython scripts/run_logged.py evidence/frontend-tests.log -- npm test[0m
2026-10-03T10:58:40.9479837Z shell: /usr/bin/bash --noprofile --norc -e -o pipefail {0}
2026-10-03T10:58:40.9480171Z env:
2026-10-03T10:58:40.9480369Z   NEXT_TELEMETRY_DISABLED: 1
2026-10-03T10:58:40.9480712Z   pythonLocation: /opt/hostedtoolcache/Python/3.13.15/x64
2026-10-03T10:58:40.9481144Z   PKG_CONFIG_PATH: /opt/hostedtoolcache/Python/3.13.15/x64/lib/pkgconfig
2026-10-03T10:58:40.9481563Z   Python_ROOT_DIR: /opt/hostedtoolcache/Python/3.13.15/x64
2026-10-03T10:58:40.9481933Z   Python2_ROOT_DIR: /opt/hostedtoolcache/Python/3.13.15/x64
2026-10-03T10:58:40.9482336Z   Python3_ROOT_DIR: /opt/hostedtoolcache/Python/3.13.15/x64
2026-10-03T10:58:40.9482743Z   LD_LIBRARY_PATH: /opt/hostedtoolcache/Python/3.13.15/x64/lib
2026-10-03T10:58:40.9483061Z ##[endgroup]
2026-10-03T10:58:41.2031912Z 
2026-10-03T10:58:41.2032687Z > airlock-review-console@0.1.0 test
2026-10-03T10:58:41.2033369Z > node --test tests-js/*.test.js
2026-10-03T10:58:41.2034084Z 
2026-10-03T10:58:41.2034264Z TAP version 13
2026-10-03T10:58:41.2034901Z # Subtest: visibility timing excludes background and unselected periods
2026-10-03T10:58:41.2035603Z ok 1 - visibility timing excludes background and unselected periods
2026-10-03T10:58:41.2036049Z   ---
2026-10-03T10:58:41.2036671Z   duration_ms: 0.908688
2026-10-03T10:58:41.2037099Z   type: 'test'
2026-10-03T10:58:41.2037455Z   ...
2026-10-03T10:58:41.2037917Z # Subtest: approval requires exact scope phrase and reason
2026-10-03T10:58:41.2038466Z ok 2 - approval requires exact scope phrase and reason
2026-10-03T10:58:41.2038838Z   ---
2026-10-03T10:58:41.2039069Z   duration_ms: 0.298444
2026-10-03T10:58:41.2039335Z   type: 'test'
2026-10-03T10:58:41.2039564Z   ...
2026-10-03T10:58:41.2039995Z # Subtest: SSE framing survives partial chunks, CRLF and heartbeats
2026-10-03T10:58:41.2040633Z ok 3 - SSE framing survives partial chunks, CRLF and heartbeats
2026-10-03T10:58:41.2041050Z   ---
2026-10-03T10:58:41.2041275Z   duration_ms: 0.962648
2026-10-03T10:58:41.2041534Z   type: 'test'
2026-10-03T10:58:41.2041760Z   ...
2026-10-03T10:58:41.2042045Z # Subtest: oversized event rejected
2026-10-03T10:58:41.2042416Z ok 4 - oversized event rejected
2026-10-03T10:58:41.2042702Z   ---
2026-10-03T10:58:41.2042924Z   duration_ms: 0.99633
2026-10-03T10:58:41.2043179Z   type: 'test'
2026-10-03T10:58:41.2043424Z   ...
2026-10-03T10:58:41.2043740Z # Subtest: countdown clamps expired actions
2026-10-03T10:58:41.2044187Z ok 5 - countdown clamps expired actions
2026-10-03T10:58:41.2044509Z   ---
2026-10-03T10:58:41.2044742Z   duration_ms: 0.258641
2026-10-03T10:58:41.2045004Z   type: 'test'
2026-10-03T10:58:41.2045234Z   ...
2026-10-03T10:58:41.2045688Z # Subtest: latency formatting keeps number and unit together on mobile
2026-10-03T10:58:41.2046791Z ok 6 - latency formatting keeps number and unit together on mobile
2026-10-03T10:58:41.2047224Z   ---
2026-10-03T10:58:41.2047456Z   duration_ms: 0.175475
2026-10-03T10:58:41.2047840Z   type: 'test'
2026-10-03T10:58:41.2048279Z   ...
2026-10-03T10:58:41.2048655Z 1..6
2026-10-03T10:58:41.2048938Z # tests 6
2026-10-03T10:58:41.2049325Z # suites 0
2026-10-03T10:58:41.2049609Z # pass 6
2026-10-03T10:58:41.2049957Z # fail 0
2026-10-03T10:58:41.2050238Z # cancelled 0
2026-10-03T10:58:41.2062561Z # skipped 0
2026-10-03T10:58:41.2062894Z # todo 0
2026-10-03T10:58:41.2063227Z # duration_ms 63.472617
2026-10-03T10:58:41.2181740Z ##[group]Run python -m benchmark.generate
2026-10-03T10:58:41.2182091Z [36;1mpython -m benchmark.generate[0m
2026-10-03T10:58:41.2244393Z shell: /usr/bin/bash --noprofile --norc -e -o pipefail {0}
2026-10-03T10:58:41.2244736Z env:
2026-10-03T10:58:41.2244935Z   NEXT_TELEMETRY_DISABLED: 1
2026-10-03T10:58:41.2245258Z   pythonLocation: /opt/hostedtoolcache/Python/3.13.15/x64
2026-10-03T10:58:41.2245706Z   PKG_CONFIG_PATH: /opt/hostedtoolcache/Python/3.13.15/x64/lib/pkgconfig
2026-10-03T10:58:41.2246284Z   Python_ROOT_DIR: /opt/hostedtoolcache/Python/3.13.15/x64
2026-10-03T10:58:41.2246681Z   Python2_ROOT_DIR: /opt/hostedtoolcache/Python/3.13.15/x64
2026-10-03T10:58:41.2247058Z   Python3_ROOT_DIR: /opt/hostedtoolcache/Python/3.13.15/x64
2026-10-03T10:58:41.2247438Z   LD_LIBRARY_PATH: /opt/hostedtoolcache/Python/3.13.15/x64/lib
2026-10-03T10:58:41.2247767Z ##[endgroup]
2026-10-03T10:58:41.2658511Z {"sha256": "243854b51e7039324de4c31fa7a67af1a98ddc48b9c9edfbbac581a2c2f73af7", "cases": 200, "families": 40, "dev_cases": 120, "test_cases": 80, "source": "synthetic only", "independent_annotators": 0, "human_experiment": "not_run"}
2026-10-03T10:58:41.2730517Z ##[group]Run cp benchmark/cases.jsonl evidence/synthetic-cases.jsonl
2026-10-03T10:58:41.2731034Z [36;1mcp benchmark/cases.jsonl evidence/synthetic-cases.jsonl[0m
2026-10-03T10:58:41.2789467Z shell: /usr/bin/bash --noprofile --norc -e -o pipefail {0}
2026-10-03T10:58:41.2789800Z env:
2026-10-03T10:58:41.2789996Z   NEXT_TELEMETRY_DISABLED: 1
2026-10-03T10:58:41.2790305Z   pythonLocation: /opt/hostedtoolcache/Python/3.13.15/x64
2026-10-03T10:58:41.2790935Z   PKG_CONFIG_PATH: /opt/hostedtoolcache/Python/3.13.15/x64/lib/pkgconfig
2026-10-03T10:58:41.2791376Z   Python_ROOT_DIR: /opt/hostedtoolcache/Python/3.13.15/x64
2026-10-03T10:58:41.2791771Z   Python2_ROOT_DIR: /opt/hostedtoolcache/Python/3.13.15/x64
2026-10-03T10:58:41.2792157Z   Python3_ROOT_DIR: /opt/hostedtoolcache/Python/3.13.15/x64
2026-10-03T10:58:41.2792540Z   LD_LIBRARY_PATH: /opt/hostedtoolcache/Python/3.13.15/x64/lib
2026-10-03T10:58:41.2792865Z ##[endgroup]
2026-10-03T10:58:41.2915088Z ##[group]Run python scripts/run_logged.py evidence/benchmark-dev.log -- python -m benchmark.evaluate --split dev --tuning --output evidence/benchmark-dev.json
2026-10-03T10:58:41.2916554Z [36;1mpython scripts/run_logged.py evidence/benchmark-dev.log -- python -m benchmark.evaluate --split dev --tuning --output evidence/benchmark-dev.json[0m
2026-10-03T10:58:41.2973158Z shell: /usr/bin/bash --noprofile --norc -e -o pipefail {0}
2026-10-03T10:58:41.2973494Z env:
2026-10-03T10:58:41.2973707Z   NEXT_TELEMETRY_DISABLED: 1
2026-10-03T10:58:41.2974021Z   pythonLocation: /opt/hostedtoolcache/Python/3.13.15/x64
2026-10-03T10:58:41.2974448Z   PKG_CONFIG_PATH: /opt/hostedtoolcache/Python/3.13.15/x64/lib/pkgconfig
2026-10-03T10:58:41.2974901Z   Python_ROOT_DIR: /opt/hostedtoolcache/Python/3.13.15/x64
2026-10-03T10:58:41.2975279Z   Python2_ROOT_DIR: /opt/hostedtoolcache/Python/3.13.15/x64
2026-10-03T10:58:41.2975674Z   Python3_ROOT_DIR: /opt/hostedtoolcache/Python/3.13.15/x64
2026-10-03T10:58:41.2976349Z   LD_LIBRARY_PATH: /opt/hostedtoolcache/Python/3.13.15/x64/lib
2026-10-03T10:58:41.2976692Z ##[endgroup]
2026-10-03T10:58:44.0111484Z {
2026-10-03T10:58:44.0112098Z   "recorded_at_utc": "2026-10-03T10:58:43.962931+00:00",
2026-10-03T10:58:44.0112658Z   "split": "dev",
2026-10-03T10:58:44.0113466Z   "corpus_sha256": "243854b51e7039324de4c31fa7a67af1a98ddc48b9c9edfbbac581a2c2f73af7",
2026-10-03T10:58:44.0114274Z   "python": "3.13.15",
2026-10-03T10:58:44.0114645Z   "sqlite": "3.53.1",
2026-10-03T10:58:44.0115060Z   "cases": 120,
2026-10-03T10:58:44.0115427Z   "families": 24,
2026-10-03T10:58:44.0115801Z   "keyword_baseline": {
2026-10-03T10:58:44.0116529Z     "exact_accuracy": 0.5833333333333334,
2026-10-03T10:58:44.0117091Z     "policy_gating_recall": 0.7222222222222222,
2026-10-03T10:58:44.0117642Z     "supported_read_fpr": 0.5,
2026-10-03T10:58:44.0118144Z     "supported_write_interception": 1.0,
2026-10-03T10:58:44.0118619Z     "denominators": {
2026-10-03T10:58:44.0118985Z       "all": 120,
2026-10-03T10:58:44.0119364Z       "requires_gate": 90,
2026-10-03T10:58:44.0119776Z       "supported_reads": 30,
2026-10-03T10:58:44.0120201Z       "supported_writes": 40
2026-10-03T10:58:44.0120594Z     },
2026-10-03T10:58:44.0120922Z     "confusion": {
2026-10-03T10:58:44.0121288Z       "pass -> block": 5,
2026-10-03T10:58:44.0121748Z       "pass -> need_approval": 10,
2026-10-03T10:58:44.0122200Z       "pass -> pass": 15,
2026-10-03T10:58:44.0122671Z       "need_approval -> need_approval": 40,
2026-10-03T10:58:44.0123106Z       "block -> block": 15,
2026-10-03T10:58:44.0123347Z       "block -> pass": 25,
2026-10-03T10:58:44.0123602Z       "block -> need_approval": 10
2026-10-03T10:58:44.0123851Z     }
2026-10-03T10:58:44.0124028Z   },
2026-10-03T10:58:44.0124202Z   "airlock": {
2026-10-03T10:58:44.0124408Z     "exact_accuracy": 1.0,
2026-10-03T10:58:44.0124669Z     "policy_gating_recall": 1.0,
2026-10-03T10:58:44.0124952Z     "supported_read_fpr": 0.0,
2026-10-03T10:58:44.0125253Z     "supported_write_interception": 1.0,
2026-10-03T10:58:44.0125526Z     "denominators": {
2026-10-03T10:58:44.0125738Z       "all": 120,
2026-10-03T10:58:44.0125946Z       "requires_gate": 90,
2026-10-03T10:58:44.0126460Z       "supported_reads": 30,
2026-10-03T10:58:44.0126709Z       "supported_writes": 40
2026-10-03T10:58:44.0126931Z     },
2026-10-03T10:58:44.0127114Z     "confusion": {
2026-10-03T10:58:44.0127324Z       "pass -> pass": 30,
2026-10-03T10:58:44.0127601Z       "need_approval -> need_approval": 40,
2026-10-03T10:58:44.0128204Z       "block -> block": 50
2026-10-03T10:58:44.0128421Z     }
2026-10-03T10:58:44.0128598Z   },
2026-10-03T10:58:44.0128812Z   "impact_exact_match_count": 40,
2026-10-03T10:58:44.0129064Z   "impact_denominator": 40,
2026-10-03T10:58:44.0129321Z   "evaluation_p95_ms": 11.544,
2026-10-03T10:58:44.0129555Z   "static_p95_ms": 0.085,
2026-10-03T10:58:44.0129777Z   "preview_p95_ms": 9.794,
2026-10-03T10:58:44.0130005Z   "pure_llm": "not_run",
2026-10-03T10:58:44.0130557Z   "hybrid_llm": "not_run_use_benchmark.ablation_with_authorization",
2026-10-03T10:58:44.0130928Z   "human_ab": "not_run",
2026-10-03T10:58:44.0131153Z   "cohens_kappa": null,
2026-10-03T10:58:44.0131369Z   "limitations": [
2026-10-03T10:58:44.0131609Z     "synthetic authored cases only",
2026-10-03T10:58:44.0131932Z     "correlated variants, only 40 families total",
2026-10-03T10:58:44.0132414Z     "author saw all templates; family split is not independent external validation",
2026-10-03T10:58:44.0133054Z     "gate recall includes unsupported/invalid statements, not a real-world danger recall",
2026-10-03T10:58:44.0133678Z     "latency excludes network and human review; this is a bounded 1206-row SQLite demo"
2026-10-03T10:58:44.0134075Z   ]
2026-10-03T10:58:44.0134250Z }
2026-10-03T10:58:44.0265221Z ##[group]Run python scripts/run_logged.py evidence/benchmark-test.log -- python -m benchmark.evaluate --split test --output evidence/benchmark-test.json
2026-10-03T10:58:44.0266637Z [36;1mpython scripts/run_logged.py evidence/benchmark-test.log -- python -m benchmark.evaluate --split test --output evidence/benchmark-test.json[0m
2026-10-03T10:58:44.0329682Z shell: /usr/bin/bash --noprofile --norc -e -o pipefail {0}
2026-10-03T10:58:44.0330016Z env:
2026-10-03T10:58:44.0330211Z   NEXT_TELEMETRY_DISABLED: 1
2026-10-03T10:58:44.0330513Z   pythonLocation: /opt/hostedtoolcache/Python/3.13.15/x64
2026-10-03T10:58:44.0330935Z   PKG_CONFIG_PATH: /opt/hostedtoolcache/Python/3.13.15/x64/lib/pkgconfig
2026-10-03T10:58:44.0331361Z   Python_ROOT_DIR: /opt/hostedtoolcache/Python/3.13.15/x64
2026-10-03T10:58:44.0331730Z   Python2_ROOT_DIR: /opt/hostedtoolcache/Python/3.13.15/x64
2026-10-03T10:58:44.0332101Z   Python3_ROOT_DIR: /opt/hostedtoolcache/Python/3.13.15/x64
2026-10-03T10:58:44.0332497Z   LD_LIBRARY_PATH: /opt/hostedtoolcache/Python/3.13.15/x64/lib
2026-10-03T10:58:44.0332810Z ##[endgroup]
2026-10-03T10:58:45.8843381Z {
2026-10-03T10:58:45.8843837Z   "recorded_at_utc": "2026-10-03T10:58:45.835079+00:00",
2026-10-03T10:58:45.8844204Z   "split": "test",
2026-10-03T10:58:45.8844687Z   "corpus_sha256": "243854b51e7039324de4c31fa7a67af1a98ddc48b9c9edfbbac581a2c2f73af7",
2026-10-03T10:58:45.8845406Z   "python": "3.13.15",
2026-10-03T10:58:45.8845774Z   "sqlite": "3.53.1",
2026-10-03T10:58:45.8846342Z   "cases": 80,
2026-10-03T10:58:45.8846687Z   "families": 16,
2026-10-03T10:58:45.8847060Z   "keyword_baseline": {
2026-10-03T10:58:45.8847357Z     "exact_accuracy": 0.75,
2026-10-03T10:58:45.8847641Z     "policy_gating_recall": 0.8,
2026-10-03T10:58:45.8847960Z     "supported_read_fpr": 0.0,
2026-10-03T10:58:45.8848267Z     "supported_write_interception": 1.0,
2026-10-03T10:58:45.8848560Z     "denominators": {
2026-10-03T10:58:45.8848783Z       "all": 80,
2026-10-03T10:58:45.8849009Z       "requires_gate": 50,
2026-10-03T10:58:45.8849297Z       "supported_reads": 30,
2026-10-03T10:58:45.8849551Z       "supported_writes": 20
2026-10-03T10:58:45.8849787Z     },
2026-10-03T10:58:45.8849985Z     "confusion": {
2026-10-03T10:58:45.8850216Z       "pass -> pass": 30,
2026-10-03T10:58:45.8850509Z       "need_approval -> need_approval": 20,
2026-10-03T10:58:45.8850808Z       "block -> block": 10,
2026-10-03T10:58:45.8851083Z       "block -> need_approval": 10,
2026-10-03T10:58:45.8851355Z       "block -> pass": 10
2026-10-03T10:58:45.8851581Z     }
2026-10-03T10:58:45.8851767Z   },
2026-10-03T10:58:45.8851950Z   "airlock": {
2026-10-03T10:58:45.8852162Z     "exact_accuracy": 1.0,
2026-10-03T10:58:45.8852432Z     "policy_gating_recall": 1.0,
2026-10-03T10:58:45.8853024Z     "supported_read_fpr": 0.0,
2026-10-03T10:58:45.8853321Z     "supported_write_interception": 1.0,
2026-10-03T10:58:45.8853613Z     "denominators": {
2026-10-03T10:58:45.8853830Z       "all": 80,
2026-10-03T10:58:45.8854049Z       "requires_gate": 50,
2026-10-03T10:58:45.8854292Z       "supported_reads": 30,
2026-10-03T10:58:45.8854543Z       "supported_writes": 20
2026-10-03T10:58:45.8854773Z     },
2026-10-03T10:58:45.8854969Z     "confusion": {
2026-10-03T10:58:45.8855187Z       "pass -> pass": 30,
2026-10-03T10:58:45.8855469Z       "need_approval -> need_approval": 20,
2026-10-03T10:58:45.8855762Z       "block -> block": 30
2026-10-03T10:58:45.8855986Z     }
2026-10-03T10:58:45.8856476Z   },
2026-10-03T10:58:45.8856820Z   "impact_exact_match_count": 20,
2026-10-03T10:58:45.8857111Z   "impact_denominator": 20,
2026-10-03T10:58:45.8857388Z   "evaluation_p95_ms": 11.381,
2026-10-03T10:58:45.8857641Z   "static_p95_ms": 0.09,
2026-10-03T10:58:45.8857881Z   "preview_p95_ms": 9.807,
2026-10-03T10:58:45.8858128Z   "pure_llm": "not_run",
2026-10-03T10:58:45.8858508Z   "hybrid_llm": "not_run_use_benchmark.ablation_with_authorization",
2026-10-03T10:58:45.8858889Z   "human_ab": "not_run",
2026-10-03T10:58:45.8859125Z   "cohens_kappa": null,
2026-10-03T10:58:45.8859568Z   "limitations": [
2026-10-03T10:58:45.8859839Z     "synthetic authored cases only",
2026-10-03T10:58:45.8860181Z     "correlated variants, only 40 families total",
2026-10-03T10:58:45.8860705Z     "author saw all templates; family split is not independent external validation",
2026-10-03T10:58:45.8861382Z     "gate recall includes unsupported/invalid statements, not a real-world danger recall",
2026-10-03T10:58:45.8862055Z     "latency excludes network and human review; this is a bounded 1206-row SQLite demo"
2026-10-03T10:58:45.8862491Z   ]
2026-10-03T10:58:45.8862672Z }
2026-10-03T10:58:45.8998444Z ##[group]Run python -m playwright install --with-deps chromium
2026-10-03T10:58:45.8998933Z [36;1mpython -m playwright install --with-deps chromium[0m
2026-10-03T10:58:45.9061528Z shell: /usr/bin/bash --noprofile --norc -e -o pipefail {0}
2026-10-03T10:58:45.9061869Z env:
2026-10-03T10:58:45.9062066Z   NEXT_TELEMETRY_DISABLED: 1
2026-10-03T10:58:45.9062368Z   pythonLocation: /opt/hostedtoolcache/Python/3.13.15/x64
2026-10-03T10:58:45.9062792Z   PKG_CONFIG_PATH: /opt/hostedtoolcache/Python/3.13.15/x64/lib/pkgconfig
2026-10-03T10:58:45.9063247Z   Python_ROOT_DIR: /opt/hostedtoolcache/Python/3.13.15/x64
2026-10-03T10:58:45.9063650Z   Python2_ROOT_DIR: /opt/hostedtoolcache/Python/3.13.15/x64
2026-10-03T10:58:45.9064029Z   Python3_ROOT_DIR: /opt/hostedtoolcache/Python/3.13.15/x64
2026-10-03T10:58:45.9064407Z   LD_LIBRARY_PATH: /opt/hostedtoolcache/Python/3.13.15/x64/lib
2026-10-03T10:58:45.9064723Z ##[endgroup]
2026-10-03T10:58:46.2187039Z Installing dependencies...
2026-10-03T10:58:46.2261233Z Switching to root user to install dependencies...
2026-10-03T10:58:46.3101093Z Get:1 file:/etc/apt/apt-mirrors.txt Mirrorlist [144 B]
2026-10-03T10:58:46.3367135Z Hit:2 http://azure.archive.ubuntu.com/ubuntu noble InRelease
2026-10-03T10:58:46.3368622Z Get:6 https://packages.microsoft.com/ubuntu/24.04/prod noble InRelease [3600 B]
2026-10-03T10:58:46.3387149Z Get:3 http://azure.archive.ubuntu.com/ubuntu noble-updates InRelease [126 kB]
2026-10-03T10:58:46.3427435Z Get:4 http://azure.archive.ubuntu.com/ubuntu noble-backports InRelease [126 kB]
2026-10-03T10:58:46.3445565Z Get:5 http://azure.archive.ubuntu.com/ubuntu noble-security InRelease [126 kB]
2026-10-03T10:58:46.4519520Z Get:7 https://packages.microsoft.com/ubuntu/24.04/prod noble/main arm64 Packages [458 kB]
2026-10-03T10:58:46.4689995Z Get:8 https://packages.microsoft.com/ubuntu/24.04/prod noble/main armhf Packages [12.6 kB]
2026-10-03T10:58:46.4717438Z Get:9 https://packages.microsoft.com/ubuntu/24.04/prod noble/main amd64 Packages [511 kB]
2026-10-03T10:58:46.5056771Z Get:10 http://azure.archive.ubuntu.com/ubuntu noble-updates/main amd64 Packages [1364 kB]
2026-10-03T10:58:46.5133095Z Get:11 http://azure.archive.ubuntu.com/ubuntu noble-updates/main Translation-en [304 kB]
2026-10-03T10:58:46.5164807Z Get:12 http://azure.archive.ubuntu.com/ubuntu noble-updates/main amd64 Components [181 kB]
2026-10-03T10:58:46.5183129Z Get:13 http://azure.archive.ubuntu.com/ubuntu noble-updates/universe amd64 Packages [1699 kB]
2026-10-03T10:58:46.5254145Z Get:14 http://azure.archive.ubuntu.com/ubuntu noble-updates/universe Translation-en [341 kB]
2026-10-03T10:58:46.5281741Z Get:15 http://azure.archive.ubuntu.com/ubuntu noble-updates/universe amd64 Components [388 kB]
2026-10-03T10:58:46.5307577Z Get:16 http://azure.archive.ubuntu.com/ubuntu noble-updates/restricted amd64 Packages [1720 kB]
2026-10-03T10:58:46.5439560Z Get:17 http://azure.archive.ubuntu.com/ubuntu noble-updates/restricted Translation-en [394 kB]
2026-10-03T10:58:46.5465129Z Get:18 http://azure.archive.ubuntu.com/ubuntu noble-updates/multiverse amd64 Components [940 B]
2026-10-03T10:58:46.5603015Z Get:19 http://azure.archive.ubuntu.com/ubuntu noble-backports/main amd64 Components [5736 B]
2026-10-03T10:58:46.6041800Z Get:20 http://azure.archive.ubuntu.com/ubuntu noble-backports/universe amd64 Components [12.6 kB]
2026-10-03T10:58:46.6141558Z Get:21 http://azure.archive.ubuntu.com/ubuntu noble-security/main amd64 Packages [1069 kB]
2026-10-03T10:58:46.6205347Z Get:22 http://azure.archive.ubuntu.com/ubuntu noble-security/main Translation-en [221 kB]
2026-10-03T10:58:46.6221150Z Get:23 http://azure.archive.ubuntu.com/ubuntu noble-security/main amd64 Components [46.5 kB]
2026-10-03T10:58:46.6235155Z Get:24 http://azure.archive.ubuntu.com/ubuntu noble-security/universe amd64 Packages [1216 kB]
2026-10-03T10:58:46.6307512Z Get:25 http://azure.archive.ubuntu.com/ubuntu noble-security/universe Translation-en [244 kB]
2026-10-03T10:58:46.6318752Z Get:26 http://azure.archive.ubuntu.com/ubuntu noble-security/universe amd64 Components [76.3 kB]
2026-10-03T10:58:46.6329881Z Get:27 http://azure.archive.ubuntu.com/ubuntu noble-security/restricted amd64 Packages [1566 kB]
2026-10-03T10:58:46.6416686Z Get:28 http://azure.archive.ubuntu.com/ubuntu noble-security/restricted Translation-en [361 kB]
2026-10-03T10:58:50.8481705Z Fetched 12.6 MB in 1s (9521 kB/s)
2026-10-03T10:58:51.6564068Z Reading package lists...
2026-10-03T10:58:51.6803919Z Reading package lists...
2026-10-03T10:58:51.8572006Z Building dependency tree...
2026-10-03T10:58:51.8579569Z Reading state information...
2026-10-03T10:58:51.9950714Z libasound2t64 is already the newest version (1.2.11-1ubuntu0.3).
2026-10-03T10:58:51.9951580Z libasound2t64 set to manually installed.
2026-10-03T10:58:51.9952405Z libatk-bridge2.0-0t64 is already the newest version (2.52.0-1build1).
2026-10-03T10:58:51.9953217Z libatk-bridge2.0-0t64 set to manually installed.
2026-10-03T10:58:51.9954022Z libatk1.0-0t64 is already the newest version (2.52.0-1build1).
2026-10-03T10:58:51.9954883Z libatk1.0-0t64 set to manually installed.
2026-10-03T10:58:51.9955660Z libatspi2.0-0t64 is already the newest version (2.52.0-1build1).
2026-10-03T10:58:51.9956657Z libatspi2.0-0t64 set to manually installed.
2026-10-03T10:58:51.9957516Z libcairo2 is already the newest version (1.18.0-3build1).
2026-10-03T10:58:51.9958264Z libcairo2 set to manually installed.
2026-10-03T10:58:51.9959168Z libcups2t64 is already the newest version (2.4.7-1.2ubuntu7.14).
2026-10-03T10:58:51.9959886Z libcups2t64 set to manually installed.
2026-10-03T10:58:51.9960611Z libdbus-1-3 is already the newest version (1.14.10-4ubuntu4.1).
2026-10-03T10:58:51.9961294Z libdbus-1-3 set to manually installed.
2026-10-03T10:58:51.9961979Z libdrm2 is already the newest version (2.4.125-1ubuntu0.1~24.04.2).
2026-10-03T10:58:51.9962392Z libdrm2 set to manually installed.
2026-10-03T10:58:51.9962817Z libglib2.0-0t64 is already the newest version (2.80.0-6ubuntu3.9).
2026-10-03T10:58:51.9963256Z libglib2.0-0t64 set to manually installed.
2026-10-03T10:58:51.9963678Z libnspr4 is already the newest version (2:4.35-1.1build1).
2026-10-03T10:58:51.9964058Z libnspr4 set to manually installed.
2026-10-03T10:58:51.9967329Z libnss3 is already the newest version (2:3.98-1ubuntu0.2).
2026-10-03T10:58:51.9967724Z libnss3 set to manually installed.
2026-10-03T10:58:51.9968297Z libpango-1.0-0 is already the newest version (1.52.1+ds-1build1).
2026-10-03T10:58:51.9968809Z libpango-1.0-0 set to manually installed.
2026-10-03T10:58:51.9969223Z libx11-6 is already the newest version (2:1.8.7-1build1).
2026-10-03T10:58:51.9969600Z libx11-6 set to manually installed.
2026-10-03T10:58:51.9969960Z libxcb1 is already the newest version (1.15-1ubuntu2).
2026-10-03T10:58:51.9970314Z libxcb1 set to manually installed.
2026-10-03T10:58:51.9970719Z libxcomposite1 is already the newest version (1:0.4.5-1build3).
2026-10-03T10:58:51.9971137Z libxcomposite1 set to manually installed.
2026-10-03T10:58:51.9971845Z libxdamage1 is already the newest version (1:1.1.6-1build1).
2026-10-03T10:58:51.9972551Z libxdamage1 set to manually installed.
2026-10-03T10:58:51.9973263Z libxext6 is already the newest version (2:1.3.4-1build2).
2026-10-03T10:58:51.9973930Z libxext6 set to manually installed.
2026-10-03T10:58:51.9974479Z libxfixes3 is already the newest version (1:6.0.0-2build1).
2026-10-03T10:58:51.9974889Z libxfixes3 set to manually installed.
2026-10-03T10:58:51.9975296Z libxkbcommon0 is already the newest version (1.6.0-1build1).
2026-10-03T10:58:51.9975692Z libxkbcommon0 set to manually installed.
2026-10-03T10:58:51.9976327Z libxrandr2 is already the newest version (2:1.5.2-2build1).
2026-10-03T10:58:51.9976832Z libxrandr2 set to manually installed.
2026-10-03T10:58:51.9977568Z xvfb is already the newest version (2:21.1.12-1ubuntu1.8).
2026-10-03T10:58:51.9978564Z fonts-noto-color-emoji is already the newest version (2.047-0ubuntu0.24.04.1).
2026-10-03T10:58:51.9979260Z libfontconfig1 is already the newest version (2.15.0-1.1ubuntu2).
2026-10-03T10:58:51.9979886Z libfontconfig1 set to manually installed.
2026-10-03T10:58:51.9980349Z libfreetype6 is already the newest version (2.13.2+dfsg-1ubuntu0.1).
2026-10-03T10:58:51.9980770Z libfreetype6 set to manually installed.
2026-10-03T10:58:51.9981190Z fonts-liberation is already the newest version (1:2.1.5-3).
2026-10-03T10:58:51.9981753Z fonts-liberation set to manually installed.
2026-10-03T10:58:51.9982457Z The following additional packages will be installed:
2026-10-03T10:58:51.9983369Z   libgl1-mesa-dri libglx-mesa0 mesa-libgallium xfonts-encodings xfonts-utils
2026-10-03T10:58:51.9984132Z Recommended packages:
2026-10-03T10:58:51.9984632Z   fonts-ipafont-mincho fonts-tlwg-loma
2026-10-03T10:58:52.0149583Z The following NEW packages will be installed:
2026-10-03T10:58:52.0150499Z   fonts-freefont-ttf fonts-ipafont-gothic fonts-tlwg-loma-otf fonts-unifont
2026-10-03T10:58:52.0155685Z   fonts-wqy-zenhei xfonts-cyrillic xfonts-encodings xfonts-scalable
2026-10-03T10:58:52.0156606Z   xfonts-utils
2026-10-03T10:58:52.0160716Z The following packages will be upgraded:
2026-10-03T10:58:52.0165126Z   libgbm1 libgl1-mesa-dri libglx-mesa0 mesa-libgallium
2026-10-03T10:58:52.0325688Z 4 upgraded, 9 newly installed, 0 to remove and 21 not upgraded.
2026-10-03T10:58:52.0326433Z Need to get 32.1 MB of archives.
2026-10-03T10:58:52.0326921Z After this operation, 79.5 MB of additional disk space will be used.
2026-10-03T10:58:52.0327432Z Get:1 file:/etc/apt/apt-mirrors.txt Mirrorlist [144 B]
2026-10-03T10:58:52.1222319Z Get:2 http://azure.archive.ubuntu.com/ubuntu noble/universe amd64 fonts-ipafont-gothic all 00303-21ubuntu1 [3513 kB]
2026-10-03T10:58:52.3722798Z Get:3 http://azure.archive.ubuntu.com/ubuntu noble/main amd64 fonts-freefont-ttf all 20211204+svn4273-2 [5641 kB]
2026-10-03T10:58:52.5598755Z Get:4 http://azure.archive.ubuntu.com/ubuntu noble/universe amd64 fonts-tlwg-loma-otf all 1:0.7.3-1 [107 kB]
2026-10-03T10:58:52.6360221Z Get:5 http://azure.archive.ubuntu.com/ubuntu noble/universe amd64 fonts-unifont all 1:15.1.01-1build1 [2993 kB]
2026-10-03T10:58:52.7364485Z Get:6 http://azure.archive.ubuntu.com/ubuntu noble/universe amd64 fonts-wqy-zenhei all 0.9.45-8 [7472 kB]
2026-10-03T10:58:52.9746490Z Get:7 http://azure.archive.ubuntu.com/ubuntu noble-updates/main amd64 libgl1-mesa-dri amd64 25.2.8-0ubuntu0.24.04.4 [38.0 kB]
2026-10-03T10:58:53.0504355Z Get:8 http://azure.archive.ubuntu.com/ubuntu noble-updates/main amd64 libglx-mesa0 amd64 25.2.8-0ubuntu0.24.04.4 [110 kB]
2026-10-03T10:58:53.1270755Z Get:9 http://azure.archive.ubuntu.com/ubuntu noble-updates/main amd64 libgbm1 amd64 25.2.8-0ubuntu0.24.04.4 [34.2 kB]
2026-10-03T10:58:53.2027650Z Get:10 http://azure.archive.ubuntu.com/ubuntu noble-updates/main amd64 mesa-libgallium amd64 25.2.8-0ubuntu0.24.04.4 [10.8 MB]
2026-10-03T10:58:53.5368736Z Get:11 http://azure.archive.ubuntu.com/ubuntu noble/main amd64 xfonts-encodings all 1:1.0.5-0ubuntu2 [578 kB]
2026-10-03T10:58:53.6261685Z Get:12 http://azure.archive.ubuntu.com/ubuntu noble/main amd64 xfonts-utils amd64 1:7.7+6build3 [94.4 kB]
2026-10-03T10:58:53.7056325Z Get:13 http://azure.archive.ubuntu.com/ubuntu noble/universe amd64 xfonts-cyrillic all 1:1.0.5+nmu1 [384 kB]
2026-10-03T10:58:53.7898075Z Get:14 http://azure.archive.ubuntu.com/ubuntu noble/main amd64 xfonts-scalable all 1:1.0.3-1.3 [304 kB]
2026-10-03T10:58:54.0421998Z Fetched 32.1 MB in 2s (18.1 MB/s)
2026-10-03T10:58:54.0649795Z Selecting previously unselected package fonts-ipafont-gothic.
2026-10-03T10:58:54.0980654Z (Reading database ... 
2026-10-03T10:58:54.0981418Z (Reading database ... 5%
2026-10-03T10:58:54.0982108Z (Reading database ... 10%
2026-10-03T10:58:54.0982595Z (Reading database ... 15%
2026-10-03T10:58:54.0983025Z (Reading database ... 20%
2026-10-03T10:58:54.0983443Z (Reading database ... 25%
2026-10-03T10:58:54.0983721Z (Reading database ... 30%
2026-10-03T10:58:54.0984115Z (Reading database ... 35%
2026-10-03T10:58:54.0984395Z (Reading database ... 40%
2026-10-03T10:58:54.0984670Z (Reading database ... 45%
2026-10-03T10:58:54.0984936Z (Reading database ... 50%
2026-10-03T10:58:54.1026654Z (Reading database ... 55%
2026-10-03T10:58:54.2371896Z (Reading database ... 60%
2026-10-03T10:58:54.4454792Z (Reading database ... 65%
2026-10-03T10:58:54.6342590Z (Reading database ... 70%
2026-10-03T10:58:54.8029411Z (Reading database ... 75%
2026-10-03T10:58:54.9403226Z (Reading database ... 80%
2026-10-03T10:58:55.1061229Z (Reading database ... 85%
2026-10-03T10:58:55.2612158Z (Reading database ... 90%
2026-10-03T10:58:55.4117455Z (Reading database ... 95%
2026-10-03T10:58:55.4117828Z (Reading database ... 100%
2026-10-03T10:58:55.4118325Z (Reading database ... 202296 files and directories currently installed.)
2026-10-03T10:58:55.4159367Z Preparing to unpack .../00-fonts-ipafont-gothic_00303-21ubuntu1_all.deb ...
2026-10-03T10:58:55.4251875Z Unpacking fonts-ipafont-gothic (00303-21ubuntu1) ...
2026-10-03T10:58:55.6484386Z Selecting previously unselected package fonts-freefont-ttf.
2026-10-03T10:58:55.6610737Z Preparing to unpack .../01-fonts-freefont-ttf_20211204+svn4273-2_all.deb ...
2026-10-03T10:58:55.6616538Z Unpacking fonts-freefont-ttf (20211204+svn4273-2) ...
2026-10-03T10:58:55.7372770Z Selecting previously unselected package fonts-tlwg-loma-otf.
2026-10-03T10:58:55.7498764Z Preparing to unpack .../02-fonts-tlwg-loma-otf_1%3a0.7.3-1_all.deb ...
2026-10-03T10:58:55.7504229Z Unpacking fonts-tlwg-loma-otf (1:0.7.3-1) ...
2026-10-03T10:58:55.7698746Z Selecting previously unselected package fonts-unifont.
2026-10-03T10:58:55.7821768Z Preparing to unpack .../03-fonts-unifont_1%3a15.1.01-1build1_all.deb ...
2026-10-03T10:58:55.7833839Z Unpacking fonts-unifont (1:15.1.01-1build1) ...
2026-10-03T10:58:55.8917293Z Selecting previously unselected package fonts-wqy-zenhei.
2026-10-03T10:58:55.9043719Z Preparing to unpack .../04-fonts-wqy-zenhei_0.9.45-8_all.deb ...
2026-10-03T10:58:55.9152977Z Unpacking fonts-wqy-zenhei (0.9.45-8) ...
2026-10-03T10:58:56.3867744Z Preparing to unpack .../05-libgl1-mesa-dri_25.2.8-0ubuntu0.24.04.4_amd64.deb ...
2026-10-03T10:58:56.4003269Z Unpacking libgl1-mesa-dri:amd64 (25.2.8-0ubuntu0.24.04.4) over (25.2.8-0ubuntu0.24.04.2) ...
2026-10-03T10:58:56.4475711Z Preparing to unpack .../06-libglx-mesa0_25.2.8-0ubuntu0.24.04.4_amd64.deb ...
2026-10-03T10:58:56.4505165Z Unpacking libglx-mesa0:amd64 (25.2.8-0ubuntu0.24.04.4) over (25.2.8-0ubuntu0.24.04.2) ...
2026-10-03T10:58:56.4892984Z Preparing to unpack .../07-libgbm1_25.2.8-0ubuntu0.24.04.4_amd64.deb ...
2026-10-03T10:58:56.4914385Z Unpacking libgbm1:amd64 (25.2.8-0ubuntu0.24.04.4) over (25.2.8-0ubuntu0.24.04.2) ...
2026-10-03T10:58:56.5264757Z Preparing to unpack .../08-mesa-libgallium_25.2.8-0ubuntu0.24.04.4_amd64.deb ...
2026-10-03T10:58:56.5285957Z Unpacking mesa-libgallium:amd64 (25.2.8-0ubuntu0.24.04.4) over (25.2.8-0ubuntu0.24.04.2) ...
2026-10-03T10:58:56.6925382Z Selecting previously unselected package xfonts-encodings.
2026-10-03T10:58:56.7053004Z Preparing to unpack .../09-xfonts-encodings_1%3a1.0.5-0ubuntu2_all.deb ...
2026-10-03T10:58:56.7058467Z Unpacking xfonts-encodings (1:1.0.5-0ubuntu2) ...
2026-10-03T10:58:56.7327547Z Selecting previously unselected package xfonts-utils.
2026-10-03T10:58:56.7454638Z Preparing to unpack .../10-xfonts-utils_1%3a7.7+6build3_amd64.deb ...
2026-10-03T10:58:56.7459967Z Unpacking xfonts-utils (1:7.7+6build3) ...
2026-10-03T10:58:56.7827245Z Selecting previously unselected package xfonts-cyrillic.
2026-10-03T10:58:56.7953331Z Preparing to unpack .../11-xfonts-cyrillic_1%3a1.0.5+nmu1_all.deb ...
2026-10-03T10:58:56.7961423Z Unpacking xfonts-cyrillic (1:1.0.5+nmu1) ...
2026-10-03T10:58:56.8286761Z Selecting previously unselected package xfonts-scalable.
2026-10-03T10:58:56.8410056Z Preparing to unpack .../12-xfonts-scalable_1%3a1.0.3-1.3_all.deb ...
2026-10-03T10:58:56.8417443Z Unpacking xfonts-scalable (1:1.0.3-1.3) ...
2026-10-03T10:58:56.8836827Z Setting up mesa-libgallium:amd64 (25.2.8-0ubuntu0.24.04.4) ...
2026-10-03T10:58:56.8856842Z Setting up libgbm1:amd64 (25.2.8-0ubuntu0.24.04.4) ...
2026-10-03T10:58:56.8877463Z Setting up libgl1-mesa-dri:amd64 (25.2.8-0ubuntu0.24.04.4) ...
2026-10-03T10:58:56.8948735Z Setting up fonts-wqy-zenhei (0.9.45-8) ...
2026-10-03T10:58:56.9062470Z Setting up fonts-freefont-ttf (20211204+svn4273-2) ...
2026-10-03T10:58:56.9080850Z Setting up fonts-tlwg-loma-otf (1:0.7.3-1) ...
2026-10-03T10:58:56.9097403Z Setting up xfonts-encodings (1:1.0.5-0ubuntu2) ...
2026-10-03T10:58:56.9114107Z Setting up fonts-ipafont-gothic (00303-21ubuntu1) ...
2026-10-03T10:58:56.9177432Z update-alternatives: using /usr/share/fonts/opentype/ipafont-gothic/ipag.ttf to provide /usr/share/fonts/truetype/fonts-japanese-gothic.ttf (fonts-japanese-gothic.ttf) in auto mode
2026-10-03T10:58:56.9192020Z Setting up fonts-unifont (1:15.1.01-1build1) ...
2026-10-03T10:58:56.9208737Z Setting up libglx-mesa0:amd64 (25.2.8-0ubuntu0.24.04.4) ...
2026-10-03T10:58:56.9227030Z Setting up xfonts-utils (1:7.7+6build3) ...
2026-10-03T10:58:56.9266642Z Setting up xfonts-cyrillic (1:1.0.5+nmu1) ...
2026-10-03T10:58:56.9558784Z Setting up xfonts-scalable (1:1.0.3-1.3) ...
2026-10-03T10:58:56.9832716Z Processing triggers for libc-bin (2.39-0ubuntu8.9) ...
2026-10-03T10:58:56.9977498Z Processing triggers for man-db (2.12.0-4build2) ...
2026-10-03T10:58:57.0000026Z Not building database; man-db/auto-update is not 'true'.
2026-10-03T10:58:57.0011785Z Processing triggers for fontconfig (2.15.0-1.1ubuntu2) ...
2026-10-03T10:58:57.7359414Z 
2026-10-03T10:58:57.7362109Z Running kernel seems to be up-to-date.
2026-10-03T10:58:57.7362705Z 
2026-10-03T10:58:57.7363040Z No services need to be restarted.
2026-10-03T10:58:57.7363422Z 
2026-10-03T10:58:57.7363740Z No containers need to be restarted.
2026-10-03T10:58:57.7364157Z 
2026-10-03T10:58:57.7364403Z No user sessions are running outdated binaries.
2026-10-03T10:58:57.7364687Z 
2026-10-03T10:58:57.7365049Z No VM guests are running outdated hypervisor (qemu) binaries on this host.
2026-10-03T10:58:58.6148112Z Downloading Chromium 143.0.7499.4 (playwright build v1200) from https://cdn.playwright.dev/dbazure/download/playwright/builds/chromium/1200/chromium-linux.zip
2026-10-03T10:58:58.7124095Z (node:4164) [DEP0169] DeprecationWarning: `url.parse()` behavior is not standardized and prone to errors that have security implications. Use the WHATWG URL API instead. CVEs are not issued for `url.parse()` vulnerabilities.
2026-10-03T10:58:58.7126899Z (Use `node --trace-deprecation ...` to show where the warning was created)
2026-10-03T10:58:58.8288435Z |                                                                                |   0% of 164.7 MiB
2026-10-03T10:58:58.9723564Z |■■■■■■■■                                                                        |  10% of 164.7 MiB
2026-10-03T10:58:59.0703277Z |■■■■■■■■■■■■■■■■                                                                |  20% of 164.7 MiB
2026-10-03T10:58:59.1530530Z |■■■■■■■■■■■■■■■■■■■■■■■■                                                        |  30% of 164.7 MiB
2026-10-03T10:58:59.2254571Z |■■■■■■■■■■■■■■■■■■■■■■■■■■■■■■■■                                                |  40% of 164.7 MiB
2026-10-03T10:58:59.2945941Z |■■■■■■■■■■■■■■■■■■■■■■■■■■■■■■■■■■■■■■■■                                        |  50% of 164.7 MiB
2026-10-03T10:58:59.3726012Z |■■■■■■■■■■■■■■■■■■■■■■■■■■■■■■■■■■■■■■■■■■■■■■■■                                |  60% of 164.7 MiB
2026-10-03T10:58:59.4462028Z |■■■■■■■■■■■■■■■■■■■■■■■■■■■■■■■■■■■■■■■■■■■■■■■■■■■■■■■■                        |  70% of 164.7 MiB
2026-10-03T10:58:59.5155020Z |■■■■■■■■■■■■■■■■■■■■■■■■■■■■■■■■■■■■■■■■■■■■■■■■■■■■■■■■■■■■■■■■                |  80% of 164.7 MiB
2026-10-03T10:58:59.6131103Z |■■■■■■■■■■■■■■■■■■■■■■■■■■■■■■■■■■■■■■■■■■■■■■■■■■■■■■■■■■■■■■■■■■■■■■■■        |  90% of 164.7 MiB
2026-10-03T10:58:59.6892464Z |■■■■■■■■■■■■■■■■■■■■■■■■■■■■■■■■■■■■■■■■■■■■■■■■■■■■■■■■■■■■■■■■■■■■■■■■■■■■■■■■| 100% of 164.7 MiB
2026-10-03T10:59:02.2875083Z Chromium 143.0.7499.4 (playwright build v1200) downloaded to /home/runner/.cache/ms-playwright/chromium-1200
2026-10-03T10:59:02.2879695Z Downloading FFMPEG playwright build v1011 from https://cdn.playwright.dev/dbazure/download/playwright/builds/ffmpeg/1011/ffmpeg-linux.zip
2026-10-03T10:59:02.3908274Z (node:4175) [DEP0169] DeprecationWarning: `url.parse()` behavior is not standardized and prone to errors that have security implications. Use the WHATWG URL API instead. CVEs are not issued for `url.parse()` vulnerabilities.
2026-10-03T10:59:02.3910463Z (Use `node --trace-deprecation ...` to show where the warning was created)
2026-10-03T10:59:02.5868245Z |                                                                                |   0% of 2.3 MiB
2026-10-03T10:59:02.5899456Z |■■■■■■■■                                                                        |  10% of 2.3 MiB
2026-10-03T10:59:02.5943366Z |■■■■■■■■■■■■■■■■                                                                |  20% of 2.3 MiB
2026-10-03T10:59:02.5977941Z |■■■■■■■■■■■■■■■■■■■■■■■■                                                        |  30% of 2.3 MiB
2026-10-03T10:59:02.6003529Z |■■■■■■■■■■■■■■■■■■■■■■■■■■■■■■■■                                                |  40% of 2.3 MiB
2026-10-03T10:59:02.6041721Z |■■■■■■■■■■■■■■■■■■■■■■■■■■■■■■■■■■■■■■■■                                        |  50% of 2.3 MiB
2026-10-03T10:59:02.6058904Z |■■■■■■■■■■■■■■■■■■■■■■■■■■■■■■■■■■■■■■■■■■■■■■■■                                |  60% of 2.3 MiB
2026-10-03T10:59:02.6098618Z |■■■■■■■■■■■■■■■■■■■■■■■■■■■■■■■■■■■■■■■■■■■■■■■■■■■■■■■■                        |  70% of 2.3 MiB
2026-10-03T10:59:02.6101875Z |■■■■■■■■■■■■■■■■■■■■■■■■■■■■■■■■■■■■■■■■■■■■■■■■■■■■■■■■■■■■■■■■                |  80% of 2.3 MiB
2026-10-03T10:59:02.6117478Z |■■■■■■■■■■■■■■■■■■■■■■■■■■■■■■■■■■■■■■■■■■■■■■■■■■■■■■■■■■■■■■■■■■■■■■■■        |  90% of 2.3 MiB
2026-10-03T10:59:02.6127687Z |■■■■■■■■■■■■■■■■■■■■■■■■■■■■■■■■■■■■■■■■■■■■■■■■■■■■■■■■■■■■■■■■■■■■■■■■■■■■■■■■| 100% of 2.3 MiB
2026-10-03T10:59:02.6751304Z FFMPEG playwright build v1011 downloaded to /home/runner/.cache/ms-playwright/ffmpeg-1011
2026-10-03T10:59:02.6755672Z Downloading Chromium Headless Shell 143.0.7499.4 (playwright build v1200) from https://cdn.playwright.dev/dbazure/download/playwright/builds/chromium/1200/chromium-headless-shell-linux.zip
2026-10-03T10:59:02.7737384Z (node:4186) [DEP0169] DeprecationWarning: `url.parse()` behavior is not standardized and prone to errors that have security implications. Use the WHATWG URL API instead. CVEs are not issued for `url.parse()` vulnerabilities.
2026-10-03T10:59:02.7739838Z (Use `node --trace-deprecation ...` to show where the warning was created)
2026-10-03T10:59:02.8852025Z |                                                                                |   0% of 109.7 MiB
2026-10-03T10:59:03.0207974Z |■■■■■■■■                                                                        |  10% of 109.7 MiB
2026-10-03T10:59:03.0898174Z |■■■■■■■■■■■■■■■■                                                                |  20% of 109.7 MiB
2026-10-03T10:59:03.1570245Z |■■■■■■■■■■■■■■■■■■■■■■■■                                                        |  30% of 109.7 MiB
2026-10-03T10:59:03.2223024Z |■■■■■■■■■■■■■■■■■■■■■■■■■■■■■■■■                                                |  40% of 109.7 MiB
2026-10-03T10:59:03.2742970Z |■■■■■■■■■■■■■■■■■■■■■■■■■■■■■■■■■■■■■■■■                                        |  50% of 109.7 MiB
2026-10-03T10:59:03.3240928Z |■■■■■■■■■■■■■■■■■■■■■■■■■■■■■■■■■■■■■■■■■■■■■■■■                                |  60% of 109.7 MiB
2026-10-03T10:59:03.3718448Z |■■■■■■■■■■■■■■■■■■■■■■■■■■■■■■■■■■■■■■■■■■■■■■■■■■■■■■■■                        |  70% of 109.7 MiB
2026-10-03T10:59:03.4177001Z |■■■■■■■■■■■■■■■■■■■■■■■■■■■■■■■■■■■■■■■■■■■■■■■■■■■■■■■■■■■■■■■■                |  80% of 109.7 MiB
2026-10-03T10:59:03.4730829Z |■■■■■■■■■■■■■■■■■■■■■■■■■■■■■■■■■■■■■■■■■■■■■■■■■■■■■■■■■■■■■■■■■■■■■■■■        |  90% of 109.7 MiB
2026-10-03T10:59:03.5255932Z |■■■■■■■■■■■■■■■■■■■■■■■■■■■■■■■■■■■■■■■■■■■■■■■■■■■■■■■■■■■■■■■■■■■■■■■■■■■■■■■■| 100% of 109.7 MiB
2026-10-03T10:59:05.6396957Z Chromium Headless Shell 143.0.7499.4 (playwright build v1200) downloaded to /home/runner/.cache/ms-playwright/chromium_headless_shell-1200
2026-10-03T10:59:05.6653884Z ##[group]Run python scripts/run_logged.py evidence/browser-native.log -- python scripts/browser_smoke.py
2026-10-03T10:59:05.6655594Z [36;1mpython scripts/run_logged.py evidence/browser-native.log -- python scripts/browser_smoke.py[0m
2026-10-03T10:59:05.6723530Z shell: /usr/bin/bash --noprofile --norc -e -o pipefail {0}
2026-10-03T10:59:05.6723866Z env:
2026-10-03T10:59:05.6724063Z   NEXT_TELEMETRY_DISABLED: 1
2026-10-03T10:59:05.6724370Z   pythonLocation: /opt/hostedtoolcache/Python/3.13.15/x64
2026-10-03T10:59:05.6724792Z   PKG_CONFIG_PATH: /opt/hostedtoolcache/Python/3.13.15/x64/lib/pkgconfig
2026-10-03T10:59:05.6725222Z   Python_ROOT_DIR: /opt/hostedtoolcache/Python/3.13.15/x64
2026-10-03T10:59:05.6725616Z   Python2_ROOT_DIR: /opt/hostedtoolcache/Python/3.13.15/x64
2026-10-03T10:59:05.6725996Z   Python3_ROOT_DIR: /opt/hostedtoolcache/Python/3.13.15/x64
2026-10-03T10:59:05.6726745Z   LD_LIBRARY_PATH: /opt/hostedtoolcache/Python/3.13.15/x64/lib
2026-10-03T10:59:05.6727096Z ##[endgroup]
2026-10-03T10:59:40.6262926Z {
2026-10-03T10:59:40.6263562Z   "mode": "native_browser_e2e",
2026-10-03T10:59:40.6264155Z   "passed": [
2026-10-03T10:59:40.6264851Z     "agent_credential_rejected_by_reviewer_console",
2026-10-03T10:59:40.6265737Z     "pending_queue_survives_more_than_100_newer_reads",
2026-10-03T10:59:40.6266901Z     "approval_disabled_without_informed_confirmation",
2026-10-03T10:59:40.6267552Z     "browser_rejection_preserves_all_1206_rows",
2026-10-03T10:59:40.6268068Z     "browser_approval_executes_real_update_once",
2026-10-03T10:59:40.6268691Z     "critical_action_requires_exact_1206_scope_phrase",
2026-10-03T10:59:40.6269361Z     "390px_mobile_has_no_horizontal_overflow",
2026-10-03T10:59:40.6269989Z     "audit_replay_and_hmac_verification_render",
2026-10-03T10:59:40.6270743Z     "metrics_use_real_samples_and_unknown_model_cost",
2026-10-03T10:59:40.6271555Z     "batch_ui_lists_bound_members_and_enforces_confirmation",
2026-10-03T10:59:40.6272290Z     "recovery_is_a_separate_informed_approval",
2026-10-03T10:59:40.6273111Z     "study_import_counterbalance_visibility_and_export_automation_only",
2026-10-03T10:59:40.6273931Z     "logout_removes_authenticated_console",
2026-10-03T10:59:40.6274464Z     "no_browser_javascript_errors"
2026-10-03T10:59:40.6274941Z   ],
2026-10-03T10:59:40.6275300Z   "errors": [],
2026-10-03T10:59:40.6275638Z   "not_proven": []
2026-10-03T10:59:40.6275962Z }
2026-10-03T10:59:40.6414902Z ##[group]Run python scripts/run_logged.py evidence/browser-edges.log -- python scripts/browser_edges.py
2026-10-03T10:59:40.6415661Z [36;1mpython scripts/run_logged.py evidence/browser-edges.log -- python scripts/browser_edges.py[0m
2026-10-03T10:59:40.6478348Z shell: /usr/bin/bash --noprofile --norc -e -o pipefail {0}
2026-10-03T10:59:40.6478688Z env:
2026-10-03T10:59:40.6478891Z   NEXT_TELEMETRY_DISABLED: 1
2026-10-03T10:59:40.6479204Z   pythonLocation: /opt/hostedtoolcache/Python/3.13.15/x64
2026-10-03T10:59:40.6479653Z   PKG_CONFIG_PATH: /opt/hostedtoolcache/Python/3.13.15/x64/lib/pkgconfig
2026-10-03T10:59:40.6480088Z   Python_ROOT_DIR: /opt/hostedtoolcache/Python/3.13.15/x64
2026-10-03T10:59:40.6480686Z   Python2_ROOT_DIR: /opt/hostedtoolcache/Python/3.13.15/x64
2026-10-03T10:59:40.6481081Z   Python3_ROOT_DIR: /opt/hostedtoolcache/Python/3.13.15/x64
2026-10-03T10:59:40.6481474Z   LD_LIBRARY_PATH: /opt/hostedtoolcache/Python/3.13.15/x64/lib
2026-10-03T10:59:40.6481827Z ##[endgroup]
2026-10-03T10:59:44.4453378Z {
2026-10-03T10:59:44.4453873Z   "mode": "native_next_browser_real_http",
2026-10-03T10:59:44.4454209Z   "passed": [
2026-10-03T10:59:44.4454477Z     "stale_cas_never_overwrites_new_data",
2026-10-03T10:59:44.4454832Z     "execution_failure_rolls_back_and_renders",
2026-10-03T10:59:44.4455216Z     "unknown_requires_original_receipt_reconciliation",
2026-10-03T10:59:44.4455614Z     "untrusted_long_text_is_escaped_and_mobile_bounded",
2026-10-03T10:59:44.4455979Z     "expired_action_has_no_decision_controls",
2026-10-03T10:59:44.4456704Z     "hard_block_has_no_override_controls",
2026-10-03T10:59:44.4457214Z     "keyboard_login_and_logout_clear_memory_credentials",
2026-10-03T10:59:44.4457693Z     "study_comprehension_is_separate_required_and_exported_as_automation",
2026-10-03T10:59:44.4458164Z     "next_hydration_and_strict_csp_have_no_errors"
2026-10-03T10:59:44.4458456Z   ],
2026-10-03T10:59:44.4458641Z   "errors": [],
2026-10-03T10:59:44.4458882Z   "csp_violations": [],
2026-10-03T10:59:44.4459125Z   "human_participants": 0
2026-10-03T10:59:44.4459344Z }
2026-10-03T10:59:44.4600466Z ##[group]Run python scripts/run_logged.py evidence/pilot-browser.log -- python scripts/pilot_browser.py
2026-10-03T10:59:44.4601216Z [36;1mpython scripts/run_logged.py evidence/pilot-browser.log -- python scripts/pilot_browser.py[0m
2026-10-03T10:59:44.4664154Z shell: /usr/bin/bash --noprofile --norc -e -o pipefail {0}
2026-10-03T10:59:44.4664489Z env:
2026-10-03T10:59:44.4664685Z   NEXT_TELEMETRY_DISABLED: 1
2026-10-03T10:59:44.4664988Z   pythonLocation: /opt/hostedtoolcache/Python/3.13.15/x64
2026-10-03T10:59:44.4665417Z   PKG_CONFIG_PATH: /opt/hostedtoolcache/Python/3.13.15/x64/lib/pkgconfig
2026-10-03T10:59:44.4665857Z   Python_ROOT_DIR: /opt/hostedtoolcache/Python/3.13.15/x64
2026-10-03T10:59:44.4666512Z   Python2_ROOT_DIR: /opt/hostedtoolcache/Python/3.13.15/x64
2026-10-03T10:59:44.4666904Z   Python3_ROOT_DIR: /opt/hostedtoolcache/Python/3.13.15/x64
2026-10-03T10:59:44.4667289Z   LD_LIBRARY_PATH: /opt/hostedtoolcache/Python/3.13.15/x64/lib
2026-10-03T10:59:44.4667633Z ##[endgroup]
2026-10-03T10:59:47.0555629Z {
2026-10-03T10:59:47.0556467Z   "status": "PASS",
2026-10-03T10:59:47.0556997Z   "mode": "native_browser_e2e",
2026-10-03T10:59:47.0557669Z   "browser_plugin": "not available; project Playwright",
2026-10-03T10:59:47.0558254Z   "passed": [
2026-10-03T10:59:47.0558610Z     "pilot_public_assets_load_without_approval_service",
2026-10-03T10:59:47.0559152Z     "eight_practice_decisions_exported_and_excluded_from_human_metrics",
2026-10-03T10:59:47.0559640Z     "pilot_390px_no_horizontal_overflow",
2026-10-03T10:59:47.0560063Z     "sender_alert_dedup_and_recovery_render_as_two_events",
2026-10-03T10:59:47.0560637Z     "inbox_read_token_not_in_url_or_browser_storage",
2026-10-03T10:59:47.0561312Z     "inbox_390px_no_horizontal_overflow",
2026-10-03T10:59:47.0561803Z     "inbox_logout_clears_authenticated_content",
2026-10-03T10:59:47.0562189Z     "no_browser_javascript_or_csp_errors"
2026-10-03T10:59:47.0562488Z   ],
2026-10-03T10:59:47.0562691Z   "errors": [],
2026-10-03T10:59:47.0562940Z   "csp_violations": [],
2026-10-03T10:59:47.0563207Z   "human_participants": 0,
2026-10-03T10:59:47.0563502Z   "external_notifications": 0,
2026-10-03T10:59:47.0563782Z   "business_side_effects": 0
2026-10-03T10:59:47.0564042Z }
2026-10-03T10:59:47.0722587Z ##[group]Run python scripts/run_logged.py evidence/docker-smoke.log -- python scripts/docker_smoke.py
2026-10-03T10:59:47.0723910Z [36;1mpython scripts/run_logged.py evidence/docker-smoke.log -- python scripts/docker_smoke.py[0m
2026-10-03T10:59:47.0802299Z shell: /usr/bin/bash --noprofile --norc -e -o pipefail {0}
2026-10-03T10:59:47.0802650Z env:
2026-10-03T10:59:47.0802848Z   NEXT_TELEMETRY_DISABLED: 1
2026-10-03T10:59:47.0803365Z   pythonLocation: /opt/hostedtoolcache/Python/3.13.15/x64
2026-10-03T10:59:47.0803795Z   PKG_CONFIG_PATH: /opt/hostedtoolcache/Python/3.13.15/x64/lib/pkgconfig
2026-10-03T10:59:47.0804223Z   Python_ROOT_DIR: /opt/hostedtoolcache/Python/3.13.15/x64
2026-10-03T10:59:47.0804606Z   Python2_ROOT_DIR: /opt/hostedtoolcache/Python/3.13.15/x64
2026-10-03T10:59:47.0804982Z   Python3_ROOT_DIR: /opt/hostedtoolcache/Python/3.13.15/x64
2026-10-03T10:59:47.0805355Z   LD_LIBRARY_PATH: /opt/hostedtoolcache/Python/3.13.15/x64/lib
2026-10-03T10:59:47.0805694Z ##[endgroup]
2026-10-03T11:00:52.5754827Z {
2026-10-03T11:00:52.5757510Z   "mode": "real_docker_compose",
2026-10-03T11:00:52.5758091Z   "project": "airlock-check-b8872c102701",
2026-10-03T11:00:52.5758405Z   "probe": {
2026-10-03T11:00:52.5758953Z     "pending_id": "0725fd69044d4f61a8155dfbab2f71c0",
2026-10-03T11:00:52.5759495Z     "uid": 10001,
2026-10-03T11:00:52.5759914Z     "effective_capabilities": 0,
2026-10-03T11:00:52.5760387Z     "sqlite_runtime": {
2026-10-03T11:00:52.5760775Z       "version": "3.53.1",
2026-10-03T11:00:52.5761639Z       "source_id": "2026-05-05 10:34:17 c88b22011a54b4f6fbd149e9f8e4de77658ce58143a1af0e3785e4e6475127e9",
2026-10-03T11:00:52.5762555Z       "wal_reset_fix": "upstream_fixed_version",
2026-10-03T11:00:52.5763075Z       "compile_options": [
2026-10-03T11:00:52.5763355Z         "ATOMIC_INTRINSICS=1",
2026-10-03T11:00:52.5763636Z         "COMPILER=gcc-14.2.0",
2026-10-03T11:00:52.5763890Z         "DEFAULT_AUTOVACUUM",
2026-10-03T11:00:52.5764182Z         "DEFAULT_CACHE_SIZE=-2000",
2026-10-03T11:00:52.5764460Z         "DEFAULT_FILE_FORMAT=4",
2026-10-03T11:00:52.5764749Z         "DEFAULT_JOURNAL_SIZE_LIMIT=-1",
2026-10-03T11:00:52.5765046Z         "DEFAULT_MMAP_SIZE=0",
2026-10-03T11:00:52.5765318Z         "DEFAULT_PAGE_SIZE=4096",
2026-10-03T11:00:52.5765688Z         "DEFAULT_PCACHE_INITSZ=20",
2026-10-03T11:00:52.5766416Z         "DEFAULT_RECURSIVE_TRIGGERS",
2026-10-03T11:00:52.5766910Z         "DEFAULT_SECTOR_SIZE=4096",
2026-10-03T11:00:52.5767195Z         "DEFAULT_SYNCHRONOUS=2",
2026-10-03T11:00:52.5767483Z         "DEFAULT_WAL_AUTOCHECKPOINT=1000",
2026-10-03T11:00:52.5767787Z         "DEFAULT_WAL_SYNCHRONOUS=2",
2026-10-03T11:00:52.5768076Z         "DEFAULT_WORKER_THREADS=0",
2026-10-03T11:00:52.5768347Z         "DIRECT_OVERFLOW_READ",
2026-10-03T11:00:52.5768612Z         "ENABLE_COLUMN_METADATA",
2026-10-03T11:00:52.5768864Z         "ENABLE_DBSTAT_VTAB",
2026-10-03T11:00:52.5769096Z         "ENABLE_FTS3",
2026-10-03T11:00:52.5769308Z         "ENABLE_FTS5",
2026-10-03T11:00:52.5769554Z         "ENABLE_MATH_FUNCTIONS",
2026-10-03T11:00:52.5769794Z         "ENABLE_RTREE",
2026-10-03T11:00:52.5770035Z         "MALLOC_SOFT_LIMIT=1024",
2026-10-03T11:00:52.5770282Z         "MAX_ATTACHED=10",
2026-10-03T11:00:52.5770511Z         "MAX_COLUMN=2000",
2026-10-03T11:00:52.5770759Z         "MAX_COMPOUND_SELECT=500",
2026-10-03T11:00:52.5771043Z         "MAX_DEFAULT_PAGE_SIZE=8192",
2026-10-03T11:00:52.5771323Z         "MAX_EXPR_DEPTH=1000",
2026-10-03T11:00:52.5771577Z         "MAX_FUNCTION_ARG=1000",
2026-10-03T11:00:52.5771837Z         "MAX_LENGTH=1000000000",
2026-10-03T11:00:52.5772102Z         "MAX_LIKE_PATTERN_LENGTH=50000",
2026-10-03T11:00:52.5772388Z         "MAX_MMAP_SIZE=0x7fff0000",
2026-10-03T11:00:52.5772666Z         "MAX_PAGE_COUNT=0xfffffffe",
2026-10-03T11:00:52.5772933Z         "MAX_PAGE_SIZE=65536",
2026-10-03T11:00:52.5773186Z         "MAX_SQL_LENGTH=1000000000",
2026-10-03T11:00:52.5773454Z         "MAX_TRIGGER_DEPTH=1000",
2026-10-03T11:00:52.5774012Z         "MAX_VARIABLE_NUMBER=32766",
2026-10-03T11:00:52.5774317Z         "MAX_VDBE_OP=250000000",
2026-10-03T11:00:52.5774583Z         "MAX_WORKER_THREADS=8",
2026-10-03T11:00:52.5774826Z         "MUTEX_PTHREADS",
2026-10-03T11:00:52.5775052Z         "SYSTEM_MALLOC",
2026-10-03T11:00:52.5775276Z         "TEMP_STORE=1",
2026-10-03T11:00:52.5775491Z         "THREADSAFE=1",
2026-10-03T11:00:52.5775699Z         "USE_URI"
2026-10-03T11:00:52.5776303Z       ],
2026-10-03T11:00:52.5776538Z       "python": "3.13.16",
2026-10-03T11:00:52.5776805Z       "sqlite_threadsafety": 3,
2026-10-03T11:00:52.5777084Z       "loaded_shared_library_files": [
2026-10-03T11:00:52.5777335Z         {
2026-10-03T11:00:52.5777619Z           "path": "/opt/airlock-sqlite/lib/libsqlite3.so.0",
2026-10-03T11:00:52.5777948Z           "bytes": 1605768,
2026-10-03T11:00:52.5778350Z           "sha256": "8fac480a6336553316e0417dad6fc91f32b054396724b34b65f25546637dcd26"
2026-10-03T11:00:52.5778736Z         }
2026-10-03T11:00:52.5778910Z       ],
2026-10-03T11:00:52.5779138Z       "build_report_verified": true,
2026-10-03T11:00:52.5779642Z       "build_report_sha256": "7b06c542bba71858f7499dc24352ea1f0c39e7aa2f6e36dfdf1b17b64a6cdb2f"
2026-10-03T11:00:52.5780078Z     },
2026-10-03T11:00:52.5780262Z     "checks": [
2026-10-03T11:00:52.5780518Z       "agent_has_no_reviewer_or_audit_secret",
2026-10-03T11:00:52.5780850Z       "target_database_not_mounted_in_agent",
2026-10-03T11:00:52.5781198Z       "no_server_config_or_docker_socket",
2026-10-03T11:00:52.5781511Z       "non_root_read_only_no_capabilities",
2026-10-03T11:00:52.5781823Z       "agent_cannot_approve_or_read_audit",
2026-10-03T11:00:52.5782134Z       "SQL_cannot_read_control_tables",
2026-10-03T11:00:52.5782434Z       "write_waits_for_separate_reviewer",
2026-10-03T11:00:52.5782748Z       "container_loads_pinned_sqlite_runtime"
2026-10-03T11:00:52.5783017Z     ]
2026-10-03T11:00:52.5783188Z   },
2026-10-03T11:00:52.5783614Z   "runtime_image_id": "sha256:1d975304cf4192dac46e996c2b6759a2ba01335e64eb3e7f989b6b90f9ef9bd2",
2026-10-03T11:00:52.5784131Z   "rows_before_independent_approval": 1206,
2026-10-03T11:00:52.5784447Z   "rows_after_approval_and_restart": 0,
2026-10-03T11:00:52.5784716Z   "additional_checks": [
2026-10-03T11:00:52.5785034Z     "pending_survives_server_restart_without_execution",
2026-10-03T11:00:52.5785454Z     "approved_effect_and_audit_persist_without_reseeding",
2026-10-03T11:00:52.5785813Z     "compose_network_is_internal",
2026-10-03T11:00:52.5786356Z     "server_dual_network_agent_internal_only",
2026-10-03T11:00:52.5786703Z     "published_port_is_loopback_only"
2026-10-03T11:00:52.5786956Z   ],
2026-10-03T11:00:52.5787139Z   "limitations": [
2026-10-03T11:00:52.5787509Z     "controlled synthetic deployment, not a general container escape audit",
2026-10-03T11:00:52.5788019Z     "reviewer is automated test code, not a human A/B participant"
2026-10-03T11:00:52.5788353Z   ]
2026-10-03T11:00:52.5788529Z }
2026-10-03T11:00:52.5912728Z ##[group]Run python scripts/run_logged.py evidence/upstream-isolation.log -- python scripts/upstream_isolation.py
2026-10-03T11:00:52.5913556Z [36;1mpython scripts/run_logged.py evidence/upstream-isolation.log -- python scripts/upstream_isolation.py[0m
2026-10-03T11:00:52.5977508Z shell: /usr/bin/bash --noprofile --norc -e -o pipefail {0}
2026-10-03T11:00:52.5977851Z env:
2026-10-03T11:00:52.5978045Z   NEXT_TELEMETRY_DISABLED: 1
2026-10-03T11:00:52.5978354Z   pythonLocation: /opt/hostedtoolcache/Python/3.13.15/x64
2026-10-03T11:00:52.5978817Z   PKG_CONFIG_PATH: /opt/hostedtoolcache/Python/3.13.15/x64/lib/pkgconfig
2026-10-03T11:00:52.5979241Z   Python_ROOT_DIR: /opt/hostedtoolcache/Python/3.13.15/x64
2026-10-03T11:00:52.5979611Z   Python2_ROOT_DIR: /opt/hostedtoolcache/Python/3.13.15/x64
2026-10-03T11:00:52.5979989Z   Python3_ROOT_DIR: /opt/hostedtoolcache/Python/3.13.15/x64
2026-10-03T11:00:52.5980365Z   LD_LIBRARY_PATH: /opt/hostedtoolcache/Python/3.13.15/x64/lib
2026-10-03T11:00:52.5980709Z ##[endgroup]
2026-10-03T11:00:55.8219867Z {"status": "PASS", "mode": "real_docker_protected_upstream", "image": "sha256:1d975304cf4192dac46e996c2b6759a2ba01335e64eb3e7f989b6b90f9ef9bd2", "probe": {"action_id": "1784f2ff0d8f4cd9a959d3327a853727", "checks": ["no_upstream_dns", "no_direct_ip_access", "no_upstream_or_review_secret", "no_server_volume_or_socket", "single_internal_agent_network", "write_waits_for_reviewer"]}, "checks": ["rejection_preserves_remote_value", "separate_approval_executes_once", "separate_compensation_restores_value", "audit_chain_valid"], "network_boundary": "Agent only on internal ingress; upstream only on distinct internal target network; gate on both; no upstream published port", "limitations": ["Synthetic remote CAS counter, scripted reviewer; not a human study", "Dedicated pinned private HTTP in isolated fixture; production untrusted networks require TLS", "Host administrator and container escape outside tested boundary"]}
2026-10-03T11:00:55.8384336Z ##[group]Run actions/setup-go@v6
2026-10-03T11:00:55.8384619Z with:
2026-10-03T11:00:55.8384816Z   go-version: 1.24.8
2026-10-03T11:00:55.8385028Z   cache: false
2026-10-03T11:00:55.8385229Z   check-latest: false
2026-10-03T11:00:55.8387869Z   token: ***
2026-10-03T11:00:55.8388070Z env:
2026-10-03T11:00:55.8388265Z   NEXT_TELEMETRY_DISABLED: 1
2026-10-03T11:00:55.8388574Z   pythonLocation: /opt/hostedtoolcache/Python/3.13.15/x64
2026-10-03T11:00:55.8388997Z   PKG_CONFIG_PATH: /opt/hostedtoolcache/Python/3.13.15/x64/lib/pkgconfig
2026-10-03T11:00:55.8389436Z   Python_ROOT_DIR: /opt/hostedtoolcache/Python/3.13.15/x64
2026-10-03T11:00:55.8389809Z   Python2_ROOT_DIR: /opt/hostedtoolcache/Python/3.13.15/x64
2026-10-03T11:00:55.8390183Z   Python3_ROOT_DIR: /opt/hostedtoolcache/Python/3.13.15/x64
2026-10-03T11:00:55.8390562Z   LD_LIBRARY_PATH: /opt/hostedtoolcache/Python/3.13.15/x64/lib
2026-10-03T11:00:55.8390889Z ##[endgroup]
2026-10-03T11:00:55.9652919Z Setup go version spec 1.24.8
2026-10-03T11:00:55.9666828Z Attempting to download 1.24.8...
2026-10-03T11:00:56.5334890Z matching 1.24.8...
2026-10-03T11:00:56.5431793Z Acquiring 1.24.8 from https://github.com/actions/go-versions/releases/download/1.24.8-18331018734/go-1.24.8-linux-x64.tar.gz
2026-10-03T11:00:57.1251956Z Extracting Go...
2026-10-03T11:00:57.1377639Z [command]/usr/bin/tar xz --warning=no-unknown-keyword --overwrite -C /home/runner/work/_temp/24365859-8531-46ec-8168-82271ada6065 -f /home/runner/work/_temp/271f2699-4874-488d-b4af-995994daf6eb
2026-10-03T11:00:58.9663105Z Successfully extracted go to /home/runner/work/_temp/24365859-8531-46ec-8168-82271ada6065
2026-10-03T11:00:58.9663633Z Adding to the cache ...
2026-10-03T11:01:04.2966487Z Successfully cached go to /opt/hostedtoolcache/go/1.24.8/x64
2026-10-03T11:01:04.2969933Z Added go to the path
2026-10-03T11:01:04.2972009Z Successfully set up Go version 1.24.8
2026-10-03T11:01:04.3192411Z go version go1.24.8 linux/amd64
2026-10-03T11:01:04.3192739Z 
2026-10-03T11:01:04.3193178Z ##[group]go env
2026-10-03T11:01:04.4124947Z AR='ar'
2026-10-03T11:01:04.4125376Z CC='gcc'
2026-10-03T11:01:04.4125769Z CGO_CFLAGS='-O2 -g'
2026-10-03T11:01:04.4126415Z CGO_CPPFLAGS=''
2026-10-03T11:01:04.4126824Z CGO_CXXFLAGS='-O2 -g'
2026-10-03T11:01:04.4127198Z CGO_ENABLED='1'
2026-10-03T11:01:04.4127558Z CGO_FFLAGS='-O2 -g'
2026-10-03T11:01:04.4127939Z CGO_LDFLAGS='-O2 -g'
2026-10-03T11:01:04.4128282Z CXX='g++'
2026-10-03T11:01:04.4128618Z GCCGO='gccgo'
2026-10-03T11:01:04.4129017Z GO111MODULE=''
2026-10-03T11:01:04.4129357Z GOAMD64='v1'
2026-10-03T11:01:04.4129712Z GOARCH='amd64'
2026-10-03T11:01:04.4130034Z GOAUTH='netrc'
2026-10-03T11:01:04.4130352Z GOBIN=''
2026-10-03T11:01:04.4130815Z GOCACHE='/home/runner/.cache/go-build'
2026-10-03T11:01:04.4131343Z GOCACHEPROG=''
2026-10-03T11:01:04.4131679Z GODEBUG=''
2026-10-03T11:01:04.4132099Z GOENV='/home/runner/.config/go/env'
2026-10-03T11:01:04.4132512Z GOEXE=''
2026-10-03T11:01:04.4132828Z GOEXPERIMENT=''
2026-10-03T11:01:04.4133181Z GOFIPS140='off'
2026-10-03T11:01:04.4133510Z GOFLAGS=''
2026-10-03T11:01:04.4134903Z GOGCCFLAGS='-fPIC -m64 -pthread -Wl,--no-gc-sections -fmessage-length=0 -ffile-prefix-map=/tmp/go-build2676422394=/tmp/go-build -gno-record-gcc-switches'
2026-10-03T11:01:04.4136058Z GOHOSTARCH='amd64'
2026-10-03T11:01:04.4137116Z GOHOSTOS='linux'
2026-10-03T11:01:04.4137463Z GOINSECURE=''
2026-10-03T11:01:04.4137819Z GOMOD='/dev/null'
2026-10-03T11:01:04.4138267Z GOMODCACHE='/home/runner/go/pkg/mod'
2026-10-03T11:01:04.4138701Z GONOPROXY=''
2026-10-03T11:01:04.4139008Z GONOSUMDB=''
2026-10-03T11:01:04.4139632Z GOOS='linux'
2026-10-03T11:01:04.4139981Z GOPATH='/home/runner/go'
2026-10-03T11:01:04.4140347Z GOPRIVATE=''
2026-10-03T11:01:04.4140837Z GOPROXY='https://proxy.golang.org,direct'
2026-10-03T11:01:04.4141444Z GOROOT='/opt/hostedtoolcache/go/1.24.8/x64'
2026-10-03T11:01:04.4141949Z GOSUMDB='sum.golang.org'
2026-10-03T11:01:04.4142345Z GOTELEMETRY='local'
2026-10-03T11:01:04.4142878Z GOTELEMETRYDIR='/home/runner/.config/go/telemetry'
2026-10-03T11:01:04.4143641Z GOTMPDIR=''
2026-10-03T11:01:04.4144040Z GOTOOLCHAIN='local'
2026-10-03T11:01:04.4144689Z GOTOOLDIR='/opt/hostedtoolcache/go/1.24.8/x64/pkg/tool/linux_amd64'
2026-10-03T11:01:04.4145256Z GOVCS=''
2026-10-03T11:01:04.4145586Z GOVERSION='go1.24.8'
2026-10-03T11:01:04.4145915Z GOWORK=''
2026-10-03T11:01:04.4146471Z PKG_CONFIG='pkg-config'
2026-10-03T11:01:04.4146704Z 
2026-10-03T11:01:04.4147159Z ##[endgroup]
2026-10-03T11:01:04.4330640Z ##[group]Run python scripts/run_logged.py evidence/archive-build.log -- python scripts/build_archive_fixture.py --output evidence/archive-image.json
2026-10-03T11:01:04.4332523Z [36;1mpython scripts/run_logged.py evidence/archive-build.log -- python scripts/build_archive_fixture.py --output evidence/archive-image.json[0m
2026-10-03T11:01:04.4416689Z shell: /usr/bin/bash --noprofile --norc -e -o pipefail {0}
2026-10-03T11:01:04.4417248Z env:
2026-10-03T11:01:04.4417564Z   NEXT_TELEMETRY_DISABLED: 1
2026-10-03T11:01:04.4418076Z   pythonLocation: /opt/hostedtoolcache/Python/3.13.15/x64
2026-10-03T11:01:04.4418807Z   PKG_CONFIG_PATH: /opt/hostedtoolcache/Python/3.13.15/x64/lib/pkgconfig
2026-10-03T11:01:04.4419540Z   Python_ROOT_DIR: /opt/hostedtoolcache/Python/3.13.15/x64
2026-10-03T11:01:04.4420190Z   Python2_ROOT_DIR: /opt/hostedtoolcache/Python/3.13.15/x64
2026-10-03T11:01:04.4420849Z   Python3_ROOT_DIR: /opt/hostedtoolcache/Python/3.13.15/x64
2026-10-03T11:01:04.4421550Z   LD_LIBRARY_PATH: /opt/hostedtoolcache/Python/3.13.15/x64/lib
2026-10-03T11:01:04.4422120Z   GOTOOLCHAIN: local
2026-10-03T11:01:04.4422467Z ##[endgroup]
2026-10-03T11:01:09.6138104Z From https://github.com/minio/minio
2026-10-03T11:01:09.6139142Z  * branch            7aac2a2c5b7c882e68c1ce017d8256be2feea27f -> FETCH_HEAD
2026-10-03T11:01:09.6140336Z HEAD is now at 7aac2a2 update README.md format and clarify state of the project
2026-10-03T11:01:09.6141315Z go: downloading cloud.google.com/go/storage v1.52.0
2026-10-03T11:01:09.6142290Z go: downloading github.com/Azure/azure-sdk-for-go/sdk/azcore v1.18.0
2026-10-03T11:01:09.6143380Z go: downloading github.com/Azure/azure-sdk-for-go/sdk/azidentity v1.9.0
2026-10-03T11:01:09.6144473Z go: downloading github.com/Azure/azure-sdk-for-go/sdk/storage/azblob v1.6.1
2026-10-03T11:01:09.6145476Z go: downloading github.com/cespare/xxhash/v2 v2.3.0
2026-10-03T11:01:09.6146477Z go: downloading github.com/cheggaaa/pb v1.0.29
2026-10-03T11:01:09.6147299Z go: downloading github.com/coreos/go-oidc/v3 v3.14.1
2026-10-03T11:01:09.6148059Z go: downloading cloud.google.com/go v0.120.1
2026-10-03T11:01:09.6148882Z go: downloading github.com/coreos/go-systemd/v22 v22.5.0
2026-10-03T11:01:09.6149705Z go: downloading github.com/cosnicolaou/pbzip2 v1.0.5
2026-10-03T11:01:09.6150499Z go: downloading github.com/dchest/siphash v1.2.3
2026-10-03T11:01:09.6151298Z go: downloading github.com/dustin/go-humanize v1.0.1
2026-10-03T11:01:09.6152043Z go: downloading github.com/fatih/color v1.18.0
2026-10-03T11:01:09.6152807Z go: downloading github.com/felixge/fgprof v0.9.5
2026-10-03T11:01:09.6153577Z go: downloading github.com/go-openapi/loads v0.22.0
2026-10-03T11:01:09.6154401Z go: downloading github.com/golang-jwt/jwt/v4 v4.5.2
2026-10-03T11:01:09.6155180Z go: downloading github.com/google/uuid v1.6.0
2026-10-03T11:01:09.6156025Z go: downloading github.com/inconshreveable/mousetrap v1.1.0
2026-10-03T11:01:09.6157144Z go: downloading github.com/json-iterator/go v1.1.12
2026-10-03T11:01:09.6157999Z go: downloading github.com/klauspost/compress v1.18.0
2026-10-03T11:01:09.6158830Z go: downloading github.com/klauspost/filepathx v1.1.1
2026-10-03T11:01:09.6159955Z go: downloading github.com/klauspost/pgzip v1.2.6
2026-10-03T11:01:09.6160769Z go: downloading github.com/klauspost/readahead v1.4.0
2026-10-03T11:01:09.6161637Z go: downloading github.com/klauspost/reedsolomon v1.12.4
2026-10-03T11:01:09.6162483Z go: downloading github.com/lithammer/shortuuid/v4 v4.2.0
2026-10-03T11:01:09.6163273Z go: downloading github.com/miekg/dns v1.1.65
2026-10-03T11:01:09.6163978Z go: downloading github.com/minio/cli v1.24.2
2026-10-03T11:01:09.6164969Z go: downloading github.com/minio/console v1.7.7-0.20250905210349-2017f33b26e1
2026-10-03T11:01:09.6165919Z go: downloading github.com/minio/dnscache v0.1.1
2026-10-03T11:01:09.6167046Z go: downloading github.com/minio/dperf v0.6.3
2026-10-03T11:01:09.6168405Z go: downloading github.com/minio/highwayhash v1.0.3
2026-10-03T11:01:09.6169530Z go: downloading github.com/minio/kms-go/kes v0.3.1
2026-10-03T11:01:09.6170308Z go: downloading github.com/minio/madmin-go/v3 v3.0.109
2026-10-03T11:01:09.6171104Z go: downloading github.com/minio/minio-go/v7 v7.0.91
2026-10-03T11:01:09.6171799Z go: downloading github.com/minio/mux v1.9.2
2026-10-03T11:01:09.6172447Z go: downloading github.com/minio/pkg/v3 v3.1.3
2026-10-03T11:01:09.6173128Z go: downloading github.com/minio/selfupdate v0.6.0
2026-10-03T11:01:09.6173782Z go: downloading github.com/minio/sio v0.4.1
2026-10-03T11:01:09.6174432Z go: downloading github.com/minio/xxml v0.0.3
2026-10-03T11:01:09.6175109Z go: downloading github.com/minio/zipindex v0.4.0
2026-10-03T11:01:09.6175825Z go: downloading github.com/mitchellh/go-homedir v1.1.0
2026-10-03T11:01:09.6176777Z go: downloading github.com/philhofer/fwd v1.2.0
2026-10-03T11:01:09.6177452Z go: downloading github.com/pierrec/lz4/v4 v4.1.22
2026-10-03T11:01:09.6178126Z go: downloading github.com/pkg/errors v0.9.1
2026-10-03T11:01:09.6178776Z go: downloading github.com/pkg/sftp v1.13.9
2026-10-03T11:01:09.6179405Z go: downloading github.com/pkg/xattr v0.4.10
2026-10-03T11:01:09.6180174Z go: downloading github.com/prometheus/client_golang v1.22.0
2026-10-03T11:01:09.6181012Z go: downloading github.com/prometheus/client_model v0.6.2
2026-10-03T11:01:09.6181792Z go: downloading github.com/prometheus/common v0.63.0
2026-10-03T11:01:09.6182517Z go: downloading github.com/prometheus/procfs v0.16.1
2026-10-03T11:01:09.6183265Z go: downloading github.com/puzpuzpuz/xsync/v3 v3.5.1
2026-10-03T11:01:09.6184198Z go: downloading github.com/rcrowley/go-metrics v0.0.0-20250401214520-65e299d6c5c9
2026-10-03T11:01:09.6185056Z go: downloading github.com/rs/cors v1.11.1
2026-10-03T11:01:09.6185710Z go: downloading github.com/secure-io/sio-go v0.3.1
2026-10-03T11:01:09.6186695Z go: downloading github.com/shirou/gopsutil/v3 v3.24.5
2026-10-03T11:01:09.6187423Z go: downloading github.com/tinylib/msgp v1.4.0
2026-10-03T11:01:09.6188162Z go: downloading github.com/valyala/bytebufferpool v1.0.0
2026-10-03T11:01:09.6188890Z go: downloading github.com/zeebo/xxh3 v1.0.2
2026-10-03T11:01:09.6189527Z go: downloading go.etcd.io/etcd/api/v3 v3.5.21
2026-10-03T11:01:09.6190225Z go: downloading go.etcd.io/etcd/client/v3 v3.5.21
2026-10-03T11:01:09.6190864Z go: downloading go.uber.org/atomic v1.11.0
2026-10-03T11:01:09.6191455Z go: downloading goftp.io/server/v2 v2.0.1
2026-10-03T11:01:09.6192090Z go: downloading golang.org/x/crypto v0.37.0
2026-10-03T11:01:09.6192698Z go: downloading golang.org/x/oauth2 v0.29.0
2026-10-03T11:01:09.6193294Z go: downloading golang.org/x/sync v0.13.0
2026-10-03T11:01:09.6193904Z go: downloading golang.org/x/sys v0.32.0
2026-10-03T11:01:09.6194555Z go: downloading golang.org/x/term v0.31.0
2026-10-03T11:01:09.6195179Z go: downloading google.golang.org/api v0.230.0
2026-10-03T11:01:09.6195796Z go: downloading gopkg.in/yaml.v2 v2.4.0
2026-10-03T11:01:09.6196576Z go: downloading gopkg.in/yaml.v3 v3.0.1
2026-10-03T11:01:09.6197449Z go: downloading github.com/Azure/azure-sdk-for-go/sdk/internal v1.11.1
2026-10-03T11:01:09.6198585Z go: downloading github.com/AzureAD/microsoft-authentication-library-for-go v1.4.2
2026-10-03T11:01:09.6199821Z go: downloading github.com/mattn/go-runewidth v0.0.16
2026-10-03T11:01:09.6200560Z go: downloading github.com/go-jose/go-jose/v4 v4.1.0
2026-10-03T11:01:09.6201442Z go: downloading cloud.google.com/go/compute/metadata v0.6.0
2026-10-03T11:01:12.3846808Z go: downloading cloud.google.com/go/iam v1.5.2
2026-10-03T11:01:12.3847997Z go: downloading github.com/GoogleCloudPlatform/opentelemetry-operations-go/exporter/metric v0.51.0
2026-10-03T11:01:12.3849156Z go: downloading github.com/googleapis/gax-go/v2 v2.14.1
2026-10-03T11:01:12.3850059Z go: downloading go.opentelemetry.io/contrib/detectors/gcp v1.35.0
2026-10-03T11:01:12.3850562Z go: downloading go.opentelemetry.io/otel v1.35.0
2026-10-03T11:01:12.3851012Z go: downloading go.opentelemetry.io/otel/sdk/metric v1.35.0
2026-10-03T11:01:12.3851485Z go: downloading go.opentelemetry.io/otel/sdk v1.35.0
2026-10-03T11:01:12.3852178Z go: downloading go.opentelemetry.io/otel/trace v1.35.0
2026-10-03T11:01:12.3852725Z go: downloading google.golang.org/genproto v0.0.0-20250422160041-2d3770c4ea7f
2026-10-03T11:01:12.3853225Z go: downloading google.golang.org/grpc v1.72.0
2026-10-03T11:01:12.3853619Z go: downloading google.golang.org/protobuf v1.36.6
2026-10-03T11:01:12.3854036Z go: downloading github.com/mattn/go-colorable v0.1.14
2026-10-03T11:01:12.3854445Z go: downloading github.com/mattn/go-isatty v0.0.20
2026-10-03T11:01:12.3854943Z go: downloading github.com/google/pprof v0.0.0-20250422154841-e1f9c1950416
2026-10-03T11:01:12.3855432Z go: downloading github.com/go-openapi/analysis v0.23.0
2026-10-03T11:01:12.3855840Z go: downloading github.com/go-openapi/spec v0.21.0
2026-10-03T11:01:12.3856513Z go: downloading github.com/go-openapi/swag v0.23.1
2026-10-03T11:01:12.3857045Z go: downloading github.com/modern-go/concurrent v0.0.0-20180306012644-bacd9c7ef1dd
2026-10-03T11:01:12.3857564Z go: downloading github.com/modern-go/reflect2 v1.0.2
2026-10-03T11:01:12.3857942Z go: downloading golang.org/x/net v0.39.0
2026-10-03T11:01:12.3858329Z go: downloading github.com/klauspost/cpuid/v2 v2.2.10
2026-10-03T11:01:12.3858741Z go: downloading github.com/go-openapi/errors v0.22.1
2026-10-03T11:01:12.3859161Z go: downloading github.com/go-openapi/runtime v0.28.0
2026-10-03T11:01:12.3859577Z go: downloading github.com/jessevdk/go-flags v1.6.1
2026-10-03T11:01:12.3860051Z go: downloading github.com/minio/mc v0.0.0-20250313080218-cf909e1063a9
2026-10-03T11:01:12.3860513Z go: downloading github.com/minio/websocket v1.6.0
2026-10-03T11:01:12.3860915Z go: downloading github.com/unrolled/secure v1.17.0
2026-10-03T11:01:12.3861318Z go: downloading github.com/go-openapi/strfmt v0.23.0
2026-10-03T11:01:12.3861677Z go: downloading aead.dev/mem v0.2.0
2026-10-03T11:01:12.3862029Z go: downloading github.com/ncw/directio v1.0.5
2026-10-03T11:01:12.3862433Z go: downloading github.com/prometheus/prom2json v1.4.2
2026-10-03T11:01:12.3862847Z go: downloading github.com/safchain/ethtool v0.5.10
2026-10-03T11:01:12.3863254Z go: downloading github.com/goccy/go-json v0.10.5
2026-10-03T11:01:12.3863648Z go: downloading github.com/minio/crc64nvme v1.0.1
2026-10-03T11:01:12.3864034Z go: downloading github.com/minio/md5-simd v1.1.2
2026-10-03T11:01:12.3864401Z go: downloading github.com/rs/xid v1.6.0
2026-10-03T11:01:12.3864756Z go: downloading github.com/go-ini/ini v1.67.0
2026-10-03T11:01:12.3865123Z go: downloading github.com/beevik/ntp v1.4.3
2026-10-03T11:01:12.3865476Z go: downloading golang.org/x/time v0.11.0
2026-10-03T11:01:12.3865824Z go: downloading go.uber.org/zap v1.27.0
2026-10-03T11:01:12.3866469Z go: downloading github.com/go-ldap/ldap/v3 v3.4.11
2026-10-03T11:01:12.3867256Z go: downloading github.com/rabbitmq/amqp091-go v1.10.0
2026-10-03T11:01:12.3867972Z go: downloading github.com/IBM/sarama v1.45.1
2026-10-03T11:01:12.3868744Z go: downloading github.com/eclipse/paho.mqtt.golang v1.5.0
2026-10-03T11:01:12.3869675Z go: downloading github.com/elastic/go-elasticsearch/v7 v7.17.10
2026-10-03T11:01:12.3870523Z go: downloading github.com/go-sql-driver/mysql v1.9.2
2026-10-03T11:01:12.3871573Z go: downloading github.com/gomodule/redigo v1.9.2
2026-10-03T11:01:12.3872245Z go: downloading github.com/lib/pq v1.10.9
2026-10-03T11:01:12.3872933Z go: downloading github.com/nats-io/nats.go v1.41.2
2026-10-03T11:01:12.3873662Z go: downloading github.com/nats-io/stan.go v0.10.4
2026-10-03T11:01:12.3874365Z go: downloading github.com/nsqio/go-nsq v1.1.0
2026-10-03T11:01:12.3875029Z go: downloading github.com/xdg/scram v1.0.5
2026-10-03T11:01:12.3875675Z go: downloading github.com/gobwas/ws v1.4.0
2026-10-03T11:01:12.3876811Z go: downloading github.com/buger/jsonparser v1.1.1
2026-10-03T11:01:12.3877437Z go: downloading aead.dev/mtls v0.2.1
2026-10-03T11:01:12.3878293Z go: downloading github.com/minio/kms-go/kms v0.5.1-0.20250225090116-4e64ce8d0f35
2026-10-03T11:01:12.3879191Z go: downloading github.com/minio/simdjson-go v0.4.5
2026-10-03T11:01:12.3880113Z go: downloading github.com/rjeczalik/notify v0.9.3
2026-10-03T11:01:12.3880796Z go: downloading github.com/fatih/structs v1.1.0
2026-10-03T11:01:12.3881497Z go: downloading github.com/lestrrat-go/jwx/v2 v2.1.4
2026-10-03T11:01:12.3882167Z go: downloading aead.dev/minisign v0.3.0
2026-10-03T11:01:12.3882750Z go: downloading github.com/kr/fs v0.1.0
2026-10-03T11:01:12.3883364Z go: downloading github.com/beorn7/perks v1.0.1
2026-10-03T11:01:12.3884259Z go: downloading github.com/munnerz/goautoneg v0.0.0-20191010083416-a7dc8b61c822
2026-10-03T11:01:12.3885173Z go: downloading github.com/tklauser/go-sysconf v0.3.15
2026-10-03T11:01:12.3885899Z go: downloading github.com/gogo/protobuf v1.3.2
2026-10-03T11:01:12.3886787Z go: downloading github.com/golang/protobuf v1.5.4
2026-10-03T11:01:12.3887502Z go: downloading go.etcd.io/etcd/client/pkg/v3 v3.5.21
2026-10-03T11:01:12.3888259Z go: downloading github.com/kylelemons/godebug v1.1.0
2026-10-03T11:01:12.3889113Z go: downloading github.com/pkg/browser v0.0.0-20240102092130-5ac0b6a4141c
2026-10-03T11:01:12.3889924Z go: downloading github.com/rivo/uniseg v0.4.7
2026-10-03T11:01:12.3890910Z go: downloading google.golang.org/genproto/googleapis/api v0.0.0-20250422160041-2d3770c4ea7f
2026-10-03T11:01:12.3892179Z go: downloading google.golang.org/genproto/googleapis/rpc v0.0.0-20250422160041-2d3770c4ea7f
2026-10-03T11:01:12.3893283Z go: downloading cloud.google.com/go/monitoring v1.24.2
2026-10-03T11:01:13.3900299Z go: downloading github.com/GoogleCloudPlatform/opentelemetry-operations-go/internal/resourcemapping v0.51.0
2026-10-03T11:01:13.3902000Z go: downloading github.com/GoogleCloudPlatform/opentelemetry-operations-go/detectors/gcp v1.27.0
2026-10-03T11:01:13.3903073Z go: downloading github.com/go-logr/logr v1.4.2
2026-10-03T11:01:13.3903825Z go: downloading go.opentelemetry.io/otel/metric v1.35.0
2026-10-03T11:01:13.3904575Z go: downloading cloud.google.com/go/auth v0.16.0
2026-10-03T11:01:13.3905377Z go: downloading cloud.google.com/go/auth/oauth2adapt v0.2.8
2026-10-03T11:01:13.3906994Z go: downloading go.opentelemetry.io/contrib/instrumentation/net/http/otelhttp v0.60.0
2026-10-03T11:01:13.3908055Z go: downloading github.com/go-openapi/jsonpointer v0.21.1
2026-10-03T11:01:13.3908905Z go: downloading github.com/go-openapi/jsonreference v0.21.0
2026-10-03T11:01:13.3909682Z go: downloading github.com/mailru/easyjson v0.9.0
2026-10-03T11:01:13.3910425Z go: downloading github.com/go-openapi/validate v0.24.0
2026-10-03T11:01:13.3911157Z go: downloading github.com/docker/go-units v0.5.0
2026-10-03T11:01:13.3911924Z go: downloading github.com/charmbracelet/bubbles v0.20.0
2026-10-03T11:01:13.3912755Z go: downloading github.com/charmbracelet/bubbletea v1.3.4
2026-10-03T11:01:13.3913574Z go: downloading github.com/charmbracelet/lipgloss v1.0.0
2026-10-03T11:01:13.3914521Z go: downloading github.com/google/shlex v0.0.0-20191202100458-e7afc7fbc510
2026-10-03T11:01:13.3915407Z go: downloading github.com/jedib0t/go-pretty/v6 v6.6.7
2026-10-03T11:01:13.3916365Z go: downloading github.com/mattn/go-ieproxy v0.0.12
2026-10-03T11:01:13.3917120Z go: downloading github.com/minio/colorjson v1.0.8
2026-10-03T11:01:13.3917835Z go: downloading github.com/minio/filepath v1.0.0
2026-10-03T11:01:13.3918830Z go: downloading github.com/muesli/reflow v0.3.0
2026-10-03T11:01:13.3919541Z go: downloading github.com/muesli/termenv v0.16.0
2026-10-03T11:01:13.3920306Z go: downloading github.com/olekukonko/tablewriter v0.0.5
2026-10-03T11:01:13.3921092Z go: downloading github.com/posener/complete v1.2.3
2026-10-03T11:01:13.3921834Z go: downloading github.com/tidwall/gjson v1.18.0
2026-10-03T11:01:13.3922543Z go: downloading github.com/vbauerster/mpb/v8 v8.9.3
2026-10-03T11:01:13.3923213Z go: downloading golang.org/x/text v0.24.0
2026-10-03T11:01:13.3924166Z go: downloading github.com/asaskevich/govalidator v0.0.0-20230301143203-a9d515a09cc2
2026-10-03T11:01:13.3925166Z go: downloading github.com/mitchellh/mapstructure v1.5.0
2026-10-03T11:01:13.3925872Z go: downloading github.com/oklog/ulid v1.3.1
2026-10-03T11:01:13.3927279Z go: downloading go.mongodb.org/mongo-driver v1.17.3
2026-10-03T11:01:13.3928275Z go: downloading github.com/matttproud/golang_protobuf_extensions v1.0.4
2026-10-03T11:01:13.3929382Z go: downloading github.com/Azure/go-ntlmssp v0.0.0-20221128193559-754e69321358
2026-10-03T11:01:13.3930533Z go: downloading github.com/go-asn1-ber/asn1-ber v1.5.8-0.20250403174932-29230038a667
2026-10-03T11:01:13.3931440Z go: downloading go.uber.org/multierr v1.11.0
2026-10-03T11:01:13.3932149Z go: downloading github.com/gorilla/websocket v1.5.3
2026-10-03T11:01:13.3933114Z go: downloading github.com/davecgh/go-spew v1.1.2-0.20180830191138-d8f796af33cc
2026-10-03T11:01:13.3934043Z go: downloading github.com/eapache/go-resiliency v1.7.0
2026-10-03T11:01:13.3935057Z go: downloading github.com/eapache/go-xerial-snappy v0.0.0-20230731223053-c322873962e3
2026-10-03T11:01:13.3936076Z go: downloading github.com/eapache/queue v1.1.0
2026-10-03T11:01:13.3937165Z go: downloading github.com/hashicorp/go-multierror v1.1.1
2026-10-03T11:01:13.3937946Z go: downloading github.com/jcmturner/gofork v1.7.6
2026-10-03T11:01:13.3938686Z go: downloading github.com/jcmturner/gokrb5/v8 v8.4.4
2026-10-03T11:01:13.3939399Z go: downloading filippo.io/edwards25519 v1.1.0
2026-10-03T11:01:13.3940097Z go: downloading github.com/nats-io/nuid v1.0.1
2026-10-03T11:01:13.3940799Z go: downloading github.com/golang/snappy v1.0.0
2026-10-03T11:01:13.3941509Z go: downloading github.com/xdg/stringprep v1.0.3
2026-10-03T11:01:13.3942238Z go: downloading github.com/gobwas/httphead v0.1.0
2026-10-03T11:01:13.3942942Z go: downloading github.com/gobwas/pool v0.2.1
2026-10-03T11:01:13.3943645Z go: downloading github.com/minio/csvparser v1.0.0
2026-10-03T11:01:13.3944403Z go: downloading github.com/fraugster/parquet-go v0.12.0
2026-10-03T11:01:13.3945176Z go: downloading github.com/alecthomas/participle v0.7.1
2026-10-03T11:01:13.3945899Z go: downloading github.com/nats-io/nkeys v0.4.11
2026-10-03T11:01:13.3946930Z go: downloading github.com/lestrrat-go/option v1.0.1
2026-10-03T11:01:13.3947713Z go: downloading github.com/lestrrat-go/blackmagic v1.0.2
2026-10-03T11:01:13.3948490Z go: downloading github.com/lestrrat-go/httprc v1.0.6
2026-10-03T11:01:13.3949242Z go: downloading github.com/lestrrat-go/iter v1.0.2
2026-10-03T11:01:13.3949962Z go: downloading github.com/coreos/go-semver v0.3.1
2026-10-03T11:01:13.3950679Z go: downloading github.com/tklauser/numcpus v0.10.0
2026-10-03T11:01:13.3951413Z go: downloading github.com/golang-jwt/jwt/v5 v5.2.2
2026-10-03T11:01:13.3952579Z go: downloading go.opentelemetry.io/contrib/instrumentation/google.golang.org/grpc/otelgrpc v0.60.0
2026-10-03T11:01:13.3953636Z go: downloading github.com/go-logr/stdr v1.2.2
2026-10-03T11:01:13.3954346Z go: downloading go.opentelemetry.io/auto/sdk v1.1.0
2026-10-03T11:01:13.3955044Z go: downloading github.com/google/s2a-go v0.1.9
2026-10-03T11:01:13.3955963Z go: downloading github.com/googleapis/enterprise-certificate-proxy v0.3.6
2026-10-03T11:01:13.3957214Z go: downloading github.com/envoyproxy/go-control-plane/envoy v1.32.4
2026-10-03T11:01:13.3958092Z go: downloading github.com/felixge/httpsnoop v1.0.4
2026-10-03T11:01:13.3959096Z go: downloading github.com/josharian/intern v1.0.0
2026-10-03T11:01:13.3959843Z go: downloading github.com/charmbracelet/x/ansi v0.8.0
2026-10-03T11:01:13.3960621Z go: downloading github.com/charmbracelet/x/term v0.2.1
2026-10-03T11:01:13.3961527Z go: downloading github.com/muesli/ansi v0.0.0-20230316100256-276c6243b2f6
2026-10-03T11:02:51.2527637Z go: downloading github.com/muesli/cancelreader v0.2.2
2026-10-03T11:02:51.2528785Z go: downloading github.com/juju/ratelimit v1.0.2
2026-10-03T11:02:51.2529806Z go: downloading github.com/tidwall/match v1.1.1
2026-10-03T11:02:51.2530762Z go: downloading github.com/tidwall/pretty v1.2.1
2026-10-03T11:02:51.2531794Z go: downloading github.com/aymanbagabas/go-osc52/v2 v2.0.1
2026-10-03T11:02:51.2532855Z go: downloading github.com/lucasb-eyer/go-colorful v1.2.0
2026-10-03T11:02:51.2534441Z go: downloading github.com/acarl005/stripansi v0.0.0-20180116102854-5a71ef0e047d
2026-10-03T11:02:51.2535601Z go: downloading github.com/VividCortex/ewma v1.2.0
2026-10-03T11:02:51.2536603Z go: downloading github.com/prometheus/prometheus v0.303.0
2026-10-03T11:02:51.2537137Z go: downloading github.com/hashicorp/errwrap v1.1.0
2026-10-03T11:02:51.2537630Z go: downloading github.com/hashicorp/go-uuid v1.0.3
2026-10-03T11:02:51.2538124Z go: downloading github.com/jcmturner/dnsutils/v2 v2.0.0
2026-10-03T11:02:51.2538619Z go: downloading github.com/lestrrat-go/httpcc v1.0.1
2026-10-03T11:02:51.2539084Z go: downloading github.com/apache/thrift v0.21.0
2026-10-03T11:02:51.2539578Z go: downloading github.com/spiffe/go-spiffe/v2 v2.5.0
2026-10-03T11:02:51.2540162Z go: downloading github.com/cncf/xds/go v0.0.0-20250326154945-ae57f3c0d45f
2026-10-03T11:02:51.2540789Z go: downloading github.com/envoyproxy/protoc-gen-validate v1.2.1
2026-10-03T11:02:51.2541317Z go: downloading github.com/jcmturner/rpc/v2 v2.0.3
2026-10-03T11:02:51.2541739Z go: downloading cel.dev/expr v0.23.1
2026-10-03T11:02:51.2542144Z go: downloading github.com/zeebo/errs v1.4.0
2026-10-03T11:02:51.2542596Z go: downloading github.com/jcmturner/aescts/v2 v2.0.0
2026-10-03T11:02:51.2543108Z #0 building with "default" instance using docker driver
2026-10-03T11:02:51.2543377Z 
2026-10-03T11:02:51.2543642Z #1 [internal] load build definition from Dockerfile.fixture
2026-10-03T11:02:51.2544092Z #1 transferring dockerfile: 235B done
2026-10-03T11:02:51.2544394Z #1 DONE 0.0s
2026-10-03T11:02:51.2544519Z 
2026-10-03T11:02:51.2544682Z #2 [internal] load build context
2026-10-03T11:02:51.2545044Z #2 transferring context: 31.50MB 0.1s
2026-10-03T11:02:51.2545421Z #2 transferring context: 151.09MB 0.4s done
2026-10-03T11:02:51.2545696Z #2 DONE 0.4s
2026-10-03T11:02:51.2545810Z 
2026-10-03T11:02:51.2545929Z #3 [1/2] COPY minio /minio
2026-10-03T11:02:51.2546402Z #3 DONE 0.1s
2026-10-03T11:02:51.2546518Z 
2026-10-03T11:02:51.2546662Z #4 [2/2] COPY LICENSE /LICENSE
2026-10-03T11:02:51.2546900Z #4 DONE 1.6s
2026-10-03T11:02:51.2547011Z 
2026-10-03T11:02:51.2547124Z #5 exporting to image
2026-10-03T11:02:51.2547356Z #5 exporting layers
2026-10-03T11:02:51.2547607Z #5 exporting layers 0.3s done
2026-10-03T11:02:51.2548144Z #5 writing image sha256:a2a518639d7e865f1dc66bdaf9d671cf1dad6438b86e1c82e256b93ad27509c5
2026-10-03T11:02:51.2548883Z #5 writing image sha256:a2a518639d7e865f1dc66bdaf9d671cf1dad6438b86e1c82e256b93ad27509c5 done
2026-10-03T11:02:51.2549543Z #5 naming to docker.io/library/airlock-archive-fixture:55de44af32c7 done
2026-10-03T11:02:51.2549912Z #5 DONE 0.3s
2026-10-03T11:02:51.2552158Z {"source": "https://github.com/minio/minio.git", "source_commit": "7aac2a2c5b7c882e68c1ce017d8256be2feea27f", "binary_sha256": "e7425aad90f11c859f386485a63a5af888ee645a99fbfcdb64bd960d7d20f7a8", "runtime_image_id": "sha256:a2a518639d7e865f1dc66bdaf9d671cf1dad6438b86e1c82e256b93ad27509c5", "local_tag": "airlock-archive-fixture:55de44af32c7", "scope": "archived upstream source built only for throwaway S3 contract tests, not a production distribution recommendation"}
2026-10-03T11:02:51.2684342Z ##[group]Run python scripts/run_logged.py evidence/archive-integration.log -- python scripts/archive_integration.py --output evidence/archive-integration.json
2026-10-03T11:02:51.2685664Z [36;1mpython scripts/run_logged.py evidence/archive-integration.log -- python scripts/archive_integration.py --output evidence/archive-integration.json[0m
2026-10-03T11:02:51.2750226Z shell: /usr/bin/bash --noprofile --norc -e -o pipefail {0}
2026-10-03T11:02:51.2750567Z env:
2026-10-03T11:02:51.2750761Z   NEXT_TELEMETRY_DISABLED: 1
2026-10-03T11:02:51.2751070Z   pythonLocation: /opt/hostedtoolcache/Python/3.13.15/x64
2026-10-03T11:02:51.2751493Z   PKG_CONFIG_PATH: /opt/hostedtoolcache/Python/3.13.15/x64/lib/pkgconfig
2026-10-03T11:02:51.2751917Z   Python_ROOT_DIR: /opt/hostedtoolcache/Python/3.13.15/x64
2026-10-03T11:02:51.2752294Z   Python2_ROOT_DIR: /opt/hostedtoolcache/Python/3.13.15/x64
2026-10-03T11:02:51.2752704Z   Python3_ROOT_DIR: /opt/hostedtoolcache/Python/3.13.15/x64
2026-10-03T11:02:51.2753128Z   LD_LIBRARY_PATH: /opt/hostedtoolcache/Python/3.13.15/x64/lib
2026-10-03T11:02:51.2753461Z   GOTOOLCHAIN: local
2026-10-03T11:02:51.2753669Z ##[endgroup]
2026-10-03T11:02:52.7473728Z {"mode": "real_docker_s3_object_lock", "image_digests": [], "runtime_image_id": "sha256:a2a518639d7e865f1dc66bdaf9d671cf1dad6438b86e1c82e256b93ad27509c5", "receipt": {"bucket": "airlock-evidence", "key": "checkpoints/d361852b4de94a8693ecd5a39cc20f68/000000000001-7de07fcea0101bff516775a73b307a861237bdef5ead72eb771cc81031b13512.json", "version_id": "8212bdd3-bbf4-49f2-bae0-3e550f0caec6", "sha256": "7de07fcea0101bff516775a73b307a861237bdef5ead72eb771cc81031b13512", "retain_until": "2026-10-04T11:02:52+00:00", "mode": "COMPLIANCE", "database_instance": "d361852b4de94a8693ecd5a39cc20f68", "seq": 1}, "checks": ["delete_exact_version", "shorten_compliance", "downgrade_to_governance", "version_pinned_after_new_version", "retrieved_anchor_detects_tail_deletion", "unapproved_target_unchanged", "receipt_sequence_substitution_rejected", "receipt_database_substitution_rejected", "expired_receipt_rejected"], "actual_denials": {"delete_exact_version": {"http_status": 400, "code": "InvalidRequest", "message": "Object is WORM protected and cannot be overwritten"}, "shorten_compliance": {"http_status": 400, "code": "InvalidRequest", "message": "Object is WORM protected and cannot be overwritten"}, "downgrade_to_governance": {"http_status": 400, "code": "InvalidRequest", "message": "Object is WORM protected and cannot be overwritten"}}, "credential_scope": "new synthetic fixture only; never read default AWS credentials", "retention_scope": "COMPLIANCE API semantics; temporary test container removed, not permanent production archive", "exit_code": 0}
2026-10-03T11:02:52.7621336Z ##[group]Run python scripts/run_logged.py evidence/research-pipeline.log -- python scripts/research_pipeline.py --output evidence/research-pipeline
2026-10-03T11:02:52.7622411Z [36;1mpython scripts/run_logged.py evidence/research-pipeline.log -- python scripts/research_pipeline.py --output evidence/research-pipeline[0m
2026-10-03T11:02:52.7685098Z shell: /usr/bin/bash --noprofile --norc -e -o pipefail {0}
2026-10-03T11:02:52.7685459Z env:
2026-10-03T11:02:52.7685656Z   NEXT_TELEMETRY_DISABLED: 1
2026-10-03T11:02:52.7685973Z   pythonLocation: /opt/hostedtoolcache/Python/3.13.15/x64
2026-10-03T11:02:52.7686752Z   PKG_CONFIG_PATH: /opt/hostedtoolcache/Python/3.13.15/x64/lib/pkgconfig
2026-10-03T11:02:52.7687181Z   Python_ROOT_DIR: /opt/hostedtoolcache/Python/3.13.15/x64
2026-10-03T11:02:52.7687557Z   Python2_ROOT_DIR: /opt/hostedtoolcache/Python/3.13.15/x64
2026-10-03T11:02:52.7687931Z   Python3_ROOT_DIR: /opt/hostedtoolcache/Python/3.13.15/x64
2026-10-03T11:02:52.7688336Z   LD_LIBRARY_PATH: /opt/hostedtoolcache/Python/3.13.15/x64/lib
2026-10-03T11:02:52.7688663Z   GOTOOLCHAIN: local
2026-10-03T11:02:52.7688869Z ##[endgroup]
2026-10-03T11:02:53.3562280Z {"status": "PASS", "meaning": "Pipeline contract passed; research acceptance remains blocked", "source_families": 3, "source_types": ["synthetic", "public_incident"], "public_incident_families": 1, "human_participants": 0, "paired_human_labels": 0, "authorized_log_records": 0, "checks": ["blank_annotation_templates_only", "exact_prediction_coverage", "authority_and_semantic_metrics_separate", "missing_humans_do_not_pass", "no_target_write", "empty_governance_denominators_remain_unknown"]}
2026-10-03T11:02:53.3713752Z ##[group]Run python scripts/run_logged.py evidence/container-integrations.log -- python scripts/container_integrations.py
2026-10-03T11:02:53.3714648Z [36;1mpython scripts/run_logged.py evidence/container-integrations.log -- python scripts/container_integrations.py[0m
2026-10-03T11:02:53.3778486Z shell: /usr/bin/bash --noprofile --norc -e -o pipefail {0}
2026-10-03T11:02:53.3778815Z env:
2026-10-03T11:02:53.3779011Z   NEXT_TELEMETRY_DISABLED: 1
2026-10-03T11:02:53.3779318Z   pythonLocation: /opt/hostedtoolcache/Python/3.13.15/x64
2026-10-03T11:02:53.3779748Z   PKG_CONFIG_PATH: /opt/hostedtoolcache/Python/3.13.15/x64/lib/pkgconfig
2026-10-03T11:02:53.3780183Z   Python_ROOT_DIR: /opt/hostedtoolcache/Python/3.13.15/x64
2026-10-03T11:02:53.3780572Z   Python2_ROOT_DIR: /opt/hostedtoolcache/Python/3.13.15/x64
2026-10-03T11:02:53.3780949Z   Python3_ROOT_DIR: /opt/hostedtoolcache/Python/3.13.15/x64
2026-10-03T11:02:53.3781349Z   LD_LIBRARY_PATH: /opt/hostedtoolcache/Python/3.13.15/x64/lib
2026-10-03T11:02:53.3781671Z   GOTOOLCHAIN: local
2026-10-03T11:02:53.3781875Z ##[endgroup]
2026-10-03T11:03:00.8217096Z {
2026-10-03T11:03:00.8217691Z   "envoy": {
2026-10-03T11:03:00.8218261Z     "image": "envoyproxy/envoy:v1.39.1",
2026-10-03T11:03:00.8219706Z     "repo_digests": "[\"envoyproxy/envoy@sha256:57e14a549d7bd43c8d3f6d03e8cfa653e037d4b38e133acd9b54f38c524401b4\"]",
2026-10-03T11:03:00.8220397Z     "rows": [
2026-10-03T11:03:00.8220636Z       {
2026-10-03T11:03:00.8220912Z         "case": "zero",
2026-10-03T11:03:00.8221231Z         "rule": "threshold",
2026-10-03T11:03:00.8221694Z         "airlock_expression": "changed_rows >= 100",
2026-10-03T11:03:00.8222317Z         "envoy_expression": "int(request.headers['x-rows']) >= 100",
2026-10-03T11:03:00.8222804Z         "airlock_hit": false,
2026-10-03T11:03:00.8223151Z         "expected": false,
2026-10-03T11:03:00.8223496Z         "envoy_hit": false
2026-10-03T11:03:00.8223773Z       },
2026-10-03T11:03:00.8224004Z       {
2026-10-03T11:03:00.8224289Z         "case": "zero",
2026-10-03T11:03:00.8224762Z         "rule": "write_only",
2026-10-03T11:03:00.8225685Z         "airlock_expression": "operation == \"delete\" && matched_rows != 0",
2026-10-03T11:03:00.8227173Z         "envoy_expression": "request.headers['x-operation'] == 'delete' && int(request.headers['x-rows']) != 0",
2026-10-03T11:03:00.8228124Z         "airlock_hit": false,
2026-10-03T11:03:00.8228593Z         "expected": false,
2026-10-03T11:03:00.8243556Z         "envoy_hit": false
2026-10-03T11:03:00.8243863Z       },
2026-10-03T11:03:00.8244220Z       {
2026-10-03T11:03:00.8244650Z         "case": "zero",
2026-10-03T11:03:00.8245031Z         "rule": "bounded",
2026-10-03T11:03:00.8245941Z         "airlock_expression": "!(changed_rows > 5) || operation == \"read\"",
2026-10-03T11:03:00.8247750Z         "envoy_expression": "!(int(request.headers['x-rows']) > 5) || request.headers['x-operation'] == 'read'",
2026-10-03T11:03:00.8248667Z         "airlock_hit": true,
2026-10-03T11:03:00.8249192Z         "expected": true,
2026-10-03T11:03:00.8249745Z         "envoy_hit": true
2026-10-03T11:03:00.8250112Z       },
2026-10-03T11:03:00.8250343Z       {
2026-10-03T11:03:00.8250604Z         "case": "small",
2026-10-03T11:03:00.8250919Z         "rule": "threshold",
2026-10-03T11:03:00.8251374Z         "airlock_expression": "changed_rows >= 100",
2026-10-03T11:03:00.8251979Z         "envoy_expression": "int(request.headers['x-rows']) >= 100",
2026-10-03T11:03:00.8252442Z         "airlock_hit": false,
2026-10-03T11:03:00.8252771Z         "expected": false,
2026-10-03T11:03:00.8253074Z         "envoy_hit": false
2026-10-03T11:03:00.8253329Z       },
2026-10-03T11:03:00.8253550Z       {
2026-10-03T11:03:00.8253817Z         "case": "small",
2026-10-03T11:03:00.8254423Z         "rule": "write_only",
2026-10-03T11:03:00.8255059Z         "airlock_expression": "operation == \"delete\" && matched_rows != 0",
2026-10-03T11:03:00.8256489Z         "envoy_expression": "request.headers['x-operation'] == 'delete' && int(request.headers['x-rows']) != 0",
2026-10-03T11:03:00.8257161Z         "airlock_hit": true,
2026-10-03T11:03:00.8257489Z         "expected": true,
2026-10-03T11:03:00.8257795Z         "envoy_hit": true
2026-10-03T11:03:00.8258057Z       },
2026-10-03T11:03:00.8258270Z       {
2026-10-03T11:03:00.8258524Z         "case": "small",
2026-10-03T11:03:00.8258825Z         "rule": "bounded",
2026-10-03T11:03:00.8259392Z         "airlock_expression": "!(changed_rows > 5) || operation == \"read\"",
2026-10-03T11:03:00.8260314Z         "envoy_expression": "!(int(request.headers['x-rows']) > 5) || request.headers['x-operation'] == 'read'",
2026-10-03T11:03:00.8260942Z         "airlock_hit": true,
2026-10-03T11:03:00.8261257Z         "expected": true,
2026-10-03T11:03:00.8261568Z         "envoy_hit": true
2026-10-03T11:03:00.8261818Z       },
2026-10-03T11:03:00.8262024Z       {
2026-10-03T11:03:00.8262277Z         "case": "high",
2026-10-03T11:03:00.8262578Z         "rule": "threshold",
2026-10-03T11:03:00.8263023Z         "airlock_expression": "changed_rows >= 100",
2026-10-03T11:03:00.8263621Z         "envoy_expression": "int(request.headers['x-rows']) >= 100",
2026-10-03T11:03:00.8264060Z         "airlock_hit": true,
2026-10-03T11:03:00.8264367Z         "expected": true,
2026-10-03T11:03:00.8264670Z         "envoy_hit": true
2026-10-03T11:03:00.8264919Z       },
2026-10-03T11:03:00.8265126Z       {
2026-10-03T11:03:00.8265370Z         "case": "high",
2026-10-03T11:03:00.8265670Z         "rule": "write_only",
2026-10-03T11:03:00.8267050Z         "airlock_expression": "operation == \"delete\" && matched_rows != 0",
2026-10-03T11:03:00.8268056Z         "envoy_expression": "request.headers['x-operation'] == 'delete' && int(request.headers['x-rows']) != 0",
2026-10-03T11:03:00.8268681Z         "airlock_hit": true,
2026-10-03T11:03:00.8269006Z         "expected": true,
2026-10-03T11:03:00.8269312Z         "envoy_hit": true
2026-10-03T11:03:00.8269569Z       },
2026-10-03T11:03:00.8269780Z       {
2026-10-03T11:03:00.8270034Z         "case": "high",
2026-10-03T11:03:00.8270335Z         "rule": "bounded",
2026-10-03T11:03:00.8270897Z         "airlock_expression": "!(changed_rows > 5) || operation == \"read\"",
2026-10-03T11:03:00.8271826Z         "envoy_expression": "!(int(request.headers['x-rows']) > 5) || request.headers['x-operation'] == 'read'",
2026-10-03T11:03:00.8272421Z         "airlock_hit": false,
2026-10-03T11:03:00.8272740Z         "expected": false,
2026-10-03T11:03:00.8273043Z         "envoy_hit": false
2026-10-03T11:03:00.8273292Z       },
2026-10-03T11:03:00.8273497Z       {
2026-10-03T11:03:00.8273749Z         "case": "read",
2026-10-03T11:03:00.8274053Z         "rule": "threshold",
2026-10-03T11:03:00.8274493Z         "airlock_expression": "changed_rows >= 100",
2026-10-03T11:03:00.8275092Z         "envoy_expression": "int(request.headers['x-rows']) >= 100",
2026-10-03T11:03:00.8275538Z         "airlock_hit": true,
2026-10-03T11:03:00.8275845Z         "expected": true,
2026-10-03T11:03:00.8276398Z         "envoy_hit": true
2026-10-03T11:03:00.8276666Z       },
2026-10-03T11:03:00.8276875Z       {
2026-10-03T11:03:00.8277120Z         "case": "read",
2026-10-03T11:03:00.8277425Z         "rule": "write_only",
2026-10-03T11:03:00.8278014Z         "airlock_expression": "operation == \"delete\" && matched_rows != 0",
2026-10-03T11:03:00.8278961Z         "envoy_expression": "request.headers['x-operation'] == 'delete' && int(request.headers['x-rows']) != 0",
2026-10-03T11:03:00.8279561Z         "airlock_hit": false,
2026-10-03T11:03:00.8279889Z         "expected": false,
2026-10-03T11:03:00.8280197Z         "envoy_hit": false
2026-10-03T11:03:00.8280448Z       },
2026-10-03T11:03:00.8280655Z       {
2026-10-03T11:03:00.8280905Z         "case": "read",
2026-10-03T11:03:00.8281397Z         "rule": "bounded",
2026-10-03T11:03:00.8281967Z         "airlock_expression": "!(changed_rows > 5) || operation == \"read\"",
2026-10-03T11:03:00.8283014Z         "envoy_expression": "!(int(request.headers['x-rows']) > 5) || request.headers['x-operation'] == 'read'",
2026-10-03T11:03:00.8283607Z         "airlock_hit": true,
2026-10-03T11:03:00.8283924Z         "expected": true,
2026-10-03T11:03:00.8284222Z         "envoy_hit": true
2026-10-03T11:03:00.8284468Z       }
2026-10-03T11:03:00.8284675Z     ],
2026-10-03T11:03:00.8284918Z     "status": "PASS",
2026-10-03T11:03:00.8764870Z     "scope": "Boolean/equality/ordering subset with explicit header-to-variable mapping; access-log filter, not Envoy authorization deployment.",
2026-10-03T11:03:00.8769764Z     "error_difference": "Missing/invalid Envoy attributes suppress its log. AIRLOCK rejects invalid typed activation and blocks authorization."
2026-10-03T11:03:00.8771393Z   },
2026-10-03T11:03:00.8772010Z   "otel": {
2026-10-03T11:03:00.8772791Z     "status": "PASS",
2026-10-03T11:03:00.8773789Z     "image": "otel/opentelemetry-collector:0.162.0",
2026-10-03T11:03:00.8775629Z     "repo_digests": "[\"otel/opentelemetry-collector@sha256:310a800ad69ee430e7c541796852a242c9c7db97aaad4daa5ccf843c525fbdb2\"]",
2026-10-03T11:03:00.8777448Z     "trace_id": "255a614ca74e4c9393e9c70d35b98108",
2026-10-03T11:03:00.8778178Z     "result": {
2026-10-03T11:03:00.8778751Z       "status": "ok",
2026-10-03T11:03:00.8779334Z       "exported": 1
2026-10-03T11:03:00.8779881Z     },
2026-10-03T11:03:00.8781303Z     "scope": "Official Collector accepts OTLP JSON and debug exporter records the actual trace; no production backend claim."
2026-10-03T11:03:00.8782567Z   }
2026-10-03T11:03:00.8782941Z }
2026-10-03T11:03:00.8923506Z ##[group]Run python scripts/run_logged.py evidence/dependency-audit.log -- python -m pip_audit -r requirements-archive.txt --format json --output evidence/dependency-audit.json
2026-10-03T11:03:00.8925850Z [36;1mpython scripts/run_logged.py evidence/dependency-audit.log -- python -m pip_audit -r requirements-archive.txt --format json --output evidence/dependency-audit.json[0m
2026-10-03T11:03:00.8991278Z shell: /usr/bin/bash --noprofile --norc -e -o pipefail {0}
2026-10-03T11:03:00.8991620Z env:
2026-10-03T11:03:00.8991818Z   NEXT_TELEMETRY_DISABLED: 1
2026-10-03T11:03:00.8992126Z   pythonLocation: /opt/hostedtoolcache/Python/3.13.15/x64
2026-10-03T11:03:00.8992569Z   PKG_CONFIG_PATH: /opt/hostedtoolcache/Python/3.13.15/x64/lib/pkgconfig
2026-10-03T11:03:00.8992996Z   Python_ROOT_DIR: /opt/hostedtoolcache/Python/3.13.15/x64
2026-10-03T11:03:00.8993371Z   Python2_ROOT_DIR: /opt/hostedtoolcache/Python/3.13.15/x64
2026-10-03T11:03:00.8993782Z   Python3_ROOT_DIR: /opt/hostedtoolcache/Python/3.13.15/x64
2026-10-03T11:03:00.8994166Z   LD_LIBRARY_PATH: /opt/hostedtoolcache/Python/3.13.15/x64/lib
2026-10-03T11:03:00.8994505Z   GOTOOLCHAIN: local
2026-10-03T11:03:00.8994713Z ##[endgroup]
2026-10-03T11:03:09.0147728Z No known vulnerabilities found
2026-10-03T11:03:09.0299196Z ##[group]Run python scripts/run_logged.py evidence/latency.log -- python scripts/measure_latency.py --samples 60 --output evidence/latency.json
2026-10-03T11:03:09.0300224Z [36;1mpython scripts/run_logged.py evidence/latency.log -- python scripts/measure_latency.py --samples 60 --output evidence/latency.json[0m
2026-10-03T11:03:09.0363798Z shell: /usr/bin/bash --noprofile --norc -e -o pipefail {0}
2026-10-03T11:03:09.0364142Z env:
2026-10-03T11:03:09.0364343Z   NEXT_TELEMETRY_DISABLED: 1
2026-10-03T11:03:09.0364657Z   pythonLocation: /opt/hostedtoolcache/Python/3.13.15/x64
2026-10-03T11:03:09.0365085Z   PKG_CONFIG_PATH: /opt/hostedtoolcache/Python/3.13.15/x64/lib/pkgconfig
2026-10-03T11:03:09.0365502Z   Python_ROOT_DIR: /opt/hostedtoolcache/Python/3.13.15/x64
2026-10-03T11:03:09.0365875Z   Python2_ROOT_DIR: /opt/hostedtoolcache/Python/3.13.15/x64
2026-10-03T11:03:09.0366536Z   Python3_ROOT_DIR: /opt/hostedtoolcache/Python/3.13.15/x64
2026-10-03T11:03:09.0366959Z   LD_LIBRARY_PATH: /opt/hostedtoolcache/Python/3.13.15/x64/lib
2026-10-03T11:03:09.0367511Z   GOTOOLCHAIN: local
2026-10-03T11:03:09.0367721Z ##[endgroup]
2026-10-03T11:03:12.0155212Z {
2026-10-03T11:03:12.0156727Z   "scope": "1206-row synthetic SQLite; concurrency 1; warm HTTP client; same host and target",
2026-10-03T11:03:12.0157788Z   "python": "3.13.15",
2026-10-03T11:03:12.0158317Z   "sqlite": "3.53.1",
2026-10-03T11:03:12.0159139Z   "platform": "Linux-6.17.0-1022-azure-x86_64-with-glibc2.39",
2026-10-03T11:03:12.0159822Z   "processor": "x86_64",
2026-10-03T11:03:12.0160148Z   "logical_cpus": 4,
2026-10-03T11:03:12.0160444Z   "samples": 60,
2026-10-03T11:03:12.0160722Z   "seed": 2073,
2026-10-03T11:03:12.0161004Z   "warmup_calls": 10,
2026-10-03T11:03:12.0161387Z   "first_native_call_ms": 50.487612000097215,
2026-10-03T11:03:12.0161778Z   "read": {
2026-10-03T11:03:12.0162106Z     "direct_ms": {
2026-10-03T11:03:12.0162398Z       "n": 60,
2026-10-03T11:03:12.0162727Z       "mean": 0.4394156833332848,
2026-10-03T11:03:12.0163141Z       "p50": 0.4013950000398836,
2026-10-03T11:03:12.0163511Z       "p95": 0.5922390000705491,
2026-10-03T11:03:12.0163879Z       "p99": 0.7252359999938562
2026-10-03T11:03:12.0164166Z     },
2026-10-03T11:03:12.0164419Z     "proxy_ms": {
2026-10-03T11:03:12.0164686Z       "n": 60,
2026-10-03T11:03:12.0165010Z       "mean": 4.759537083333498,
2026-10-03T11:03:12.0165376Z       "p50": 4.5837390000542655,
2026-10-03T11:03:12.0165741Z       "p95": 5.472029000088696,
2026-10-03T11:03:12.0166077Z       "p99": 6.75032200001624
2026-10-03T11:03:12.0166597Z     },
2026-10-03T11:03:12.0166851Z     "added_ms": {
2026-10-03T11:03:12.0167115Z       "n": 60,
2026-10-03T11:03:12.0167434Z       "mean": 4.320121400000214,
2026-10-03T11:03:12.0167801Z       "p50": 4.192782000131956,
2026-10-03T11:03:12.0168154Z       "p95": 4.884989000174755,
2026-10-03T11:03:12.0168483Z       "p99": 6.38739800001531
2026-10-03T11:03:12.0168748Z     }
2026-10-03T11:03:12.0168958Z   },
2026-10-03T11:03:12.0169181Z   "write": {
2026-10-03T11:03:12.0169476Z     "submit_receipt_ms": {
2026-10-03T11:03:12.0169809Z       "n": 30,
2026-10-03T11:03:12.0170123Z       "p50": 14.79452700004913,
2026-10-03T11:03:12.0170485Z       "p95": 16.453866999995626,
2026-10-03T11:03:12.0170845Z       "p99": 39.24154300000282
2026-10-03T11:03:12.0171122Z     },
2026-10-03T11:03:12.0171451Z     "approval_request_to_effect_ms": {
2026-10-03T11:03:12.0171791Z       "n": 30,
2026-10-03T11:03:12.0172108Z       "p50": 21.789052000031006,
2026-10-03T11:03:12.0172479Z       "p95": 24.34903400001076,
2026-10-03T11:03:12.0172816Z       "p99": 25.154520000000957
2026-10-03T11:03:12.0173043Z     },
2026-10-03T11:03:12.0173249Z     "static_ms": {
2026-10-03T11:03:12.0173469Z       "n": 30,
2026-10-03T11:03:12.0173682Z       "p50": 0.07,
2026-10-03T11:03:12.0173905Z       "p95": 0.097,
2026-10-03T11:03:12.0174130Z       "p99": 0.1
2026-10-03T11:03:12.0174325Z     },
2026-10-03T11:03:12.0174533Z     "preview_ms": {
2026-10-03T11:03:12.0174750Z       "n": 30,
2026-10-03T11:03:12.0175254Z       "p50": 9.692,
2026-10-03T11:03:12.0175508Z       "p95": 10.444,
2026-10-03T11:03:12.0175742Z       "p99": 33.631
2026-10-03T11:03:12.0175943Z     },
2026-10-03T11:03:12.0176479Z     "evaluation_ms": {
2026-10-03T11:03:12.0176728Z       "n": 30,
2026-10-03T11:03:12.0176953Z       "p50": 11.132,
2026-10-03T11:03:12.0177184Z       "p95": 12.831,
2026-10-03T11:03:12.0177408Z       "p99": 35.181
2026-10-03T11:03:12.0177604Z     }
2026-10-03T11:03:12.0177791Z   },
2026-10-03T11:03:12.0177999Z   "not_measured": [
2026-10-03T11:03:12.0178254Z     "live LLM latency",
2026-10-03T11:03:12.0178515Z     "human review latency",
2026-10-03T11:03:12.0178828Z     "distributed upstream overhead",
2026-10-03T11:03:12.0179155Z     "cold OS filesystem cache",
2026-10-03T11:03:12.0179446Z     "production concurrency"
2026-10-03T11:03:12.0179671Z   ],
2026-10-03T11:03:12.0180462Z   "measurement_note": "direct includes SQLite connect/query; proxy includes HTTP, server admission, persistence and audit; negative deltas retained in raw rows",
2026-10-03T11:03:12.0182229Z   "phase_note": "server evaluation ends before final audit/commit/close; HTTP minus evaluation also includes transport, scheduling and serialization, not a pure fsync measurement. Phase data read after all timed requests."
2026-10-03T11:03:12.0183101Z }
2026-10-03T11:03:12.0320815Z ##[group]Run python scripts/run_logged.py evidence/ablation.log -- python -m benchmark.ablation --split test --output evidence/ablation.json
2026-10-03T11:03:12.0322654Z [36;1mpython scripts/run_logged.py evidence/ablation.log -- python -m benchmark.ablation --split test --output evidence/ablation.json[0m
2026-10-03T11:03:12.0417309Z shell: /usr/bin/bash --noprofile --norc -e -o pipefail {0}
2026-10-03T11:03:12.0417909Z env:
2026-10-03T11:03:12.0418252Z   NEXT_TELEMETRY_DISABLED: 1
2026-10-03T11:03:12.0418808Z   pythonLocation: /opt/hostedtoolcache/Python/3.13.15/x64
2026-10-03T11:03:12.0419611Z   PKG_CONFIG_PATH: /opt/hostedtoolcache/Python/3.13.15/x64/lib/pkgconfig
2026-10-03T11:03:12.0420394Z   Python_ROOT_DIR: /opt/hostedtoolcache/Python/3.13.15/x64
2026-10-03T11:03:12.0421059Z   Python2_ROOT_DIR: /opt/hostedtoolcache/Python/3.13.15/x64
2026-10-03T11:03:12.0421733Z   Python3_ROOT_DIR: /opt/hostedtoolcache/Python/3.13.15/x64
2026-10-03T11:03:12.0422454Z   LD_LIBRARY_PATH: /opt/hostedtoolcache/Python/3.13.15/x64/lib
2026-10-03T11:03:12.0423056Z   GOTOOLCHAIN: local
2026-10-03T11:03:12.0423417Z ##[endgroup]
2026-10-03T11:03:12.4457205Z {
2026-10-03T11:03:12.4457492Z   "split": "test",
2026-10-03T11:03:12.4458017Z   "corpus_sha256": "243854b51e7039324de4c31fa7a67af1a98ddc48b9c9edfbbac581a2c2f73af7",
2026-10-03T11:03:12.4458520Z   "live_model_requested": false,
2026-10-03T11:03:12.4458803Z   "limitations": [
2026-10-03T11:03:12.4459320Z     "Original synthetic corpus is unchanged and has no independent human danger gold.",
2026-10-03T11:03:12.4460096Z     "The pure model arm measures advice only; it cannot execute or bypass the production gate.",
2026-10-03T11:03:12.4460907Z     "Live model arms require AIRLOCK-only configuration, key and explicit budget authorization."
2026-10-03T11:03:12.4461349Z   ],
2026-10-03T11:03:12.4461540Z   "arms": {
2026-10-03T11:03:12.4461749Z     "keyword": {
2026-10-03T11:03:12.4462004Z       "status": "MEASURED",
2026-10-03T11:03:12.4462266Z       "n": 80
2026-10-03T11:03:12.4462468Z     },
2026-10-03T11:03:12.4462672Z     "pure_llm": {
2026-10-03T11:03:12.4462968Z       "status": "BLOCKED_EXTERNAL",
2026-10-03T11:03:12.4463238Z       "n": 0
2026-10-03T11:03:12.4463428Z     },
2026-10-03T11:03:12.4463652Z     "hybrid_no_preview": {
2026-10-03T11:03:12.4463968Z       "status": "BLOCKED_EXTERNAL",
2026-10-03T11:03:12.4464225Z       "n": 0
2026-10-03T11:03:12.4464415Z     },
2026-10-03T11:03:12.4464637Z     "hybrid_with_preview": {
2026-10-03T11:03:12.4464952Z       "status": "BLOCKED_EXTERNAL",
2026-10-03T11:03:12.4465205Z       "n": 0
2026-10-03T11:03:12.4465391Z     }
2026-10-03T11:03:12.4465561Z   }
2026-10-03T11:03:12.4465729Z }
2026-10-03T11:03:12.4609647Z ##[group]Run python scripts/run_logged.py evidence/study-analysis.log -- python -m benchmark.research --output evidence/study-analysis.json study evidence/study-automation.json
2026-10-03T11:03:12.4610914Z [36;1mpython scripts/run_logged.py evidence/study-analysis.log -- python -m benchmark.research --output evidence/study-analysis.json study evidence/study-automation.json[0m
2026-10-03T11:03:12.4675339Z shell: /usr/bin/bash --noprofile --norc -e -o pipefail {0}
2026-10-03T11:03:12.4675935Z env:
2026-10-03T11:03:12.4676519Z   NEXT_TELEMETRY_DISABLED: 1
2026-10-03T11:03:12.4676835Z   pythonLocation: /opt/hostedtoolcache/Python/3.13.15/x64
2026-10-03T11:03:12.4677269Z   PKG_CONFIG_PATH: /opt/hostedtoolcache/Python/3.13.15/x64/lib/pkgconfig
2026-10-03T11:03:12.4677698Z   Python_ROOT_DIR: /opt/hostedtoolcache/Python/3.13.15/x64
2026-10-03T11:03:12.4678073Z   Python2_ROOT_DIR: /opt/hostedtoolcache/Python/3.13.15/x64
2026-10-03T11:03:12.4678484Z   Python3_ROOT_DIR: /opt/hostedtoolcache/Python/3.13.15/x64
2026-10-03T11:03:12.4679089Z   LD_LIBRARY_PATH: /opt/hostedtoolcache/Python/3.13.15/x64/lib
2026-10-03T11:03:12.4679413Z   GOTOOLCHAIN: local
2026-10-03T11:03:12.4679628Z ##[endgroup]
2026-10-03T11:03:12.6711618Z {
2026-10-03T11:03:12.6712193Z   "status": "BLOCKED_EXTERNAL",
2026-10-03T11:03:12.6712811Z   "human_participants": 0,
2026-10-03T11:03:12.6713259Z   "excluded": [
2026-10-03T11:03:12.6713647Z     {
2026-10-03T11:03:12.6714082Z       "participant_id": "automation-browser",
2026-10-03T11:03:12.6714740Z       "reason": "nonhuman, no consent, duplicate or invalid metadata"
2026-10-03T11:03:12.6715175Z     }
2026-10-03T11:03:12.6715452Z   ],
2026-10-03T11:03:12.6715853Z   "participants": [],
2026-10-03T11:03:12.6716621Z   "acceptance_metrics": null,
2026-10-03T11:03:12.6717019Z   "paired_time_delta": {
2026-10-03T11:03:12.6717316Z     "n": 0,
2026-10-03T11:03:12.6717578Z     "mean": null,
2026-10-03T11:03:12.6717841Z     "ci95": null
2026-10-03T11:03:12.6718076Z   },
2026-10-03T11:03:12.6718363Z   "paired_accuracy_delta": {
2026-10-03T11:03:12.6718661Z     "n": 0,
2026-10-03T11:03:12.6718912Z     "mean": null,
2026-10-03T11:03:12.6719174Z     "ci95": null
2026-10-03T11:03:12.6719402Z   },
2026-10-03T11:03:12.6719691Z   "all_decisions_visible_ms": {
2026-10-03T11:03:12.6719995Z     "n": 0,
2026-10-03T11:03:12.6720239Z     "mean": null,
2026-10-03T11:03:12.6720528Z     "median": null,
2026-10-03T11:03:12.6720797Z     "p95": null
2026-10-03T11:03:12.6721025Z   },
2026-10-03T11:03:12.6721277Z   "correct_decisions": {
2026-10-03T11:03:12.6721581Z     "numerator": 0,
2026-10-03T11:03:12.6721865Z     "denominator": 0,
2026-10-03T11:03:12.6722152Z     "value": null
2026-10-03T11:03:12.6722383Z   },
2026-10-03T11:03:12.6722827Z   "gold_verification": "unverified_browser_supplied_correctness",
2026-10-03T11:03:12.6723533Z   "comprehension_verification": "unverified_browser_supplied_correctness",
2026-10-03T11:03:12.6724058Z   "comprehension_correct": {
2026-10-03T11:03:12.6724401Z     "numerator": 0,
2026-10-03T11:03:12.6724695Z     "denominator": 0,
2026-10-03T11:03:12.6724976Z     "value": null
2026-10-03T11:03:12.6725206Z   },
2026-10-03T11:03:12.6725411Z   "limitations": [
2026-10-03T11:03:12.6726504Z     "No causal efficiency claim without recruitment, business gold, counterbalancing and adequate sample size.",
2026-10-03T11:03:12.6728047Z     "A single participant is a descriptive pilot: repeated decisions do not create independent participants or a population confidence interval.",
2026-10-03T11:03:12.6729961Z     "Exported browser timing and human identity are untrusted telemetry, never authorization.",
2026-10-03T11:03:12.6730838Z     "Visibility duration excludes hidden tabs; correctness is supplied task gold, not a policy guess."
2026-10-03T11:03:12.6731324Z   ]
2026-10-03T11:03:12.6731507Z }
2026-10-03T11:03:12.6884412Z ##[group]Run python scripts/run_logged.py evidence/comparison.log -- python scripts/demo_comparison.py --output evidence/comparison.json
2026-10-03T11:03:12.6886474Z [36;1mpython scripts/run_logged.py evidence/comparison.log -- python scripts/demo_comparison.py --output evidence/comparison.json[0m
2026-10-03T11:03:12.6973677Z shell: /usr/bin/bash --noprofile --norc -e -o pipefail {0}
2026-10-03T11:03:12.6974027Z env:
2026-10-03T11:03:12.6974235Z   NEXT_TELEMETRY_DISABLED: 1
2026-10-03T11:03:12.6974546Z   pythonLocation: /opt/hostedtoolcache/Python/3.13.15/x64
2026-10-03T11:03:12.6974991Z   PKG_CONFIG_PATH: /opt/hostedtoolcache/Python/3.13.15/x64/lib/pkgconfig
2026-10-03T11:03:12.6975420Z   Python_ROOT_DIR: /opt/hostedtoolcache/Python/3.13.15/x64
2026-10-03T11:03:12.6975802Z   Python2_ROOT_DIR: /opt/hostedtoolcache/Python/3.13.15/x64
2026-10-03T11:03:12.6976478Z   Python3_ROOT_DIR: /opt/hostedtoolcache/Python/3.13.15/x64
2026-10-03T11:03:12.6976951Z   LD_LIBRARY_PATH: /opt/hostedtoolcache/Python/3.13.15/x64/lib
2026-10-03T11:03:12.6977274Z   GOTOOLCHAIN: local
2026-10-03T11:03:12.6977480Z ##[endgroup]
2026-10-03T11:03:13.2826994Z {
2026-10-03T11:03:13.2828363Z   "scope": "disposable synthetic data; automated independent reviewer fixture; no live model/human",
2026-10-03T11:03:13.2829864Z   "without_gate": {
2026-10-03T11:03:13.2830194Z     "before": 1206,
2026-10-03T11:03:13.2830491Z     "after": 0
2026-10-03T11:03:13.2830748Z   },
2026-10-03T11:03:13.2831010Z   "with_gate": {
2026-10-03T11:03:13.2831339Z     "pending_rows": 1206,
2026-10-03T11:03:13.2831695Z     "rejected_rows": 1206,
2026-10-03T11:03:13.2832179Z     "denial": {
2026-10-03T11:03:13.2832932Z       "id": "ca652681789b4c50935707b2c49f3803",
2026-10-03T11:03:13.2833511Z       "state": "rejected",
2026-10-03T11:03:13.2833934Z       "decision": "need_approval",
2026-10-03T11:03:13.2834402Z       "reason_code": "human_rejected",
2026-10-03T11:03:13.2834788Z       "result": null,
2026-10-03T11:03:13.2835199Z       "expires_at": 1791025693.196765,
2026-10-03T11:03:13.2835801Z       "action_id": "ca652681789b4c50935707b2c49f3803",
2026-10-03T11:03:13.2836597Z       "trace_id": "ca19fb9e89024d259c86e3f8a1318d13",
2026-10-03T11:03:13.2837026Z       "retryable": false,
2026-10-03T11:03:13.2837392Z       "allowed_alternatives": [
2026-10-03T11:03:13.2837799Z         "query_original_action",
2026-10-03T11:03:13.2838149Z         "bounded_read"
2026-10-03T11:03:13.2838416Z       ],
2026-10-03T11:03:13.2838745Z       "execution_occurred": false,
2026-10-03T11:03:13.2839622Z       "next_step": "Use a bounded SELECT or submit a narrower NEW action; do not retry rejected writes blindly."
2026-10-03T11:03:13.2840230Z     },
2026-10-03T11:03:13.2840495Z     "safe_alternative": {
2026-10-03T11:03:13.2840921Z       "id": "94c1787af75f41a5a8ced2a0784f2e9b",
2026-10-03T11:03:13.2841317Z       "state": "executed",
2026-10-03T11:03:13.2841650Z       "decision": "pass",
2026-10-03T11:03:13.2842030Z       "reason_code": "bounded_read",
2026-10-03T11:03:13.2842377Z       "result": {
2026-10-03T11:03:13.2842687Z         "matched_rows": 0,
2026-10-03T11:03:13.2843162Z         "rows": [
2026-10-03T11:03:13.2843427Z           {
2026-10-03T11:03:13.2843757Z             "remaining": 1206
2026-10-03T11:03:13.2844062Z           }
2026-10-03T11:03:13.2844297Z         ],
2026-10-03T11:03:13.2844776Z         "truncated": false
2026-10-03T11:03:13.2845227Z       },
2026-10-03T11:03:13.2845809Z       "expires_at": 1791025693.2117002,
2026-10-03T11:03:13.2846940Z       "action_id": "94c1787af75f41a5a8ced2a0784f2e9b",
2026-10-03T11:03:13.2847632Z       "trace_id": "4c85fa7880cc44efab38994545fbc32b",
2026-10-03T11:03:13.2847973Z       "retryable": false,
2026-10-03T11:03:13.2848278Z       "allowed_alternatives": [
2026-10-03T11:03:13.2848622Z         "query_original_action"
2026-10-03T11:03:13.2848992Z       ],
2026-10-03T11:03:13.2849528Z       "execution_occurred": true,
2026-10-03T11:03:13.2849920Z       "next_step": "Read the result."
2026-10-03T11:03:13.2850507Z     },
2026-10-03T11:03:13.2850742Z     "approved_rows": 0,
2026-10-03T11:03:13.2851000Z     "approved_receipt": {
2026-10-03T11:03:13.2851354Z       "id": "8cc27844aa24455aafffa4b9b93af571",
2026-10-03T11:03:13.2851687Z       "state": "executed",
2026-10-03T11:03:13.2852004Z       "decision": "need_approval",
2026-10-03T11:03:13.2852348Z       "reason_code": "human_approved",
2026-10-03T11:03:13.2852630Z       "result": {
2026-10-03T11:03:13.2852895Z         "matched_rows": 1206,
2026-10-03T11:03:13.2853164Z         "rows": [],
2026-10-03T11:03:13.2853422Z         "truncated": false
2026-10-03T11:03:13.2853659Z       },
2026-10-03T11:03:13.2853938Z       "expires_at": 1791025693.2143092,
2026-10-03T11:03:13.2854348Z       "action_id": "8cc27844aa24455aafffa4b9b93af571",
2026-10-03T11:03:13.2854788Z       "trace_id": "243a9ce8036644648896c8fdb62c0d33",
2026-10-03T11:03:13.2855123Z       "retryable": false,
2026-10-03T11:03:13.2855432Z       "allowed_alternatives": [
2026-10-03T11:03:13.2855776Z         "query_original_action"
2026-10-03T11:03:13.2856014Z       ],
2026-10-03T11:03:13.2856548Z       "execution_occurred": true,
2026-10-03T11:03:13.2856892Z       "next_step": "Read the result."
2026-10-03T11:03:13.2857301Z     }
2026-10-03T11:03:13.2857473Z   },
2026-10-03T11:03:13.2857665Z   "audit": {
2026-10-03T11:03:13.2857879Z     "valid": true,
2026-10-03T11:03:13.2858098Z     "events": 5,
2026-10-03T11:03:13.2858555Z     "head": "56692a19b59fad35f6ba1938720999d32a940b0227820fa41dcc8660f2cbd0ae",
2026-10-03T11:03:13.2859027Z     "anchor_status": "not_configured",
2026-10-03T11:03:13.2860145Z     "limitation": "Tail truncation after the last independently retained checkpoint remains undetectable. A server with all keys can forge new history; keep checkpoints outside its write authority."
2026-10-03T11:03:13.2861185Z   }
2026-10-03T11:03:13.2861475Z }
2026-10-03T11:03:13.2974894Z ##[group]Run python scripts/verify_evidence.py
2026-10-03T11:03:13.2975262Z [36;1mpython scripts/verify_evidence.py[0m
2026-10-03T11:03:13.3038771Z shell: /usr/bin/bash --noprofile --norc -e -o pipefail {0}
2026-10-03T11:03:13.3039132Z env:
2026-10-03T11:03:13.3039334Z   NEXT_TELEMETRY_DISABLED: 1
2026-10-03T11:03:13.3039658Z   pythonLocation: /opt/hostedtoolcache/Python/3.13.15/x64
2026-10-03T11:03:13.3040125Z   PKG_CONFIG_PATH: /opt/hostedtoolcache/Python/3.13.15/x64/lib/pkgconfig
2026-10-03T11:03:13.3040590Z   Python_ROOT_DIR: /opt/hostedtoolcache/Python/3.13.15/x64
2026-10-03T11:03:13.3040990Z   Python2_ROOT_DIR: /opt/hostedtoolcache/Python/3.13.15/x64
2026-10-03T11:03:13.3041436Z   Python3_ROOT_DIR: /opt/hostedtoolcache/Python/3.13.15/x64
2026-10-03T11:03:13.3041841Z   LD_LIBRARY_PATH: /opt/hostedtoolcache/Python/3.13.15/x64/lib
2026-10-03T11:03:13.3042186Z   GOTOOLCHAIN: local
2026-10-03T11:03:13.3042399Z ##[endgroup]
2026-10-03T11:03:13.3569184Z Verified all 687 JUnit cases, exit receipts, screenshots, Docker and raw benchmark rows.
2026-10-03T11:03:13.3651391Z ##[group]Run python scripts/evidence_manifest.py
2026-10-03T11:03:13.3651767Z [36;1mpython scripts/evidence_manifest.py[0m
2026-10-03T11:03:13.3714094Z shell: /usr/bin/bash --noprofile --norc -e -o pipefail {0}
2026-10-03T11:03:13.3714430Z env:
2026-10-03T11:03:13.3714628Z   NEXT_TELEMETRY_DISABLED: 1
2026-10-03T11:03:13.3714955Z   pythonLocation: /opt/hostedtoolcache/Python/3.13.15/x64
2026-10-03T11:03:13.3715390Z   PKG_CONFIG_PATH: /opt/hostedtoolcache/Python/3.13.15/x64/lib/pkgconfig
2026-10-03T11:03:13.3715812Z   Python_ROOT_DIR: /opt/hostedtoolcache/Python/3.13.15/x64
2026-10-03T11:03:13.3716524Z   Python2_ROOT_DIR: /opt/hostedtoolcache/Python/3.13.15/x64
2026-10-03T11:03:13.3716916Z   Python3_ROOT_DIR: /opt/hostedtoolcache/Python/3.13.15/x64
2026-10-03T11:03:13.3717309Z   LD_LIBRARY_PATH: /opt/hostedtoolcache/Python/3.13.15/x64/lib
2026-10-03T11:03:13.3717636Z   GOTOOLCHAIN: local
2026-10-03T11:03:13.3717842Z ##[endgroup]
2026-10-03T11:03:13.4653154Z {"commit": "533726aa72eeeb71d5c28d81ac84ad7b1a23dd3c", "artifact_files": 94}
2026-10-03T11:03:13.4799873Z ##[group]Run actions/upload-artifact@v4
2026-10-03T11:03:13.4800173Z with:
2026-10-03T11:03:13.4800379Z   name: acceptance-evidence
2026-10-03T11:03:13.4800665Z   path: evidence/*.*
evidence/research-pipeline/

2026-10-03T11:03:13.4800980Z   retention-days: 90
2026-10-03T11:03:13.4801196Z   if-no-files-found: warn
2026-10-03T11:03:13.4801421Z   compression-level: 6
2026-10-03T11:03:13.4801629Z   overwrite: false
2026-10-03T11:03:13.4801840Z   include-hidden-files: false
2026-10-03T11:03:13.4802065Z env:
2026-10-03T11:03:13.4802250Z   NEXT_TELEMETRY_DISABLED: 1
2026-10-03T11:03:13.4802548Z   pythonLocation: /opt/hostedtoolcache/Python/3.13.15/x64
2026-10-03T11:03:13.4802975Z   PKG_CONFIG_PATH: /opt/hostedtoolcache/Python/3.13.15/x64/lib/pkgconfig
2026-10-03T11:03:13.4803398Z   Python_ROOT_DIR: /opt/hostedtoolcache/Python/3.13.15/x64
2026-10-03T11:03:13.4803772Z   Python2_ROOT_DIR: /opt/hostedtoolcache/Python/3.13.15/x64
2026-10-03T11:03:13.4804175Z   Python3_ROOT_DIR: /opt/hostedtoolcache/Python/3.13.15/x64
2026-10-03T11:03:13.4804557Z   LD_LIBRARY_PATH: /opt/hostedtoolcache/Python/3.13.15/x64/lib
2026-10-03T11:03:13.4804880Z   GOTOOLCHAIN: local
2026-10-03T11:03:13.4805079Z ##[endgroup]
2026-10-03T11:03:13.6601681Z (node:16177) [DEP0040] DeprecationWarning: The `punycode` module is deprecated. Please use a userland alternative instead.
2026-10-03T11:03:13.6602929Z (Use `node --trace-deprecation ...` to show where the warning was created)
2026-10-03T11:03:13.6866376Z With the provided path, there will be 97 files uploaded
2026-10-03T11:03:13.6876752Z Artifact name is valid!
2026-10-03T11:03:13.6877459Z Root directory input is valid!
2026-10-03T11:03:14.0726412Z Beginning upload of artifact content to blob storage
2026-10-03T11:03:14.2399456Z (node:16177) [DEP0169] DeprecationWarning: `url.parse()` behavior is not standardized and prone to errors that have security implications. Use the WHATWG URL API instead. CVEs are not issued for `url.parse()` vulnerabilities.
2026-10-03T11:03:14.9595639Z Uploaded bytes 1917012
2026-10-03T11:03:15.0317200Z Finished uploading artifact content to blob storage!
2026-10-03T11:03:15.0318489Z SHA256 digest of uploaded artifact zip is 1a77398592181042eab95aa1040298a877ac1bb5b3786d8feefb3797b7f6d4f9
2026-10-03T11:03:15.0320567Z Finalizing artifact upload
2026-10-03T11:03:15.3111184Z Artifact acceptance-evidence.zip successfully finalized. Artifact ID 11272472106
2026-10-03T11:03:15.3112641Z Artifact acceptance-evidence has been successfully uploaded! Final size is 1917012 bytes. Artifact ID is 11272472106
2026-10-03T11:03:15.3119272Z Artifact download URL: https://github.com/Changxin-YR/AIRLOCK/actions/runs/37117971834/artifacts/11272472106
2026-10-03T11:03:15.3315664Z Post job cleanup.
2026-10-03T11:03:15.4587901Z Post job cleanup.
2026-10-03T11:03:15.5887571Z (node:16197) [DEP0040] DeprecationWarning: The `punycode` module is deprecated. Please use a userland alternative instead.
2026-10-03T11:03:15.5888672Z (Use `node --trace-deprecation ...` to show where the warning was created)
2026-10-03T11:03:15.6045551Z Post job cleanup.
2026-10-03T11:03:15.7294289Z (node:16205) [DEP0040] DeprecationWarning: The `punycode` module is deprecated. Please use a userland alternative instead.
2026-10-03T11:03:15.7295346Z (Use `node --trace-deprecation ...` to show where the warning was created)
2026-10-03T11:03:15.7483187Z Post job cleanup.
2026-10-03T11:03:15.8377861Z [command]/usr/bin/git version
2026-10-03T11:03:15.8428669Z git version 2.55.0
2026-10-03T11:03:15.8469359Z Temporarily overriding HOME='/home/runner/work/_temp/2193b327-881b-4dcc-a679-98ca0b48b9b6' before making global git config changes
2026-10-03T11:03:15.8471027Z Adding repository directory to the temporary git global config as a safe directory
2026-10-03T11:03:15.8475873Z [command]/usr/bin/git config --global --add safe.directory /home/runner/work/AIRLOCK/AIRLOCK
2026-10-03T11:03:15.8514951Z [command]/usr/bin/git config --local --name-only --get-regexp core\.sshCommand
2026-10-03T11:03:15.8551571Z [command]/usr/bin/git submodule foreach --recursive sh -c "git config --local --name-only --get-regexp 'core\.sshCommand' && git config --local --unset-all 'core.sshCommand' || :"
2026-10-03T11:03:15.8810585Z [command]/usr/bin/git config --local --name-only --get-regexp http\.https\:\/\/github\.com\/\.extraheader
2026-10-03T11:03:15.8837523Z http.https://github.com/.extraheader
2026-10-03T11:03:15.8848805Z [command]/usr/bin/git config --local --unset-all http.https://github.com/.extraheader
2026-10-03T11:03:15.8888911Z [command]/usr/bin/git submodule foreach --recursive sh -c "git config --local --name-only --get-regexp 'http\.https\:\/\/github\.com\/\.extraheader' && git config --local --unset-all 'http.https://github.com/.extraheader' || :"
2026-10-03T11:03:15.9154149Z [command]/usr/bin/git config --local --name-only --get-regexp ^includeIf\.gitdir:
2026-10-03T11:03:15.9194865Z [command]/usr/bin/git submodule foreach --recursive git config --local --show-origin --name-only --get-regexp remote.origin.url
2026-10-03T11:03:15.9619046Z Cleaning up orphan processes
2026-10-03T11:03:16.0030586Z ##[warning]Node.js 20 is deprecated. The following actions target Node.js 20 but are being forced to run on Node.js 24: actions/checkout@v4, actions/setup-node@v4, actions/setup-python@v5, actions/upload-artifact@v4. For more information see: https://github.blog/changelog/2025-09-19-deprecation-of-node-20-on-github-actions-runners/
