2026-10-02T08:48:06.7211653Z Current runner version: '2.337.0'
2026-10-02T08:48:06.7233457Z ##[group]Runner Image Provisioner
2026-10-02T08:48:06.7234299Z Hosted Compute Agent
2026-10-02T08:48:06.7234810Z Version: 20260901.588
2026-10-02T08:48:06.7235579Z Commit: f88ec8081b781fac6c440065ac7ff9e710ce3d0b
2026-10-02T08:48:06.7236279Z Build Date: 2026-09-01T19:56:44Z
2026-10-02T08:48:06.7236888Z Worker ID: {9ae58f58-cc17-4240-b2cb-ea3dfafe9320}
2026-10-02T08:48:06.7237489Z Azure Region: westus3
2026-10-02T08:48:06.7238044Z ##[endgroup]
2026-10-02T08:48:06.7239181Z ##[group]Operating System
2026-10-02T08:48:06.7239735Z Ubuntu
2026-10-02T08:48:06.7240253Z 24.04.5
2026-10-02T08:48:06.7240666Z LTS
2026-10-02T08:48:06.7241154Z ##[endgroup]
2026-10-02T08:48:06.7241621Z ##[group]Runner Image
2026-10-02T08:48:06.7242188Z Image: ubuntu-24.04
2026-10-02T08:48:06.7242706Z Version: 20260927.320.1
2026-10-02T08:48:06.7243795Z Included Software: https://github.com/actions/runner-images/blob/ubuntu24/20260927.320/images/ubuntu/Ubuntu2404-Readme.md
2026-10-02T08:48:06.7245074Z Image Release: https://github.com/actions/runner-images/releases/tag/ubuntu24%2F20260927.320
2026-10-02T08:48:06.7246199Z ##[endgroup]
2026-10-02T08:48:06.7247180Z ##[group]GITHUB_TOKEN Permissions
2026-10-02T08:48:06.7248786Z Contents: read
2026-10-02T08:48:06.7249291Z Metadata: read
2026-10-02T08:48:06.7249757Z ##[endgroup]
2026-10-02T08:48:06.7251572Z Secret source: Actions
2026-10-02T08:48:06.7252387Z Cache mode: write
2026-10-02T08:48:06.7253048Z Prepare workflow directory
2026-10-02T08:48:06.7587229Z Prepare all required actions
2026-10-02T08:48:06.7626023Z Getting action download info
2026-10-02T08:48:07.1329441Z Download action repository 'actions/checkout@v4' (SHA:11d5960a326750d5838078e36cf38b85af677262)
2026-10-02T08:48:07.5719474Z Download action repository 'actions/setup-python@v5' (SHA:a26af69be951a213d495a4c3e4e4022e16d87065)
2026-10-02T08:48:07.7790465Z Download action repository 'actions/setup-node@v4' (SHA:49933ea5288caeca8642d1e84afbd3f7d6820020)
2026-10-02T08:48:07.8955976Z Download action repository 'actions/upload-artifact@v4' (SHA:ea165f8d65b6e75b540449e92b4886f43607fa02)
2026-10-02T08:48:08.4390288Z Complete job name: verify
2026-10-02T08:48:08.5122004Z ##[group]Run actions/checkout@v4
2026-10-02T08:48:08.5122635Z with:
2026-10-02T08:48:08.5123000Z   ref: 266ad9e9daedcbfd5183f0402d1d5227f4a2a0b4
2026-10-02T08:48:08.5123425Z   repository: Changxin-YR/AIRLOCK
2026-10-02T08:48:08.5126086Z   token: ***
2026-10-02T08:48:08.5126414Z   ssh-strict: true
2026-10-02T08:48:08.5126741Z   ssh-user: git
2026-10-02T08:48:08.5127063Z   persist-credentials: true
2026-10-02T08:48:08.5127408Z   clean: true
2026-10-02T08:48:08.5127737Z   sparse-checkout-cone-mode: true
2026-10-02T08:48:08.5128095Z   fetch-depth: 1
2026-10-02T08:48:08.5128407Z   fetch-tags: false
2026-10-02T08:48:08.5128730Z   show-progress: true
2026-10-02T08:48:08.5129066Z   lfs: false
2026-10-02T08:48:08.5129384Z   submodules: false
2026-10-02T08:48:08.5129709Z   set-safe-directory: true
2026-10-02T08:48:08.5130080Z   allow-unsafe-pr-checkout: false
2026-10-02T08:48:08.5130626Z ##[endgroup]
2026-10-02T08:48:08.5950149Z Syncing repository: Changxin-YR/AIRLOCK
2026-10-02T08:48:08.5951931Z ##[group]Getting Git version info
2026-10-02T08:48:08.5952440Z Working directory is '/home/runner/work/AIRLOCK/AIRLOCK'
2026-10-02T08:48:08.5953300Z [command]/usr/bin/git version
2026-10-02T08:48:08.5990432Z git version 2.55.0
2026-10-02T08:48:08.6010733Z ##[endgroup]
2026-10-02T08:48:08.6040432Z Temporarily overriding HOME='/home/runner/work/_temp/c8eac85e-6d88-4435-9ae3-72002bfee16e' before making global git config changes
2026-10-02T08:48:08.6042014Z Adding repository directory to the temporary git global config as a safe directory
2026-10-02T08:48:08.6067398Z [command]/usr/bin/git config --global --add safe.directory /home/runner/work/AIRLOCK/AIRLOCK
2026-10-02T08:48:08.6091463Z Deleting the contents of '/home/runner/work/AIRLOCK/AIRLOCK'
2026-10-02T08:48:08.6095973Z ##[group]Initializing the repository
2026-10-02T08:48:08.6099631Z [command]/usr/bin/git init /home/runner/work/AIRLOCK/AIRLOCK
2026-10-02T08:48:08.6179850Z hint: Using 'master' as the name for the initial branch. This default branch name
2026-10-02T08:48:08.6181192Z hint: will change to "main" in Git 3.0. To configure the initial branch name
2026-10-02T08:48:08.6182357Z hint: to use in all of your new repositories, which will suppress this warning,
2026-10-02T08:48:08.6183299Z hint: call:
2026-10-02T08:48:08.6183969Z hint:
2026-10-02T08:48:08.6184771Z hint: 	git config --global init.defaultBranch <name>
2026-10-02T08:48:08.6185822Z hint:
2026-10-02T08:48:08.6186658Z hint: Names commonly chosen instead of 'master' are 'main', 'trunk' and
2026-10-02T08:48:08.6187761Z hint: 'development'. The just-created branch can be renamed via this command:
2026-10-02T08:48:08.6188700Z hint:
2026-10-02T08:48:08.6189377Z hint: 	git branch -m <name>
2026-10-02T08:48:08.6190146Z hint:
2026-10-02T08:48:08.6191020Z hint: Disable this message with "git config set advice.defaultBranchName false"
2026-10-02T08:48:08.6192620Z Initialized empty Git repository in /home/runner/work/AIRLOCK/AIRLOCK/.git/
2026-10-02T08:48:08.6195159Z [command]/usr/bin/git remote add origin https://github.com/Changxin-YR/AIRLOCK
2026-10-02T08:48:08.6611670Z ##[endgroup]
2026-10-02T08:48:08.6612630Z ##[group]Disabling automatic garbage collection
2026-10-02T08:48:08.6615544Z [command]/usr/bin/git config --local gc.auto 0
2026-10-02T08:48:08.6650172Z ##[endgroup]
2026-10-02T08:48:08.6651037Z ##[group]Setting up auth
2026-10-02T08:48:08.6656314Z [command]/usr/bin/git config --local --name-only --get-regexp core\.sshCommand
2026-10-02T08:48:08.6685850Z [command]/usr/bin/git submodule foreach --recursive sh -c "git config --local --name-only --get-regexp 'core\.sshCommand' && git config --local --unset-all 'core.sshCommand' || :"
2026-10-02T08:48:08.6986798Z [command]/usr/bin/git config --local --name-only --get-regexp http\.https\:\/\/github\.com\/\.extraheader
2026-10-02T08:48:08.7017403Z [command]/usr/bin/git submodule foreach --recursive sh -c "git config --local --name-only --get-regexp 'http\.https\:\/\/github\.com\/\.extraheader' && git config --local --unset-all 'http.https://github.com/.extraheader' || :"
2026-10-02T08:48:08.7220150Z [command]/usr/bin/git config --local --name-only --get-regexp ^includeIf\.gitdir:
2026-10-02T08:48:08.7255681Z [command]/usr/bin/git submodule foreach --recursive git config --local --show-origin --name-only --get-regexp remote.origin.url
2026-10-02T08:48:08.7472606Z [command]/usr/bin/git config --local http.https://github.com/.extraheader AUTHORIZATION: basic ***
2026-10-02T08:48:08.7514224Z ##[endgroup]
2026-10-02T08:48:08.7522505Z ##[group]Fetching the repository
2026-10-02T08:48:08.7523509Z [command]/usr/bin/git -c protocol.version=2 fetch --no-tags --prune --no-recurse-submodules --depth=1 origin 266ad9e9daedcbfd5183f0402d1d5227f4a2a0b4
2026-10-02T08:48:10.2291591Z From https://github.com/Changxin-YR/AIRLOCK
2026-10-02T08:48:10.2293185Z  * branch            266ad9e9daedcbfd5183f0402d1d5227f4a2a0b4 -> FETCH_HEAD
2026-10-02T08:48:10.2295882Z ##[endgroup]
2026-10-02T08:48:10.2296497Z ##[group]Determining the checkout info
2026-10-02T08:48:10.2297695Z ##[endgroup]
2026-10-02T08:48:10.2304148Z [command]/usr/bin/git sparse-checkout disable
2026-10-02T08:48:10.2352179Z [command]/usr/bin/git config --local --unset-all extensions.worktreeConfig
2026-10-02T08:48:10.2382225Z ##[group]Checking out the ref
2026-10-02T08:48:10.2385468Z [command]/usr/bin/git checkout --progress --force 266ad9e9daedcbfd5183f0402d1d5227f4a2a0b4
2026-10-02T08:48:10.2475750Z Note: switching to '266ad9e9daedcbfd5183f0402d1d5227f4a2a0b4'.
2026-10-02T08:48:10.2476280Z 
2026-10-02T08:48:10.2476575Z You are in 'detached HEAD' state. You can look around, make experimental
2026-10-02T08:48:10.2477230Z changes and commit them, and you can discard any commits you make in this
2026-10-02T08:48:10.2477882Z state without impacting any branches by switching back to a branch.
2026-10-02T08:48:10.2478281Z 
2026-10-02T08:48:10.2478643Z If you want to create a new branch to retain commits you create, you may
2026-10-02T08:48:10.2479536Z do so (now or later) by using -c with the switch command. Example:
2026-10-02T08:48:10.2479915Z 
2026-10-02T08:48:10.2480085Z   git switch -c <new-branch-name>
2026-10-02T08:48:10.2480346Z 
2026-10-02T08:48:10.2480508Z Or undo this operation with:
2026-10-02T08:48:10.2480785Z 
2026-10-02T08:48:10.2480936Z   git switch -
2026-10-02T08:48:10.2481155Z 
2026-10-02T08:48:10.2481447Z Turn off this advice by setting config variable advice.detachedHead to false
2026-10-02T08:48:10.2481816Z 
2026-10-02T08:48:10.2482004Z HEAD is now at 266ad9e docs: include runnable bounded CEL policy example
2026-10-02T08:48:10.2485031Z ##[endgroup]
2026-10-02T08:48:10.2525583Z [command]/usr/bin/git log -1 --format=%H
2026-10-02T08:48:10.2548717Z 266ad9e9daedcbfd5183f0402d1d5227f4a2a0b4
2026-10-02T08:48:10.2735621Z ##[group]Run mkdir -p evidence
2026-10-02T08:48:10.2735997Z [36;1mmkdir -p evidence[0m
2026-10-02T08:48:10.2736313Z [36;1mgit archive --format=zip HEAD -o evidence/source.zip[0m
2026-10-02T08:48:10.2736698Z [36;1mgit rev-parse HEAD > evidence/commit.txt[0m
2026-10-02T08:48:10.2936066Z shell: /usr/bin/bash --noprofile --norc -e -o pipefail {0}
2026-10-02T08:48:10.2936441Z ##[endgroup]
2026-10-02T08:48:10.3358958Z ##[group]Run actions/setup-python@v5
2026-10-02T08:48:10.3359286Z with:
2026-10-02T08:48:10.3359493Z   python-version: 3.13
2026-10-02T08:48:10.3359722Z   check-latest: false
2026-10-02T08:48:10.3362104Z   token: ***
2026-10-02T08:48:10.3362327Z   update-environment: true
2026-10-02T08:48:10.3362565Z   allow-prereleases: false
2026-10-02T08:48:10.3362790Z   freethreaded: false
2026-10-02T08:48:10.3363012Z ##[endgroup]
2026-10-02T08:48:10.4445833Z ##[group]Installed versions
2026-10-02T08:48:10.4520541Z (node:2217) [DEP0040] DeprecationWarning: The `punycode` module is deprecated. Please use a userland alternative instead.
2026-10-02T08:48:10.4521205Z (Use `node --trace-deprecation ...` to show where the warning was created)
2026-10-02T08:48:10.4522099Z Successfully set up CPython (3.13.15)
2026-10-02T08:48:10.4522856Z ##[endgroup]
2026-10-02T08:48:10.4695939Z ##[group]Run actions/setup-node@v4
2026-10-02T08:48:10.4696247Z with:
2026-10-02T08:48:10.4696450Z   node-version: 22
2026-10-02T08:48:10.4696661Z   always-auth: false
2026-10-02T08:48:10.4696880Z   check-latest: false
2026-10-02T08:48:10.4698979Z   token: ***
2026-10-02T08:48:10.4699183Z env:
2026-10-02T08:48:10.4699436Z   pythonLocation: /opt/hostedtoolcache/Python/3.13.15/x64
2026-10-02T08:48:10.4699848Z   PKG_CONFIG_PATH: /opt/hostedtoolcache/Python/3.13.15/x64/lib/pkgconfig
2026-10-02T08:48:10.4700222Z   Python_ROOT_DIR: /opt/hostedtoolcache/Python/3.13.15/x64
2026-10-02T08:48:10.4700566Z   Python2_ROOT_DIR: /opt/hostedtoolcache/Python/3.13.15/x64
2026-10-02T08:48:10.4700927Z   Python3_ROOT_DIR: /opt/hostedtoolcache/Python/3.13.15/x64
2026-10-02T08:48:10.4701305Z   LD_LIBRARY_PATH: /opt/hostedtoolcache/Python/3.13.15/x64/lib
2026-10-02T08:48:10.4701626Z ##[endgroup]
2026-10-02T08:48:10.5896323Z Found in cache @ /opt/hostedtoolcache/node/22.23.3/x64
2026-10-02T08:48:10.5899846Z (node:2227) [DEP0040] DeprecationWarning: The `punycode` module is deprecated. Please use a userland alternative instead.
2026-10-02T08:48:10.5900858Z (Use `node --trace-deprecation ...` to show where the warning was created)
2026-10-02T08:48:10.5902454Z ##[group]Environment details
2026-10-02T08:48:10.9290384Z node: v22.23.3
2026-10-02T08:48:10.9290886Z npm: 10.9.9
2026-10-02T08:48:10.9291198Z yarn: 1.22.22
2026-10-02T08:48:10.9291939Z ##[endgroup]
2026-10-02T08:48:10.9395646Z ##[group]Run python -m pip install -r requirements-dev.txt
2026-10-02T08:48:10.9396043Z [36;1mpython -m pip install -r requirements-dev.txt[0m
2026-10-02T08:48:10.9461539Z shell: /usr/bin/bash --noprofile --norc -e -o pipefail {0}
2026-10-02T08:48:10.9461825Z env:
2026-10-02T08:48:10.9462051Z   pythonLocation: /opt/hostedtoolcache/Python/3.13.15/x64
2026-10-02T08:48:10.9462403Z   PKG_CONFIG_PATH: /opt/hostedtoolcache/Python/3.13.15/x64/lib/pkgconfig
2026-10-02T08:48:10.9462899Z   Python_ROOT_DIR: /opt/hostedtoolcache/Python/3.13.15/x64
2026-10-02T08:48:10.9463191Z   Python2_ROOT_DIR: /opt/hostedtoolcache/Python/3.13.15/x64
2026-10-02T08:48:10.9463503Z   Python3_ROOT_DIR: /opt/hostedtoolcache/Python/3.13.15/x64
2026-10-02T08:48:10.9463796Z   LD_LIBRARY_PATH: /opt/hostedtoolcache/Python/3.13.15/x64/lib
2026-10-02T08:48:10.9464046Z ##[endgroup]
2026-10-02T08:48:12.1523473Z Collecting fastapi==0.142.2 (from -r /home/runner/work/AIRLOCK/AIRLOCK/requirements.txt (line 1))
2026-10-02T08:48:12.2116239Z   Downloading fastapi-0.142.2-py3-none-any.whl.metadata (27 kB)
2026-10-02T08:48:12.2469941Z Collecting starlette==1.7.0 (from -r /home/runner/work/AIRLOCK/AIRLOCK/requirements.txt (line 2))
2026-10-02T08:48:12.2568739Z   Downloading starlette-1.7.0-py3-none-any.whl.metadata (6.6 kB)
2026-10-02T08:48:12.3514748Z Collecting pydantic==2.13.5 (from -r /home/runner/work/AIRLOCK/AIRLOCK/requirements.txt (line 3))
2026-10-02T08:48:12.3617376Z   Downloading pydantic-2.13.5-py3-none-any.whl.metadata (110 kB)
2026-10-02T08:48:12.6989716Z Collecting uvicorn==0.48.0 (from -r /home/runner/work/AIRLOCK/AIRLOCK/requirements.txt (line 4))
2026-10-02T08:48:12.7092622Z   Downloading uvicorn-0.48.0-py3-none-any.whl.metadata (6.7 kB)
2026-10-02T08:48:12.8855798Z Collecting httpx==0.28.1 (from -r /home/runner/work/AIRLOCK/AIRLOCK/requirements.txt (line 5))
2026-10-02T08:48:12.8955634Z   Downloading httpx-0.28.1-py3-none-any.whl.metadata (7.1 kB)
2026-10-02T08:48:12.9127569Z Collecting cel-python==0.4.0 (from -r /home/runner/work/AIRLOCK/AIRLOCK/requirements.txt (line 6))
2026-10-02T08:48:12.9232767Z   Downloading cel_python-0.4.0-py3-none-any.whl.metadata (8.5 kB)
2026-10-02T08:48:13.0989725Z Collecting PyYAML==6.0.3 (from -r /home/runner/work/AIRLOCK/AIRLOCK/requirements.txt (line 7))
2026-10-02T08:48:13.1094600Z   Downloading pyyaml-6.0.3-cp313-cp313-manylinux2014_x86_64.manylinux_2_17_x86_64.manylinux_2_28_x86_64.whl.metadata (2.4 kB)
2026-10-02T08:48:13.2226806Z Collecting pytest==9.0.2 (from -r requirements-dev.txt (line 2))
2026-10-02T08:48:13.2326831Z   Downloading pytest-9.0.2-py3-none-any.whl.metadata (7.6 kB)
2026-10-02T08:48:13.2690342Z Collecting playwright==1.57.0 (from -r requirements-dev.txt (line 3))
2026-10-02T08:48:13.2792150Z   Downloading playwright-1.57.0-py3-none-manylinux1_x86_64.whl.metadata (3.5 kB)
2026-10-02T08:48:13.2980000Z Collecting mcp==1.26.0 (from -r requirements-dev.txt (line 4))
2026-10-02T08:48:13.3078842Z   Downloading mcp-1.26.0-py3-none-any.whl.metadata (89 kB)
2026-10-02T08:48:13.3328792Z Collecting pip-audit==2.10.1 (from -r requirements-dev.txt (line 5))
2026-10-02T08:48:13.3426440Z   Downloading pip_audit-2.10.1-py3-none-any.whl.metadata (28 kB)
2026-10-02T08:48:13.5534605Z Collecting typing-extensions>=4.8.0 (from fastapi==0.142.2->-r /home/runner/work/AIRLOCK/AIRLOCK/requirements.txt (line 1))
2026-10-02T08:48:13.5638356Z   Downloading typing_extensions-4.16.0-py3-none-any.whl.metadata (3.3 kB)
2026-10-02T08:48:13.5796991Z Collecting typing-inspection>=0.4.2 (from fastapi==0.142.2->-r /home/runner/work/AIRLOCK/AIRLOCK/requirements.txt (line 1))
2026-10-02T08:48:13.5896238Z   Downloading typing_inspection-0.4.4-py3-none-any.whl.metadata (2.6 kB)
2026-10-02T08:48:13.8127595Z Collecting annotated-doc>=0.0.2 (from fastapi==0.142.2->-r /home/runner/work/AIRLOCK/AIRLOCK/requirements.txt (line 1))
2026-10-02T08:48:13.8229325Z   Downloading annotated_doc-0.0.5-py3-none-any.whl.metadata (6.5 kB)
2026-10-02T08:48:14.0204731Z Collecting opentelemetry-api>=1.44.0 (from fastapi==0.142.2->-r /home/runner/work/AIRLOCK/AIRLOCK/requirements.txt (line 1))
2026-10-02T08:48:14.0307863Z   Downloading opentelemetry_api-1.45.0-py3-none-any.whl.metadata (1.4 kB)
2026-10-02T08:48:14.0523273Z Collecting anyio<5,>=4.0.0 (from starlette==1.7.0->-r /home/runner/work/AIRLOCK/AIRLOCK/requirements.txt (line 2))
2026-10-02T08:48:14.0625422Z   Downloading anyio-4.15.1-py3-none-any.whl.metadata (4.7 kB)
2026-10-02T08:48:14.2620966Z Collecting annotated-types>=0.6.0 (from pydantic==2.13.5->-r /home/runner/work/AIRLOCK/AIRLOCK/requirements.txt (line 3))
2026-10-02T08:48:14.2724374Z   Downloading annotated_types-0.8.0-py3-none-any.whl.metadata (15 kB)
2026-10-02T08:48:14.8956186Z Collecting pydantic-core==2.46.5 (from pydantic==2.13.5->-r /home/runner/work/AIRLOCK/AIRLOCK/requirements.txt (line 3))
2026-10-02T08:48:14.9059629Z   Downloading pydantic_core-2.46.5-cp313-cp313-manylinux_2_17_x86_64.manylinux2014_x86_64.whl.metadata (6.6 kB)
2026-10-02T08:48:14.9261610Z Collecting click>=7.0 (from uvicorn==0.48.0->-r /home/runner/work/AIRLOCK/AIRLOCK/requirements.txt (line 4))
2026-10-02T08:48:14.9360040Z   Downloading click-8.5.0-py3-none-any.whl.metadata (2.6 kB)
2026-10-02T08:48:14.9519534Z Collecting h11>=0.8 (from uvicorn==0.48.0->-r /home/runner/work/AIRLOCK/AIRLOCK/requirements.txt (line 4))
2026-10-02T08:48:14.9617152Z   Downloading h11-0.16.0-py3-none-any.whl.metadata (8.3 kB)
2026-10-02T08:48:14.9830103Z Collecting certifi (from httpx==0.28.1->-r /home/runner/work/AIRLOCK/AIRLOCK/requirements.txt (line 5))
2026-10-02T08:48:14.9927755Z   Downloading certifi-2026.7.22-py3-none-any.whl.metadata (2.5 kB)
2026-10-02T08:48:15.0111172Z Collecting httpcore==1.* (from httpx==0.28.1->-r /home/runner/work/AIRLOCK/AIRLOCK/requirements.txt (line 5))
2026-10-02T08:48:15.0210596Z   Downloading httpcore-1.0.9-py3-none-any.whl.metadata (21 kB)
2026-10-02T08:48:15.0396335Z Collecting idna (from httpx==0.28.1->-r /home/runner/work/AIRLOCK/AIRLOCK/requirements.txt (line 5))
2026-10-02T08:48:15.0494564Z   Downloading idna-3.20-py3-none-any.whl.metadata (7.2 kB)
2026-10-02T08:48:15.0947932Z Collecting google-re2>=1.1.20240702 (from cel-python==0.4.0->-r /home/runner/work/AIRLOCK/AIRLOCK/requirements.txt (line 6))
2026-10-02T08:48:15.1050555Z   Downloading google_re2-1.1.20251105-1-cp313-cp313-manylinux_2_27_x86_64.manylinux_2_28_x86_64.whl.metadata (2.4 kB)
2026-10-02T08:48:15.1209360Z Collecting jmespath>=1.0.1 (from cel-python==0.4.0->-r /home/runner/work/AIRLOCK/AIRLOCK/requirements.txt (line 6))
2026-10-02T08:48:15.1306597Z   Downloading jmespath-1.1.0-py3-none-any.whl.metadata (7.6 kB)
2026-10-02T08:48:15.1461609Z Collecting lark>=1.2.2 (from cel-python==0.4.0->-r /home/runner/work/AIRLOCK/AIRLOCK/requirements.txt (line 6))
2026-10-02T08:48:15.1559278Z   Downloading lark-1.3.1-py3-none-any.whl.metadata (1.8 kB)
2026-10-02T08:48:15.1940433Z Collecting pendulum>=3.1.0 (from cel-python==0.4.0->-r /home/runner/work/AIRLOCK/AIRLOCK/requirements.txt (line 6))
2026-10-02T08:48:15.2047390Z   Downloading pendulum-3.2.0-cp313-cp313-manylinux_2_17_x86_64.manylinux2014_x86_64.whl.metadata (6.8 kB)
2026-10-02T08:48:15.2211010Z Collecting iniconfig>=1.0.1 (from pytest==9.0.2->-r requirements-dev.txt (line 2))
2026-10-02T08:48:15.2309544Z   Downloading iniconfig-2.3.0-py3-none-any.whl.metadata (2.5 kB)
2026-10-02T08:48:15.2835449Z Collecting packaging>=22 (from pytest==9.0.2->-r requirements-dev.txt (line 2))
2026-10-02T08:48:15.2934953Z   Downloading packaging-26.3-py3-none-any.whl.metadata (3.5 kB)
2026-10-02T08:48:15.3221276Z Collecting pluggy<2,>=1.5 (from pytest==9.0.2->-r requirements-dev.txt (line 2))
2026-10-02T08:48:15.3319411Z   Downloading pluggy-1.6.0-py3-none-any.whl.metadata (4.8 kB)
2026-10-02T08:48:15.3591388Z Collecting pygments>=2.7.2 (from pytest==9.0.2->-r requirements-dev.txt (line 2))
2026-10-02T08:48:15.3690047Z   Downloading pygments-2.21.0-py3-none-any.whl.metadata (2.5 kB)
2026-10-02T08:48:15.3907886Z Collecting pyee<14,>=13 (from playwright==1.57.0->-r requirements-dev.txt (line 3))
2026-10-02T08:48:15.4006260Z   Downloading pyee-13.0.1-py3-none-any.whl.metadata (3.0 kB)
2026-10-02T08:48:15.5172740Z Collecting greenlet<4.0.0,>=3.1.1 (from playwright==1.57.0->-r requirements-dev.txt (line 3))
2026-10-02T08:48:15.5276716Z   Downloading greenlet-3.5.6-cp313-cp313-manylinux_2_24_x86_64.manylinux_2_28_x86_64.whl.metadata (3.8 kB)
2026-10-02T08:48:15.6867355Z Collecting httpx-sse>=0.4 (from mcp==1.26.0->-r requirements-dev.txt (line 4))
2026-10-02T08:48:15.6967046Z   Downloading httpx_sse-0.4.3-py3-none-any.whl.metadata (9.7 kB)
2026-10-02T08:48:15.7190463Z Collecting jsonschema>=4.20.0 (from mcp==1.26.0->-r requirements-dev.txt (line 4))
2026-10-02T08:48:15.7289487Z   Downloading jsonschema-4.26.0-py3-none-any.whl.metadata (7.6 kB)
2026-10-02T08:48:15.7495349Z Collecting pydantic-settings>=2.5.2 (from mcp==1.26.0->-r requirements-dev.txt (line 4))
2026-10-02T08:48:15.7594899Z   Downloading pydantic_settings-2.15.0-py3-none-any.whl.metadata (3.9 kB)
2026-10-02T08:48:15.7789416Z Collecting pyjwt>=2.10.1 (from pyjwt[crypto]>=2.10.1->mcp==1.26.0->-r requirements-dev.txt (line 4))
2026-10-02T08:48:15.7887447Z   Downloading pyjwt-2.15.1-py3-none-any.whl.metadata (3.5 kB)
2026-10-02T08:48:15.9210663Z Collecting python-multipart>=0.0.9 (from mcp==1.26.0->-r requirements-dev.txt (line 4))
2026-10-02T08:48:15.9309354Z   Downloading python_multipart-0.0.32-py3-none-any.whl.metadata (2.1 kB)
2026-10-02T08:48:16.1590071Z Collecting sse-starlette>=1.6.1 (from mcp==1.26.0->-r requirements-dev.txt (line 4))
2026-10-02T08:48:16.1689715Z   Downloading sse_starlette-3.5.0-py3-none-any.whl.metadata (15 kB)
2026-10-02T08:48:16.1899781Z Collecting CacheControl>=0.13.0 (from CacheControl[filecache]>=0.13.0->pip-audit==2.10.1->-r requirements-dev.txt (line 5))
2026-10-02T08:48:16.1999039Z   Downloading cachecontrol-0.14.4-py3-none-any.whl.metadata (3.1 kB)
2026-10-02T08:48:16.2678170Z Collecting cyclonedx-python-lib<12,>=5 (from pip-audit==2.10.1->-r requirements-dev.txt (line 5))
2026-10-02T08:48:16.2779589Z   Downloading cyclonedx_python_lib-11.12.0-py3-none-any.whl.metadata (6.9 kB)
2026-10-02T08:48:16.3704425Z Collecting pip-api>=0.0.28 (from pip-audit==2.10.1->-r requirements-dev.txt (line 5))
2026-10-02T08:48:16.3804049Z   Downloading pip_api-0.0.35-py3-none-any.whl.metadata (17 kB)
2026-10-02T08:48:16.4664711Z Collecting pip-requirements-parser>=32.0.0 (from pip-audit==2.10.1->-r requirements-dev.txt (line 5))
2026-10-02T08:48:16.4762927Z   Downloading pip_requirements_parser-32.0.1-py3-none-any.whl.metadata (9.3 kB)
2026-10-02T08:48:16.6644527Z Collecting requests>=2.31.0 (from pip-audit==2.10.1->-r requirements-dev.txt (line 5))
2026-10-02T08:48:16.6746821Z   Downloading requests-2.34.2-py3-none-any.whl.metadata (4.8 kB)
2026-10-02T08:48:16.7030286Z Collecting rich>=12.4 (from pip-audit==2.10.1->-r requirements-dev.txt (line 5))
2026-10-02T08:48:16.7131606Z   Downloading rich-15.0.0-py3-none-any.whl.metadata (18 kB)
2026-10-02T08:48:16.7386964Z Collecting tomli>=2.2.1 (from pip-audit==2.10.1->-r requirements-dev.txt (line 5))
2026-10-02T08:48:16.7486291Z   Downloading tomli-2.4.1-cp313-cp313-manylinux2014_x86_64.manylinux_2_17_x86_64.manylinux_2_28_x86_64.whl.metadata (10 kB)
2026-10-02T08:48:16.9016682Z Collecting tomli-w>=1.2.0 (from pip-audit==2.10.1->-r requirements-dev.txt (line 5))
2026-10-02T08:48:16.9118756Z   Downloading tomli_w-1.2.0-py3-none-any.whl.metadata (5.7 kB)
2026-10-02T08:48:16.9328459Z Collecting platformdirs>=4.2.0 (from pip-audit==2.10.1->-r requirements-dev.txt (line 5))
2026-10-02T08:48:16.9426224Z   Downloading platformdirs-4.12.2-py3-none-any.whl.metadata (5.5 kB)
2026-10-02T08:48:17.1300214Z Collecting license-expression<31,>=30 (from cyclonedx-python-lib<12,>=5->pip-audit==2.10.1->-r requirements-dev.txt (line 5))
2026-10-02T08:48:17.1398791Z   Downloading license_expression-30.4.4-py3-none-any.whl.metadata (11 kB)
2026-10-02T08:48:17.1603981Z Collecting packageurl-python<2,>=0.11 (from cyclonedx-python-lib<12,>=5->pip-audit==2.10.1->-r requirements-dev.txt (line 5))
2026-10-02T08:48:17.1703954Z   Downloading packageurl_python-0.17.6-py3-none-any.whl.metadata (5.1 kB)
2026-10-02T08:48:17.3806020Z Collecting py-serializable<3.0.0,>=2.1.0 (from cyclonedx-python-lib<12,>=5->pip-audit==2.10.1->-r requirements-dev.txt (line 5))
2026-10-02T08:48:17.3909338Z   Downloading py_serializable-2.1.0-py3-none-any.whl.metadata (4.3 kB)
2026-10-02T08:48:17.4377195Z Collecting sortedcontainers<3.0.0,>=2.4.0 (from cyclonedx-python-lib<12,>=5->pip-audit==2.10.1->-r requirements-dev.txt (line 5))
2026-10-02T08:48:17.4474530Z   Downloading sortedcontainers-2.4.0-py2.py3-none-any.whl.metadata (10 kB)
2026-10-02T08:48:17.6023467Z Collecting boolean.py>=4.0 (from license-expression<31,>=30->cyclonedx-python-lib<12,>=5->pip-audit==2.10.1->-r requirements-dev.txt (line 5))
2026-10-02T08:48:17.6123035Z   Downloading boolean_py-5.0-py3-none-any.whl.metadata (2.3 kB)
2026-10-02T08:48:17.6309027Z Collecting defusedxml<0.8.0,>=0.7.1 (from py-serializable<3.0.0,>=2.1.0->cyclonedx-python-lib<12,>=5->pip-audit==2.10.1->-r requirements-dev.txt (line 5))
2026-10-02T08:48:17.6407421Z   Downloading defusedxml-0.7.1-py2.py3-none-any.whl.metadata (32 kB)
2026-10-02T08:48:17.8654584Z Collecting msgpack<2.0.0,>=0.5.2 (from CacheControl>=0.13.0->CacheControl[filecache]>=0.13.0->pip-audit==2.10.1->-r requirements-dev.txt (line 5))
2026-10-02T08:48:17.8758334Z   Downloading msgpack-1.2.3-cp313-cp313-manylinux2014_x86_64.manylinux_2_17_x86_64.manylinux_2_28_x86_64.whl.metadata (8.3 kB)
2026-10-02T08:48:17.9009858Z Collecting filelock>=3.8.0 (from CacheControl[filecache]>=0.13.0->pip-audit==2.10.1->-r requirements-dev.txt (line 5))
2026-10-02T08:48:17.9107774Z   Downloading filelock-4.0.9-py3-none-any.whl.metadata (2.0 kB)
2026-10-02T08:48:18.3074707Z Collecting attrs>=22.2.0 (from jsonschema>=4.20.0->mcp==1.26.0->-r requirements-dev.txt (line 4))
2026-10-02T08:48:18.3175791Z   Downloading attrs-26.1.0-py3-none-any.whl.metadata (8.8 kB)
2026-10-02T08:48:18.3343692Z Collecting jsonschema-specifications>=2023.03.6 (from jsonschema>=4.20.0->mcp==1.26.0->-r requirements-dev.txt (line 4))
2026-10-02T08:48:18.3442390Z   Downloading jsonschema_specifications-2025.9.1-py3-none-any.whl.metadata (2.9 kB)
2026-10-02T08:48:18.3650588Z Collecting referencing>=0.28.4 (from jsonschema>=4.20.0->mcp==1.26.0->-r requirements-dev.txt (line 4))
2026-10-02T08:48:18.3749892Z   Downloading referencing-0.37.0-py3-none-any.whl.metadata (2.8 kB)
2026-10-02T08:48:18.7709203Z Collecting rpds-py>=0.25.0 (from jsonschema>=4.20.0->mcp==1.26.0->-r requirements-dev.txt (line 4))
2026-10-02T08:48:18.7810321Z   Downloading rpds_py-2026.6.3-cp313-cp313-manylinux_2_17_x86_64.manylinux2014_x86_64.whl.metadata (4.1 kB)
2026-10-02T08:48:18.8498030Z Collecting python-dateutil>=2.6 (from pendulum>=3.1.0->cel-python==0.4.0->-r /home/runner/work/AIRLOCK/AIRLOCK/requirements.txt (line 6))
2026-10-02T08:48:18.8598247Z   Downloading python_dateutil-2.9.0.post0-py2.py3-none-any.whl.metadata (8.4 kB)
2026-10-02T08:48:18.8933851Z Collecting tzdata>=2020.1 (from pendulum>=3.1.0->cel-python==0.4.0->-r /home/runner/work/AIRLOCK/AIRLOCK/requirements.txt (line 6))
2026-10-02T08:48:18.9032658Z   Downloading tzdata-2026.4-py2.py3-none-any.whl.metadata (1.4 kB)
2026-10-02T08:48:18.9067128Z Requirement already satisfied: pip in /opt/hostedtoolcache/Python/3.13.15/x64/lib/python3.13/site-packages (from pip-api>=0.0.28->pip-audit==2.10.1->-r requirements-dev.txt (line 5)) (26.2.1)
2026-10-02T08:48:18.9286945Z Collecting pyparsing (from pip-requirements-parser>=32.0.0->pip-audit==2.10.1->-r requirements-dev.txt (line 5))
2026-10-02T08:48:18.9386003Z   Downloading pyparsing-3.3.3-py3-none-any.whl.metadata (5.9 kB)
2026-10-02T08:48:19.0039878Z Collecting python-dotenv>=0.21.0 (from pydantic-settings>=2.5.2->mcp==1.26.0->-r requirements-dev.txt (line 4))
2026-10-02T08:48:19.0140303Z   Downloading python_dotenv-1.2.4-py3-none-any.whl.metadata (29 kB)
2026-10-02T08:48:19.1633187Z Collecting cryptography>=3.4.0 (from pyjwt[crypto]>=2.10.1->mcp==1.26.0->-r requirements-dev.txt (line 4))
2026-10-02T08:48:19.1733658Z   Downloading cryptography-50.0.2-cp311-abi3-manylinux_2_34_x86_64.whl.metadata (4.4 kB)
2026-10-02T08:48:19.2496298Z Collecting cffi>=2.0.0 (from cryptography>=3.4.0->pyjwt[crypto]>=2.10.1->mcp==1.26.0->-r requirements-dev.txt (line 4))
2026-10-02T08:48:19.2596890Z   Downloading cffi-2.1.1-cp313-cp313-manylinux2014_x86_64.manylinux_2_17_x86_64.whl.metadata (2.5 kB)
2026-10-02T08:48:19.3542124Z Collecting pycparser (from cffi>=2.0.0->cryptography>=3.4.0->pyjwt[crypto]>=2.10.1->mcp==1.26.0->-r requirements-dev.txt (line 4))
2026-10-02T08:48:19.3642260Z   Downloading pycparser-3.0-py3-none-any.whl.metadata (8.2 kB)
2026-10-02T08:48:19.3815093Z Collecting six>=1.5 (from python-dateutil>=2.6->pendulum>=3.1.0->cel-python==0.4.0->-r /home/runner/work/AIRLOCK/AIRLOCK/requirements.txt (line 6))
2026-10-02T08:48:19.3914645Z   Downloading six-1.17.0-py2.py3-none-any.whl.metadata (1.7 kB)
2026-10-02T08:48:19.4924384Z Collecting charset_normalizer<4,>=2 (from requests>=2.31.0->pip-audit==2.10.1->-r requirements-dev.txt (line 5))
2026-10-02T08:48:19.5026260Z   Downloading charset_normalizer-3.5.2-cp313-cp313-manylinux2014_x86_64.manylinux_2_17_x86_64.manylinux_2_28_x86_64.whl.metadata (46 kB)
2026-10-02T08:48:19.5486325Z Collecting urllib3<3,>=1.26 (from requests>=2.31.0->pip-audit==2.10.1->-r requirements-dev.txt (line 5))
2026-10-02T08:48:19.5585089Z   Downloading urllib3-2.8.0-py3-none-any.whl.metadata (7.4 kB)
2026-10-02T08:48:19.5797951Z Collecting markdown-it-py>=2.2.0 (from rich>=12.4->pip-audit==2.10.1->-r requirements-dev.txt (line 5))
2026-10-02T08:48:19.5895958Z   Downloading markdown_it_py-4.2.0-py3-none-any.whl.metadata (7.4 kB)
2026-10-02T08:48:19.6070899Z Collecting mdurl~=0.1 (from markdown-it-py>=2.2.0->rich>=12.4->pip-audit==2.10.1->-r requirements-dev.txt (line 5))
2026-10-02T08:48:19.6167764Z   Downloading mdurl-0.1.2-py3-none-any.whl.metadata (1.6 kB)
2026-10-02T08:48:19.7230606Z Downloading fastapi-0.142.2-py3-none-any.whl (144 kB)
2026-10-02T08:48:19.7363527Z Downloading starlette-1.7.0-py3-none-any.whl (78 kB)
2026-10-02T08:48:19.7480326Z Downloading pydantic-2.13.5-py3-none-any.whl (472 kB)
2026-10-02T08:48:19.7723787Z Downloading uvicorn-0.48.0-py3-none-any.whl (71 kB)
2026-10-02T08:48:19.7835590Z Downloading httpx-0.28.1-py3-none-any.whl (73 kB)
2026-10-02T08:48:19.7952693Z Downloading cel_python-0.4.0-py3-none-any.whl (85 kB)
2026-10-02T08:48:19.8068453Z Downloading pyyaml-6.0.3-cp313-cp313-manylinux2014_x86_64.manylinux_2_17_x86_64.manylinux_2_28_x86_64.whl (801 kB)
2026-10-02T08:48:19.8239131Z    ━━━━━━━━━━━━━━━━━━━━━━━━━━━━━━━━━━━━━━━━ 801.6/801.6 kB 37.6 MB/s  0:00:00
2026-10-02T08:48:19.8339140Z Downloading pytest-9.0.2-py3-none-any.whl (374 kB)
2026-10-02T08:48:19.8469557Z Downloading playwright-1.57.0-py3-none-manylinux1_x86_64.whl (46.0 MB)
2026-10-02T08:48:20.1918042Z    ━━━━━━━━━━━━━━━━━━━━━━━━━━━━━━━━━━━━━━━━ 46.0/46.0 MB 133.4 MB/s  0:00:00
2026-10-02T08:48:20.2019587Z Downloading mcp-1.26.0-py3-none-any.whl (233 kB)
2026-10-02T08:48:20.2140769Z Downloading pip_audit-2.10.1-py3-none-any.whl (62 kB)
2026-10-02T08:48:20.2253824Z Downloading pydantic_core-2.46.5-cp313-cp313-manylinux_2_17_x86_64.manylinux2014_x86_64.whl (2.1 MB)
2026-10-02T08:48:20.2698882Z    ━━━━━━━━━━━━━━━━━━━━━━━━━━━━━━━━━━━━━━━━ 2.1/2.1 MB 42.3 MB/s  0:00:00
2026-10-02T08:48:20.2798111Z Downloading anyio-4.15.1-py3-none-any.whl (132 kB)
2026-10-02T08:48:20.3437715Z Downloading cyclonedx_python_lib-11.12.0-py3-none-any.whl (529 kB)
2026-10-02T08:48:20.3495135Z    ━━━━━━━━━━━━━━━━━━━━━━━━━━━━━━━━━━━━━━━━ 529.5/529.5 kB 67.0 MB/s  0:00:00
2026-10-02T08:48:20.3594804Z Downloading greenlet-3.5.6-cp313-cp313-manylinux_2_24_x86_64.manylinux_2_28_x86_64.whl (623 kB)
2026-10-02T08:48:20.3636635Z    ━━━━━━━━━━━━━━━━━━━━━━━━━━━━━━━━━━━━━━━━ 623.8/623.8 kB 140.3 MB/s  0:00:00
2026-10-02T08:48:20.3736293Z Downloading httpcore-1.0.9-py3-none-any.whl (78 kB)
2026-10-02T08:48:20.3852528Z Downloading license_expression-30.4.4-py3-none-any.whl (120 kB)
2026-10-02T08:48:20.3970236Z Downloading packageurl_python-0.17.6-py3-none-any.whl (36 kB)
2026-10-02T08:48:20.4082839Z Downloading pluggy-1.6.0-py3-none-any.whl (20 kB)
2026-10-02T08:48:20.4245012Z Downloading py_serializable-2.1.0-py3-none-any.whl (23 kB)
2026-10-02T08:48:20.4356510Z Downloading defusedxml-0.7.1-py2.py3-none-any.whl (25 kB)
2026-10-02T08:48:20.4467607Z Downloading pyee-13.0.1-py3-none-any.whl (15 kB)
2026-10-02T08:48:20.4580244Z Downloading sortedcontainers-2.4.0-py2.py3-none-any.whl (29 kB)
2026-10-02T08:48:20.4702939Z Downloading annotated_doc-0.0.5-py3-none-any.whl (5.3 kB)
2026-10-02T08:48:20.5099442Z Downloading annotated_types-0.8.0-py3-none-any.whl (13 kB)
2026-10-02T08:48:20.5210944Z Downloading boolean_py-5.0-py3-none-any.whl (26 kB)
2026-10-02T08:48:20.5322433Z Downloading cachecontrol-0.14.4-py3-none-any.whl (22 kB)
2026-10-02T08:48:20.6239166Z Downloading msgpack-1.2.3-cp313-cp313-manylinux2014_x86_64.manylinux_2_17_x86_64.manylinux_2_28_x86_64.whl (466 kB)
2026-10-02T08:48:20.6386874Z Downloading click-8.5.0-py3-none-any.whl (125 kB)
2026-10-02T08:48:20.6502677Z Downloading filelock-4.0.9-py3-none-any.whl (110 kB)
2026-10-02T08:48:20.6622980Z Downloading google_re2-1.1.20251105-1-cp313-cp313-manylinux_2_27_x86_64.manylinux_2_28_x86_64.whl (591 kB)
2026-10-02T08:48:20.6677505Z    ━━━━━━━━━━━━━━━━━━━━━━━━━━━━━━━━━━━━━━━━ 591.4/591.4 kB 89.0 MB/s  0:00:00
2026-10-02T08:48:20.6775145Z Downloading h11-0.16.0-py3-none-any.whl (37 kB)
2026-10-02T08:48:20.6888511Z Downloading httpx_sse-0.4.3-py3-none-any.whl (9.0 kB)
2026-10-02T08:48:20.7001491Z Downloading idna-3.20-py3-none-any.whl (69 kB)
2026-10-02T08:48:20.7114893Z Downloading iniconfig-2.3.0-py3-none-any.whl (7.5 kB)
2026-10-02T08:48:20.7233882Z Downloading jmespath-1.1.0-py3-none-any.whl (20 kB)
2026-10-02T08:48:20.7345537Z Downloading jsonschema-4.26.0-py3-none-any.whl (90 kB)
2026-10-02T08:48:20.7459077Z Downloading attrs-26.1.0-py3-none-any.whl (67 kB)
2026-10-02T08:48:20.7571358Z Downloading jsonschema_specifications-2025.9.1-py3-none-any.whl (18 kB)
2026-10-02T08:48:20.7681900Z Downloading lark-1.3.1-py3-none-any.whl (113 kB)
2026-10-02T08:48:20.7794906Z Downloading opentelemetry_api-1.45.0-py3-none-any.whl (60 kB)
2026-10-02T08:48:20.7907941Z Downloading packaging-26.3-py3-none-any.whl (129 kB)
2026-10-02T08:48:20.8022380Z Downloading pendulum-3.2.0-cp313-cp313-manylinux_2_17_x86_64.manylinux2014_x86_64.whl (348 kB)
2026-10-02T08:48:20.8144108Z Downloading pip_api-0.0.35-py3-none-any.whl (123 kB)
2026-10-02T08:48:20.8259474Z Downloading pip_requirements_parser-32.0.1-py3-none-any.whl (35 kB)
2026-10-02T08:48:20.8372046Z Downloading platformdirs-4.12.2-py3-none-any.whl (32 kB)
2026-10-02T08:48:20.8485361Z Downloading pydantic_settings-2.15.0-py3-none-any.whl (69 kB)
2026-10-02T08:48:20.8598365Z Downloading pygments-2.21.0-py3-none-any.whl (1.3 MB)
2026-10-02T08:48:20.8697269Z    ━━━━━━━━━━━━━━━━━━━━━━━━━━━━━━━━━━━━━━━━ 1.3/1.3 MB 121.9 MB/s  0:00:00
2026-10-02T08:48:20.8795507Z Downloading pyjwt-2.15.1-py3-none-any.whl (33 kB)
2026-10-02T08:48:20.8908814Z Downloading cryptography-50.0.2-cp311-abi3-manylinux_2_34_x86_64.whl (4.8 MB)
2026-10-02T08:48:20.9240980Z    ━━━━━━━━━━━━━━━━━━━━━━━━━━━━━━━━━━━━━━━━ 4.8/4.8 MB 143.4 MB/s  0:00:00
2026-10-02T08:48:20.9341180Z Downloading cffi-2.1.1-cp313-cp313-manylinux2014_x86_64.manylinux_2_17_x86_64.whl (221 kB)
2026-10-02T08:48:20.9456621Z Downloading python_dateutil-2.9.0.post0-py2.py3-none-any.whl (229 kB)
2026-10-02T08:48:20.9572244Z Downloading python_dotenv-1.2.4-py3-none-any.whl (23 kB)
2026-10-02T08:48:20.9682141Z Downloading python_multipart-0.0.32-py3-none-any.whl (30 kB)
2026-10-02T08:48:21.0467796Z Downloading referencing-0.37.0-py3-none-any.whl (26 kB)
2026-10-02T08:48:21.0581921Z Downloading requests-2.34.2-py3-none-any.whl (73 kB)
2026-10-02T08:48:21.0696970Z Downloading charset_normalizer-3.5.2-cp313-cp313-manylinux2014_x86_64.manylinux_2_17_x86_64.manylinux_2_28_x86_64.whl (254 kB)
2026-10-02T08:48:21.0820645Z Downloading urllib3-2.8.0-py3-none-any.whl (135 kB)
2026-10-02T08:48:21.0940970Z Downloading certifi-2026.7.22-py3-none-any.whl (136 kB)
2026-10-02T08:48:21.1059081Z Downloading rich-15.0.0-py3-none-any.whl (310 kB)
2026-10-02T08:48:21.1190942Z Downloading markdown_it_py-4.2.0-py3-none-any.whl (91 kB)
2026-10-02T08:48:21.1304765Z Downloading mdurl-0.1.2-py3-none-any.whl (10.0 kB)
2026-10-02T08:48:21.1419003Z Downloading rpds_py-2026.6.3-cp313-cp313-manylinux_2_17_x86_64.manylinux2014_x86_64.whl (365 kB)
2026-10-02T08:48:21.1545613Z Downloading six-1.17.0-py2.py3-none-any.whl (11 kB)
2026-10-02T08:48:21.1658658Z Downloading sse_starlette-3.5.0-py3-none-any.whl (17 kB)
2026-10-02T08:48:21.1772660Z Downloading tomli-2.4.1-cp313-cp313-manylinux2014_x86_64.manylinux_2_17_x86_64.manylinux_2_28_x86_64.whl (251 kB)
2026-10-02T08:48:21.1897112Z Downloading tomli_w-1.2.0-py3-none-any.whl (6.7 kB)
2026-10-02T08:48:21.2009212Z Downloading typing_extensions-4.16.0-py3-none-any.whl (45 kB)
2026-10-02T08:48:21.2468413Z Downloading typing_inspection-0.4.4-py3-none-any.whl (14 kB)
2026-10-02T08:48:21.2582764Z Downloading tzdata-2026.4-py2.py3-none-any.whl (347 kB)
2026-10-02T08:48:21.3160792Z Downloading pycparser-3.0-py3-none-any.whl (48 kB)
2026-10-02T08:48:21.3282048Z Downloading pyparsing-3.3.3-py3-none-any.whl (126 kB)
2026-10-02T08:48:21.5928287Z Installing collected packages: sortedcontainers, boolean.py, urllib3, tzdata, typing-extensions, tomli-w, tomli, six, rpds-py, PyYAML, python-multipart, python-dotenv, pyparsing, pyjwt, pygments, pycparser, pluggy, platformdirs, pip-api, packaging, packageurl-python, msgpack, mdurl, license-expression, lark, jmespath, iniconfig, idna, httpx-sse, h11, greenlet, google-re2, filelock, defusedxml, click, charset_normalizer, certifi, attrs, annotated-types, annotated-doc, uvicorn, typing-inspection, requests, referencing, python-dateutil, pytest, pyee, pydantic-core, py-serializable, pip-requirements-parser, opentelemetry-api, markdown-it-py, httpcore, cffi, anyio, starlette, rich, pydantic, playwright, pendulum, jsonschema-specifications, httpx, cyclonedx-python-lib, cryptography, CacheControl, sse-starlette, pydantic-settings, jsonschema, fastapi, cel-python, pip-audit, mcp
2026-10-02T08:48:26.4883898Z 
2026-10-02T08:48:26.4939171Z Successfully installed CacheControl-0.14.4 PyYAML-6.0.3 annotated-doc-0.0.5 annotated-types-0.8.0 anyio-4.15.1 attrs-26.1.0 boolean.py-5.0 cel-python-0.4.0 certifi-2026.7.22 cffi-2.1.1 charset_normalizer-3.5.2 click-8.5.0 cryptography-50.0.2 cyclonedx-python-lib-11.12.0 defusedxml-0.7.1 fastapi-0.142.2 filelock-4.0.9 google-re2-1.1.20251105 greenlet-3.5.6 h11-0.16.0 httpcore-1.0.9 httpx-0.28.1 httpx-sse-0.4.3 idna-3.20 iniconfig-2.3.0 jmespath-1.1.0 jsonschema-4.26.0 jsonschema-specifications-2025.9.1 lark-1.3.1 license-expression-30.4.4 markdown-it-py-4.2.0 mcp-1.26.0 mdurl-0.1.2 msgpack-1.2.3 opentelemetry-api-1.45.0 packageurl-python-0.17.6 packaging-26.3 pendulum-3.2.0 pip-api-0.0.35 pip-audit-2.10.1 pip-requirements-parser-32.0.1 platformdirs-4.12.2 playwright-1.57.0 pluggy-1.6.0 py-serializable-2.1.0 pycparser-3.0 pydantic-2.13.5 pydantic-core-2.46.5 pydantic-settings-2.15.0 pyee-13.0.1 pygments-2.21.0 pyjwt-2.15.1 pyparsing-3.3.3 pytest-9.0.2 python-dateutil-2.9.0.post0 python-dotenv-1.2.4 python-multipart-0.0.32 referencing-0.37.0 requests-2.34.2 rich-15.0.0 rpds-py-2026.6.3 six-1.17.0 sortedcontainers-2.4.0 sse-starlette-3.5.0 starlette-1.7.0 tomli-2.4.1 tomli-w-1.2.0 typing-extensions-4.16.0 typing-inspection-0.4.4 tzdata-2026.4 urllib3-2.8.0 uvicorn-0.48.0
2026-10-02T08:48:26.7056669Z ##[group]Run python scripts/run_logged.py evidence/pytest.log -- python -m pytest -q --junitxml=evidence/pytest.xml
2026-10-02T08:48:26.7057335Z [36;1mpython scripts/run_logged.py evidence/pytest.log -- python -m pytest -q --junitxml=evidence/pytest.xml[0m
2026-10-02T08:48:26.7114626Z shell: /usr/bin/bash --noprofile --norc -e -o pipefail {0}
2026-10-02T08:48:26.7114901Z env:
2026-10-02T08:48:26.7115125Z   pythonLocation: /opt/hostedtoolcache/Python/3.13.15/x64
2026-10-02T08:48:26.7115626Z   PKG_CONFIG_PATH: /opt/hostedtoolcache/Python/3.13.15/x64/lib/pkgconfig
2026-10-02T08:48:26.7115970Z   Python_ROOT_DIR: /opt/hostedtoolcache/Python/3.13.15/x64
2026-10-02T08:48:26.7116268Z   Python2_ROOT_DIR: /opt/hostedtoolcache/Python/3.13.15/x64
2026-10-02T08:48:26.7116565Z   Python3_ROOT_DIR: /opt/hostedtoolcache/Python/3.13.15/x64
2026-10-02T08:48:26.7116866Z   LD_LIBRARY_PATH: /opt/hostedtoolcache/Python/3.13.15/x64/lib
2026-10-02T08:48:26.7117122Z ##[endgroup]
2026-10-02T08:48:45.7881442Z ........................................................................ [ 47%]
2026-10-02T08:48:45.7882153Z ........................................................................ [ 95%]
2026-10-02T08:48:45.7883024Z .......                                                                  [100%]
2026-10-02T08:48:45.7883606Z =============================== warnings summary ===============================
2026-10-02T08:48:45.7884202Z ../../../../../opt/hostedtoolcache/Python/3.13.15/x64/lib/python3.13/site-packages/fastapi/testclient.py:1
2026-10-02T08:48:45.7885143Z   /opt/hostedtoolcache/Python/3.13.15/x64/lib/python3.13/site-packages/fastapi/testclient.py:1: StarletteDeprecationWarning: Using `httpx` with `starlette.testclient` is deprecated; install `httpx2` instead.
2026-10-02T08:48:45.7886418Z     from starlette.testclient import TestClient as TestClient  # noqa
2026-10-02T08:48:45.7886748Z 
2026-10-02T08:48:45.7887092Z -- Docs: https://docs.pytest.org/en/stable/how-to/capture-warnings.html
2026-10-02T08:48:45.7887660Z 151 passed, 1 warning in 17.12s
2026-10-02T08:48:45.8012474Z ##[group]Run python scripts/run_logged.py evidence/frontend-check.log -- npm run check
2026-10-02T08:48:45.8013002Z [36;1mpython scripts/run_logged.py evidence/frontend-check.log -- npm run check[0m
2026-10-02T08:48:45.8071506Z shell: /usr/bin/bash --noprofile --norc -e -o pipefail {0}
2026-10-02T08:48:45.8071782Z env:
2026-10-02T08:48:45.8072034Z   pythonLocation: /opt/hostedtoolcache/Python/3.13.15/x64
2026-10-02T08:48:45.8072388Z   PKG_CONFIG_PATH: /opt/hostedtoolcache/Python/3.13.15/x64/lib/pkgconfig
2026-10-02T08:48:45.8072717Z   Python_ROOT_DIR: /opt/hostedtoolcache/Python/3.13.15/x64
2026-10-02T08:48:45.8073015Z   Python2_ROOT_DIR: /opt/hostedtoolcache/Python/3.13.15/x64
2026-10-02T08:48:45.8073325Z   Python3_ROOT_DIR: /opt/hostedtoolcache/Python/3.13.15/x64
2026-10-02T08:48:45.8073616Z   LD_LIBRARY_PATH: /opt/hostedtoolcache/Python/3.13.15/x64/lib
2026-10-02T08:48:45.8073872Z ##[endgroup]
2026-10-02T08:48:46.0522725Z 
2026-10-02T08:48:46.0523292Z > airlock-review-console@0.1.0 check
2026-10-02T08:48:46.0524284Z > node --check airlock/static/app.js && node --check airlock/static/review.js && node --check airlock/static/api.js && node --check airlock/static/lib.js && node --check airlock/static/governance.js && node --check airlock/static/study.js
2026-10-02T08:48:46.0524940Z 
2026-10-02T08:48:46.0647717Z ##[group]Run python scripts/run_logged.py evidence/frontend-tests.log -- npm test
2026-10-02T08:48:46.0648196Z [36;1mpython scripts/run_logged.py evidence/frontend-tests.log -- npm test[0m
2026-10-02T08:48:46.0705573Z shell: /usr/bin/bash --noprofile --norc -e -o pipefail {0}
2026-10-02T08:48:46.0705856Z env:
2026-10-02T08:48:46.0706078Z   pythonLocation: /opt/hostedtoolcache/Python/3.13.15/x64
2026-10-02T08:48:46.0706461Z   PKG_CONFIG_PATH: /opt/hostedtoolcache/Python/3.13.15/x64/lib/pkgconfig
2026-10-02T08:48:46.0706942Z   Python_ROOT_DIR: /opt/hostedtoolcache/Python/3.13.15/x64
2026-10-02T08:48:46.0707346Z   Python2_ROOT_DIR: /opt/hostedtoolcache/Python/3.13.15/x64
2026-10-02T08:48:46.0707746Z   Python3_ROOT_DIR: /opt/hostedtoolcache/Python/3.13.15/x64
2026-10-02T08:48:46.0708162Z   LD_LIBRARY_PATH: /opt/hostedtoolcache/Python/3.13.15/x64/lib
2026-10-02T08:48:46.0708579Z ##[endgroup]
2026-10-02T08:48:46.2808965Z 
2026-10-02T08:48:46.2809663Z > airlock-review-console@0.1.0 test
2026-10-02T08:48:46.2810100Z > node --test tests-js/*.test.js
2026-10-02T08:48:46.2810255Z 
2026-10-02T08:48:46.2810332Z TAP version 13
2026-10-02T08:48:46.2810681Z # Subtest: visibility timing excludes background and unselected periods
2026-10-02T08:48:46.2811114Z ok 1 - visibility timing excludes background and unselected periods
2026-10-02T08:48:46.2811400Z   ---
2026-10-02T08:48:46.2811578Z   duration_ms: 0.639083
2026-10-02T08:48:46.2811766Z   type: 'test'
2026-10-02T08:48:46.2811928Z   ...
2026-10-02T08:48:46.2812204Z # Subtest: approval requires exact scope phrase and reason
2026-10-02T08:48:46.2812561Z ok 2 - approval requires exact scope phrase and reason
2026-10-02T08:48:46.2812801Z   ---
2026-10-02T08:48:46.2812968Z   duration_ms: 0.202736
2026-10-02T08:48:46.2813147Z   type: 'test'
2026-10-02T08:48:46.2813722Z   ...
2026-10-02T08:48:46.2814008Z # Subtest: SSE framing survives partial chunks, CRLF and heartbeats
2026-10-02T08:48:46.2814395Z ok 3 - SSE framing survives partial chunks, CRLF and heartbeats
2026-10-02T08:48:46.2814651Z   ---
2026-10-02T08:48:46.2814809Z   duration_ms: 0.800736
2026-10-02T08:48:46.2815015Z   type: 'test'
2026-10-02T08:48:46.2815357Z   ...
2026-10-02T08:48:46.2815587Z # Subtest: oversized event rejected
2026-10-02T08:48:46.2815832Z ok 4 - oversized event rejected
2026-10-02T08:48:46.2816021Z   ---
2026-10-02T08:48:46.2816188Z   duration_ms: 0.886415
2026-10-02T08:48:46.2816375Z   type: 'test'
2026-10-02T08:48:46.2816531Z   ...
2026-10-02T08:48:46.2816737Z # Subtest: countdown clamps expired actions
2026-10-02T08:48:46.2817013Z ok 5 - countdown clamps expired actions
2026-10-02T08:48:46.2817221Z   ---
2026-10-02T08:48:46.2817378Z   duration_ms: 0.191729
2026-10-02T08:48:46.2817559Z   type: 'test'
2026-10-02T08:48:46.2817718Z   ...
2026-10-02T08:48:46.2818003Z # Subtest: latency formatting keeps number and unit together on mobile
2026-10-02T08:48:46.2818413Z ok 6 - latency formatting keeps number and unit together on mobile
2026-10-02T08:48:46.2831852Z   ---
2026-10-02T08:48:46.2832061Z   duration_ms: 0.133852
2026-10-02T08:48:46.2832260Z   type: 'test'
2026-10-02T08:48:46.2832427Z   ...
2026-10-02T08:48:46.2832579Z 1..6
2026-10-02T08:48:46.2832760Z # tests 6
2026-10-02T08:48:46.2832930Z # suites 0
2026-10-02T08:48:46.2833096Z # pass 6
2026-10-02T08:48:46.2833261Z # fail 0
2026-10-02T08:48:46.2833409Z # cancelled 0
2026-10-02T08:48:46.2833579Z # skipped 0
2026-10-02T08:48:46.2833738Z # todo 0
2026-10-02T08:48:46.2833919Z # duration_ms 49.719796
2026-10-02T08:48:46.3002989Z ##[group]Run python -m benchmark.generate
2026-10-02T08:48:46.3003273Z [36;1mpython -m benchmark.generate[0m
2026-10-02T08:48:46.3067789Z shell: /usr/bin/bash --noprofile --norc -e -o pipefail {0}
2026-10-02T08:48:46.3068074Z env:
2026-10-02T08:48:46.3068299Z   pythonLocation: /opt/hostedtoolcache/Python/3.13.15/x64
2026-10-02T08:48:46.3068660Z   PKG_CONFIG_PATH: /opt/hostedtoolcache/Python/3.13.15/x64/lib/pkgconfig
2026-10-02T08:48:46.3068995Z   Python_ROOT_DIR: /opt/hostedtoolcache/Python/3.13.15/x64
2026-10-02T08:48:46.3069304Z   Python2_ROOT_DIR: /opt/hostedtoolcache/Python/3.13.15/x64
2026-10-02T08:48:46.3069623Z   Python3_ROOT_DIR: /opt/hostedtoolcache/Python/3.13.15/x64
2026-10-02T08:48:46.3069936Z   LD_LIBRARY_PATH: /opt/hostedtoolcache/Python/3.13.15/x64/lib
2026-10-02T08:48:46.3070198Z ##[endgroup]
2026-10-02T08:48:46.3418913Z {"sha256": "243854b51e7039324de4c31fa7a67af1a98ddc48b9c9edfbbac581a2c2f73af7", "cases": 200, "families": 40, "dev_cases": 120, "test_cases": 80, "source": "synthetic only", "independent_annotators": 0, "human_experiment": "not_run"}
2026-10-02T08:48:46.3691298Z ##[group]Run cp benchmark/cases.jsonl evidence/synthetic-cases.jsonl
2026-10-02T08:48:46.3691701Z [36;1mcp benchmark/cases.jsonl evidence/synthetic-cases.jsonl[0m
2026-10-02T08:48:46.3747708Z shell: /usr/bin/bash --noprofile --norc -e -o pipefail {0}
2026-10-02T08:48:46.3747982Z env:
2026-10-02T08:48:46.3748196Z   pythonLocation: /opt/hostedtoolcache/Python/3.13.15/x64
2026-10-02T08:48:46.3748529Z   PKG_CONFIG_PATH: /opt/hostedtoolcache/Python/3.13.15/x64/lib/pkgconfig
2026-10-02T08:48:46.3748868Z   Python_ROOT_DIR: /opt/hostedtoolcache/Python/3.13.15/x64
2026-10-02T08:48:46.3749179Z   Python2_ROOT_DIR: /opt/hostedtoolcache/Python/3.13.15/x64
2026-10-02T08:48:46.3749482Z   Python3_ROOT_DIR: /opt/hostedtoolcache/Python/3.13.15/x64
2026-10-02T08:48:46.3749792Z   LD_LIBRARY_PATH: /opt/hostedtoolcache/Python/3.13.15/x64/lib
2026-10-02T08:48:46.3750050Z ##[endgroup]
2026-10-02T08:48:46.3861687Z ##[group]Run python scripts/run_logged.py evidence/benchmark-dev.log -- python -m benchmark.evaluate --split dev --tuning --output evidence/benchmark-dev.json
2026-10-02T08:48:46.3862498Z [36;1mpython scripts/run_logged.py evidence/benchmark-dev.log -- python -m benchmark.evaluate --split dev --tuning --output evidence/benchmark-dev.json[0m
2026-10-02T08:48:46.3913586Z shell: /usr/bin/bash --noprofile --norc -e -o pipefail {0}
2026-10-02T08:48:46.3913853Z env:
2026-10-02T08:48:46.3914076Z   pythonLocation: /opt/hostedtoolcache/Python/3.13.15/x64
2026-10-02T08:48:46.3914416Z   PKG_CONFIG_PATH: /opt/hostedtoolcache/Python/3.13.15/x64/lib/pkgconfig
2026-10-02T08:48:46.3914752Z   Python_ROOT_DIR: /opt/hostedtoolcache/Python/3.13.15/x64
2026-10-02T08:48:46.3915043Z   Python2_ROOT_DIR: /opt/hostedtoolcache/Python/3.13.15/x64
2026-10-02T08:48:46.3915494Z   Python3_ROOT_DIR: /opt/hostedtoolcache/Python/3.13.15/x64
2026-10-02T08:48:46.3915811Z   LD_LIBRARY_PATH: /opt/hostedtoolcache/Python/3.13.15/x64/lib
2026-10-02T08:48:46.3916064Z ##[endgroup]
2026-10-02T08:48:49.2971203Z {
2026-10-02T08:48:49.2971685Z   "recorded_at_utc": "2026-10-02T08:48:49.255018+00:00",
2026-10-02T08:48:49.2971977Z   "split": "dev",
2026-10-02T08:48:49.2972319Z   "corpus_sha256": "243854b51e7039324de4c31fa7a67af1a98ddc48b9c9edfbbac581a2c2f73af7",
2026-10-02T08:48:49.2972698Z   "python": "3.13.15",
2026-10-02T08:48:49.2972881Z   "sqlite": "3.45.1",
2026-10-02T08:48:49.2973062Z   "cases": 120,
2026-10-02T08:48:49.2973225Z   "families": 24,
2026-10-02T08:48:49.2973402Z   "keyword_baseline": {
2026-10-02T08:48:49.2973618Z     "exact_accuracy": 0.5833333333333334,
2026-10-02T08:48:49.2973871Z     "policy_gating_recall": 0.7222222222222222,
2026-10-02T08:48:49.2974128Z     "supported_read_fpr": 0.5,
2026-10-02T08:48:49.2974363Z     "supported_write_interception": 1.0,
2026-10-02T08:48:49.2974585Z     "denominators": {
2026-10-02T08:48:49.2974761Z       "all": 120,
2026-10-02T08:48:49.2974932Z       "requires_gate": 90,
2026-10-02T08:48:49.2975138Z       "supported_reads": 30,
2026-10-02T08:48:49.2975607Z       "supported_writes": 40
2026-10-02T08:48:49.2975799Z     },
2026-10-02T08:48:49.2975967Z     "confusion": {
2026-10-02T08:48:49.2976149Z       "pass -> block": 5,
2026-10-02T08:48:49.2976369Z       "pass -> need_approval": 10,
2026-10-02T08:48:49.2976591Z       "pass -> pass": 15,
2026-10-02T08:48:49.2976832Z       "need_approval -> need_approval": 40,
2026-10-02T08:48:49.2977067Z       "block -> block": 15,
2026-10-02T08:48:49.2977261Z       "block -> pass": 25,
2026-10-02T08:48:49.2977465Z       "block -> need_approval": 10
2026-10-02T08:48:49.2977662Z     }
2026-10-02T08:48:49.2977810Z   },
2026-10-02T08:48:49.2977968Z   "airlock": {
2026-10-02T08:48:49.2978135Z     "exact_accuracy": 1.0,
2026-10-02T08:48:49.2978338Z     "policy_gating_recall": 1.0,
2026-10-02T08:48:49.2978556Z     "supported_read_fpr": 0.0,
2026-10-02T08:48:49.2978780Z     "supported_write_interception": 1.0,
2026-10-02T08:48:49.2979007Z     "denominators": {
2026-10-02T08:48:49.2979176Z       "all": 120,
2026-10-02T08:48:49.2979343Z       "requires_gate": 90,
2026-10-02T08:48:49.2979533Z       "supported_reads": 30,
2026-10-02T08:48:49.2979723Z       "supported_writes": 40
2026-10-02T08:48:49.2979899Z     },
2026-10-02T08:48:49.2980064Z     "confusion": {
2026-10-02T08:48:49.2980251Z       "pass -> pass": 30,
2026-10-02T08:48:49.2980481Z       "need_approval -> need_approval": 40,
2026-10-02T08:48:49.2980712Z       "block -> block": 50
2026-10-02T08:48:49.2980889Z     }
2026-10-02T08:48:49.2981034Z   },
2026-10-02T08:48:49.2981218Z   "impact_exact_match_count": 40,
2026-10-02T08:48:49.2981454Z   "impact_denominator": 40,
2026-10-02T08:48:49.2981656Z   "evaluation_p95_ms": 9.725,
2026-10-02T08:48:49.2981852Z   "static_p95_ms": 0.081,
2026-10-02T08:48:49.2982032Z   "preview_p95_ms": 7.686,
2026-10-02T08:48:49.2982220Z   "pure_llm": "not_run",
2026-10-02T08:48:49.2982508Z   "hybrid_llm": "not_run_use_benchmark.ablation_with_authorization",
2026-10-02T08:48:49.2983084Z   "human_ab": "not_run",
2026-10-02T08:48:49.2983275Z   "cohens_kappa": null,
2026-10-02T08:48:49.2983461Z   "limitations": [
2026-10-02T08:48:49.2983656Z     "synthetic authored cases only",
2026-10-02T08:48:49.2983909Z     "correlated variants, only 40 families total",
2026-10-02T08:48:49.2984288Z     "author saw all templates; family split is not independent external validation",
2026-10-02T08:48:49.2984927Z     "gate recall includes unsupported/invalid statements, not a real-world danger recall",
2026-10-02T08:48:49.2985606Z     "latency excludes network and human review; this is a bounded 1206-row SQLite demo"
2026-10-02T08:48:49.2985924Z   ]
2026-10-02T08:48:49.2986072Z }
2026-10-02T08:48:49.3098890Z ##[group]Run python scripts/run_logged.py evidence/benchmark-test.log -- python -m benchmark.evaluate --split test --output evidence/benchmark-test.json
2026-10-02T08:48:49.3099703Z [36;1mpython scripts/run_logged.py evidence/benchmark-test.log -- python -m benchmark.evaluate --split test --output evidence/benchmark-test.json[0m
2026-10-02T08:48:49.3157577Z shell: /usr/bin/bash --noprofile --norc -e -o pipefail {0}
2026-10-02T08:48:49.3157846Z env:
2026-10-02T08:48:49.3158062Z   pythonLocation: /opt/hostedtoolcache/Python/3.13.15/x64
2026-10-02T08:48:49.3158392Z   PKG_CONFIG_PATH: /opt/hostedtoolcache/Python/3.13.15/x64/lib/pkgconfig
2026-10-02T08:48:49.3158734Z   Python_ROOT_DIR: /opt/hostedtoolcache/Python/3.13.15/x64
2026-10-02T08:48:49.3159029Z   Python2_ROOT_DIR: /opt/hostedtoolcache/Python/3.13.15/x64
2026-10-02T08:48:49.3159326Z   Python3_ROOT_DIR: /opt/hostedtoolcache/Python/3.13.15/x64
2026-10-02T08:48:49.3159648Z   LD_LIBRARY_PATH: /opt/hostedtoolcache/Python/3.13.15/x64/lib
2026-10-02T08:48:49.3159913Z ##[endgroup]
2026-10-02T08:48:51.0850385Z {
2026-10-02T08:48:51.0850750Z   "recorded_at_utc": "2026-10-02T08:48:51.042193+00:00",
2026-10-02T08:48:51.0851031Z   "split": "test",
2026-10-02T08:48:51.0851368Z   "corpus_sha256": "243854b51e7039324de4c31fa7a67af1a98ddc48b9c9edfbbac581a2c2f73af7",
2026-10-02T08:48:51.0851718Z   "python": "3.13.15",
2026-10-02T08:48:51.0851897Z   "sqlite": "3.45.1",
2026-10-02T08:48:51.0852069Z   "cases": 80,
2026-10-02T08:48:51.0852244Z   "families": 16,
2026-10-02T08:48:51.0852420Z   "keyword_baseline": {
2026-10-02T08:48:51.0852613Z     "exact_accuracy": 0.75,
2026-10-02T08:48:51.0852833Z     "policy_gating_recall": 0.8,
2026-10-02T08:48:51.0853236Z     "supported_read_fpr": 0.0,
2026-10-02T08:48:51.0853570Z     "supported_write_interception": 1.0,
2026-10-02T08:48:51.0853888Z     "denominators": {
2026-10-02T08:48:51.0854136Z       "all": 80,
2026-10-02T08:48:51.0854380Z       "requires_gate": 50,
2026-10-02T08:48:51.0854690Z       "supported_reads": 30,
2026-10-02T08:48:51.0854945Z       "supported_writes": 20
2026-10-02T08:48:51.0855356Z     },
2026-10-02T08:48:51.0855555Z     "confusion": {
2026-10-02T08:48:51.0855773Z       "pass -> pass": 30,
2026-10-02T08:48:51.0856062Z       "need_approval -> need_approval": 20,
2026-10-02T08:48:51.0856383Z       "block -> block": 10,
2026-10-02T08:48:51.0856695Z       "block -> need_approval": 10,
2026-10-02T08:48:51.0857003Z       "block -> pass": 10
2026-10-02T08:48:51.0857269Z     }
2026-10-02T08:48:51.0857489Z   },
2026-10-02T08:48:51.0857776Z   "airlock": {
2026-10-02T08:48:51.0858065Z     "exact_accuracy": 1.0,
2026-10-02T08:48:51.0858593Z     "policy_gating_recall": 1.0,
2026-10-02T08:48:51.0858997Z     "supported_read_fpr": 0.0,
2026-10-02T08:48:51.0859386Z     "supported_write_interception": 1.0,
2026-10-02T08:48:51.0859774Z     "denominators": {
2026-10-02T08:48:51.0860084Z       "all": 80,
2026-10-02T08:48:51.0860389Z       "requires_gate": 50,
2026-10-02T08:48:51.0860738Z       "supported_reads": 30,
2026-10-02T08:48:51.0861069Z       "supported_writes": 20
2026-10-02T08:48:51.0861376Z     },
2026-10-02T08:48:51.0861653Z     "confusion": {
2026-10-02T08:48:51.0861974Z       "pass -> pass": 30,
2026-10-02T08:48:51.0862349Z       "need_approval -> need_approval": 20,
2026-10-02T08:48:51.0862708Z       "block -> block": 30
2026-10-02T08:48:51.0863004Z     }
2026-10-02T08:48:51.0863223Z   },
2026-10-02T08:48:51.0863505Z   "impact_exact_match_count": 20,
2026-10-02T08:48:51.0863985Z   "impact_denominator": 20,
2026-10-02T08:48:51.0864266Z   "evaluation_p95_ms": 9.3,
2026-10-02T08:48:51.0864545Z   "static_p95_ms": 0.079,
2026-10-02T08:48:51.0864823Z   "preview_p95_ms": 7.749,
2026-10-02T08:48:51.0865588Z   "pure_llm": "not_run",
2026-10-02T08:48:51.0866025Z   "hybrid_llm": "not_run_use_benchmark.ablation_with_authorization",
2026-10-02T08:48:51.0866446Z   "human_ab": "not_run",
2026-10-02T08:48:51.0866711Z   "cohens_kappa": null,
2026-10-02T08:48:51.0866970Z   "limitations": [
2026-10-02T08:48:51.0867485Z     "synthetic authored cases only",
2026-10-02T08:48:51.0867876Z     "correlated variants, only 40 families total",
2026-10-02T08:48:51.0868465Z     "author saw all templates; family split is not independent external validation",
2026-10-02T08:48:51.0869201Z     "gate recall includes unsupported/invalid statements, not a real-world danger recall",
2026-10-02T08:48:51.0869986Z     "latency excludes network and human review; this is a bounded 1206-row SQLite demo"
2026-10-02T08:48:51.0870493Z   ]
2026-10-02T08:48:51.0870712Z }
2026-10-02T08:48:51.0988050Z ##[group]Run python -m playwright install --with-deps chromium
2026-10-02T08:48:51.0988635Z [36;1mpython -m playwright install --with-deps chromium[0m
2026-10-02T08:48:51.1049987Z shell: /usr/bin/bash --noprofile --norc -e -o pipefail {0}
2026-10-02T08:48:51.1050272Z env:
2026-10-02T08:48:51.1050487Z   pythonLocation: /opt/hostedtoolcache/Python/3.13.15/x64
2026-10-02T08:48:51.1050833Z   PKG_CONFIG_PATH: /opt/hostedtoolcache/Python/3.13.15/x64/lib/pkgconfig
2026-10-02T08:48:51.1051159Z   Python_ROOT_DIR: /opt/hostedtoolcache/Python/3.13.15/x64
2026-10-02T08:48:51.1051460Z   Python2_ROOT_DIR: /opt/hostedtoolcache/Python/3.13.15/x64
2026-10-02T08:48:51.1051763Z   Python3_ROOT_DIR: /opt/hostedtoolcache/Python/3.13.15/x64
2026-10-02T08:48:51.1052062Z   LD_LIBRARY_PATH: /opt/hostedtoolcache/Python/3.13.15/x64/lib
2026-10-02T08:48:51.1052321Z ##[endgroup]
2026-10-02T08:48:51.3532173Z Installing dependencies...
2026-10-02T08:48:51.3592154Z Switching to root user to install dependencies...
2026-10-02T08:48:51.5529881Z Get:1 file:/etc/apt/apt-mirrors.txt Mirrorlist [144 B]
2026-10-02T08:48:51.6165540Z Hit:2 http://azure.archive.ubuntu.com/ubuntu noble InRelease
2026-10-02T08:48:51.6166497Z Get:6 https://packages.microsoft.com/ubuntu/24.04/prod noble InRelease [3600 B]
2026-10-02T08:48:51.6177629Z Get:3 http://azure.archive.ubuntu.com/ubuntu noble-updates InRelease [126 kB]
2026-10-02T08:48:51.6236903Z Get:4 http://azure.archive.ubuntu.com/ubuntu noble-backports InRelease [126 kB]
2026-10-02T08:48:51.6278510Z Get:5 http://azure.archive.ubuntu.com/ubuntu noble-security InRelease [126 kB]
2026-10-02T08:48:51.7138008Z Get:7 https://packages.microsoft.com/ubuntu/24.04/prod noble/main amd64 Packages [510 kB]
2026-10-02T08:48:51.7290104Z Get:8 https://packages.microsoft.com/ubuntu/24.04/prod noble/main armhf Packages [12.6 kB]
2026-10-02T08:48:51.7320708Z Get:9 https://packages.microsoft.com/ubuntu/24.04/prod noble/main arm64 Packages [458 kB]
2026-10-02T08:48:51.7662790Z Get:10 http://azure.archive.ubuntu.com/ubuntu noble-updates/main amd64 Packages [1364 kB]
2026-10-02T08:48:51.7737929Z Get:11 http://azure.archive.ubuntu.com/ubuntu noble-updates/main Translation-en [304 kB]
2026-10-02T08:48:51.7759404Z Get:12 http://azure.archive.ubuntu.com/ubuntu noble-updates/main amd64 Components [180 kB]
2026-10-02T08:48:51.7850328Z Get:13 http://azure.archive.ubuntu.com/ubuntu noble-updates/universe amd64 Packages [1699 kB]
2026-10-02T08:48:51.7931594Z Get:14 http://azure.archive.ubuntu.com/ubuntu noble-updates/universe Translation-en [341 kB]
2026-10-02T08:48:51.7947202Z Get:15 http://azure.archive.ubuntu.com/ubuntu noble-updates/universe amd64 Components [388 kB]
2026-10-02T08:48:51.7973199Z Get:16 http://azure.archive.ubuntu.com/ubuntu noble-updates/restricted amd64 Packages [1720 kB]
2026-10-02T08:48:51.8093216Z Get:17 http://azure.archive.ubuntu.com/ubuntu noble-updates/restricted Translation-en [394 kB]
2026-10-02T08:48:51.8097803Z Get:18 http://azure.archive.ubuntu.com/ubuntu noble-updates/multiverse amd64 Components [940 B]
2026-10-02T08:48:51.8099164Z Get:19 http://azure.archive.ubuntu.com/ubuntu noble-backports/main amd64 Components [5764 B]
2026-10-02T08:48:51.8591786Z Get:20 http://azure.archive.ubuntu.com/ubuntu noble-backports/universe amd64 Components [12.6 kB]
2026-10-02T08:48:51.8606533Z Get:21 http://azure.archive.ubuntu.com/ubuntu noble-security/main amd64 Packages [1069 kB]
2026-10-02T08:48:51.8657312Z Get:22 http://azure.archive.ubuntu.com/ubuntu noble-security/main Translation-en [221 kB]
2026-10-02T08:48:51.8677996Z Get:23 http://azure.archive.ubuntu.com/ubuntu noble-security/main amd64 Components [46.3 kB]
2026-10-02T08:48:51.8689935Z Get:24 http://azure.archive.ubuntu.com/ubuntu noble-security/universe amd64 Packages [1216 kB]
2026-10-02T08:48:51.8763028Z Get:25 http://azure.archive.ubuntu.com/ubuntu noble-security/universe Translation-en [244 kB]
2026-10-02T08:48:51.8782368Z Get:26 http://azure.archive.ubuntu.com/ubuntu noble-security/universe amd64 Components [76.3 kB]
2026-10-02T08:48:51.8797888Z Get:27 http://azure.archive.ubuntu.com/ubuntu noble-security/restricted amd64 Packages [1566 kB]
2026-10-02T08:48:51.8865573Z Get:28 http://azure.archive.ubuntu.com/ubuntu noble-security/restricted Translation-en [361 kB]
2026-10-02T08:48:59.6338795Z Fetched 12.6 MB in 1s (10.8 MB/s)
2026-10-02T08:49:00.3389251Z Reading package lists...
2026-10-02T08:49:00.3596293Z Reading package lists...
2026-10-02T08:49:00.5531362Z Building dependency tree...
2026-10-02T08:49:00.5537690Z Reading state information...
2026-10-02T08:49:00.7036914Z libasound2t64 is already the newest version (1.2.11-1ubuntu0.3).
2026-10-02T08:49:00.7037623Z libasound2t64 set to manually installed.
2026-10-02T08:49:00.7038242Z libatk-bridge2.0-0t64 is already the newest version (2.52.0-1build1).
2026-10-02T08:49:00.7038811Z libatk-bridge2.0-0t64 set to manually installed.
2026-10-02T08:49:00.7039400Z libatk1.0-0t64 is already the newest version (2.52.0-1build1).
2026-10-02T08:49:00.7039890Z libatk1.0-0t64 set to manually installed.
2026-10-02T08:49:00.7040450Z libatspi2.0-0t64 is already the newest version (2.52.0-1build1).
2026-10-02T08:49:00.7040959Z libatspi2.0-0t64 set to manually installed.
2026-10-02T08:49:00.7041471Z libcairo2 is already the newest version (1.18.0-3build1).
2026-10-02T08:49:00.7041939Z libcairo2 set to manually installed.
2026-10-02T08:49:00.7042489Z libcups2t64 is already the newest version (2.4.7-1.2ubuntu7.14).
2026-10-02T08:49:00.7043015Z libcups2t64 set to manually installed.
2026-10-02T08:49:00.7043544Z libdbus-1-3 is already the newest version (1.14.10-4ubuntu4.1).
2026-10-02T08:49:00.7044080Z libdbus-1-3 set to manually installed.
2026-10-02T08:49:00.7044669Z libdrm2 is already the newest version (2.4.125-1ubuntu0.1~24.04.2).
2026-10-02T08:49:00.7045402Z libdrm2 set to manually installed.
2026-10-02T08:49:00.7045997Z libglib2.0-0t64 is already the newest version (2.80.0-6ubuntu3.9).
2026-10-02T08:49:00.7046540Z libglib2.0-0t64 set to manually installed.
2026-10-02T08:49:00.7047083Z libnspr4 is already the newest version (2:4.35-1.1build1).
2026-10-02T08:49:00.7047531Z libnspr4 set to manually installed.
2026-10-02T08:49:00.7047955Z libnss3 is already the newest version (2:3.98-1ubuntu0.2).
2026-10-02T08:49:00.7048370Z libnss3 set to manually installed.
2026-10-02T08:49:00.7048767Z libpango-1.0-0 is already the newest version (1.52.1+ds-1build1).
2026-10-02T08:49:00.7049113Z libpango-1.0-0 set to manually installed.
2026-10-02T08:49:00.7049425Z libx11-6 is already the newest version (2:1.8.7-1build1).
2026-10-02T08:49:00.7049709Z libx11-6 set to manually installed.
2026-10-02T08:49:00.7050004Z libxcb1 is already the newest version (1.15-1ubuntu2).
2026-10-02T08:49:00.7050289Z libxcb1 set to manually installed.
2026-10-02T08:49:00.7050792Z libxcomposite1 is already the newest version (1:0.4.5-1build3).
2026-10-02T08:49:00.7051126Z libxcomposite1 set to manually installed.
2026-10-02T08:49:00.7051447Z libxdamage1 is already the newest version (1:1.1.6-1build1).
2026-10-02T08:49:00.7051755Z libxdamage1 set to manually installed.
2026-10-02T08:49:00.7052063Z libxext6 is already the newest version (2:1.3.4-1build2).
2026-10-02T08:49:00.7052346Z libxext6 set to manually installed.
2026-10-02T08:49:00.7053065Z libxfixes3 is already the newest version (1:6.0.0-2build1).
2026-10-02T08:49:00.7053367Z libxfixes3 set to manually installed.
2026-10-02T08:49:00.7053682Z libxkbcommon0 is already the newest version (1.6.0-1build1).
2026-10-02T08:49:00.7053994Z libxkbcommon0 set to manually installed.
2026-10-02T08:49:00.7054401Z libxrandr2 is already the newest version (2:1.5.2-2build1).
2026-10-02T08:49:00.7054818Z libxrandr2 set to manually installed.
2026-10-02T08:49:00.7055449Z xvfb is already the newest version (2:21.1.12-1ubuntu1.8).
2026-10-02T08:49:00.7056060Z fonts-noto-color-emoji is already the newest version (2.047-0ubuntu0.24.04.1).
2026-10-02T08:49:00.7056701Z libfontconfig1 is already the newest version (2.15.0-1.1ubuntu2).
2026-10-02T08:49:00.7057225Z libfontconfig1 set to manually installed.
2026-10-02T08:49:00.7057762Z libfreetype6 is already the newest version (2.13.2+dfsg-1ubuntu0.1).
2026-10-02T08:49:00.7058095Z libfreetype6 set to manually installed.
2026-10-02T08:49:00.7058568Z fonts-liberation is already the newest version (1:2.1.5-3).
2026-10-02T08:49:00.7059069Z fonts-liberation set to manually installed.
2026-10-02T08:49:00.7059552Z The following additional packages will be installed:
2026-10-02T08:49:00.7060058Z   libgl1-mesa-dri libglx-mesa0 libwayland-server0 mesa-libgallium
2026-10-02T08:49:00.7060376Z   xfonts-encodings xfonts-utils
2026-10-02T08:49:00.7060593Z Recommended packages:
2026-10-02T08:49:00.7060812Z   fonts-ipafont-mincho fonts-tlwg-loma
2026-10-02T08:49:00.7235961Z The following NEW packages will be installed:
2026-10-02T08:49:00.7236854Z   fonts-freefont-ttf fonts-ipafont-gothic fonts-tlwg-loma-otf fonts-unifont
2026-10-02T08:49:00.7243023Z   fonts-wqy-zenhei libwayland-server0 xfonts-cyrillic xfonts-encodings
2026-10-02T08:49:00.7243565Z   xfonts-scalable xfonts-utils
2026-10-02T08:49:00.7247900Z The following packages will be upgraded:
2026-10-02T08:49:00.7252108Z   libgbm1 libgl1-mesa-dri libglx-mesa0 mesa-libgallium
2026-10-02T08:49:00.7401532Z 4 upgraded, 10 newly installed, 0 to remove and 21 not upgraded.
2026-10-02T08:49:00.7402093Z Need to get 32.1 MB of archives.
2026-10-02T08:49:00.7402632Z After this operation, 79.7 MB of additional disk space will be used.
2026-10-02T08:49:00.7403247Z Get:1 file:/etc/apt/apt-mirrors.txt Mirrorlist [144 B]
2026-10-02T08:49:00.8211205Z Get:2 http://azure.archive.ubuntu.com/ubuntu noble/universe amd64 fonts-ipafont-gothic all 00303-21ubuntu1 [3513 kB]
2026-10-02T08:49:00.9601367Z Get:3 http://azure.archive.ubuntu.com/ubuntu noble/main amd64 fonts-freefont-ttf all 20211204+svn4273-2 [5641 kB]
2026-10-02T08:49:01.1429671Z Get:4 http://azure.archive.ubuntu.com/ubuntu noble/universe amd64 fonts-tlwg-loma-otf all 1:0.7.3-1 [107 kB]
2026-10-02T08:49:01.2082636Z Get:5 http://azure.archive.ubuntu.com/ubuntu noble/universe amd64 fonts-unifont all 1:15.1.01-1build1 [2993 kB]
2026-10-02T08:49:01.3329834Z Get:6 http://azure.archive.ubuntu.com/ubuntu noble/universe amd64 fonts-wqy-zenhei all 0.9.45-8 [7472 kB]
2026-10-02T08:49:01.5511560Z Get:7 http://azure.archive.ubuntu.com/ubuntu noble-updates/main amd64 libgl1-mesa-dri amd64 25.2.8-0ubuntu0.24.04.3 [37.9 kB]
2026-10-02T08:49:01.6166105Z Get:8 http://azure.archive.ubuntu.com/ubuntu noble/main amd64 libwayland-server0 amd64 1.22.0-2.1build1 [33.9 kB]
2026-10-02T08:49:01.6842775Z Get:9 http://azure.archive.ubuntu.com/ubuntu noble-updates/main amd64 libglx-mesa0 amd64 25.2.8-0ubuntu0.24.04.3 [110 kB]
2026-10-02T08:49:01.7486276Z Get:10 http://azure.archive.ubuntu.com/ubuntu noble-updates/main amd64 libgbm1 amd64 25.2.8-0ubuntu0.24.04.3 [34.3 kB]
2026-10-02T08:49:01.8180130Z Get:11 http://azure.archive.ubuntu.com/ubuntu noble-updates/main amd64 mesa-libgallium amd64 25.2.8-0ubuntu0.24.04.3 [10.8 MB]
2026-10-02T08:49:02.1096747Z Get:12 http://azure.archive.ubuntu.com/ubuntu noble/main amd64 xfonts-encodings all 1:1.0.5-0ubuntu2 [578 kB]
2026-10-02T08:49:02.1812177Z Get:13 http://azure.archive.ubuntu.com/ubuntu noble/main amd64 xfonts-utils amd64 1:7.7+6build3 [94.4 kB]
2026-10-02T08:49:02.2454897Z Get:14 http://azure.archive.ubuntu.com/ubuntu noble/universe amd64 xfonts-cyrillic all 1:1.0.5+nmu1 [384 kB]
2026-10-02T08:49:02.3160270Z Get:15 http://azure.archive.ubuntu.com/ubuntu noble/main amd64 xfonts-scalable all 1:1.0.3-1.3 [304 kB]
2026-10-02T08:49:02.5616197Z Fetched 32.1 MB in 2s (20.2 MB/s)
2026-10-02T08:49:02.5830807Z Selecting previously unselected package fonts-ipafont-gothic.
2026-10-02T08:49:02.6044127Z (Reading database ... 
2026-10-02T08:49:02.6044495Z (Reading database ... 5%
2026-10-02T08:49:02.6044779Z (Reading database ... 10%
2026-10-02T08:49:02.6044995Z (Reading database ... 15%
2026-10-02T08:49:02.6045743Z (Reading database ... 20%
2026-10-02T08:49:02.6045984Z (Reading database ... 25%
2026-10-02T08:49:02.6046297Z (Reading database ... 30%
2026-10-02T08:49:02.6046601Z (Reading database ... 35%
2026-10-02T08:49:02.6047239Z (Reading database ... 40%
2026-10-02T08:49:02.6047508Z (Reading database ... 45%
2026-10-02T08:49:02.6047719Z (Reading database ... 50%
2026-10-02T08:49:02.6080627Z (Reading database ... 55%
2026-10-02T08:49:02.7368230Z (Reading database ... 60%
2026-10-02T08:49:02.9416300Z (Reading database ... 65%
2026-10-02T08:49:03.1477494Z (Reading database ... 70%
2026-10-02T08:49:03.5045924Z (Reading database ... 75%
2026-10-02T08:49:03.6410965Z (Reading database ... 80%
2026-10-02T08:49:03.8473238Z (Reading database ... 85%
2026-10-02T08:49:04.2983825Z (Reading database ... 90%
2026-10-02T08:49:04.4080342Z (Reading database ... 95%
2026-10-02T08:49:04.4080722Z (Reading database ... 100%
2026-10-02T08:49:04.4081089Z (Reading database ... 202296 files and directories currently installed.)
2026-10-02T08:49:04.4124696Z Preparing to unpack .../00-fonts-ipafont-gothic_00303-21ubuntu1_all.deb ...
2026-10-02T08:49:04.4251239Z Unpacking fonts-ipafont-gothic (00303-21ubuntu1) ...
2026-10-02T08:49:04.7438714Z Selecting previously unselected package fonts-freefont-ttf.
2026-10-02T08:49:04.7554235Z Preparing to unpack .../01-fonts-freefont-ttf_20211204+svn4273-2_all.deb ...
2026-10-02T08:49:04.7559596Z Unpacking fonts-freefont-ttf (20211204+svn4273-2) ...
2026-10-02T08:49:04.8448218Z Selecting previously unselected package fonts-tlwg-loma-otf.
2026-10-02T08:49:04.8568406Z Preparing to unpack .../02-fonts-tlwg-loma-otf_1%3a0.7.3-1_all.deb ...
2026-10-02T08:49:04.8573231Z Unpacking fonts-tlwg-loma-otf (1:0.7.3-1) ...
2026-10-02T08:49:04.8755387Z Selecting previously unselected package fonts-unifont.
2026-10-02T08:49:04.8872286Z Preparing to unpack .../03-fonts-unifont_1%3a15.1.01-1build1_all.deb ...
2026-10-02T08:49:04.8894503Z Unpacking fonts-unifont (1:15.1.01-1build1) ...
2026-10-02T08:49:05.0710776Z Selecting previously unselected package fonts-wqy-zenhei.
2026-10-02T08:49:05.0822885Z Preparing to unpack .../04-fonts-wqy-zenhei_0.9.45-8_all.deb ...
2026-10-02T08:49:05.0910537Z Unpacking fonts-wqy-zenhei (0.9.45-8) ...
2026-10-02T08:49:05.6684851Z Preparing to unpack .../05-libgl1-mesa-dri_25.2.8-0ubuntu0.24.04.3_amd64.deb ...
2026-10-02T08:49:05.8851609Z Unpacking libgl1-mesa-dri:amd64 (25.2.8-0ubuntu0.24.04.3) over (25.2.8-0ubuntu0.24.04.2) ...
2026-10-02T08:49:06.0947325Z Selecting previously unselected package libwayland-server0:amd64.
2026-10-02T08:49:06.1067627Z Preparing to unpack .../06-libwayland-server0_1.22.0-2.1build1_amd64.deb ...
2026-10-02T08:49:06.1079769Z Unpacking libwayland-server0:amd64 (1.22.0-2.1build1) ...
2026-10-02T08:49:06.3462646Z Preparing to unpack .../07-libglx-mesa0_25.2.8-0ubuntu0.24.04.3_amd64.deb ...
2026-10-02T08:49:06.3480677Z Unpacking libglx-mesa0:amd64 (25.2.8-0ubuntu0.24.04.3) over (25.2.8-0ubuntu0.24.04.2) ...
2026-10-02T08:49:06.3824712Z Preparing to unpack .../08-libgbm1_25.2.8-0ubuntu0.24.04.3_amd64.deb ...
2026-10-02T08:49:06.6009406Z Unpacking libgbm1:amd64 (25.2.8-0ubuntu0.24.04.3) over (25.2.8-0ubuntu0.24.04.2) ...
2026-10-02T08:49:06.6402453Z Preparing to unpack .../09-mesa-libgallium_25.2.8-0ubuntu0.24.04.3_amd64.deb ...
2026-10-02T08:49:06.6418847Z Unpacking mesa-libgallium:amd64 (25.2.8-0ubuntu0.24.04.3) over (25.2.8-0ubuntu0.24.04.2) ...
2026-10-02T08:49:06.9722342Z Selecting previously unselected package xfonts-encodings.
2026-10-02T08:49:06.9841081Z Preparing to unpack .../10-xfonts-encodings_1%3a1.0.5-0ubuntu2_all.deb ...
2026-10-02T08:49:06.9847923Z Unpacking xfonts-encodings (1:1.0.5-0ubuntu2) ...
2026-10-02T08:49:07.1806985Z Selecting previously unselected package xfonts-utils.
2026-10-02T08:49:07.1922569Z Preparing to unpack .../11-xfonts-utils_1%3a7.7+6build3_amd64.deb ...
2026-10-02T08:49:07.2012535Z Unpacking xfonts-utils (1:7.7+6build3) ...
2026-10-02T08:49:07.3918544Z Selecting previously unselected package xfonts-cyrillic.
2026-10-02T08:49:07.4036293Z Preparing to unpack .../12-xfonts-cyrillic_1%3a1.0.5+nmu1_all.deb ...
2026-10-02T08:49:07.4057709Z Unpacking xfonts-cyrillic (1:1.0.5+nmu1) ...
2026-10-02T08:49:07.6168911Z Selecting previously unselected package xfonts-scalable.
2026-10-02T08:49:07.6293697Z Preparing to unpack .../13-xfonts-scalable_1%3a1.0.3-1.3_all.deb ...
2026-10-02T08:49:07.6311326Z Unpacking xfonts-scalable (1:1.0.3-1.3) ...
2026-10-02T08:49:07.7033553Z Setting up libwayland-server0:amd64 (1.22.0-2.1build1) ...
2026-10-02T08:49:07.7053521Z Setting up mesa-libgallium:amd64 (25.2.8-0ubuntu0.24.04.3) ...
2026-10-02T08:49:07.8865894Z Setting up libgbm1:amd64 (25.2.8-0ubuntu0.24.04.3) ...
2026-10-02T08:49:07.8880432Z Setting up libgl1-mesa-dri:amd64 (25.2.8-0ubuntu0.24.04.3) ...
2026-10-02T08:49:07.8949369Z Setting up fonts-wqy-zenhei (0.9.45-8) ...
2026-10-02T08:49:07.9053237Z Setting up fonts-freefont-ttf (20211204+svn4273-2) ...
2026-10-02T08:49:08.0309723Z Setting up fonts-tlwg-loma-otf (1:0.7.3-1) ...
2026-10-02T08:49:08.0323210Z Setting up xfonts-encodings (1:1.0.5-0ubuntu2) ...
2026-10-02T08:49:08.0338333Z Setting up fonts-ipafont-gothic (00303-21ubuntu1) ...
2026-10-02T08:49:08.0403660Z update-alternatives: using /usr/share/fonts/opentype/ipafont-gothic/ipag.ttf to provide /usr/share/fonts/truetype/fonts-japanese-gothic.ttf (fonts-japanese-gothic.ttf) in auto mode
2026-10-02T08:49:08.0417432Z Setting up fonts-unifont (1:15.1.01-1build1) ...
2026-10-02T08:49:08.0432030Z Setting up libglx-mesa0:amd64 (25.2.8-0ubuntu0.24.04.3) ...
2026-10-02T08:49:08.0446454Z Setting up xfonts-utils (1:7.7+6build3) ...
2026-10-02T08:49:08.0480674Z Setting up xfonts-cyrillic (1:1.0.5+nmu1) ...
2026-10-02T08:49:08.0728893Z Setting up xfonts-scalable (1:1.0.3-1.3) ...
2026-10-02T08:49:08.0964915Z Processing triggers for libc-bin (2.39-0ubuntu8.9) ...
2026-10-02T08:49:08.4092792Z Processing triggers for man-db (2.12.0-4build2) ...
2026-10-02T08:49:08.4111784Z Not building database; man-db/auto-update is not 'true'.
2026-10-02T08:49:08.4121501Z Processing triggers for fontconfig (2.15.0-1.1ubuntu2) ...
2026-10-02T08:49:09.6212839Z 
2026-10-02T08:49:09.6213682Z Running kernel seems to be up-to-date.
2026-10-02T08:49:09.6213933Z 
2026-10-02T08:49:09.6214101Z No services need to be restarted.
2026-10-02T08:49:09.6214254Z 
2026-10-02T08:49:09.6214371Z No containers need to be restarted.
2026-10-02T08:49:09.6214525Z 
2026-10-02T08:49:09.6214684Z No user sessions are running outdated binaries.
2026-10-02T08:49:09.6214863Z 
2026-10-02T08:49:09.6215096Z No VM guests are running outdated hypervisor (qemu) binaries on this host.
2026-10-02T08:49:10.5850837Z Downloading Chromium 143.0.7499.4 (playwright build v1200) from https://cdn.playwright.dev/dbazure/download/playwright/builds/chromium/1200/chromium-linux.zip
2026-10-02T08:49:10.6613642Z (node:3194) [DEP0169] DeprecationWarning: `url.parse()` behavior is not standardized and prone to errors that have security implications. Use the WHATWG URL API instead. CVEs are not issued for `url.parse()` vulnerabilities.
2026-10-02T08:49:10.6615061Z (Use `node --trace-deprecation ...` to show where the warning was created)
2026-10-02T08:49:10.7759287Z |                                                                                |   0% of 164.7 MiB
2026-10-02T08:49:10.9406784Z |■■■■■■■■                                                                        |  10% of 164.7 MiB
2026-10-02T08:49:10.9999337Z |■■■■■■■■■■■■■■■■                                                                |  20% of 164.7 MiB
2026-10-02T08:49:11.0565853Z |■■■■■■■■■■■■■■■■■■■■■■■■                                                        |  30% of 164.7 MiB
2026-10-02T08:49:11.1116540Z |■■■■■■■■■■■■■■■■■■■■■■■■■■■■■■■■                                                |  40% of 164.7 MiB
2026-10-02T08:49:11.1562763Z |■■■■■■■■■■■■■■■■■■■■■■■■■■■■■■■■■■■■■■■■                                        |  50% of 164.7 MiB
2026-10-02T08:49:11.1984618Z |■■■■■■■■■■■■■■■■■■■■■■■■■■■■■■■■■■■■■■■■■■■■■■■■                                |  60% of 164.7 MiB
2026-10-02T08:49:11.2425401Z |■■■■■■■■■■■■■■■■■■■■■■■■■■■■■■■■■■■■■■■■■■■■■■■■■■■■■■■■                        |  70% of 164.7 MiB
2026-10-02T08:49:11.2890536Z |■■■■■■■■■■■■■■■■■■■■■■■■■■■■■■■■■■■■■■■■■■■■■■■■■■■■■■■■■■■■■■■■                |  80% of 164.7 MiB
2026-10-02T08:49:11.3395105Z |■■■■■■■■■■■■■■■■■■■■■■■■■■■■■■■■■■■■■■■■■■■■■■■■■■■■■■■■■■■■■■■■■■■■■■■■        |  90% of 164.7 MiB
2026-10-02T08:49:11.3812093Z |■■■■■■■■■■■■■■■■■■■■■■■■■■■■■■■■■■■■■■■■■■■■■■■■■■■■■■■■■■■■■■■■■■■■■■■■■■■■■■■■| 100% of 164.7 MiB
2026-10-02T08:49:13.3252602Z Chromium 143.0.7499.4 (playwright build v1200) downloaded to /home/runner/.cache/ms-playwright/chromium-1200
2026-10-02T08:49:13.3255960Z Downloading FFMPEG playwright build v1011 from https://cdn.playwright.dev/dbazure/download/playwright/builds/ffmpeg/1011/ffmpeg-linux.zip
2026-10-02T08:49:13.4041406Z (node:3205) [DEP0169] DeprecationWarning: `url.parse()` behavior is not standardized and prone to errors that have security implications. Use the WHATWG URL API instead. CVEs are not issued for `url.parse()` vulnerabilities.
2026-10-02T08:49:13.4042765Z (Use `node --trace-deprecation ...` to show where the warning was created)
2026-10-02T08:49:13.4432555Z |                                                                                |   0% of 2.3 MiB
2026-10-02T08:49:13.4480744Z |■■■■■■■■                                                                        |  10% of 2.3 MiB
2026-10-02T08:49:13.4511470Z |■■■■■■■■■■■■■■■■                                                                |  20% of 2.3 MiB
2026-10-02T08:49:13.4540809Z |■■■■■■■■■■■■■■■■■■■■■■■■                                                        |  30% of 2.3 MiB
2026-10-02T08:49:13.4548723Z |■■■■■■■■■■■■■■■■■■■■■■■■■■■■■■■■                                                |  40% of 2.3 MiB
2026-10-02T08:49:13.4563890Z |■■■■■■■■■■■■■■■■■■■■■■■■■■■■■■■■■■■■■■■■                                        |  50% of 2.3 MiB
2026-10-02T08:49:13.4580849Z |■■■■■■■■■■■■■■■■■■■■■■■■■■■■■■■■■■■■■■■■■■■■■■■■                                |  60% of 2.3 MiB
2026-10-02T08:49:13.4594186Z |■■■■■■■■■■■■■■■■■■■■■■■■■■■■■■■■■■■■■■■■■■■■■■■■■■■■■■■■                        |  70% of 2.3 MiB
2026-10-02T08:49:13.4609345Z |■■■■■■■■■■■■■■■■■■■■■■■■■■■■■■■■■■■■■■■■■■■■■■■■■■■■■■■■■■■■■■■■                |  80% of 2.3 MiB
2026-10-02T08:49:13.4619043Z |■■■■■■■■■■■■■■■■■■■■■■■■■■■■■■■■■■■■■■■■■■■■■■■■■■■■■■■■■■■■■■■■■■■■■■■■        |  90% of 2.3 MiB
2026-10-02T08:49:13.4631090Z |■■■■■■■■■■■■■■■■■■■■■■■■■■■■■■■■■■■■■■■■■■■■■■■■■■■■■■■■■■■■■■■■■■■■■■■■■■■■■■■■| 100% of 2.3 MiB
2026-10-02T08:49:13.5053944Z FFMPEG playwright build v1011 downloaded to /home/runner/.cache/ms-playwright/ffmpeg-1011
2026-10-02T08:49:13.5055153Z Downloading Chromium Headless Shell 143.0.7499.4 (playwright build v1200) from https://cdn.playwright.dev/dbazure/download/playwright/builds/chromium/1200/chromium-headless-shell-linux.zip
2026-10-02T08:49:13.5834730Z (node:3216) [DEP0169] DeprecationWarning: `url.parse()` behavior is not standardized and prone to errors that have security implications. Use the WHATWG URL API instead. CVEs are not issued for `url.parse()` vulnerabilities.
2026-10-02T08:49:13.5836271Z (Use `node --trace-deprecation ...` to show where the warning was created)
2026-10-02T08:49:13.6951085Z |                                                                                |   0% of 109.7 MiB
2026-10-02T08:49:13.8409895Z |■■■■■■■■                                                                        |  10% of 109.7 MiB
2026-10-02T08:49:13.8860848Z |■■■■■■■■■■■■■■■■                                                                |  20% of 109.7 MiB
2026-10-02T08:49:13.9232174Z |■■■■■■■■■■■■■■■■■■■■■■■■                                                        |  30% of 109.7 MiB
2026-10-02T08:49:13.9624610Z |■■■■■■■■■■■■■■■■■■■■■■■■■■■■■■■■                                                |  40% of 109.7 MiB
2026-10-02T08:49:14.0176670Z |■■■■■■■■■■■■■■■■■■■■■■■■■■■■■■■■■■■■■■■■                                        |  50% of 109.7 MiB
2026-10-02T08:49:14.0580642Z |■■■■■■■■■■■■■■■■■■■■■■■■■■■■■■■■■■■■■■■■■■■■■■■■                                |  60% of 109.7 MiB
2026-10-02T08:49:14.0939805Z |■■■■■■■■■■■■■■■■■■■■■■■■■■■■■■■■■■■■■■■■■■■■■■■■■■■■■■■■                        |  70% of 109.7 MiB
2026-10-02T08:49:14.1352673Z |■■■■■■■■■■■■■■■■■■■■■■■■■■■■■■■■■■■■■■■■■■■■■■■■■■■■■■■■■■■■■■■■                |  80% of 109.7 MiB
2026-10-02T08:49:14.1821249Z |■■■■■■■■■■■■■■■■■■■■■■■■■■■■■■■■■■■■■■■■■■■■■■■■■■■■■■■■■■■■■■■■■■■■■■■■        |  90% of 109.7 MiB
2026-10-02T08:49:14.2245974Z |■■■■■■■■■■■■■■■■■■■■■■■■■■■■■■■■■■■■■■■■■■■■■■■■■■■■■■■■■■■■■■■■■■■■■■■■■■■■■■■■| 100% of 109.7 MiB
2026-10-02T08:49:15.6874756Z Chromium Headless Shell 143.0.7499.4 (playwright build v1200) downloaded to /home/runner/.cache/ms-playwright/chromium_headless_shell-1200
2026-10-02T08:49:15.7055596Z ##[group]Run python scripts/run_logged.py evidence/browser-native.log -- python scripts/browser_smoke.py
2026-10-02T08:49:15.7056187Z [36;1mpython scripts/run_logged.py evidence/browser-native.log -- python scripts/browser_smoke.py[0m
2026-10-02T08:49:15.7113293Z shell: /usr/bin/bash --noprofile --norc -e -o pipefail {0}
2026-10-02T08:49:15.7113560Z env:
2026-10-02T08:49:15.7113770Z   pythonLocation: /opt/hostedtoolcache/Python/3.13.15/x64
2026-10-02T08:49:15.7114107Z   PKG_CONFIG_PATH: /opt/hostedtoolcache/Python/3.13.15/x64/lib/pkgconfig
2026-10-02T08:49:15.7114448Z   Python_ROOT_DIR: /opt/hostedtoolcache/Python/3.13.15/x64
2026-10-02T08:49:15.7114922Z   Python2_ROOT_DIR: /opt/hostedtoolcache/Python/3.13.15/x64
2026-10-02T08:49:15.7115418Z   Python3_ROOT_DIR: /opt/hostedtoolcache/Python/3.13.15/x64
2026-10-02T08:49:15.7115760Z   LD_LIBRARY_PATH: /opt/hostedtoolcache/Python/3.13.15/x64/lib
2026-10-02T08:49:15.7116009Z ##[endgroup]
2026-10-02T08:49:49.4466292Z {
2026-10-02T08:49:49.4468278Z   "mode": "native_browser_e2e",
2026-10-02T08:49:49.4468648Z   "passed": [
2026-10-02T08:49:49.4468958Z     "agent_credential_rejected_by_reviewer_console",
2026-10-02T08:49:49.4469375Z     "pending_queue_survives_more_than_100_newer_reads",
2026-10-02T08:49:49.4469794Z     "approval_disabled_without_informed_confirmation",
2026-10-02T08:49:49.4470203Z     "browser_rejection_preserves_all_1206_rows",
2026-10-02T08:49:49.4470599Z     "browser_approval_executes_real_update_once",
2026-10-02T08:49:49.4470991Z     "critical_action_requires_exact_1206_scope_phrase",
2026-10-02T08:49:49.4471366Z     "390px_mobile_has_no_horizontal_overflow",
2026-10-02T08:49:49.4471740Z     "audit_replay_and_hmac_verification_render",
2026-10-02T08:49:49.4472128Z     "metrics_use_real_samples_and_unknown_model_cost",
2026-10-02T08:49:49.4472543Z     "batch_ui_lists_bound_members_and_enforces_confirmation",
2026-10-02T08:49:49.4472962Z     "recovery_is_a_separate_informed_approval",
2026-10-02T08:49:49.4473316Z     "study_import_counterbalance_visibility_and_export_automation_only",
2026-10-02T08:49:49.4473662Z     "logout_removes_authenticated_console",
2026-10-02T08:49:49.4473933Z     "no_browser_javascript_errors"
2026-10-02T08:49:49.4474139Z   ],
2026-10-02T08:49:49.4474310Z   "errors": [],
2026-10-02T08:49:49.4474483Z   "not_proven": []
2026-10-02T08:49:49.4474698Z }
2026-10-02T08:49:49.4604195Z ##[group]Run python scripts/run_logged.py evidence/docker-smoke.log -- python scripts/docker_smoke.py
2026-10-02T08:49:49.4605111Z [36;1mpython scripts/run_logged.py evidence/docker-smoke.log -- python scripts/docker_smoke.py[0m
2026-10-02T08:49:49.4685131Z shell: /usr/bin/bash --noprofile --norc -e -o pipefail {0}
2026-10-02T08:49:49.4685775Z env:
2026-10-02T08:49:49.4686110Z   pythonLocation: /opt/hostedtoolcache/Python/3.13.15/x64
2026-10-02T08:49:49.4686627Z   PKG_CONFIG_PATH: /opt/hostedtoolcache/Python/3.13.15/x64/lib/pkgconfig
2026-10-02T08:49:49.4687139Z   Python_ROOT_DIR: /opt/hostedtoolcache/Python/3.13.15/x64
2026-10-02T08:49:49.4687611Z   Python2_ROOT_DIR: /opt/hostedtoolcache/Python/3.13.15/x64
2026-10-02T08:49:49.4688082Z   Python3_ROOT_DIR: /opt/hostedtoolcache/Python/3.13.15/x64
2026-10-02T08:49:49.4688563Z   LD_LIBRARY_PATH: /opt/hostedtoolcache/Python/3.13.15/x64/lib
2026-10-02T08:49:49.4688973Z ##[endgroup]
2026-10-02T08:50:08.4393094Z {
2026-10-02T08:50:08.4393528Z   "mode": "real_docker_compose",
2026-10-02T08:50:08.4393943Z   "project": "airlock-check-c091a2f45d4e",
2026-10-02T08:50:08.4394274Z   "probe": {
2026-10-02T08:50:08.4394623Z     "pending_id": "694a783b5e044becbc03db52ac565eb0",
2026-10-02T08:50:08.4394966Z     "uid": 10001,
2026-10-02T08:50:08.4395705Z     "effective_capabilities": 0,
2026-10-02T08:50:08.4395909Z     "checks": [
2026-10-02T08:50:08.4396127Z       "agent_has_no_reviewer_or_audit_secret",
2026-10-02T08:50:08.4396405Z       "target_database_not_mounted_in_agent",
2026-10-02T08:50:08.4396661Z       "no_server_config_or_docker_socket",
2026-10-02T08:50:08.4396920Z       "non_root_read_only_no_capabilities",
2026-10-02T08:50:08.4397172Z       "agent_cannot_approve_or_read_audit",
2026-10-02T08:50:08.4397415Z       "SQL_cannot_read_control_tables",
2026-10-02T08:50:08.4397775Z       "write_waits_for_separate_reviewer"
2026-10-02T08:50:08.4398081Z     ]
2026-10-02T08:50:08.4398283Z   },
2026-10-02T08:50:08.4398574Z   "rows_before_independent_approval": 1206,
2026-10-02T08:50:08.4398899Z   "rows_after_approval_and_restart": 0,
2026-10-02T08:50:08.4399125Z   "additional_checks": [
2026-10-02T08:50:08.4399376Z     "pending_survives_server_restart_without_execution",
2026-10-02T08:50:08.4399691Z     "approved_effect_and_audit_persist_without_reseeding",
2026-10-02T08:50:08.4399974Z     "compose_network_is_internal",
2026-10-02T08:50:08.4400227Z     "server_dual_network_agent_internal_only",
2026-10-02T08:50:08.4400486Z     "published_port_is_loopback_only"
2026-10-02T08:50:08.4400693Z   ],
2026-10-02T08:50:08.4400850Z   "limitations": [
2026-10-02T08:50:08.4401140Z     "controlled synthetic deployment, not a general container escape audit",
2026-10-02T08:50:08.4401551Z     "reviewer is automated test code, not a human A/B participant"
2026-10-02T08:50:08.4401814Z   ]
2026-10-02T08:50:08.4401962Z }
2026-10-02T08:50:08.4520285Z ##[group]Run python scripts/run_logged.py evidence/dependency-audit.log -- python -m pip_audit -r requirements.txt --format json --output evidence/dependency-audit.json
2026-10-02T08:50:08.4521163Z [36;1mpython scripts/run_logged.py evidence/dependency-audit.log -- python -m pip_audit -r requirements.txt --format json --output evidence/dependency-audit.json[0m
2026-10-02T08:50:08.4579085Z shell: /usr/bin/bash --noprofile --norc -e -o pipefail {0}
2026-10-02T08:50:08.4579354Z env:
2026-10-02T08:50:08.4579566Z   pythonLocation: /opt/hostedtoolcache/Python/3.13.15/x64
2026-10-02T08:50:08.4579912Z   PKG_CONFIG_PATH: /opt/hostedtoolcache/Python/3.13.15/x64/lib/pkgconfig
2026-10-02T08:50:08.4580244Z   Python_ROOT_DIR: /opt/hostedtoolcache/Python/3.13.15/x64
2026-10-02T08:50:08.4580546Z   Python2_ROOT_DIR: /opt/hostedtoolcache/Python/3.13.15/x64
2026-10-02T08:50:08.4580840Z   Python3_ROOT_DIR: /opt/hostedtoolcache/Python/3.13.15/x64
2026-10-02T08:50:08.4581157Z   LD_LIBRARY_PATH: /opt/hostedtoolcache/Python/3.13.15/x64/lib
2026-10-02T08:50:08.4581408Z ##[endgroup]
2026-10-02T08:50:14.0602464Z No known vulnerabilities found
2026-10-02T08:50:14.0745135Z ##[group]Run python scripts/run_logged.py evidence/latency.log -- python scripts/measure_latency.py --samples 60 --output evidence/latency.json
2026-10-02T08:50:14.0746120Z [36;1mpython scripts/run_logged.py evidence/latency.log -- python scripts/measure_latency.py --samples 60 --output evidence/latency.json[0m
2026-10-02T08:50:14.0804991Z shell: /usr/bin/bash --noprofile --norc -e -o pipefail {0}
2026-10-02T08:50:14.0805458Z env:
2026-10-02T08:50:14.0805687Z   pythonLocation: /opt/hostedtoolcache/Python/3.13.15/x64
2026-10-02T08:50:14.0806035Z   PKG_CONFIG_PATH: /opt/hostedtoolcache/Python/3.13.15/x64/lib/pkgconfig
2026-10-02T08:50:14.0806367Z   Python_ROOT_DIR: /opt/hostedtoolcache/Python/3.13.15/x64
2026-10-02T08:50:14.0806663Z   Python2_ROOT_DIR: /opt/hostedtoolcache/Python/3.13.15/x64
2026-10-02T08:50:14.0806958Z   Python3_ROOT_DIR: /opt/hostedtoolcache/Python/3.13.15/x64
2026-10-02T08:50:14.0807252Z   LD_LIBRARY_PATH: /opt/hostedtoolcache/Python/3.13.15/x64/lib
2026-10-02T08:50:14.0807540Z ##[endgroup]
2026-10-02T08:50:16.6966311Z {
2026-10-02T08:50:16.6966932Z   "scope": "1206-row synthetic SQLite; concurrency 1; warm HTTP client; same host and target",
2026-10-02T08:50:16.6967457Z   "python": "3.13.15",
2026-10-02T08:50:16.6967709Z   "sqlite": "3.45.1",
2026-10-02T08:50:16.6968442Z   "platform": "Linux-6.17.0-1022-azure-x86_64-with-glibc2.39",
2026-10-02T08:50:16.6968800Z   "processor": "x86_64",
2026-10-02T08:50:16.6968996Z   "logical_cpus": 4,
2026-10-02T08:50:16.6969178Z   "samples": 60,
2026-10-02T08:50:16.6969352Z   "seed": 2073,
2026-10-02T08:50:16.6969522Z   "warmup_calls": 10,
2026-10-02T08:50:16.6969732Z   "first_native_call_ms": 6.311070000037944,
2026-10-02T08:50:16.6969949Z   "read": {
2026-10-02T08:50:16.6970112Z     "direct_ms": {
2026-10-02T08:50:16.6970274Z       "n": 60,
2026-10-02T08:50:16.6970463Z       "mean": 0.34974868332634895,
2026-10-02T08:50:16.6970685Z       "p50": 0.33853000013550627,
2026-10-02T08:50:16.6970903Z       "p95": 0.4556359999696724,
2026-10-02T08:50:16.6971252Z       "p99": 0.4862830001002294
2026-10-02T08:50:16.6971525Z     },
2026-10-02T08:50:16.6971737Z     "proxy_ms": {
2026-10-02T08:50:16.6971975Z       "n": 60,
2026-10-02T08:50:16.6972226Z       "mean": 5.0721556999860695,
2026-10-02T08:50:16.6972441Z       "p50": 4.515824000009161,
2026-10-02T08:50:16.6972662Z       "p95": 7.0705939999697875,
2026-10-02T08:50:16.6972866Z       "p99": 18.631313000014416
2026-10-02T08:50:16.6973039Z     },
2026-10-02T08:50:16.6973200Z     "added_ms": {
2026-10-02T08:50:16.6973363Z       "n": 60,
2026-10-02T08:50:16.6973543Z       "mean": 4.72240701665972,
2026-10-02T08:50:16.6973736Z       "p50": 4.171054000153163,
2026-10-02T08:50:16.6973927Z       "p95": 6.7689689999497205,
2026-10-02T08:50:16.6974121Z       "p99": 18.283388999861927
2026-10-02T08:50:16.6974295Z     }
2026-10-02T08:50:16.6974439Z   },
2026-10-02T08:50:16.6974610Z   "write": {
2026-10-02T08:50:16.6974779Z     "submit_receipt_ms": {
2026-10-02T08:50:16.6974962Z       "n": 30,
2026-10-02T08:50:16.6975145Z       "p50": 12.767969000151425,
2026-10-02T08:50:16.6975562Z       "p95": 122.38535400001638,
2026-10-02T08:50:16.6975772Z       "p99": 159.85955399992235
2026-10-02T08:50:16.6975954Z     },
2026-10-02T08:50:16.6976141Z     "approval_request_to_effect_ms": {
2026-10-02T08:50:16.6976362Z       "n": 30,
2026-10-02T08:50:16.6976539Z       "p50": 17.286517000002277,
2026-10-02T08:50:16.6976755Z       "p95": 45.72582900004818,
2026-10-02T08:50:16.6976954Z       "p99": 75.30178199999682
2026-10-02T08:50:16.6977137Z     },
2026-10-02T08:50:16.6977287Z     "static_ms": {
2026-10-02T08:50:16.6977448Z       "n": 30,
2026-10-02T08:50:16.6977608Z       "p50": 0.063,
2026-10-02T08:50:16.6977782Z       "p95": 0.086,
2026-10-02T08:50:16.6977941Z       "p99": 0.087
2026-10-02T08:50:16.6978106Z     },
2026-10-02T08:50:16.6978266Z     "preview_ms": {
2026-10-02T08:50:16.6978429Z       "n": 30,
2026-10-02T08:50:16.6978583Z       "p50": 7.611,
2026-10-02T08:50:16.6978751Z       "p95": 8.31,
2026-10-02T08:50:16.6979116Z       "p99": 8.406
2026-10-02T08:50:16.6979275Z     },
2026-10-02T08:50:16.6979432Z     "evaluation_ms": {
2026-10-02T08:50:16.6979602Z       "n": 30,
2026-10-02T08:50:16.6979758Z       "p50": 9.455,
2026-10-02T08:50:16.6979921Z       "p95": 75.052,
2026-10-02T08:50:16.6980089Z       "p99": 118.714
2026-10-02T08:50:16.6980270Z     }
2026-10-02T08:50:16.6980416Z   },
2026-10-02T08:50:16.6980574Z   "not_measured": [
2026-10-02T08:50:16.6980741Z     "live LLM latency",
2026-10-02T08:50:16.6980929Z     "human review latency",
2026-10-02T08:50:16.6981230Z     "distributed upstream overhead",
2026-10-02T08:50:16.6981549Z     "cold OS filesystem cache",
2026-10-02T08:50:16.6981765Z     "production concurrency"
2026-10-02T08:50:16.6981970Z   ],
2026-10-02T08:50:16.6982580Z   "measurement_note": "direct includes SQLite connect/query; proxy includes HTTP, server admission, persistence and audit; negative deltas retained in raw rows"
2026-10-02T08:50:16.6983349Z }
2026-10-02T08:50:16.7094323Z ##[group]Run python scripts/run_logged.py evidence/ablation.log -- python -m benchmark.ablation --split test --output evidence/ablation.json
2026-10-02T08:50:16.7095060Z [36;1mpython scripts/run_logged.py evidence/ablation.log -- python -m benchmark.ablation --split test --output evidence/ablation.json[0m
2026-10-02T08:50:16.7153577Z shell: /usr/bin/bash --noprofile --norc -e -o pipefail {0}
2026-10-02T08:50:16.7153846Z env:
2026-10-02T08:50:16.7154063Z   pythonLocation: /opt/hostedtoolcache/Python/3.13.15/x64
2026-10-02T08:50:16.7154400Z   PKG_CONFIG_PATH: /opt/hostedtoolcache/Python/3.13.15/x64/lib/pkgconfig
2026-10-02T08:50:16.7154733Z   Python_ROOT_DIR: /opt/hostedtoolcache/Python/3.13.15/x64
2026-10-02T08:50:16.7155032Z   Python2_ROOT_DIR: /opt/hostedtoolcache/Python/3.13.15/x64
2026-10-02T08:50:16.7155549Z   Python3_ROOT_DIR: /opt/hostedtoolcache/Python/3.13.15/x64
2026-10-02T08:50:16.7155846Z   LD_LIBRARY_PATH: /opt/hostedtoolcache/Python/3.13.15/x64/lib
2026-10-02T08:50:16.7156121Z ##[endgroup]
2026-10-02T08:50:17.0145041Z {
2026-10-02T08:50:17.0145386Z   "split": "test",
2026-10-02T08:50:17.0145763Z   "corpus_sha256": "243854b51e7039324de4c31fa7a67af1a98ddc48b9c9edfbbac581a2c2f73af7",
2026-10-02T08:50:17.0146147Z   "live_model_requested": false,
2026-10-02T08:50:17.0146366Z   "limitations": [
2026-10-02T08:50:17.0146727Z     "Original synthetic corpus is unchanged and has no independent human danger gold.",
2026-10-02T08:50:17.0147232Z     "The pure model arm measures advice only; it cannot execute or bypass the production gate.",
2026-10-02T08:50:17.0147734Z     "Live model arms require AIRLOCK-only configuration, key and explicit budget authorization."
2026-10-02T08:50:17.0148079Z   ],
2026-10-02T08:50:17.0148233Z   "arms": {
2026-10-02T08:50:17.0148390Z     "keyword": {
2026-10-02T08:50:17.0148565Z       "status": "MEASURED",
2026-10-02T08:50:17.0148748Z       "n": 80
2026-10-02T08:50:17.0148905Z     },
2026-10-02T08:50:17.0149058Z     "pure_llm": {
2026-10-02T08:50:17.0149277Z       "status": "BLOCKED_EXTERNAL",
2026-10-02T08:50:17.0149482Z       "n": 0
2026-10-02T08:50:17.0149635Z     },
2026-10-02T08:50:17.0149795Z     "hybrid_no_preview": {
2026-10-02T08:50:17.0150000Z       "status": "BLOCKED_EXTERNAL",
2026-10-02T08:50:17.0150192Z       "n": 0
2026-10-02T08:50:17.0150343Z     },
2026-10-02T08:50:17.0150505Z     "hybrid_with_preview": {
2026-10-02T08:50:17.0150717Z       "status": "BLOCKED_EXTERNAL",
2026-10-02T08:50:17.0150905Z       "n": 0
2026-10-02T08:50:17.0151061Z     }
2026-10-02T08:50:17.0151209Z   }
2026-10-02T08:50:17.0151365Z }
2026-10-02T08:50:17.0274856Z ##[group]Run python scripts/run_logged.py evidence/study-analysis.log -- python -m benchmark.research --output evidence/study-analysis.json study evidence/study-automation.json
2026-10-02T08:50:17.0276023Z [36;1mpython scripts/run_logged.py evidence/study-analysis.log -- python -m benchmark.research --output evidence/study-analysis.json study evidence/study-automation.json[0m
2026-10-02T08:50:17.0333708Z shell: /usr/bin/bash --noprofile --norc -e -o pipefail {0}
2026-10-02T08:50:17.0333975Z env:
2026-10-02T08:50:17.0334190Z   pythonLocation: /opt/hostedtoolcache/Python/3.13.15/x64
2026-10-02T08:50:17.0334524Z   PKG_CONFIG_PATH: /opt/hostedtoolcache/Python/3.13.15/x64/lib/pkgconfig
2026-10-02T08:50:17.0334865Z   Python_ROOT_DIR: /opt/hostedtoolcache/Python/3.13.15/x64
2026-10-02T08:50:17.0335271Z   Python2_ROOT_DIR: /opt/hostedtoolcache/Python/3.13.15/x64
2026-10-02T08:50:17.0335559Z   Python3_ROOT_DIR: /opt/hostedtoolcache/Python/3.13.15/x64
2026-10-02T08:50:17.0335904Z   LD_LIBRARY_PATH: /opt/hostedtoolcache/Python/3.13.15/x64/lib
2026-10-02T08:50:17.0336158Z ##[endgroup]
2026-10-02T08:50:17.1963530Z {
2026-10-02T08:50:17.1963914Z   "status": "BLOCKED_EXTERNAL",
2026-10-02T08:50:17.1964278Z   "human_participants": 0,
2026-10-02T08:50:17.1964556Z   "excluded": [
2026-10-02T08:50:17.1964772Z     {
2026-10-02T08:50:17.1965072Z       "participant_id": "automation-browser",
2026-10-02T08:50:17.1965737Z       "reason": "nonhuman, no consent, duplicate or invalid metadata"
2026-10-02T08:50:17.1966141Z     }
2026-10-02T08:50:17.1966364Z   ],
2026-10-02T08:50:17.1966596Z   "participants": [],
2026-10-02T08:50:17.1966869Z   "paired_time_delta": {
2026-10-02T08:50:17.1967128Z     "n": 0,
2026-10-02T08:50:17.1967350Z     "mean": null,
2026-10-02T08:50:17.1967860Z     "ci95": null
2026-10-02T08:50:17.1968057Z   },
2026-10-02T08:50:17.1968264Z   "paired_accuracy_delta": {
2026-10-02T08:50:17.1968499Z     "n": 0,
2026-10-02T08:50:17.1968691Z     "mean": null,
2026-10-02T08:50:17.1968905Z     "ci95": null
2026-10-02T08:50:17.1969124Z   },
2026-10-02T08:50:17.1969373Z   "all_decisions_visible_ms": {
2026-10-02T08:50:17.1969668Z     "n": 0,
2026-10-02T08:50:17.1969894Z     "mean": null,
2026-10-02T08:50:17.1970136Z     "median": null,
2026-10-02T08:50:17.1970391Z     "p95": null
2026-10-02T08:50:17.1970628Z   },
2026-10-02T08:50:17.1970868Z   "correct_decisions": {
2026-10-02T08:50:17.1971252Z     "numerator": 0,
2026-10-02T08:50:17.1971498Z     "denominator": 0,
2026-10-02T08:50:17.1971753Z     "value": null
2026-10-02T08:50:17.1971979Z   },
2026-10-02T08:50:17.1972200Z   "limitations": [
2026-10-02T08:50:17.1972821Z     "No causal efficiency claim without recruitment, business gold, counterbalancing and adequate sample size.",
2026-10-02T08:50:17.1973733Z     "Exported browser timing and human identity are untrusted telemetry, never authorization.",
2026-10-02T08:50:17.1974577Z     "Visibility duration excludes hidden tabs; correctness is supplied task gold, not a policy guess."
2026-10-02T08:50:17.1975757Z   ]
2026-10-02T08:50:17.1975966Z }
2026-10-02T08:50:17.2092659Z ##[group]Run python scripts/run_logged.py evidence/comparison.log -- python scripts/demo_comparison.py --output evidence/comparison.json
2026-10-02T08:50:17.2093416Z [36;1mpython scripts/run_logged.py evidence/comparison.log -- python scripts/demo_comparison.py --output evidence/comparison.json[0m
2026-10-02T08:50:17.2151018Z shell: /usr/bin/bash --noprofile --norc -e -o pipefail {0}
2026-10-02T08:50:17.2151283Z env:
2026-10-02T08:50:17.2151498Z   pythonLocation: /opt/hostedtoolcache/Python/3.13.15/x64
2026-10-02T08:50:17.2151831Z   PKG_CONFIG_PATH: /opt/hostedtoolcache/Python/3.13.15/x64/lib/pkgconfig
2026-10-02T08:50:17.2152154Z   Python_ROOT_DIR: /opt/hostedtoolcache/Python/3.13.15/x64
2026-10-02T08:50:17.2152462Z   Python2_ROOT_DIR: /opt/hostedtoolcache/Python/3.13.15/x64
2026-10-02T08:50:17.2152757Z   Python3_ROOT_DIR: /opt/hostedtoolcache/Python/3.13.15/x64
2026-10-02T08:50:17.2153049Z   LD_LIBRARY_PATH: /opt/hostedtoolcache/Python/3.13.15/x64/lib
2026-10-02T08:50:17.2153332Z ##[endgroup]
2026-10-02T08:50:17.8671173Z {
2026-10-02T08:50:17.8671904Z   "scope": "disposable synthetic data; automated independent reviewer fixture; no live model/human",
2026-10-02T08:50:17.8672323Z   "without_gate": {
2026-10-02T08:50:17.8672504Z     "before": 1206,
2026-10-02T08:50:17.8672673Z     "after": 0
2026-10-02T08:50:17.8672840Z   },
2026-10-02T08:50:17.8672997Z   "with_gate": {
2026-10-02T08:50:17.8673186Z     "pending_rows": 1206,
2026-10-02T08:50:17.8673387Z     "rejected_rows": 1206,
2026-10-02T08:50:17.8673578Z     "denial": {
2026-10-02T08:50:17.8673790Z       "id": "1fa36afe0e58464db4983ee74f63f4fa",
2026-10-02T08:50:17.8674038Z       "state": "rejected",
2026-10-02T08:50:17.8674267Z       "decision": "need_approval",
2026-10-02T08:50:17.8674539Z       "reason_code": "human_rejected",
2026-10-02T08:50:17.8674757Z       "result": null,
2026-10-02T08:50:17.8674962Z       "expires_at": 1790931317.5844414,
2026-10-02T08:50:17.8675427Z       "action_id": "1fa36afe0e58464db4983ee74f63f4fa",
2026-10-02T08:50:17.8675713Z       "trace_id": "b5a46b9f4747422b8fd9b5f3f021b358",
2026-10-02T08:50:17.8675944Z       "retryable": false,
2026-10-02T08:50:17.8676153Z       "allowed_alternatives": [
2026-10-02T08:50:17.8676383Z         "query_original_action",
2026-10-02T08:50:17.8676583Z         "bounded_read"
2026-10-02T08:50:17.8676754Z       ],
2026-10-02T08:50:17.8676933Z       "execution_occurred": false,
2026-10-02T08:50:17.8677342Z       "next_step": "Use a bounded SELECT or submit a narrower NEW action; do not retry rejected writes blindly."
2026-10-02T08:50:17.8677705Z     },
2026-10-02T08:50:17.8677863Z     "safe_alternative": {
2026-10-02T08:50:17.8678094Z       "id": "eee1e9f0012644028e748ab4ca7bc362",
2026-10-02T08:50:17.8678559Z       "state": "executed",
2026-10-02T08:50:17.8678747Z       "decision": "pass",
2026-10-02T08:50:17.8678951Z       "reason_code": "bounded_read",
2026-10-02T08:50:17.8679161Z       "result": {
2026-10-02T08:50:17.8679330Z         "matched_rows": 0,
2026-10-02T08:50:17.8679513Z         "rows": [
2026-10-02T08:50:17.8679675Z           {
2026-10-02T08:50:17.8679839Z             "remaining": 1206
2026-10-02T08:50:17.8680018Z           }
2026-10-02T08:50:17.8680175Z         ],
2026-10-02T08:50:17.8680336Z         "truncated": false
2026-10-02T08:50:17.8680506Z       },
2026-10-02T08:50:17.8680690Z       "expires_at": 1790931317.5974379,
2026-10-02T08:50:17.8680947Z       "action_id": "eee1e9f0012644028e748ab4ca7bc362",
2026-10-02T08:50:17.8681234Z       "trace_id": "e083ff8f525c4d9dac9cc699b478e6e2",
2026-10-02T08:50:17.8681474Z       "retryable": false,
2026-10-02T08:50:17.8681682Z       "allowed_alternatives": [
2026-10-02T08:50:17.8681902Z         "query_original_action"
2026-10-02T08:50:17.8682094Z       ],
2026-10-02T08:50:17.8682277Z       "execution_occurred": true,
2026-10-02T08:50:17.8682505Z       "next_step": "Read the result."
2026-10-02T08:50:17.8682712Z     },
2026-10-02T08:50:17.8682874Z     "approved_rows": 0,
2026-10-02T08:50:17.8683233Z     "approved_receipt": {
2026-10-02T08:50:17.8683473Z       "id": "23f0dfa5181e41ffb956eabd1e71a0c8",
2026-10-02T08:50:17.8683710Z       "state": "executed",
2026-10-02T08:50:17.8683919Z       "decision": "need_approval",
2026-10-02T08:50:17.8684158Z       "reason_code": "human_approved",
2026-10-02T08:50:17.8684361Z       "result": {
2026-10-02T08:50:17.8684538Z         "matched_rows": 1206,
2026-10-02T08:50:17.8684728Z         "rows": [],
2026-10-02T08:50:17.8684905Z         "truncated": false
2026-10-02T08:50:17.8685091Z       },
2026-10-02T08:50:17.8685458Z       "expires_at": 1790931317.6090603,
2026-10-02T08:50:17.8685720Z       "action_id": "23f0dfa5181e41ffb956eabd1e71a0c8",
2026-10-02T08:50:17.8686000Z       "trace_id": "ca47a3f42d934a26a978149b0fe36113",
2026-10-02T08:50:17.8686236Z       "retryable": false,
2026-10-02T08:50:17.8686465Z       "allowed_alternatives": [
2026-10-02T08:50:17.8686689Z         "query_original_action"
2026-10-02T08:50:17.8686875Z       ],
2026-10-02T08:50:17.8687054Z       "execution_occurred": true,
2026-10-02T08:50:17.8687281Z       "next_step": "Read the result."
2026-10-02T08:50:17.8687479Z     }
2026-10-02T08:50:17.8687622Z   },
2026-10-02T08:50:17.8687774Z   "audit": {
2026-10-02T08:50:17.8687946Z     "valid": true,
2026-10-02T08:50:17.8688114Z     "events": 5,
2026-10-02T08:50:17.8688405Z     "head": "c002d1d5a5287a65fe56416a392f8b72775f091d6d7a9f3b5e2c4413e09d2616",
2026-10-02T08:50:17.8688891Z     "limitation": "No external anchor: tail truncation and a compromised server are not detectable."
2026-10-02T08:50:17.8689231Z   }
2026-10-02T08:50:17.8689382Z }
2026-10-02T08:50:17.8796158Z ##[group]Run python scripts/verify_evidence.py
2026-10-02T08:50:17.8796495Z [36;1mpython scripts/verify_evidence.py[0m
2026-10-02T08:50:17.8853822Z shell: /usr/bin/bash --noprofile --norc -e -o pipefail {0}
2026-10-02T08:50:17.8854092Z env:
2026-10-02T08:50:17.8854306Z   pythonLocation: /opt/hostedtoolcache/Python/3.13.15/x64
2026-10-02T08:50:17.8854640Z   PKG_CONFIG_PATH: /opt/hostedtoolcache/Python/3.13.15/x64/lib/pkgconfig
2026-10-02T08:50:17.8854971Z   Python_ROOT_DIR: /opt/hostedtoolcache/Python/3.13.15/x64
2026-10-02T08:50:17.8855421Z   Python2_ROOT_DIR: /opt/hostedtoolcache/Python/3.13.15/x64
2026-10-02T08:50:17.8855727Z   Python3_ROOT_DIR: /opt/hostedtoolcache/Python/3.13.15/x64
2026-10-02T08:50:17.8856020Z   LD_LIBRARY_PATH: /opt/hostedtoolcache/Python/3.13.15/x64/lib
2026-10-02T08:50:17.8856273Z ##[endgroup]
2026-10-02T08:50:17.9241721Z Verified all 151 JUnit cases, exit receipts, screenshots, Docker and raw benchmark rows.
2026-10-02T08:50:17.9324288Z ##[group]Run python scripts/evidence_manifest.py
2026-10-02T08:50:17.9324598Z [36;1mpython scripts/evidence_manifest.py[0m
2026-10-02T08:50:17.9379628Z shell: /usr/bin/bash --noprofile --norc -e -o pipefail {0}
2026-10-02T08:50:17.9379904Z env:
2026-10-02T08:50:17.9380123Z   pythonLocation: /opt/hostedtoolcache/Python/3.13.15/x64
2026-10-02T08:50:17.9380462Z   PKG_CONFIG_PATH: /opt/hostedtoolcache/Python/3.13.15/x64/lib/pkgconfig
2026-10-02T08:50:17.9380791Z   Python_ROOT_DIR: /opt/hostedtoolcache/Python/3.13.15/x64
2026-10-02T08:50:17.9381097Z   Python2_ROOT_DIR: /opt/hostedtoolcache/Python/3.13.15/x64
2026-10-02T08:50:17.9381386Z   Python3_ROOT_DIR: /opt/hostedtoolcache/Python/3.13.15/x64
2026-10-02T08:50:17.9381682Z   LD_LIBRARY_PATH: /opt/hostedtoolcache/Python/3.13.15/x64/lib
2026-10-02T08:50:17.9381940Z ##[endgroup]
2026-10-02T08:50:18.0078889Z {"commit": "266ad9e9daedcbfd5183f0402d1d5227f4a2a0b4", "artifact_files": 44}
2026-10-02T08:50:18.0212647Z ##[group]Run actions/upload-artifact@v4
2026-10-02T08:50:18.0212882Z with:
2026-10-02T08:50:18.0213057Z   name: acceptance-evidence
2026-10-02T08:50:18.0213255Z   path: evidence/
2026-10-02T08:50:18.0213444Z   retention-days: 90
2026-10-02T08:50:18.0213625Z   if-no-files-found: warn
2026-10-02T08:50:18.0213814Z   compression-level: 6
2026-10-02T08:50:18.0213996Z   overwrite: false
2026-10-02T08:50:18.0214173Z   include-hidden-files: false
2026-10-02T08:50:18.0214364Z env:
2026-10-02T08:50:18.0214571Z   pythonLocation: /opt/hostedtoolcache/Python/3.13.15/x64
2026-10-02T08:50:18.0214909Z   PKG_CONFIG_PATH: /opt/hostedtoolcache/Python/3.13.15/x64/lib/pkgconfig
2026-10-02T08:50:18.0215427Z   Python_ROOT_DIR: /opt/hostedtoolcache/Python/3.13.15/x64
2026-10-02T08:50:18.0215725Z   Python2_ROOT_DIR: /opt/hostedtoolcache/Python/3.13.15/x64
2026-10-02T08:50:18.0216023Z   Python3_ROOT_DIR: /opt/hostedtoolcache/Python/3.13.15/x64
2026-10-02T08:50:18.0216337Z   LD_LIBRARY_PATH: /opt/hostedtoolcache/Python/3.13.15/x64/lib
2026-10-02T08:50:18.0216590Z ##[endgroup]
2026-10-02T08:50:18.1563091Z (node:4641) [DEP0040] DeprecationWarning: The `punycode` module is deprecated. Please use a userland alternative instead.
2026-10-02T08:50:18.1564281Z (Use `node --trace-deprecation ...` to show where the warning was created)
2026-10-02T08:50:18.1863410Z With the provided path, there will be 46 files uploaded
2026-10-02T08:50:18.1864424Z Artifact name is valid!
2026-10-02T08:50:18.1864957Z Root directory input is valid!
2026-10-02T08:50:18.5303421Z Beginning upload of artifact content to blob storage
2026-10-02T08:50:18.6046065Z (node:4641) [DEP0169] DeprecationWarning: `url.parse()` behavior is not standardized and prone to errors that have security implications. Use the WHATWG URL API instead. CVEs are not issued for `url.parse()` vulnerabilities.
2026-10-02T08:50:19.1479345Z Uploaded bytes 935541
2026-10-02T08:50:19.2139971Z Finished uploading artifact content to blob storage!
2026-10-02T08:50:19.2140838Z SHA256 digest of uploaded artifact zip is d5f0e6cde83689a0b472572c31d0072366f8c888430c6dbc59fb804f6e24cbd9
2026-10-02T08:50:19.2141628Z Finalizing artifact upload
2026-10-02T08:50:19.4695908Z Artifact acceptance-evidence.zip successfully finalized. Artifact ID 11216944737
2026-10-02T08:50:19.4696713Z Artifact acceptance-evidence has been successfully uploaded! Final size is 935541 bytes. Artifact ID is 11216944737
2026-10-02T08:50:19.4701465Z Artifact download URL: https://github.com/Changxin-YR/AIRLOCK/actions/runs/36986102382/artifacts/11216944737
2026-10-02T08:50:19.4856117Z Post job cleanup.
2026-10-02T08:50:19.5856708Z (node:4653) [DEP0040] DeprecationWarning: The `punycode` module is deprecated. Please use a userland alternative instead.
2026-10-02T08:50:19.5857358Z (Use `node --trace-deprecation ...` to show where the warning was created)
2026-10-02T08:50:19.6028358Z Post job cleanup.
2026-10-02T08:50:19.7035694Z (node:4661) [DEP0040] DeprecationWarning: The `punycode` module is deprecated. Please use a userland alternative instead.
2026-10-02T08:50:19.7036367Z (Use `node --trace-deprecation ...` to show where the warning was created)
2026-10-02T08:50:19.7217758Z Post job cleanup.
2026-10-02T08:50:19.8145382Z [command]/usr/bin/git version
2026-10-02T08:50:19.8199182Z git version 2.55.0
2026-10-02T08:50:19.8240305Z Temporarily overriding HOME='/home/runner/work/_temp/ae8febe6-03be-4fb8-90a0-e50d0dd5d3ea' before making global git config changes
2026-10-02T08:50:19.8241902Z Adding repository directory to the temporary git global config as a safe directory
2026-10-02T08:50:19.8246113Z [command]/usr/bin/git config --global --add safe.directory /home/runner/work/AIRLOCK/AIRLOCK
2026-10-02T08:50:19.8296092Z [command]/usr/bin/git config --local --name-only --get-regexp core\.sshCommand
2026-10-02T08:50:19.8327399Z [command]/usr/bin/git submodule foreach --recursive sh -c "git config --local --name-only --get-regexp 'core\.sshCommand' && git config --local --unset-all 'core.sshCommand' || :"
2026-10-02T08:50:19.8550148Z [command]/usr/bin/git config --local --name-only --get-regexp http\.https\:\/\/github\.com\/\.extraheader
2026-10-02T08:50:19.8576268Z http.https://github.com/.extraheader
2026-10-02T08:50:19.8585833Z [command]/usr/bin/git config --local --unset-all http.https://github.com/.extraheader
2026-10-02T08:50:19.8618811Z [command]/usr/bin/git submodule foreach --recursive sh -c "git config --local --name-only --get-regexp 'http\.https\:\/\/github\.com\/\.extraheader' && git config --local --unset-all 'http.https://github.com/.extraheader' || :"
2026-10-02T08:50:19.8867602Z [command]/usr/bin/git config --local --name-only --get-regexp ^includeIf\.gitdir:
2026-10-02T08:50:19.8910062Z [command]/usr/bin/git submodule foreach --recursive git config --local --show-origin --name-only --get-regexp remote.origin.url
2026-10-02T08:50:19.9250041Z Cleaning up orphan processes
2026-10-02T08:50:19.9520911Z ##[warning]Node.js 20 is deprecated. The following actions target Node.js 20 but are being forced to run on Node.js 24: actions/checkout@v4, actions/setup-node@v4, actions/setup-python@v5, actions/upload-artifact@v4. For more information see: https://github.blog/changelog/2025-09-19-deprecation-of-node-20-on-github-actions-runners/

