2026-10-02T09:13:48.6250693Z Current runner version: '2.337.0'
2026-10-02T09:13:48.6274451Z ##[group]Runner Image Provisioner
2026-10-02T09:13:48.6275400Z Hosted Compute Agent
2026-10-02T09:13:48.6275959Z Version: 20260901.588
2026-10-02T09:13:48.6276664Z Commit: f88ec8081b781fac6c440065ac7ff9e710ce3d0b
2026-10-02T09:13:48.6277418Z Build Date: 2026-09-01T19:56:44Z
2026-10-02T09:13:48.6278054Z Worker ID: {339ae743-cb1c-4869-a808-3455d7121efc}
2026-10-02T09:13:48.6279174Z Azure Region: westcentralus
2026-10-02T09:13:48.6279764Z ##[endgroup]
2026-10-02T09:13:48.6281004Z ##[group]Operating System
2026-10-02T09:13:48.6281639Z Ubuntu
2026-10-02T09:13:48.6282144Z 24.04.5
2026-10-02T09:13:48.6282675Z LTS
2026-10-02T09:13:48.6283179Z ##[endgroup]
2026-10-02T09:13:48.6283708Z ##[group]Runner Image
2026-10-02T09:13:48.6284335Z Image: ubuntu-24.04
2026-10-02T09:13:48.6284871Z Version: 20260927.320.1
2026-10-02T09:13:48.6286087Z Included Software: https://github.com/actions/runner-images/blob/ubuntu24/20260927.320/images/ubuntu/Ubuntu2404-Readme.md
2026-10-02T09:13:48.6287517Z Image Release: https://github.com/actions/runner-images/releases/tag/ubuntu24%2F20260927.320
2026-10-02T09:13:48.6288580Z ##[endgroup]
2026-10-02T09:13:48.6289671Z ##[group]GITHUB_TOKEN Permissions
2026-10-02T09:13:48.6291735Z Contents: read
2026-10-02T09:13:48.6292281Z Metadata: read
2026-10-02T09:13:48.6292838Z ##[endgroup]
2026-10-02T09:13:48.6294781Z Secret source: Actions
2026-10-02T09:13:48.6295729Z Cache mode: write
2026-10-02T09:13:48.6296390Z Prepare workflow directory
2026-10-02T09:13:48.6680276Z Prepare all required actions
2026-10-02T09:13:48.6728281Z Getting action download info
2026-10-02T09:13:48.9927339Z Download action repository 'actions/checkout@v4' (SHA:11d5960a326750d5838078e36cf38b85af677262)
2026-10-02T09:13:49.0819217Z Download action repository 'actions/setup-python@v5' (SHA:a26af69be951a213d495a4c3e4e4022e16d87065)
2026-10-02T09:13:49.3317864Z Download action repository 'actions/setup-node@v4' (SHA:49933ea5288caeca8642d1e84afbd3f7d6820020)
2026-10-02T09:13:49.4459816Z Download action repository 'actions/upload-artifact@v4' (SHA:ea165f8d65b6e75b540449e92b4886f43607fa02)
2026-10-02T09:13:49.7596824Z Complete job name: verify
2026-10-02T09:13:49.8628853Z ##[group]Run actions/checkout@v4
2026-10-02T09:13:49.8630277Z with:
2026-10-02T09:13:49.8631386Z   ref: b9de71085e9b3027b8127c4da6d7193d8f19ba88
2026-10-02T09:13:49.8632614Z   repository: Changxin-YR/AIRLOCK
2026-10-02T09:13:49.8641726Z   token: ***
2026-10-02T09:13:49.8642632Z   ssh-strict: true
2026-10-02T09:13:49.8643540Z   ssh-user: git
2026-10-02T09:13:49.8644516Z   persist-credentials: true
2026-10-02T09:13:49.8645501Z   clean: true
2026-10-02T09:13:49.8646420Z   sparse-checkout-cone-mode: true
2026-10-02T09:13:49.8647473Z   fetch-depth: 1
2026-10-02T09:13:49.8648512Z   fetch-tags: false
2026-10-02T09:13:49.8649488Z   show-progress: true
2026-10-02T09:13:49.8650414Z   lfs: false
2026-10-02T09:13:49.8651259Z   submodules: false
2026-10-02T09:13:49.8652208Z   set-safe-directory: true
2026-10-02T09:13:49.8653342Z   allow-unsafe-pr-checkout: false
2026-10-02T09:13:49.8654732Z ##[endgroup]
2026-10-02T09:13:49.9695721Z Syncing repository: Changxin-YR/AIRLOCK
2026-10-02T09:13:49.9699956Z ##[group]Getting Git version info
2026-10-02T09:13:49.9701798Z Working directory is '/home/runner/work/AIRLOCK/AIRLOCK'
2026-10-02T09:13:49.9704191Z [command]/usr/bin/git version
2026-10-02T09:13:49.9757944Z git version 2.55.0
2026-10-02T09:13:49.9781567Z ##[endgroup]
2026-10-02T09:13:49.9817047Z Temporarily overriding HOME='/home/runner/work/_temp/c8305431-0ba8-4362-b9c9-a2d993dbe11f' before making global git config changes
2026-10-02T09:13:49.9820860Z Adding repository directory to the temporary git global config as a safe directory
2026-10-02T09:13:49.9823906Z [command]/usr/bin/git config --global --add safe.directory /home/runner/work/AIRLOCK/AIRLOCK
2026-10-02T09:13:49.9862707Z Deleting the contents of '/home/runner/work/AIRLOCK/AIRLOCK'
2026-10-02T09:13:49.9866686Z ##[group]Initializing the repository
2026-10-02T09:13:49.9873074Z [command]/usr/bin/git init /home/runner/work/AIRLOCK/AIRLOCK
2026-10-02T09:13:49.9966481Z hint: Using 'master' as the name for the initial branch. This default branch name
2026-10-02T09:13:49.9970155Z hint: will change to "main" in Git 3.0. To configure the initial branch name
2026-10-02T09:13:49.9973242Z hint: to use in all of your new repositories, which will suppress this warning,
2026-10-02T09:13:49.9975696Z hint: call:
2026-10-02T09:13:49.9978519Z hint:
2026-10-02T09:13:49.9980406Z hint: 	git config --global init.defaultBranch <name>
2026-10-02T09:13:49.9982176Z hint:
2026-10-02T09:13:49.9984572Z hint: Names commonly chosen instead of 'master' are 'main', 'trunk' and
2026-10-02T09:13:49.9987709Z hint: 'development'. The just-created branch can be renamed via this command:
2026-10-02T09:13:49.9990387Z hint:
2026-10-02T09:13:49.9991871Z hint: 	git branch -m <name>
2026-10-02T09:13:49.9993570Z hint:
2026-10-02T09:13:49.9995695Z hint: Disable this message with "git config set advice.defaultBranchName false"
2026-10-02T09:13:49.9999517Z Initialized empty Git repository in /home/runner/work/AIRLOCK/AIRLOCK/.git/
2026-10-02T09:13:50.0005421Z [command]/usr/bin/git remote add origin https://github.com/Changxin-YR/AIRLOCK
2026-10-02T09:13:50.0026458Z ##[endgroup]
2026-10-02T09:13:50.0029871Z ##[group]Disabling automatic garbage collection
2026-10-02T09:13:50.0031839Z [command]/usr/bin/git config --local gc.auto 0
2026-10-02T09:13:50.0064420Z ##[endgroup]
2026-10-02T09:13:50.0066583Z ##[group]Setting up auth
2026-10-02T09:13:50.0073665Z [command]/usr/bin/git config --local --name-only --get-regexp core\.sshCommand
2026-10-02T09:13:50.0106360Z [command]/usr/bin/git submodule foreach --recursive sh -c "git config --local --name-only --get-regexp 'core\.sshCommand' && git config --local --unset-all 'core.sshCommand' || :"
2026-10-02T09:13:50.0537731Z [command]/usr/bin/git config --local --name-only --get-regexp http\.https\:\/\/github\.com\/\.extraheader
2026-10-02T09:13:50.0573630Z [command]/usr/bin/git submodule foreach --recursive sh -c "git config --local --name-only --get-regexp 'http\.https\:\/\/github\.com\/\.extraheader' && git config --local --unset-all 'http.https://github.com/.extraheader' || :"
2026-10-02T09:13:50.0779773Z [command]/usr/bin/git config --local --name-only --get-regexp ^includeIf\.gitdir:
2026-10-02T09:13:50.0813524Z [command]/usr/bin/git submodule foreach --recursive git config --local --show-origin --name-only --get-regexp remote.origin.url
2026-10-02T09:13:50.1003979Z [command]/usr/bin/git config --local http.https://github.com/.extraheader AUTHORIZATION: basic ***
2026-10-02T09:13:50.1046521Z ##[endgroup]
2026-10-02T09:13:50.1048513Z ##[group]Fetching the repository
2026-10-02T09:13:50.1056413Z [command]/usr/bin/git -c protocol.version=2 fetch --no-tags --prune --no-recurse-submodules --depth=1 origin b9de71085e9b3027b8127c4da6d7193d8f19ba88
2026-10-02T09:13:50.6888325Z From https://github.com/Changxin-YR/AIRLOCK
2026-10-02T09:13:50.6889805Z  * branch            b9de71085e9b3027b8127c4da6d7193d8f19ba88 -> FETCH_HEAD
2026-10-02T09:13:50.6893435Z ##[endgroup]
2026-10-02T09:13:50.6894577Z ##[group]Determining the checkout info
2026-10-02T09:13:50.6896375Z ##[endgroup]
2026-10-02T09:13:50.6904724Z [command]/usr/bin/git sparse-checkout disable
2026-10-02T09:13:50.6958778Z [command]/usr/bin/git config --local --unset-all extensions.worktreeConfig
2026-10-02T09:13:50.6992915Z ##[group]Checking out the ref
2026-10-02T09:13:50.6996431Z [command]/usr/bin/git checkout --progress --force b9de71085e9b3027b8127c4da6d7193d8f19ba88
2026-10-02T09:13:50.7089776Z Note: switching to 'b9de71085e9b3027b8127c4da6d7193d8f19ba88'.
2026-10-02T09:13:50.7090454Z 
2026-10-02T09:13:50.7090891Z You are in 'detached HEAD' state. You can look around, make experimental
2026-10-02T09:13:50.7092071Z changes and commit them, and you can discard any commits you make in this
2026-10-02T09:13:50.7093120Z state without impacting any branches by switching back to a branch.
2026-10-02T09:13:50.7093674Z 
2026-10-02T09:13:50.7094194Z If you want to create a new branch to retain commits you create, you may
2026-10-02T09:13:50.7095439Z do so (now or later) by using -c with the switch command. Example:
2026-10-02T09:13:50.7095917Z 
2026-10-02T09:13:50.7096196Z   git switch -c <new-branch-name>
2026-10-02T09:13:50.7096567Z 
2026-10-02T09:13:50.7096826Z Or undo this operation with:
2026-10-02T09:13:50.7097196Z 
2026-10-02T09:13:50.7097447Z   git switch -
2026-10-02T09:13:50.7097809Z 
2026-10-02T09:13:50.7098603Z Turn off this advice by setting config variable advice.detachedHead to false
2026-10-02T09:13:50.7099120Z 
2026-10-02T09:13:50.7099524Z HEAD is now at b9de710 fix: keep metric stage labels readable in the dashboard
2026-10-02T09:13:50.7102400Z ##[endgroup]
2026-10-02T09:13:50.7144295Z [command]/usr/bin/git log -1 --format=%H
2026-10-02T09:13:50.7169116Z b9de71085e9b3027b8127c4da6d7193d8f19ba88
2026-10-02T09:13:50.7428058Z ##[group]Run mkdir -p evidence
2026-10-02T09:13:50.7429406Z [36;1mmkdir -p evidence[0m
2026-10-02T09:13:50.7430222Z [36;1mgit archive --format=zip HEAD -o evidence/source.zip[0m
2026-10-02T09:13:50.7431028Z [36;1mgit rev-parse HEAD > evidence/commit.txt[0m
2026-10-02T09:13:50.7615926Z shell: /usr/bin/bash --noprofile --norc -e -o pipefail {0}
2026-10-02T09:13:50.7616596Z ##[endgroup]
2026-10-02T09:13:50.8095681Z ##[group]Run actions/setup-python@v5
2026-10-02T09:13:50.8096251Z with:
2026-10-02T09:13:50.8096712Z   python-version: 3.13
2026-10-02T09:13:50.8097219Z   check-latest: false
2026-10-02T09:13:50.8100238Z   token: ***
2026-10-02T09:13:50.8100743Z   update-environment: true
2026-10-02T09:13:50.8101240Z   allow-prereleases: false
2026-10-02T09:13:50.8101746Z   freethreaded: false
2026-10-02T09:13:50.8102203Z ##[endgroup]
2026-10-02T09:13:50.9407585Z ##[group]Installed versions
2026-10-02T09:13:50.9490446Z (node:2380) [DEP0040] DeprecationWarning: The `punycode` module is deprecated. Please use a userland alternative instead.
2026-10-02T09:13:50.9491771Z (Use `node --trace-deprecation ...` to show where the warning was created)
2026-10-02T09:13:50.9492768Z Successfully set up CPython (3.13.15)
2026-10-02T09:13:50.9493914Z ##[endgroup]
2026-10-02T09:13:50.9764423Z ##[group]Run actions/setup-node@v4
2026-10-02T09:13:50.9765159Z with:
2026-10-02T09:13:50.9765778Z   node-version: 22
2026-10-02T09:13:50.9766367Z   always-auth: false
2026-10-02T09:13:50.9766980Z   check-latest: false
2026-10-02T09:13:50.9771564Z   token: ***
2026-10-02T09:13:50.9772157Z env:
2026-10-02T09:13:50.9772871Z   pythonLocation: /opt/hostedtoolcache/Python/3.13.15/x64
2026-10-02T09:13:50.9773829Z   PKG_CONFIG_PATH: /opt/hostedtoolcache/Python/3.13.15/x64/lib/pkgconfig
2026-10-02T09:13:50.9774767Z   Python_ROOT_DIR: /opt/hostedtoolcache/Python/3.13.15/x64
2026-10-02T09:13:50.9775716Z   Python2_ROOT_DIR: /opt/hostedtoolcache/Python/3.13.15/x64
2026-10-02T09:13:50.9776562Z   Python3_ROOT_DIR: /opt/hostedtoolcache/Python/3.13.15/x64
2026-10-02T09:13:50.9777470Z   LD_LIBRARY_PATH: /opt/hostedtoolcache/Python/3.13.15/x64/lib
2026-10-02T09:13:50.9778348Z ##[endgroup]
2026-10-02T09:13:51.1496506Z Found in cache @ /opt/hostedtoolcache/node/22.23.3/x64
2026-10-02T09:13:51.1500300Z (node:2388) [DEP0040] DeprecationWarning: The `punycode` module is deprecated. Please use a userland alternative instead.
2026-10-02T09:13:51.1501279Z (Use `node --trace-deprecation ...` to show where the warning was created)
2026-10-02T09:13:51.1502873Z ##[group]Environment details
2026-10-02T09:13:51.5397858Z node: v22.23.3
2026-10-02T09:13:51.5398744Z npm: 10.9.9
2026-10-02T09:13:51.5399167Z yarn: 1.22.22
2026-10-02T09:13:51.5400547Z ##[endgroup]
2026-10-02T09:13:51.5516876Z ##[group]Run python -m pip install -r requirements-dev.txt
2026-10-02T09:13:51.5517607Z [36;1mpython -m pip install -r requirements-dev.txt[0m
2026-10-02T09:13:51.6244268Z shell: /usr/bin/bash --noprofile --norc -e -o pipefail {0}
2026-10-02T09:13:51.6244904Z env:
2026-10-02T09:13:51.6245441Z   pythonLocation: /opt/hostedtoolcache/Python/3.13.15/x64
2026-10-02T09:13:51.6246085Z   PKG_CONFIG_PATH: /opt/hostedtoolcache/Python/3.13.15/x64/lib/pkgconfig
2026-10-02T09:13:51.6247072Z   Python_ROOT_DIR: /opt/hostedtoolcache/Python/3.13.15/x64
2026-10-02T09:13:51.6248513Z   Python2_ROOT_DIR: /opt/hostedtoolcache/Python/3.13.15/x64
2026-10-02T09:13:51.6249333Z   Python3_ROOT_DIR: /opt/hostedtoolcache/Python/3.13.15/x64
2026-10-02T09:13:51.6249941Z   LD_LIBRARY_PATH: /opt/hostedtoolcache/Python/3.13.15/x64/lib
2026-10-02T09:13:51.6250520Z ##[endgroup]
2026-10-02T09:13:55.0846967Z Collecting fastapi==0.142.2 (from -r /home/runner/work/AIRLOCK/AIRLOCK/requirements.txt (line 1))
2026-10-02T09:13:55.1839008Z   Downloading fastapi-0.142.2-py3-none-any.whl.metadata (27 kB)
2026-10-02T09:13:55.2356693Z Collecting starlette==1.7.0 (from -r /home/runner/work/AIRLOCK/AIRLOCK/requirements.txt (line 2))
2026-10-02T09:13:55.2552613Z   Downloading starlette-1.7.0-py3-none-any.whl.metadata (6.6 kB)
2026-10-02T09:13:55.3828467Z Collecting pydantic==2.13.5 (from -r /home/runner/work/AIRLOCK/AIRLOCK/requirements.txt (line 3))
2026-10-02T09:13:55.4021231Z   Downloading pydantic-2.13.5-py3-none-any.whl.metadata (110 kB)
2026-10-02T09:13:55.4629442Z Collecting uvicorn==0.48.0 (from -r /home/runner/work/AIRLOCK/AIRLOCK/requirements.txt (line 4))
2026-10-02T09:13:55.4822583Z   Downloading uvicorn-0.48.0-py3-none-any.whl.metadata (6.7 kB)
2026-10-02T09:13:55.5144979Z Collecting httpx==0.28.1 (from -r /home/runner/work/AIRLOCK/AIRLOCK/requirements.txt (line 5))
2026-10-02T09:13:55.5335749Z   Downloading httpx-0.28.1-py3-none-any.whl.metadata (7.1 kB)
2026-10-02T09:13:55.5622511Z Collecting cel-python==0.4.0 (from -r /home/runner/work/AIRLOCK/AIRLOCK/requirements.txt (line 6))
2026-10-02T09:13:55.5826309Z   Downloading cel_python-0.4.0-py3-none-any.whl.metadata (8.5 kB)
2026-10-02T09:13:55.6282227Z Collecting PyYAML==6.0.3 (from -r /home/runner/work/AIRLOCK/AIRLOCK/requirements.txt (line 7))
2026-10-02T09:13:55.6476102Z   Downloading pyyaml-6.0.3-cp313-cp313-manylinux2014_x86_64.manylinux_2_17_x86_64.manylinux_2_28_x86_64.whl.metadata (2.4 kB)
2026-10-02T09:13:55.6980356Z Collecting pytest==9.0.2 (from -r requirements-dev.txt (line 2))
2026-10-02T09:13:55.7175404Z   Downloading pytest-9.0.2-py3-none-any.whl.metadata (7.6 kB)
2026-10-02T09:13:55.7641937Z Collecting playwright==1.57.0 (from -r requirements-dev.txt (line 3))
2026-10-02T09:13:55.7873219Z   Downloading playwright-1.57.0-py3-none-manylinux1_x86_64.whl.metadata (3.5 kB)
2026-10-02T09:13:55.8179391Z Collecting mcp==1.26.0 (from -r requirements-dev.txt (line 4))
2026-10-02T09:13:55.8369168Z   Downloading mcp-1.26.0-py3-none-any.whl.metadata (89 kB)
2026-10-02T09:13:55.8754266Z Collecting pip-audit==2.10.1 (from -r requirements-dev.txt (line 5))
2026-10-02T09:13:55.8946900Z   Downloading pip_audit-2.10.1-py3-none-any.whl.metadata (28 kB)
2026-10-02T09:13:55.9527055Z Collecting typing-extensions>=4.8.0 (from fastapi==0.142.2->-r /home/runner/work/AIRLOCK/AIRLOCK/requirements.txt (line 1))
2026-10-02T09:13:55.9719930Z   Downloading typing_extensions-4.16.0-py3-none-any.whl.metadata (3.3 kB)
2026-10-02T09:13:55.9995971Z Collecting typing-inspection>=0.4.2 (from fastapi==0.142.2->-r /home/runner/work/AIRLOCK/AIRLOCK/requirements.txt (line 1))
2026-10-02T09:13:56.0186656Z   Downloading typing_inspection-0.4.4-py3-none-any.whl.metadata (2.6 kB)
2026-10-02T09:13:56.0451965Z Collecting annotated-doc>=0.0.2 (from fastapi==0.142.2->-r /home/runner/work/AIRLOCK/AIRLOCK/requirements.txt (line 1))
2026-10-02T09:13:56.0640258Z   Downloading annotated_doc-0.0.5-py3-none-any.whl.metadata (6.5 kB)
2026-10-02T09:13:56.0962393Z Collecting opentelemetry-api>=1.44.0 (from fastapi==0.142.2->-r /home/runner/work/AIRLOCK/AIRLOCK/requirements.txt (line 1))
2026-10-02T09:13:56.1154484Z   Downloading opentelemetry_api-1.45.0-py3-none-any.whl.metadata (1.4 kB)
2026-10-02T09:13:56.1482478Z Collecting anyio<5,>=4.0.0 (from starlette==1.7.0->-r /home/runner/work/AIRLOCK/AIRLOCK/requirements.txt (line 2))
2026-10-02T09:13:56.1673034Z   Downloading anyio-4.15.1-py3-none-any.whl.metadata (4.7 kB)
2026-10-02T09:13:56.2012029Z Collecting annotated-types>=0.6.0 (from pydantic==2.13.5->-r /home/runner/work/AIRLOCK/AIRLOCK/requirements.txt (line 3))
2026-10-02T09:13:56.2203025Z   Downloading annotated_types-0.8.0-py3-none-any.whl.metadata (15 kB)
2026-10-02T09:13:56.7709503Z Collecting pydantic-core==2.46.5 (from pydantic==2.13.5->-r /home/runner/work/AIRLOCK/AIRLOCK/requirements.txt (line 3))
2026-10-02T09:13:56.7901780Z   Downloading pydantic_core-2.46.5-cp313-cp313-manylinux_2_17_x86_64.manylinux2014_x86_64.whl.metadata (6.6 kB)
2026-10-02T09:13:56.8224106Z Collecting click>=7.0 (from uvicorn==0.48.0->-r /home/runner/work/AIRLOCK/AIRLOCK/requirements.txt (line 4))
2026-10-02T09:13:56.8415385Z   Downloading click-8.5.0-py3-none-any.whl.metadata (2.6 kB)
2026-10-02T09:13:56.8683097Z Collecting h11>=0.8 (from uvicorn==0.48.0->-r /home/runner/work/AIRLOCK/AIRLOCK/requirements.txt (line 4))
2026-10-02T09:13:56.8873516Z   Downloading h11-0.16.0-py3-none-any.whl.metadata (8.3 kB)
2026-10-02T09:13:56.9216741Z Collecting certifi (from httpx==0.28.1->-r /home/runner/work/AIRLOCK/AIRLOCK/requirements.txt (line 5))
2026-10-02T09:13:56.9408915Z   Downloading certifi-2026.7.22-py3-none-any.whl.metadata (2.5 kB)
2026-10-02T09:13:56.9717601Z Collecting httpcore==1.* (from httpx==0.28.1->-r /home/runner/work/AIRLOCK/AIRLOCK/requirements.txt (line 5))
2026-10-02T09:13:56.9908020Z   Downloading httpcore-1.0.9-py3-none-any.whl.metadata (21 kB)
2026-10-02T09:13:57.0216442Z Collecting idna (from httpx==0.28.1->-r /home/runner/work/AIRLOCK/AIRLOCK/requirements.txt (line 5))
2026-10-02T09:13:57.0406331Z   Downloading idna-3.20-py3-none-any.whl.metadata (7.2 kB)
2026-10-02T09:13:57.0997390Z Collecting google-re2>=1.1.20240702 (from cel-python==0.4.0->-r /home/runner/work/AIRLOCK/AIRLOCK/requirements.txt (line 6))
2026-10-02T09:13:57.1197986Z   Downloading google_re2-1.1.20251105-1-cp313-cp313-manylinux_2_27_x86_64.manylinux_2_28_x86_64.whl.metadata (2.4 kB)
2026-10-02T09:13:57.1488898Z Collecting jmespath>=1.0.1 (from cel-python==0.4.0->-r /home/runner/work/AIRLOCK/AIRLOCK/requirements.txt (line 6))
2026-10-02T09:13:57.1680340Z   Downloading jmespath-1.1.0-py3-none-any.whl.metadata (7.6 kB)
2026-10-02T09:13:57.1995392Z Collecting lark>=1.2.2 (from cel-python==0.4.0->-r /home/runner/work/AIRLOCK/AIRLOCK/requirements.txt (line 6))
2026-10-02T09:13:57.2184389Z   Downloading lark-1.3.1-py3-none-any.whl.metadata (1.8 kB)
2026-10-02T09:13:57.2706768Z Collecting pendulum>=3.1.0 (from cel-python==0.4.0->-r /home/runner/work/AIRLOCK/AIRLOCK/requirements.txt (line 6))
2026-10-02T09:13:57.2911702Z   Downloading pendulum-3.2.0-cp313-cp313-manylinux_2_17_x86_64.manylinux2014_x86_64.whl.metadata (6.8 kB)
2026-10-02T09:13:57.3196216Z Collecting iniconfig>=1.0.1 (from pytest==9.0.2->-r requirements-dev.txt (line 2))
2026-10-02T09:13:57.3384395Z   Downloading iniconfig-2.3.0-py3-none-any.whl.metadata (2.5 kB)
2026-10-02T09:13:57.3682195Z Collecting packaging>=22 (from pytest==9.0.2->-r requirements-dev.txt (line 2))
2026-10-02T09:13:57.3871214Z   Downloading packaging-26.3-py3-none-any.whl.metadata (3.5 kB)
2026-10-02T09:13:57.4161012Z Collecting pluggy<2,>=1.5 (from pytest==9.0.2->-r requirements-dev.txt (line 2))
2026-10-02T09:13:57.4350667Z   Downloading pluggy-1.6.0-py3-none-any.whl.metadata (4.8 kB)
2026-10-02T09:13:57.4860246Z Collecting pygments>=2.7.2 (from pytest==9.0.2->-r requirements-dev.txt (line 2))
2026-10-02T09:13:57.5049115Z   Downloading pygments-2.21.0-py3-none-any.whl.metadata (2.5 kB)
2026-10-02T09:13:57.5346808Z Collecting pyee<14,>=13 (from playwright==1.57.0->-r requirements-dev.txt (line 3))
2026-10-02T09:13:57.5538322Z   Downloading pyee-13.0.1-py3-none-any.whl.metadata (3.0 kB)
2026-10-02T09:13:57.6823650Z Collecting greenlet<4.0.0,>=3.1.1 (from playwright==1.57.0->-r requirements-dev.txt (line 3))
2026-10-02T09:13:57.7013235Z   Downloading greenlet-3.5.6-cp313-cp313-manylinux_2_24_x86_64.manylinux_2_28_x86_64.whl.metadata (3.8 kB)
2026-10-02T09:13:57.7392043Z Collecting httpx-sse>=0.4 (from mcp==1.26.0->-r requirements-dev.txt (line 4))
2026-10-02T09:13:57.7582220Z   Downloading httpx_sse-0.4.3-py3-none-any.whl.metadata (9.7 kB)
2026-10-02T09:13:57.7924486Z Collecting jsonschema>=4.20.0 (from mcp==1.26.0->-r requirements-dev.txt (line 4))
2026-10-02T09:13:57.8118831Z   Downloading jsonschema-4.26.0-py3-none-any.whl.metadata (7.6 kB)
2026-10-02T09:13:57.8426489Z Collecting pydantic-settings>=2.5.2 (from mcp==1.26.0->-r requirements-dev.txt (line 4))
2026-10-02T09:13:57.8616617Z   Downloading pydantic_settings-2.15.0-py3-none-any.whl.metadata (3.9 kB)
2026-10-02T09:13:57.8945437Z Collecting pyjwt>=2.10.1 (from pyjwt[crypto]>=2.10.1->mcp==1.26.0->-r requirements-dev.txt (line 4))
2026-10-02T09:13:57.9138843Z   Downloading pyjwt-2.15.1-py3-none-any.whl.metadata (3.5 kB)
2026-10-02T09:13:57.9432904Z Collecting python-multipart>=0.0.9 (from mcp==1.26.0->-r requirements-dev.txt (line 4))
2026-10-02T09:13:57.9623561Z   Downloading python_multipart-0.0.32-py3-none-any.whl.metadata (2.1 kB)
2026-10-02T09:13:57.9959589Z Collecting sse-starlette>=1.6.1 (from mcp==1.26.0->-r requirements-dev.txt (line 4))
2026-10-02T09:13:58.0154366Z   Downloading sse_starlette-3.5.0-py3-none-any.whl.metadata (15 kB)
2026-10-02T09:13:58.0486437Z Collecting CacheControl>=0.13.0 (from CacheControl[filecache]>=0.13.0->pip-audit==2.10.1->-r requirements-dev.txt (line 5))
2026-10-02T09:13:58.0678425Z   Downloading cachecontrol-0.14.4-py3-none-any.whl.metadata (3.1 kB)
2026-10-02T09:13:58.1094517Z Collecting cyclonedx-python-lib<12,>=5 (from pip-audit==2.10.1->-r requirements-dev.txt (line 5))
2026-10-02T09:13:58.1289557Z   Downloading cyclonedx_python_lib-11.12.0-py3-none-any.whl.metadata (6.9 kB)
2026-10-02T09:13:58.1601284Z Collecting pip-api>=0.0.28 (from pip-audit==2.10.1->-r requirements-dev.txt (line 5))
2026-10-02T09:13:58.1793194Z   Downloading pip_api-0.0.35-py3-none-any.whl.metadata (17 kB)
2026-10-02T09:13:58.2260693Z Collecting pip-requirements-parser>=32.0.0 (from pip-audit==2.10.1->-r requirements-dev.txt (line 5))
2026-10-02T09:13:58.2452731Z   Downloading pip_requirements_parser-32.0.1-py3-none-any.whl.metadata (9.3 kB)
2026-10-02T09:13:58.3072996Z Collecting requests>=2.31.0 (from pip-audit==2.10.1->-r requirements-dev.txt (line 5))
2026-10-02T09:13:58.3266930Z   Downloading requests-2.34.2-py3-none-any.whl.metadata (4.8 kB)
2026-10-02T09:13:58.3670442Z Collecting rich>=12.4 (from pip-audit==2.10.1->-r requirements-dev.txt (line 5))
2026-10-02T09:13:58.3859675Z   Downloading rich-15.0.0-py3-none-any.whl.metadata (18 kB)
2026-10-02T09:13:58.4217788Z Collecting tomli>=2.2.1 (from pip-audit==2.10.1->-r requirements-dev.txt (line 5))
2026-10-02T09:13:58.4409524Z   Downloading tomli-2.4.1-cp313-cp313-manylinux2014_x86_64.manylinux_2_17_x86_64.manylinux_2_28_x86_64.whl.metadata (10 kB)
2026-10-02T09:13:58.4814771Z Collecting tomli-w>=1.2.0 (from pip-audit==2.10.1->-r requirements-dev.txt (line 5))
2026-10-02T09:13:58.5007257Z   Downloading tomli_w-1.2.0-py3-none-any.whl.metadata (5.7 kB)
2026-10-02T09:13:58.5334911Z Collecting platformdirs>=4.2.0 (from pip-audit==2.10.1->-r requirements-dev.txt (line 5))
2026-10-02T09:13:58.5525901Z   Downloading platformdirs-4.12.2-py3-none-any.whl.metadata (5.5 kB)
2026-10-02T09:13:58.5849626Z Collecting license-expression<31,>=30 (from cyclonedx-python-lib<12,>=5->pip-audit==2.10.1->-r requirements-dev.txt (line 5))
2026-10-02T09:13:58.6041251Z   Downloading license_expression-30.4.4-py3-none-any.whl.metadata (11 kB)
2026-10-02T09:13:58.6363085Z Collecting packageurl-python<2,>=0.11 (from cyclonedx-python-lib<12,>=5->pip-audit==2.10.1->-r requirements-dev.txt (line 5))
2026-10-02T09:13:58.6553988Z   Downloading packageurl_python-0.17.6-py3-none-any.whl.metadata (5.1 kB)
2026-10-02T09:13:58.6871769Z Collecting py-serializable<3.0.0,>=2.1.0 (from cyclonedx-python-lib<12,>=5->pip-audit==2.10.1->-r requirements-dev.txt (line 5))
2026-10-02T09:13:58.7064986Z   Downloading py_serializable-2.1.0-py3-none-any.whl.metadata (4.3 kB)
2026-10-02T09:13:58.7372883Z Collecting sortedcontainers<3.0.0,>=2.4.0 (from cyclonedx-python-lib<12,>=5->pip-audit==2.10.1->-r requirements-dev.txt (line 5))
2026-10-02T09:13:58.7562769Z   Downloading sortedcontainers-2.4.0-py2.py3-none-any.whl.metadata (10 kB)
2026-10-02T09:13:58.7865266Z Collecting boolean.py>=4.0 (from license-expression<31,>=30->cyclonedx-python-lib<12,>=5->pip-audit==2.10.1->-r requirements-dev.txt (line 5))
2026-10-02T09:13:58.8052906Z   Downloading boolean_py-5.0-py3-none-any.whl.metadata (2.3 kB)
2026-10-02T09:13:58.8350840Z Collecting defusedxml<0.8.0,>=0.7.1 (from py-serializable<3.0.0,>=2.1.0->cyclonedx-python-lib<12,>=5->pip-audit==2.10.1->-r requirements-dev.txt (line 5))
2026-10-02T09:13:58.8540787Z   Downloading defusedxml-0.7.1-py2.py3-none-any.whl.metadata (32 kB)
2026-10-02T09:13:58.9397181Z Collecting msgpack<2.0.0,>=0.5.2 (from CacheControl>=0.13.0->CacheControl[filecache]>=0.13.0->pip-audit==2.10.1->-r requirements-dev.txt (line 5))
2026-10-02T09:13:58.9589801Z   Downloading msgpack-1.2.3-cp313-cp313-manylinux2014_x86_64.manylinux_2_17_x86_64.manylinux_2_28_x86_64.whl.metadata (8.3 kB)
2026-10-02T09:13:59.0014141Z Collecting filelock>=3.8.0 (from CacheControl[filecache]>=0.13.0->pip-audit==2.10.1->-r requirements-dev.txt (line 5))
2026-10-02T09:13:59.0203977Z   Downloading filelock-4.0.9-py3-none-any.whl.metadata (2.0 kB)
2026-10-02T09:13:59.0529589Z Collecting attrs>=22.2.0 (from jsonschema>=4.20.0->mcp==1.26.0->-r requirements-dev.txt (line 4))
2026-10-02T09:13:59.0718711Z   Downloading attrs-26.1.0-py3-none-any.whl.metadata (8.8 kB)
2026-10-02T09:13:59.1000127Z Collecting jsonschema-specifications>=2023.03.6 (from jsonschema>=4.20.0->mcp==1.26.0->-r requirements-dev.txt (line 4))
2026-10-02T09:13:59.1190201Z   Downloading jsonschema_specifications-2025.9.1-py3-none-any.whl.metadata (2.9 kB)
2026-10-02T09:13:59.1522498Z Collecting referencing>=0.28.4 (from jsonschema>=4.20.0->mcp==1.26.0->-r requirements-dev.txt (line 4))
2026-10-02T09:13:59.1715231Z   Downloading referencing-0.37.0-py3-none-any.whl.metadata (2.8 kB)
2026-10-02T09:13:59.3793119Z Collecting rpds-py>=0.25.0 (from jsonschema>=4.20.0->mcp==1.26.0->-r requirements-dev.txt (line 4))
2026-10-02T09:13:59.3995476Z   Downloading rpds_py-2026.6.3-cp313-cp313-manylinux_2_17_x86_64.manylinux2014_x86_64.whl.metadata (4.1 kB)
2026-10-02T09:13:59.4317470Z Collecting python-dateutil>=2.6 (from pendulum>=3.1.0->cel-python==0.4.0->-r /home/runner/work/AIRLOCK/AIRLOCK/requirements.txt (line 6))
2026-10-02T09:13:59.4506665Z   Downloading python_dateutil-2.9.0.post0-py2.py3-none-any.whl.metadata (8.4 kB)
2026-10-02T09:13:59.4791219Z Collecting tzdata>=2020.1 (from pendulum>=3.1.0->cel-python==0.4.0->-r /home/runner/work/AIRLOCK/AIRLOCK/requirements.txt (line 6))
2026-10-02T09:13:59.4980223Z   Downloading tzdata-2026.4-py2.py3-none-any.whl.metadata (1.4 kB)
2026-10-02T09:13:59.5052186Z Requirement already satisfied: pip in /opt/hostedtoolcache/Python/3.13.15/x64/lib/python3.13/site-packages (from pip-api>=0.0.28->pip-audit==2.10.1->-r requirements-dev.txt (line 5)) (26.2.1)
2026-10-02T09:13:59.5380249Z Collecting pyparsing (from pip-requirements-parser>=32.0.0->pip-audit==2.10.1->-r requirements-dev.txt (line 5))
2026-10-02T09:13:59.5573394Z   Downloading pyparsing-3.3.3-py3-none-any.whl.metadata (5.9 kB)
2026-10-02T09:13:59.5883889Z Collecting python-dotenv>=0.21.0 (from pydantic-settings>=2.5.2->mcp==1.26.0->-r requirements-dev.txt (line 4))
2026-10-02T09:13:59.6074696Z   Downloading python_dotenv-1.2.4-py3-none-any.whl.metadata (29 kB)
2026-10-02T09:13:59.7680256Z Collecting cryptography>=3.4.0 (from pyjwt[crypto]>=2.10.1->mcp==1.26.0->-r requirements-dev.txt (line 4))
2026-10-02T09:13:59.7873850Z   Downloading cryptography-50.0.2-cp311-abi3-manylinux_2_34_x86_64.whl.metadata (4.4 kB)
2026-10-02T09:13:59.8817672Z Collecting cffi>=2.0.0 (from cryptography>=3.4.0->pyjwt[crypto]>=2.10.1->mcp==1.26.0->-r requirements-dev.txt (line 4))
2026-10-02T09:13:59.9010776Z   Downloading cffi-2.1.1-cp313-cp313-manylinux2014_x86_64.manylinux_2_17_x86_64.whl.metadata (2.5 kB)
2026-10-02T09:13:59.9295166Z Collecting pycparser (from cffi>=2.0.0->cryptography>=3.4.0->pyjwt[crypto]>=2.10.1->mcp==1.26.0->-r requirements-dev.txt (line 4))
2026-10-02T09:13:59.9484450Z   Downloading pycparser-3.0-py3-none-any.whl.metadata (8.2 kB)
2026-10-02T09:13:59.9767926Z Collecting six>=1.5 (from python-dateutil>=2.6->pendulum>=3.1.0->cel-python==0.4.0->-r /home/runner/work/AIRLOCK/AIRLOCK/requirements.txt (line 6))
2026-10-02T09:13:59.9957772Z   Downloading six-1.17.0-py2.py3-none-any.whl.metadata (1.7 kB)
2026-10-02T09:14:00.1291159Z Collecting charset_normalizer<4,>=2 (from requests>=2.31.0->pip-audit==2.10.1->-r requirements-dev.txt (line 5))
2026-10-02T09:14:00.1483408Z   Downloading charset_normalizer-3.5.2-cp313-cp313-manylinux2014_x86_64.manylinux_2_17_x86_64.manylinux_2_28_x86_64.whl.metadata (46 kB)
2026-10-02T09:14:00.1862585Z Collecting urllib3<3,>=1.26 (from requests>=2.31.0->pip-audit==2.10.1->-r requirements-dev.txt (line 5))
2026-10-02T09:14:00.2054538Z   Downloading urllib3-2.8.0-py3-none-any.whl.metadata (7.4 kB)
2026-10-02T09:14:00.2389981Z Collecting markdown-it-py>=2.2.0 (from rich>=12.4->pip-audit==2.10.1->-r requirements-dev.txt (line 5))
2026-10-02T09:14:00.2580951Z   Downloading markdown_it_py-4.2.0-py3-none-any.whl.metadata (7.4 kB)
2026-10-02T09:14:00.2994660Z Collecting mdurl~=0.1 (from markdown-it-py>=2.2.0->rich>=12.4->pip-audit==2.10.1->-r requirements-dev.txt (line 5))
2026-10-02T09:14:00.3195068Z   Downloading mdurl-0.1.2-py3-none-any.whl.metadata (1.6 kB)
2026-10-02T09:14:00.3591607Z Downloading fastapi-0.142.2-py3-none-any.whl (144 kB)
2026-10-02T09:14:00.3870863Z Downloading starlette-1.7.0-py3-none-any.whl (78 kB)
2026-10-02T09:14:00.4095716Z Downloading pydantic-2.13.5-py3-none-any.whl (472 kB)
2026-10-02T09:14:00.4562118Z Downloading uvicorn-0.48.0-py3-none-any.whl (71 kB)
2026-10-02T09:14:00.4781911Z Downloading httpx-0.28.1-py3-none-any.whl (73 kB)
2026-10-02T09:14:00.5013581Z Downloading cel_python-0.4.0-py3-none-any.whl (85 kB)
2026-10-02T09:14:00.5464738Z Downloading pyyaml-6.0.3-cp313-cp313-manylinux2014_x86_64.manylinux_2_17_x86_64.manylinux_2_28_x86_64.whl (801 kB)
2026-10-02T09:14:00.5764338Z    ━━━━━━━━━━━━━━━━━━━━━━━━━━━━━━━━━━━━━━━━ 801.6/801.6 kB 21.6 MB/s  0:00:00
2026-10-02T09:14:00.5959979Z Downloading pytest-9.0.2-py3-none-any.whl (374 kB)
2026-10-02T09:14:00.6210974Z Downloading playwright-1.57.0-py3-none-manylinux1_x86_64.whl (46.0 MB)
2026-10-02T09:14:01.0965719Z    ━━━━━━━━━━━━━━━━━━━━━━━━━━━━━━━━━━━━━━━━ 46.0/46.0 MB 96.7 MB/s  0:00:00
2026-10-02T09:14:01.1162316Z Downloading mcp-1.26.0-py3-none-any.whl (233 kB)
2026-10-02T09:14:01.1396942Z Downloading pip_audit-2.10.1-py3-none-any.whl (62 kB)
2026-10-02T09:14:01.1616858Z Downloading pydantic_core-2.46.5-cp313-cp313-manylinux_2_17_x86_64.manylinux2014_x86_64.whl (2.1 MB)
2026-10-02T09:14:01.1795575Z    ━━━━━━━━━━━━━━━━━━━━━━━━━━━━━━━━━━━━━━━━ 2.1/2.1 MB 120.8 MB/s  0:00:00
2026-10-02T09:14:01.1990408Z Downloading anyio-4.15.1-py3-none-any.whl (132 kB)
2026-10-02T09:14:01.2219923Z Downloading cyclonedx_python_lib-11.12.0-py3-none-any.whl (529 kB)
2026-10-02T09:14:01.2289290Z    ━━━━━━━━━━━━━━━━━━━━━━━━━━━━━━━━━━━━━━━━ 529.5/529.5 kB 59.6 MB/s  0:00:00
2026-10-02T09:14:01.2495094Z Downloading greenlet-3.5.6-cp313-cp313-manylinux_2_24_x86_64.manylinux_2_28_x86_64.whl (623 kB)
2026-10-02T09:14:01.2569641Z    ━━━━━━━━━━━━━━━━━━━━━━━━━━━━━━━━━━━━━━━━ 623.8/623.8 kB 72.1 MB/s  0:00:00
2026-10-02T09:14:01.2763453Z Downloading httpcore-1.0.9-py3-none-any.whl (78 kB)
2026-10-02T09:14:01.2982886Z Downloading license_expression-30.4.4-py3-none-any.whl (120 kB)
2026-10-02T09:14:01.3201879Z Downloading packageurl_python-0.17.6-py3-none-any.whl (36 kB)
2026-10-02T09:14:01.3459401Z Downloading pluggy-1.6.0-py3-none-any.whl (20 kB)
2026-10-02T09:14:01.3677705Z Downloading py_serializable-2.1.0-py3-none-any.whl (23 kB)
2026-10-02T09:14:01.3895634Z Downloading defusedxml-0.7.1-py2.py3-none-any.whl (25 kB)
2026-10-02T09:14:01.4113539Z Downloading pyee-13.0.1-py3-none-any.whl (15 kB)
2026-10-02T09:14:01.4332070Z Downloading sortedcontainers-2.4.0-py2.py3-none-any.whl (29 kB)
2026-10-02T09:14:01.4548624Z Downloading annotated_doc-0.0.5-py3-none-any.whl (5.3 kB)
2026-10-02T09:14:01.4764531Z Downloading annotated_types-0.8.0-py3-none-any.whl (13 kB)
2026-10-02T09:14:01.4988514Z Downloading boolean_py-5.0-py3-none-any.whl (26 kB)
2026-10-02T09:14:01.5205663Z Downloading cachecontrol-0.14.4-py3-none-any.whl (22 kB)
2026-10-02T09:14:01.5430269Z Downloading msgpack-1.2.3-cp313-cp313-manylinux2014_x86_64.manylinux_2_17_x86_64.manylinux_2_28_x86_64.whl (466 kB)
2026-10-02T09:14:01.5679401Z Downloading click-8.5.0-py3-none-any.whl (125 kB)
2026-10-02T09:14:01.6029243Z Downloading filelock-4.0.9-py3-none-any.whl (110 kB)
2026-10-02T09:14:01.6274113Z Downloading google_re2-1.1.20251105-1-cp313-cp313-manylinux_2_27_x86_64.manylinux_2_28_x86_64.whl (591 kB)
2026-10-02T09:14:01.6348429Z    ━━━━━━━━━━━━━━━━━━━━━━━━━━━━━━━━━━━━━━━━ 591.4/591.4 kB 62.8 MB/s  0:00:00
2026-10-02T09:14:01.6544031Z Downloading h11-0.16.0-py3-none-any.whl (37 kB)
2026-10-02T09:14:01.6766669Z Downloading httpx_sse-0.4.3-py3-none-any.whl (9.0 kB)
2026-10-02T09:14:01.6983777Z Downloading idna-3.20-py3-none-any.whl (69 kB)
2026-10-02T09:14:01.7200602Z Downloading iniconfig-2.3.0-py3-none-any.whl (7.5 kB)
2026-10-02T09:14:01.7414928Z Downloading jmespath-1.1.0-py3-none-any.whl (20 kB)
2026-10-02T09:14:01.7634110Z Downloading jsonschema-4.26.0-py3-none-any.whl (90 kB)
2026-10-02T09:14:01.7848465Z Downloading attrs-26.1.0-py3-none-any.whl (67 kB)
2026-10-02T09:14:01.8064524Z Downloading jsonschema_specifications-2025.9.1-py3-none-any.whl (18 kB)
2026-10-02T09:14:01.8279423Z Downloading lark-1.3.1-py3-none-any.whl (113 kB)
2026-10-02T09:14:01.8597806Z Downloading opentelemetry_api-1.45.0-py3-none-any.whl (60 kB)
2026-10-02T09:14:01.8820980Z Downloading packaging-26.3-py3-none-any.whl (129 kB)
2026-10-02T09:14:01.9064175Z Downloading pendulum-3.2.0-cp313-cp313-manylinux_2_17_x86_64.manylinux2014_x86_64.whl (348 kB)
2026-10-02T09:14:01.9325794Z Downloading pip_api-0.0.35-py3-none-any.whl (123 kB)
2026-10-02T09:14:01.9545397Z Downloading pip_requirements_parser-32.0.1-py3-none-any.whl (35 kB)
2026-10-02T09:14:01.9762195Z Downloading platformdirs-4.12.2-py3-none-any.whl (32 kB)
2026-10-02T09:14:01.9974972Z Downloading pydantic_settings-2.15.0-py3-none-any.whl (69 kB)
2026-10-02T09:14:02.0190659Z Downloading pygments-2.21.0-py3-none-any.whl (1.3 MB)
2026-10-02T09:14:02.0310674Z    ━━━━━━━━━━━━━━━━━━━━━━━━━━━━━━━━━━━━━━━━ 1.3/1.3 MB 105.5 MB/s  0:00:00
2026-10-02T09:14:02.0501980Z Downloading pyjwt-2.15.1-py3-none-any.whl (33 kB)
2026-10-02T09:14:02.0717510Z Downloading cryptography-50.0.2-cp311-abi3-manylinux_2_34_x86_64.whl (4.8 MB)
2026-10-02T09:14:02.1215076Z    ━━━━━━━━━━━━━━━━━━━━━━━━━━━━━━━━━━━━━━━━ 4.8/4.8 MB 95.5 MB/s  0:00:00
2026-10-02T09:14:02.1410033Z Downloading cffi-2.1.1-cp313-cp313-manylinux2014_x86_64.manylinux_2_17_x86_64.whl (221 kB)
2026-10-02T09:14:02.1637115Z Downloading python_dateutil-2.9.0.post0-py2.py3-none-any.whl (229 kB)
2026-10-02T09:14:02.1866632Z Downloading python_dotenv-1.2.4-py3-none-any.whl (23 kB)
2026-10-02T09:14:02.2081072Z Downloading python_multipart-0.0.32-py3-none-any.whl (30 kB)
2026-10-02T09:14:02.2296446Z Downloading referencing-0.37.0-py3-none-any.whl (26 kB)
2026-10-02T09:14:02.2510607Z Downloading requests-2.34.2-py3-none-any.whl (73 kB)
2026-10-02T09:14:02.2727546Z Downloading charset_normalizer-3.5.2-cp313-cp313-manylinux2014_x86_64.manylinux_2_17_x86_64.manylinux_2_28_x86_64.whl (254 kB)
2026-10-02T09:14:02.2947711Z Downloading urllib3-2.8.0-py3-none-any.whl (135 kB)
2026-10-02T09:14:02.3162218Z Downloading certifi-2026.7.22-py3-none-any.whl (136 kB)
2026-10-02T09:14:02.3380476Z Downloading rich-15.0.0-py3-none-any.whl (310 kB)
2026-10-02T09:14:02.3716433Z Downloading markdown_it_py-4.2.0-py3-none-any.whl (91 kB)
2026-10-02T09:14:02.3934105Z Downloading mdurl-0.1.2-py3-none-any.whl (10.0 kB)
2026-10-02T09:14:02.4156929Z Downloading rpds_py-2026.6.3-cp313-cp313-manylinux_2_17_x86_64.manylinux2014_x86_64.whl (365 kB)
2026-10-02T09:14:02.4389076Z Downloading six-1.17.0-py2.py3-none-any.whl (11 kB)
2026-10-02T09:14:02.4599759Z Downloading sse_starlette-3.5.0-py3-none-any.whl (17 kB)
2026-10-02T09:14:02.4813058Z Downloading tomli-2.4.1-cp313-cp313-manylinux2014_x86_64.manylinux_2_17_x86_64.manylinux_2_28_x86_64.whl (251 kB)
2026-10-02T09:14:02.5038069Z Downloading tomli_w-1.2.0-py3-none-any.whl (6.7 kB)
2026-10-02T09:14:02.5248993Z Downloading typing_extensions-4.16.0-py3-none-any.whl (45 kB)
2026-10-02T09:14:02.5461667Z Downloading typing_inspection-0.4.4-py3-none-any.whl (14 kB)
2026-10-02T09:14:02.5673283Z Downloading tzdata-2026.4-py2.py3-none-any.whl (347 kB)
2026-10-02T09:14:02.5906595Z Downloading pycparser-3.0-py3-none-any.whl (48 kB)
2026-10-02T09:14:02.6265998Z Downloading pyparsing-3.3.3-py3-none-any.whl (126 kB)
2026-10-02T09:14:03.1502083Z Installing collected packages: sortedcontainers, boolean.py, urllib3, tzdata, typing-extensions, tomli-w, tomli, six, rpds-py, PyYAML, python-multipart, python-dotenv, pyparsing, pyjwt, pygments, pycparser, pluggy, platformdirs, pip-api, packaging, packageurl-python, msgpack, mdurl, license-expression, lark, jmespath, iniconfig, idna, httpx-sse, h11, greenlet, google-re2, filelock, defusedxml, click, charset_normalizer, certifi, attrs, annotated-types, annotated-doc, uvicorn, typing-inspection, requests, referencing, python-dateutil, pytest, pyee, pydantic-core, py-serializable, pip-requirements-parser, opentelemetry-api, markdown-it-py, httpcore, cffi, anyio, starlette, rich, pydantic, playwright, pendulum, jsonschema-specifications, httpx, cyclonedx-python-lib, cryptography, CacheControl, sse-starlette, pydantic-settings, jsonschema, fastapi, cel-python, pip-audit, mcp
2026-10-02T09:14:07.9853532Z 
2026-10-02T09:14:07.9913040Z Successfully installed CacheControl-0.14.4 PyYAML-6.0.3 annotated-doc-0.0.5 annotated-types-0.8.0 anyio-4.15.1 attrs-26.1.0 boolean.py-5.0 cel-python-0.4.0 certifi-2026.7.22 cffi-2.1.1 charset_normalizer-3.5.2 click-8.5.0 cryptography-50.0.2 cyclonedx-python-lib-11.12.0 defusedxml-0.7.1 fastapi-0.142.2 filelock-4.0.9 google-re2-1.1.20251105 greenlet-3.5.6 h11-0.16.0 httpcore-1.0.9 httpx-0.28.1 httpx-sse-0.4.3 idna-3.20 iniconfig-2.3.0 jmespath-1.1.0 jsonschema-4.26.0 jsonschema-specifications-2025.9.1 lark-1.3.1 license-expression-30.4.4 markdown-it-py-4.2.0 mcp-1.26.0 mdurl-0.1.2 msgpack-1.2.3 opentelemetry-api-1.45.0 packageurl-python-0.17.6 packaging-26.3 pendulum-3.2.0 pip-api-0.0.35 pip-audit-2.10.1 pip-requirements-parser-32.0.1 platformdirs-4.12.2 playwright-1.57.0 pluggy-1.6.0 py-serializable-2.1.0 pycparser-3.0 pydantic-2.13.5 pydantic-core-2.46.5 pydantic-settings-2.15.0 pyee-13.0.1 pygments-2.21.0 pyjwt-2.15.1 pyparsing-3.3.3 pytest-9.0.2 python-dateutil-2.9.0.post0 python-dotenv-1.2.4 python-multipart-0.0.32 referencing-0.37.0 requests-2.34.2 rich-15.0.0 rpds-py-2026.6.3 six-1.17.0 sortedcontainers-2.4.0 sse-starlette-3.5.0 starlette-1.7.0 tomli-2.4.1 tomli-w-1.2.0 typing-extensions-4.16.0 typing-inspection-0.4.4 tzdata-2026.4 urllib3-2.8.0 uvicorn-0.48.0
2026-10-02T09:14:08.1804553Z ##[group]Run python scripts/run_logged.py evidence/pytest.log -- python -m pytest -q --junitxml=evidence/pytest.xml
2026-10-02T09:14:08.1805459Z [36;1mpython scripts/run_logged.py evidence/pytest.log -- python -m pytest -q --junitxml=evidence/pytest.xml[0m
2026-10-02T09:14:08.1847832Z shell: /usr/bin/bash --noprofile --norc -e -o pipefail {0}
2026-10-02T09:14:08.1848392Z env:
2026-10-02T09:14:08.1848785Z   pythonLocation: /opt/hostedtoolcache/Python/3.13.15/x64
2026-10-02T09:14:08.1849269Z   PKG_CONFIG_PATH: /opt/hostedtoolcache/Python/3.13.15/x64/lib/pkgconfig
2026-10-02T09:14:08.1849729Z   Python_ROOT_DIR: /opt/hostedtoolcache/Python/3.13.15/x64
2026-10-02T09:14:08.1850228Z   Python2_ROOT_DIR: /opt/hostedtoolcache/Python/3.13.15/x64
2026-10-02T09:14:08.1850666Z   Python3_ROOT_DIR: /opt/hostedtoolcache/Python/3.13.15/x64
2026-10-02T09:14:08.1851109Z   LD_LIBRARY_PATH: /opt/hostedtoolcache/Python/3.13.15/x64/lib
2026-10-02T09:14:08.1851643Z ##[endgroup]
2026-10-02T09:14:25.5262671Z ........................................................................ [ 47%]
2026-10-02T09:14:25.5263983Z ........................................................................ [ 95%]
2026-10-02T09:14:25.5265129Z .......                                                                  [100%]
2026-10-02T09:14:25.5265935Z =============================== warnings summary ===============================
2026-10-02T09:14:25.5266945Z ../../../../../opt/hostedtoolcache/Python/3.13.15/x64/lib/python3.13/site-packages/fastapi/testclient.py:1
2026-10-02T09:14:25.5268507Z   /opt/hostedtoolcache/Python/3.13.15/x64/lib/python3.13/site-packages/fastapi/testclient.py:1: StarletteDeprecationWarning: Using `httpx` with `starlette.testclient` is deprecated; install `httpx2` instead.
2026-10-02T09:14:25.5269470Z     from starlette.testclient import TestClient as TestClient  # noqa
2026-10-02T09:14:25.5269850Z 
2026-10-02T09:14:25.5270153Z -- Docs: https://docs.pytest.org/en/stable/how-to/capture-warnings.html
2026-10-02T09:14:25.5270765Z 151 passed, 1 warning in 14.65s
2026-10-02T09:14:25.5407319Z ##[group]Run python scripts/run_logged.py evidence/frontend-check.log -- npm run check
2026-10-02T09:14:25.5407996Z [36;1mpython scripts/run_logged.py evidence/frontend-check.log -- npm run check[0m
2026-10-02T09:14:25.5450616Z shell: /usr/bin/bash --noprofile --norc -e -o pipefail {0}
2026-10-02T09:14:25.5451029Z env:
2026-10-02T09:14:25.5451531Z   pythonLocation: /opt/hostedtoolcache/Python/3.13.15/x64
2026-10-02T09:14:25.5452013Z   PKG_CONFIG_PATH: /opt/hostedtoolcache/Python/3.13.15/x64/lib/pkgconfig
2026-10-02T09:14:25.5452503Z   Python_ROOT_DIR: /opt/hostedtoolcache/Python/3.13.15/x64
2026-10-02T09:14:25.5452963Z   Python2_ROOT_DIR: /opt/hostedtoolcache/Python/3.13.15/x64
2026-10-02T09:14:25.5453389Z   Python3_ROOT_DIR: /opt/hostedtoolcache/Python/3.13.15/x64
2026-10-02T09:14:25.5453858Z   LD_LIBRARY_PATH: /opt/hostedtoolcache/Python/3.13.15/x64/lib
2026-10-02T09:14:25.5454242Z ##[endgroup]
2026-10-02T09:14:25.9067674Z 
2026-10-02T09:14:25.9069022Z > airlock-review-console@0.1.0 check
2026-10-02T09:14:25.9070332Z > node --check airlock/static/app.js && node --check airlock/static/review.js && node --check airlock/static/api.js && node --check airlock/static/lib.js && node --check airlock/static/governance.js && node --check airlock/static/study.js
2026-10-02T09:14:25.9071128Z 
2026-10-02T09:14:25.9216680Z ##[group]Run python scripts/run_logged.py evidence/frontend-tests.log -- npm test
2026-10-02T09:14:25.9217413Z [36;1mpython scripts/run_logged.py evidence/frontend-tests.log -- npm test[0m
2026-10-02T09:14:25.9258920Z shell: /usr/bin/bash --noprofile --norc -e -o pipefail {0}
2026-10-02T09:14:25.9259343Z env:
2026-10-02T09:14:25.9259684Z   pythonLocation: /opt/hostedtoolcache/Python/3.13.15/x64
2026-10-02T09:14:25.9260212Z   PKG_CONFIG_PATH: /opt/hostedtoolcache/Python/3.13.15/x64/lib/pkgconfig
2026-10-02T09:14:25.9260685Z   Python_ROOT_DIR: /opt/hostedtoolcache/Python/3.13.15/x64
2026-10-02T09:14:25.9261124Z   Python2_ROOT_DIR: /opt/hostedtoolcache/Python/3.13.15/x64
2026-10-02T09:14:25.9261625Z   Python3_ROOT_DIR: /opt/hostedtoolcache/Python/3.13.15/x64
2026-10-02T09:14:25.9262067Z   LD_LIBRARY_PATH: /opt/hostedtoolcache/Python/3.13.15/x64/lib
2026-10-02T09:14:25.9262487Z ##[endgroup]
2026-10-02T09:14:26.1924090Z 
2026-10-02T09:14:26.1925537Z > airlock-review-console@0.1.0 test
2026-10-02T09:14:26.1926220Z > node --test tests-js/*.test.js
2026-10-02T09:14:26.1926537Z 
2026-10-02T09:14:26.1926759Z TAP version 13
2026-10-02T09:14:26.1927424Z # Subtest: visibility timing excludes background and unselected periods
2026-10-02T09:14:26.1928429Z ok 1 - visibility timing excludes background and unselected periods
2026-10-02T09:14:26.1929027Z   ---
2026-10-02T09:14:26.1929332Z   duration_ms: 0.702701
2026-10-02T09:14:26.1929745Z   type: 'test'
2026-10-02T09:14:26.1930137Z   ...
2026-10-02T09:14:26.1930701Z # Subtest: approval requires exact scope phrase and reason
2026-10-02T09:14:26.1931336Z ok 2 - approval requires exact scope phrase and reason
2026-10-02T09:14:26.1931733Z   ---
2026-10-02T09:14:26.1932008Z   duration_ms: 0.23064
2026-10-02T09:14:26.1932400Z   type: 'test'
2026-10-02T09:14:26.1932912Z   ...
2026-10-02T09:14:26.1933361Z # Subtest: SSE framing survives partial chunks, CRLF and heartbeats
2026-10-02T09:14:26.1933900Z ok 3 - SSE framing survives partial chunks, CRLF and heartbeats
2026-10-02T09:14:26.1934270Z   ---
2026-10-02T09:14:26.1934644Z   duration_ms: 1.146346
2026-10-02T09:14:26.1934957Z   type: 'test'
2026-10-02T09:14:26.1935250Z   ...
2026-10-02T09:14:26.1935571Z # Subtest: oversized event rejected
2026-10-02T09:14:26.1935935Z ok 4 - oversized event rejected
2026-10-02T09:14:26.1936304Z   ---
2026-10-02T09:14:26.1936611Z   duration_ms: 1.14307
2026-10-02T09:14:26.1936921Z   type: 'test'
2026-10-02T09:14:26.1937204Z   ...
2026-10-02T09:14:26.1937998Z # Subtest: countdown clamps expired actions
2026-10-02T09:14:26.1939349Z ok 5 - countdown clamps expired actions
2026-10-02T09:14:26.1939695Z   ---
2026-10-02T09:14:26.1940024Z   duration_ms: 0.267289
2026-10-02T09:14:26.1940498Z   type: 'test'
2026-10-02T09:14:26.1940767Z   ...
2026-10-02T09:14:26.1941243Z # Subtest: latency formatting keeps number and unit together on mobile
2026-10-02T09:14:26.1941814Z ok 6 - latency formatting keeps number and unit together on mobile
2026-10-02T09:14:26.1942277Z   ---
2026-10-02T09:14:26.1942634Z   duration_ms: 0.143971
2026-10-02T09:14:26.1943026Z   type: 'test'
2026-10-02T09:14:26.1943355Z   ...
2026-10-02T09:14:26.1943621Z 1..6
2026-10-02T09:14:26.1943945Z # tests 6
2026-10-02T09:14:26.1944357Z # suites 0
2026-10-02T09:14:26.1944717Z # pass 6
2026-10-02T09:14:26.1945108Z # fail 0
2026-10-02T09:14:26.1945465Z # cancelled 0
2026-10-02T09:14:26.1945828Z # skipped 0
2026-10-02T09:14:26.1946194Z # todo 0
2026-10-02T09:14:26.1946652Z # duration_ms 61.701872
2026-10-02T09:14:26.2090662Z ##[group]Run python -m benchmark.generate
2026-10-02T09:14:26.2091085Z [36;1mpython -m benchmark.generate[0m
2026-10-02T09:14:26.2132896Z shell: /usr/bin/bash --noprofile --norc -e -o pipefail {0}
2026-10-02T09:14:26.2133519Z env:
2026-10-02T09:14:26.2134675Z   pythonLocation: /opt/hostedtoolcache/Python/3.13.15/x64
2026-10-02T09:14:26.2135179Z   PKG_CONFIG_PATH: /opt/hostedtoolcache/Python/3.13.15/x64/lib/pkgconfig
2026-10-02T09:14:26.2135841Z   Python_ROOT_DIR: /opt/hostedtoolcache/Python/3.13.15/x64
2026-10-02T09:14:26.2136284Z   Python2_ROOT_DIR: /opt/hostedtoolcache/Python/3.13.15/x64
2026-10-02T09:14:26.2136741Z   Python3_ROOT_DIR: /opt/hostedtoolcache/Python/3.13.15/x64
2026-10-02T09:14:26.2137215Z   LD_LIBRARY_PATH: /opt/hostedtoolcache/Python/3.13.15/x64/lib
2026-10-02T09:14:26.2137580Z ##[endgroup]
2026-10-02T09:14:26.2514919Z {"sha256": "243854b51e7039324de4c31fa7a67af1a98ddc48b9c9edfbbac581a2c2f73af7", "cases": 200, "families": 40, "dev_cases": 120, "test_cases": 80, "source": "synthetic only", "independent_annotators": 0, "human_experiment": "not_run"}
2026-10-02T09:14:26.2598565Z ##[group]Run cp benchmark/cases.jsonl evidence/synthetic-cases.jsonl
2026-10-02T09:14:26.2599128Z [36;1mcp benchmark/cases.jsonl evidence/synthetic-cases.jsonl[0m
2026-10-02T09:14:26.2642307Z shell: /usr/bin/bash --noprofile --norc -e -o pipefail {0}
2026-10-02T09:14:26.2642899Z env:
2026-10-02T09:14:26.2643306Z   pythonLocation: /opt/hostedtoolcache/Python/3.13.15/x64
2026-10-02T09:14:26.2644257Z   PKG_CONFIG_PATH: /opt/hostedtoolcache/Python/3.13.15/x64/lib/pkgconfig
2026-10-02T09:14:26.2644800Z   Python_ROOT_DIR: /opt/hostedtoolcache/Python/3.13.15/x64
2026-10-02T09:14:26.2645318Z   Python2_ROOT_DIR: /opt/hostedtoolcache/Python/3.13.15/x64
2026-10-02T09:14:26.2645853Z   Python3_ROOT_DIR: /opt/hostedtoolcache/Python/3.13.15/x64
2026-10-02T09:14:26.2646313Z   LD_LIBRARY_PATH: /opt/hostedtoolcache/Python/3.13.15/x64/lib
2026-10-02T09:14:26.2646737Z ##[endgroup]
2026-10-02T09:14:26.2760850Z ##[group]Run python scripts/run_logged.py evidence/benchmark-dev.log -- python -m benchmark.evaluate --split dev --tuning --output evidence/benchmark-dev.json
2026-10-02T09:14:26.2761918Z [36;1mpython scripts/run_logged.py evidence/benchmark-dev.log -- python -m benchmark.evaluate --split dev --tuning --output evidence/benchmark-dev.json[0m
2026-10-02T09:14:26.2799870Z shell: /usr/bin/bash --noprofile --norc -e -o pipefail {0}
2026-10-02T09:14:26.2800381Z env:
2026-10-02T09:14:26.2800739Z   pythonLocation: /opt/hostedtoolcache/Python/3.13.15/x64
2026-10-02T09:14:26.2801243Z   PKG_CONFIG_PATH: /opt/hostedtoolcache/Python/3.13.15/x64/lib/pkgconfig
2026-10-02T09:14:26.2801764Z   Python_ROOT_DIR: /opt/hostedtoolcache/Python/3.13.15/x64
2026-10-02T09:14:26.2802210Z   Python2_ROOT_DIR: /opt/hostedtoolcache/Python/3.13.15/x64
2026-10-02T09:14:26.2802715Z   Python3_ROOT_DIR: /opt/hostedtoolcache/Python/3.13.15/x64
2026-10-02T09:14:26.2803234Z   LD_LIBRARY_PATH: /opt/hostedtoolcache/Python/3.13.15/x64/lib
2026-10-02T09:14:26.2803676Z ##[endgroup]
2026-10-02T09:14:29.1468042Z {
2026-10-02T09:14:29.1469054Z   "recorded_at_utc": "2026-10-02T09:14:29.082863+00:00",
2026-10-02T09:14:29.1469517Z   "split": "dev",
2026-10-02T09:14:29.1470014Z   "corpus_sha256": "243854b51e7039324de4c31fa7a67af1a98ddc48b9c9edfbbac581a2c2f73af7",
2026-10-02T09:14:29.1470629Z   "python": "3.13.15",
2026-10-02T09:14:29.1470950Z   "sqlite": "3.45.1",
2026-10-02T09:14:29.1471259Z   "cases": 120,
2026-10-02T09:14:29.1471640Z   "families": 24,
2026-10-02T09:14:29.1471934Z   "keyword_baseline": {
2026-10-02T09:14:29.1472292Z     "exact_accuracy": 0.5833333333333334,
2026-10-02T09:14:29.1472757Z     "policy_gating_recall": 0.7222222222222222,
2026-10-02T09:14:29.1473149Z     "supported_read_fpr": 0.5,
2026-10-02T09:14:29.1474145Z     "supported_write_interception": 1.0,
2026-10-02T09:14:29.1474499Z     "denominators": {
2026-10-02T09:14:29.1474810Z       "all": 120,
2026-10-02T09:14:29.1475180Z       "requires_gate": 90,
2026-10-02T09:14:29.1475654Z       "supported_reads": 30,
2026-10-02T09:14:29.1476005Z       "supported_writes": 40
2026-10-02T09:14:29.1476315Z     },
2026-10-02T09:14:29.1476611Z     "confusion": {
2026-10-02T09:14:29.1476955Z       "pass -> block": 5,
2026-10-02T09:14:29.1477336Z       "pass -> need_approval": 10,
2026-10-02T09:14:29.1477685Z       "pass -> pass": 15,
2026-10-02T09:14:29.1478069Z       "need_approval -> need_approval": 40,
2026-10-02T09:14:29.1478761Z       "block -> block": 15,
2026-10-02T09:14:29.1479130Z       "block -> pass": 25,
2026-10-02T09:14:29.1479513Z       "block -> need_approval": 10
2026-10-02T09:14:29.1479844Z     }
2026-10-02T09:14:29.1480133Z   },
2026-10-02T09:14:29.1480395Z   "airlock": {
2026-10-02T09:14:29.1480724Z     "exact_accuracy": 1.0,
2026-10-02T09:14:29.1481062Z     "policy_gating_recall": 1.0,
2026-10-02T09:14:29.1481471Z     "supported_read_fpr": 0.0,
2026-10-02T09:14:29.1481851Z     "supported_write_interception": 1.0,
2026-10-02T09:14:29.1482189Z     "denominators": {
2026-10-02T09:14:29.1482511Z       "all": 120,
2026-10-02T09:14:29.1483066Z       "requires_gate": 90,
2026-10-02T09:14:29.1483389Z       "supported_reads": 30,
2026-10-02T09:14:29.1483781Z       "supported_writes": 40
2026-10-02T09:14:29.1484068Z     },
2026-10-02T09:14:29.1484375Z     "confusion": {
2026-10-02T09:14:29.1484672Z       "pass -> pass": 30,
2026-10-02T09:14:29.1485035Z       "need_approval -> need_approval": 40,
2026-10-02T09:14:29.1485453Z       "block -> block": 50
2026-10-02T09:14:29.1485740Z     }
2026-10-02T09:14:29.1486030Z   },
2026-10-02T09:14:29.1486332Z   "impact_exact_match_count": 40,
2026-10-02T09:14:29.1486672Z   "impact_denominator": 40,
2026-10-02T09:14:29.1487046Z   "evaluation_p95_ms": 11.817,
2026-10-02T09:14:29.1487384Z   "static_p95_ms": 0.106,
2026-10-02T09:14:29.1487721Z   "preview_p95_ms": 9.488,
2026-10-02T09:14:29.1488039Z   "pure_llm": "not_run",
2026-10-02T09:14:29.1488675Z   "hybrid_llm": "not_run_use_benchmark.ablation_with_authorization",
2026-10-02T09:14:29.1489586Z   "human_ab": "not_run",
2026-10-02T09:14:29.1489927Z   "cohens_kappa": null,
2026-10-02T09:14:29.1490285Z   "limitations": [
2026-10-02T09:14:29.1490611Z     "synthetic authored cases only",
2026-10-02T09:14:29.1491070Z     "correlated variants, only 40 families total",
2026-10-02T09:14:29.1491614Z     "author saw all templates; family split is not independent external validation",
2026-10-02T09:14:29.1492402Z     "gate recall includes unsupported/invalid statements, not a real-world danger recall",
2026-10-02T09:14:29.1493070Z     "latency excludes network and human review; this is a bounded 1206-row SQLite demo"
2026-10-02T09:14:29.1493520Z   ]
2026-10-02T09:14:29.1493820Z }
2026-10-02T09:14:29.1615894Z ##[group]Run python scripts/run_logged.py evidence/benchmark-test.log -- python -m benchmark.evaluate --split test --output evidence/benchmark-test.json
2026-10-02T09:14:29.1616885Z [36;1mpython scripts/run_logged.py evidence/benchmark-test.log -- python -m benchmark.evaluate --split test --output evidence/benchmark-test.json[0m
2026-10-02T09:14:29.1659151Z shell: /usr/bin/bash --noprofile --norc -e -o pipefail {0}
2026-10-02T09:14:29.1659642Z env:
2026-10-02T09:14:29.1660003Z   pythonLocation: /opt/hostedtoolcache/Python/3.13.15/x64
2026-10-02T09:14:29.1660502Z   PKG_CONFIG_PATH: /opt/hostedtoolcache/Python/3.13.15/x64/lib/pkgconfig
2026-10-02T09:14:29.1660991Z   Python_ROOT_DIR: /opt/hostedtoolcache/Python/3.13.15/x64
2026-10-02T09:14:29.1661408Z   Python2_ROOT_DIR: /opt/hostedtoolcache/Python/3.13.15/x64
2026-10-02T09:14:29.1661895Z   Python3_ROOT_DIR: /opt/hostedtoolcache/Python/3.13.15/x64
2026-10-02T09:14:29.1662441Z   LD_LIBRARY_PATH: /opt/hostedtoolcache/Python/3.13.15/x64/lib
2026-10-02T09:14:29.1662898Z ##[endgroup]
2026-10-02T09:14:31.1223564Z {
2026-10-02T09:14:31.1224452Z   "recorded_at_utc": "2026-10-02T09:14:31.056991+00:00",
2026-10-02T09:14:31.1225068Z   "split": "test",
2026-10-02T09:14:31.1225707Z   "corpus_sha256": "243854b51e7039324de4c31fa7a67af1a98ddc48b9c9edfbbac581a2c2f73af7",
2026-10-02T09:14:31.1226257Z   "python": "3.13.15",
2026-10-02T09:14:31.1226571Z   "sqlite": "3.45.1",
2026-10-02T09:14:31.1226892Z   "cases": 80,
2026-10-02T09:14:31.1227212Z   "families": 16,
2026-10-02T09:14:31.1227509Z   "keyword_baseline": {
2026-10-02T09:14:31.1227952Z     "exact_accuracy": 0.75,
2026-10-02T09:14:31.1228602Z     "policy_gating_recall": 0.8,
2026-10-02T09:14:31.1229147Z     "supported_read_fpr": 0.0,
2026-10-02T09:14:31.1229676Z     "supported_write_interception": 1.0,
2026-10-02T09:14:31.1230476Z     "denominators": {
2026-10-02T09:14:31.1230828Z       "all": 80,
2026-10-02T09:14:31.1231123Z       "requires_gate": 50,
2026-10-02T09:14:31.1231475Z       "supported_reads": 30,
2026-10-02T09:14:31.1231794Z       "supported_writes": 20
2026-10-02T09:14:31.1232144Z     },
2026-10-02T09:14:31.1232468Z     "confusion": {
2026-10-02T09:14:31.1232780Z       "pass -> pass": 30,
2026-10-02T09:14:31.1233149Z       "need_approval -> need_approval": 20,
2026-10-02T09:14:31.1233505Z       "block -> block": 10,
2026-10-02T09:14:31.1233882Z       "block -> need_approval": 10,
2026-10-02T09:14:31.1234258Z       "block -> pass": 10
2026-10-02T09:14:31.1234554Z     }
2026-10-02T09:14:31.1234830Z   },
2026-10-02T09:14:31.1235092Z   "airlock": {
2026-10-02T09:14:31.1235372Z     "exact_accuracy": 1.0,
2026-10-02T09:14:31.1235800Z     "policy_gating_recall": 1.0,
2026-10-02T09:14:31.1236206Z     "supported_read_fpr": 0.0,
2026-10-02T09:14:31.1236582Z     "supported_write_interception": 1.0,
2026-10-02T09:14:31.1236920Z     "denominators": {
2026-10-02T09:14:31.1237236Z       "all": 80,
2026-10-02T09:14:31.1237589Z       "requires_gate": 50,
2026-10-02T09:14:31.1238073Z       "supported_reads": 30,
2026-10-02T09:14:31.1238820Z       "supported_writes": 20
2026-10-02T09:14:31.1239239Z     },
2026-10-02T09:14:31.1239586Z     "confusion": {
2026-10-02T09:14:31.1240019Z       "pass -> pass": 30,
2026-10-02T09:14:31.1240484Z       "need_approval -> need_approval": 20,
2026-10-02T09:14:31.1241034Z       "block -> block": 30
2026-10-02T09:14:31.1241451Z     }
2026-10-02T09:14:31.1241787Z   },
2026-10-02T09:14:31.1242203Z   "impact_exact_match_count": 20,
2026-10-02T09:14:31.1242542Z   "impact_denominator": 20,
2026-10-02T09:14:31.1242933Z   "evaluation_p95_ms": 11.388,
2026-10-02T09:14:31.1243253Z   "static_p95_ms": 0.115,
2026-10-02T09:14:31.1243643Z   "preview_p95_ms": 9.376,
2026-10-02T09:14:31.1244549Z   "pure_llm": "not_run",
2026-10-02T09:14:31.1244983Z   "hybrid_llm": "not_run_use_benchmark.ablation_with_authorization",
2026-10-02T09:14:31.1245475Z   "human_ab": "not_run",
2026-10-02T09:14:31.1245808Z   "cohens_kappa": null,
2026-10-02T09:14:31.1246097Z   "limitations": [
2026-10-02T09:14:31.1246583Z     "synthetic authored cases only",
2026-10-02T09:14:31.1246977Z     "correlated variants, only 40 families total",
2026-10-02T09:14:31.1247504Z     "author saw all templates; family split is not independent external validation",
2026-10-02T09:14:31.1248471Z     "gate recall includes unsupported/invalid statements, not a real-world danger recall",
2026-10-02T09:14:31.1249103Z     "latency excludes network and human review; this is a bounded 1206-row SQLite demo"
2026-10-02T09:14:31.1249587Z   ]
2026-10-02T09:14:31.1249853Z }
2026-10-02T09:14:31.1368092Z ##[group]Run python -m playwright install --with-deps chromium
2026-10-02T09:14:31.1368845Z [36;1mpython -m playwright install --with-deps chromium[0m
2026-10-02T09:14:31.1409907Z shell: /usr/bin/bash --noprofile --norc -e -o pipefail {0}
2026-10-02T09:14:31.1410312Z env:
2026-10-02T09:14:31.1410749Z   pythonLocation: /opt/hostedtoolcache/Python/3.13.15/x64
2026-10-02T09:14:31.1411226Z   PKG_CONFIG_PATH: /opt/hostedtoolcache/Python/3.13.15/x64/lib/pkgconfig
2026-10-02T09:14:31.1411708Z   Python_ROOT_DIR: /opt/hostedtoolcache/Python/3.13.15/x64
2026-10-02T09:14:31.1412181Z   Python2_ROOT_DIR: /opt/hostedtoolcache/Python/3.13.15/x64
2026-10-02T09:14:31.1412616Z   Python3_ROOT_DIR: /opt/hostedtoolcache/Python/3.13.15/x64
2026-10-02T09:14:31.1413064Z   LD_LIBRARY_PATH: /opt/hostedtoolcache/Python/3.13.15/x64/lib
2026-10-02T09:14:31.1413481Z ##[endgroup]
2026-10-02T09:14:31.4264538Z Installing dependencies...
2026-10-02T09:14:31.4339936Z Switching to root user to install dependencies...
2026-10-02T09:14:31.5069225Z Get:1 file:/etc/apt/apt-mirrors.txt Mirrorlist [144 B]
2026-10-02T09:14:31.5407715Z Get:6 https://packages.microsoft.com/ubuntu/24.04/prod noble InRelease [3600 B]
2026-10-02T09:14:31.5656514Z Hit:2 http://azure.archive.ubuntu.com/ubuntu noble InRelease
2026-10-02T09:14:31.5658952Z Get:3 http://azure.archive.ubuntu.com/ubuntu noble-updates InRelease [126 kB]
2026-10-02T09:14:31.5716537Z Get:4 http://azure.archive.ubuntu.com/ubuntu noble-backports InRelease [126 kB]
2026-10-02T09:14:31.5718465Z Get:5 http://azure.archive.ubuntu.com/ubuntu noble-security InRelease [126 kB]
2026-10-02T09:14:31.6150017Z Get:7 https://packages.microsoft.com/ubuntu/24.04/prod noble/main armhf Packages [12.6 kB]
2026-10-02T09:14:31.6236156Z Get:8 https://packages.microsoft.com/ubuntu/24.04/prod noble/main amd64 Packages [510 kB]
2026-10-02T09:14:31.6291473Z Get:9 https://packages.microsoft.com/ubuntu/24.04/prod noble/main arm64 Packages [458 kB]
2026-10-02T09:14:31.7186648Z Get:10 http://azure.archive.ubuntu.com/ubuntu noble-updates/main amd64 Packages [1364 kB]
2026-10-02T09:14:31.7260117Z Get:11 http://azure.archive.ubuntu.com/ubuntu noble-updates/main Translation-en [304 kB]
2026-10-02T09:14:31.7283604Z Get:12 http://azure.archive.ubuntu.com/ubuntu noble-updates/main amd64 Components [180 kB]
2026-10-02T09:14:31.7306457Z Get:13 http://azure.archive.ubuntu.com/ubuntu noble-updates/universe amd64 Packages [1699 kB]
2026-10-02T09:14:31.7375619Z Get:14 http://azure.archive.ubuntu.com/ubuntu noble-updates/universe Translation-en [341 kB]
2026-10-02T09:14:31.7397578Z Get:15 http://azure.archive.ubuntu.com/ubuntu noble-updates/universe amd64 Components [388 kB]
2026-10-02T09:14:31.7460264Z Get:16 http://azure.archive.ubuntu.com/ubuntu noble-updates/restricted amd64 Packages [1720 kB]
2026-10-02T09:14:31.7515317Z Get:17 http://azure.archive.ubuntu.com/ubuntu noble-updates/restricted Translation-en [394 kB]
2026-10-02T09:14:31.7729943Z Get:18 http://azure.archive.ubuntu.com/ubuntu noble-updates/multiverse amd64 Components [940 B]
2026-10-02T09:14:31.7779497Z Get:19 http://azure.archive.ubuntu.com/ubuntu noble-backports/main amd64 Components [5764 B]
2026-10-02T09:14:31.8230329Z Get:20 http://azure.archive.ubuntu.com/ubuntu noble-backports/universe amd64 Components [12.6 kB]
2026-10-02T09:14:31.8234891Z Get:21 http://azure.archive.ubuntu.com/ubuntu noble-security/main amd64 Packages [1069 kB]
2026-10-02T09:14:31.8284794Z Get:22 http://azure.archive.ubuntu.com/ubuntu noble-security/main Translation-en [221 kB]
2026-10-02T09:14:31.8300538Z Get:23 http://azure.archive.ubuntu.com/ubuntu noble-security/main amd64 Components [46.3 kB]
2026-10-02T09:14:31.8309556Z Get:24 http://azure.archive.ubuntu.com/ubuntu noble-security/universe amd64 Packages [1216 kB]
2026-10-02T09:14:31.8365052Z Get:25 http://azure.archive.ubuntu.com/ubuntu noble-security/universe Translation-en [244 kB]
2026-10-02T09:14:31.8381552Z Get:26 http://azure.archive.ubuntu.com/ubuntu noble-security/universe amd64 Components [76.3 kB]
2026-10-02T09:14:31.8391446Z Get:27 http://azure.archive.ubuntu.com/ubuntu noble-security/restricted amd64 Packages [1566 kB]
2026-10-02T09:14:31.8460090Z Get:28 http://azure.archive.ubuntu.com/ubuntu noble-security/restricted Translation-en [361 kB]
2026-10-02T09:14:36.5808573Z Fetched 12.6 MB in 1s (8656 kB/s)
2026-10-02T09:14:37.4967934Z Reading package lists...
2026-10-02T09:14:37.5263648Z Reading package lists...
2026-10-02T09:14:37.7394707Z Building dependency tree...
2026-10-02T09:14:37.7402619Z Reading state information...
2026-10-02T09:14:37.9306740Z libasound2t64 is already the newest version (1.2.11-1ubuntu0.3).
2026-10-02T09:14:37.9307335Z libasound2t64 set to manually installed.
2026-10-02T09:14:37.9307773Z libatk-bridge2.0-0t64 is already the newest version (2.52.0-1build1).
2026-10-02T09:14:37.9308568Z libatk-bridge2.0-0t64 set to manually installed.
2026-10-02T09:14:37.9308987Z libatk1.0-0t64 is already the newest version (2.52.0-1build1).
2026-10-02T09:14:37.9309357Z libatk1.0-0t64 set to manually installed.
2026-10-02T09:14:37.9309789Z libatspi2.0-0t64 is already the newest version (2.52.0-1build1).
2026-10-02T09:14:37.9310183Z libatspi2.0-0t64 set to manually installed.
2026-10-02T09:14:37.9310576Z libcairo2 is already the newest version (1.18.0-3build1).
2026-10-02T09:14:37.9310935Z libcairo2 set to manually installed.
2026-10-02T09:14:37.9311362Z libcups2t64 is already the newest version (2.4.7-1.2ubuntu7.14).
2026-10-02T09:14:37.9311928Z libcups2t64 set to manually installed.
2026-10-02T09:14:37.9312362Z libdbus-1-3 is already the newest version (1.14.10-4ubuntu4.1).
2026-10-02T09:14:37.9312769Z libdbus-1-3 set to manually installed.
2026-10-02T09:14:37.9313156Z libdrm2 is already the newest version (2.4.125-1ubuntu0.1~24.04.2).
2026-10-02T09:14:37.9313522Z libdrm2 set to manually installed.
2026-10-02T09:14:37.9313897Z libglib2.0-0t64 is already the newest version (2.80.0-6ubuntu3.9).
2026-10-02T09:14:37.9314276Z libglib2.0-0t64 set to manually installed.
2026-10-02T09:14:37.9314847Z libnspr4 is already the newest version (2:4.35-1.1build1).
2026-10-02T09:14:37.9315202Z libnspr4 set to manually installed.
2026-10-02T09:14:37.9315566Z libnss3 is already the newest version (2:3.98-1ubuntu0.2).
2026-10-02T09:14:37.9315923Z libnss3 set to manually installed.
2026-10-02T09:14:37.9316302Z libpango-1.0-0 is already the newest version (1.52.1+ds-1build1).
2026-10-02T09:14:37.9316693Z libpango-1.0-0 set to manually installed.
2026-10-02T09:14:37.9317068Z libx11-6 is already the newest version (2:1.8.7-1build1).
2026-10-02T09:14:37.9317411Z libx11-6 set to manually installed.
2026-10-02T09:14:37.9317761Z libxcb1 is already the newest version (1.15-1ubuntu2).
2026-10-02T09:14:37.9318102Z libxcb1 set to manually installed.
2026-10-02T09:14:37.9318783Z libxcomposite1 is already the newest version (1:0.4.5-1build3).
2026-10-02T09:14:37.9319339Z libxcomposite1 set to manually installed.
2026-10-02T09:14:37.9319798Z libxdamage1 is already the newest version (1:1.1.6-1build1).
2026-10-02T09:14:37.9320171Z libxdamage1 set to manually installed.
2026-10-02T09:14:37.9320539Z libxext6 is already the newest version (2:1.3.4-1build2).
2026-10-02T09:14:37.9320883Z libxext6 set to manually installed.
2026-10-02T09:14:37.9321696Z libxfixes3 is already the newest version (1:6.0.0-2build1).
2026-10-02T09:14:37.9322237Z libxfixes3 set to manually installed.
2026-10-02T09:14:37.9322793Z libxkbcommon0 is already the newest version (1.6.0-1build1).
2026-10-02T09:14:37.9323365Z libxkbcommon0 set to manually installed.
2026-10-02T09:14:37.9323940Z libxrandr2 is already the newest version (2:1.5.2-2build1).
2026-10-02T09:14:37.9324482Z libxrandr2 set to manually installed.
2026-10-02T09:14:37.9325036Z xvfb is already the newest version (2:21.1.12-1ubuntu1.8).
2026-10-02T09:14:37.9325542Z fonts-noto-color-emoji is already the newest version (2.047-0ubuntu0.24.04.1).
2026-10-02T09:14:37.9326040Z libfontconfig1 is already the newest version (2.15.0-1.1ubuntu2).
2026-10-02T09:14:37.9326415Z libfontconfig1 set to manually installed.
2026-10-02T09:14:37.9326960Z libfreetype6 is already the newest version (2.13.2+dfsg-1ubuntu0.1).
2026-10-02T09:14:37.9327345Z libfreetype6 set to manually installed.
2026-10-02T09:14:37.9327954Z fonts-liberation is already the newest version (1:2.1.5-3).
2026-10-02T09:14:37.9328538Z fonts-liberation set to manually installed.
2026-10-02T09:14:37.9328913Z The following additional packages will be installed:
2026-10-02T09:14:37.9329340Z   libgl1-mesa-dri libglx-mesa0 libwayland-server0 mesa-libgallium
2026-10-02T09:14:37.9329704Z   xfonts-encodings xfonts-utils
2026-10-02T09:14:37.9329979Z Recommended packages:
2026-10-02T09:14:37.9330249Z   fonts-ipafont-mincho fonts-tlwg-loma
2026-10-02T09:14:38.0302714Z The following NEW packages will be installed:
2026-10-02T09:14:38.0303257Z   fonts-freefont-ttf fonts-ipafont-gothic fonts-tlwg-loma-otf fonts-unifont
2026-10-02T09:14:38.0315970Z   fonts-wqy-zenhei libwayland-server0 xfonts-cyrillic xfonts-encodings
2026-10-02T09:14:38.0316503Z   xfonts-scalable xfonts-utils
2026-10-02T09:14:38.0322315Z The following packages will be upgraded:
2026-10-02T09:14:38.0329117Z   libgbm1 libgl1-mesa-dri libglx-mesa0 mesa-libgallium
2026-10-02T09:14:38.0549360Z 4 upgraded, 10 newly installed, 0 to remove and 21 not upgraded.
2026-10-02T09:14:38.0550021Z Need to get 32.1 MB of archives.
2026-10-02T09:14:38.0550640Z After this operation, 79.7 MB of additional disk space will be used.
2026-10-02T09:14:38.0551188Z Get:1 file:/etc/apt/apt-mirrors.txt Mirrorlist [144 B]
2026-10-02T09:14:38.1542431Z Get:2 http://azure.archive.ubuntu.com/ubuntu noble/universe amd64 fonts-ipafont-gothic all 00303-21ubuntu1 [3513 kB]
2026-10-02T09:14:38.2771694Z Get:3 http://azure.archive.ubuntu.com/ubuntu noble/main amd64 fonts-freefont-ttf all 20211204+svn4273-2 [5641 kB]
2026-10-02T09:14:38.4209084Z Get:4 http://azure.archive.ubuntu.com/ubuntu noble/universe amd64 fonts-tlwg-loma-otf all 1:0.7.3-1 [107 kB]
2026-10-02T09:14:38.5102892Z Get:5 http://azure.archive.ubuntu.com/ubuntu noble/universe amd64 fonts-unifont all 1:15.1.01-1build1 [2993 kB]
2026-10-02T09:14:38.7411764Z Get:6 http://azure.archive.ubuntu.com/ubuntu noble/universe amd64 fonts-wqy-zenhei all 0.9.45-8 [7472 kB]
2026-10-02T09:14:39.0907461Z Get:7 http://azure.archive.ubuntu.com/ubuntu noble-updates/main amd64 libgl1-mesa-dri amd64 25.2.8-0ubuntu0.24.04.3 [37.9 kB]
2026-10-02T09:14:39.1377913Z Get:8 http://azure.archive.ubuntu.com/ubuntu noble/main amd64 libwayland-server0 amd64 1.22.0-2.1build1 [33.9 kB]
2026-10-02T09:14:39.1854762Z Get:9 http://azure.archive.ubuntu.com/ubuntu noble-updates/main amd64 libglx-mesa0 amd64 25.2.8-0ubuntu0.24.04.3 [110 kB]
2026-10-02T09:14:39.2328269Z Get:10 http://azure.archive.ubuntu.com/ubuntu noble-updates/main amd64 libgbm1 amd64 25.2.8-0ubuntu0.24.04.3 [34.3 kB]
2026-10-02T09:14:39.2801419Z Get:11 http://azure.archive.ubuntu.com/ubuntu noble-updates/main amd64 mesa-libgallium amd64 25.2.8-0ubuntu0.24.04.3 [10.8 MB]
2026-10-02T09:14:39.4915310Z Get:12 http://azure.archive.ubuntu.com/ubuntu noble/main amd64 xfonts-encodings all 1:1.0.5-0ubuntu2 [578 kB]
2026-10-02T09:14:39.5457049Z Get:13 http://azure.archive.ubuntu.com/ubuntu noble/main amd64 xfonts-utils amd64 1:7.7+6build3 [94.4 kB]
2026-10-02T09:14:39.5940867Z Get:14 http://azure.archive.ubuntu.com/ubuntu noble/universe amd64 xfonts-cyrillic all 1:1.0.5+nmu1 [384 kB]
2026-10-02T09:14:39.6457978Z Get:15 http://azure.archive.ubuntu.com/ubuntu noble/main amd64 xfonts-scalable all 1:1.0.3-1.3 [304 kB]
2026-10-02T09:14:39.9124820Z Fetched 32.1 MB in 2s (20.0 MB/s)
2026-10-02T09:14:39.9530044Z Selecting previously unselected package fonts-ipafont-gothic.
2026-10-02T09:14:39.9711348Z (Reading database ... 
2026-10-02T09:14:39.9712045Z (Reading database ... 5%
2026-10-02T09:14:39.9712577Z (Reading database ... 10%
2026-10-02T09:14:39.9713012Z (Reading database ... 15%
2026-10-02T09:14:39.9713289Z (Reading database ... 20%
2026-10-02T09:14:39.9713564Z (Reading database ... 25%
2026-10-02T09:14:39.9713808Z (Reading database ... 30%
2026-10-02T09:14:39.9714049Z (Reading database ... 35%
2026-10-02T09:14:39.9714601Z (Reading database ... 40%
2026-10-02T09:14:39.9714859Z (Reading database ... 45%
2026-10-02T09:14:39.9715097Z (Reading database ... 50%
2026-10-02T09:14:39.9744500Z (Reading database ... 55%
2026-10-02T09:14:40.1102684Z (Reading database ... 60%
2026-10-02T09:14:40.3178312Z (Reading database ... 65%
2026-10-02T09:14:40.5232982Z (Reading database ... 70%
2026-10-02T09:14:40.7120128Z (Reading database ... 75%
2026-10-02T09:14:40.8704968Z (Reading database ... 80%
2026-10-02T09:14:41.0590272Z (Reading database ... 85%
2026-10-02T09:14:41.2691236Z (Reading database ... 90%
2026-10-02T09:14:41.3764585Z (Reading database ... 95%
2026-10-02T09:14:41.3765043Z (Reading database ... 100%
2026-10-02T09:14:41.3765467Z (Reading database ... 202296 files and directories currently installed.)
2026-10-02T09:14:41.3809918Z Preparing to unpack .../00-fonts-ipafont-gothic_00303-21ubuntu1_all.deb ...
2026-10-02T09:14:41.3953386Z Unpacking fonts-ipafont-gothic (00303-21ubuntu1) ...
2026-10-02T09:14:41.6930996Z Selecting previously unselected package fonts-freefont-ttf.
2026-10-02T09:14:41.7055271Z Preparing to unpack .../01-fonts-freefont-ttf_20211204+svn4273-2_all.deb ...
2026-10-02T09:14:41.7066595Z Unpacking fonts-freefont-ttf (20211204+svn4273-2) ...
2026-10-02T09:14:41.8083240Z Selecting previously unselected package fonts-tlwg-loma-otf.
2026-10-02T09:14:41.8207069Z Preparing to unpack .../02-fonts-tlwg-loma-otf_1%3a0.7.3-1_all.deb ...
2026-10-02T09:14:41.8375933Z Unpacking fonts-tlwg-loma-otf (1:0.7.3-1) ...
2026-10-02T09:14:41.8589173Z Selecting previously unselected package fonts-unifont.
2026-10-02T09:14:41.8716682Z Preparing to unpack .../03-fonts-unifont_1%3a15.1.01-1build1_all.deb ...
2026-10-02T09:14:41.8729846Z Unpacking fonts-unifont (1:15.1.01-1build1) ...
2026-10-02T09:14:42.1137479Z Selecting previously unselected package fonts-wqy-zenhei.
2026-10-02T09:14:42.1266848Z Preparing to unpack .../04-fonts-wqy-zenhei_0.9.45-8_all.deb ...
2026-10-02T09:14:42.1364859Z Unpacking fonts-wqy-zenhei (0.9.45-8) ...
2026-10-02T09:14:42.7359458Z Preparing to unpack .../05-libgl1-mesa-dri_25.2.8-0ubuntu0.24.04.3_amd64.deb ...
2026-10-02T09:14:42.7493240Z Unpacking libgl1-mesa-dri:amd64 (25.2.8-0ubuntu0.24.04.3) over (25.2.8-0ubuntu0.24.04.2) ...
2026-10-02T09:14:42.7892936Z Selecting previously unselected package libwayland-server0:amd64.
2026-10-02T09:14:42.8019294Z Preparing to unpack .../06-libwayland-server0_1.22.0-2.1build1_amd64.deb ...
2026-10-02T09:14:42.8039897Z Unpacking libwayland-server0:amd64 (1.22.0-2.1build1) ...
2026-10-02T09:14:42.8356656Z Preparing to unpack .../07-libglx-mesa0_25.2.8-0ubuntu0.24.04.3_amd64.deb ...
2026-10-02T09:14:42.8384155Z Unpacking libglx-mesa0:amd64 (25.2.8-0ubuntu0.24.04.3) over (25.2.8-0ubuntu0.24.04.2) ...
2026-10-02T09:14:42.8991275Z Preparing to unpack .../08-libgbm1_25.2.8-0ubuntu0.24.04.3_amd64.deb ...
2026-10-02T09:14:42.9220857Z Unpacking libgbm1:amd64 (25.2.8-0ubuntu0.24.04.3) over (25.2.8-0ubuntu0.24.04.2) ...
2026-10-02T09:14:42.9576540Z Preparing to unpack .../09-mesa-libgallium_25.2.8-0ubuntu0.24.04.3_amd64.deb ...
2026-10-02T09:14:42.9602636Z Unpacking mesa-libgallium:amd64 (25.2.8-0ubuntu0.24.04.3) over (25.2.8-0ubuntu0.24.04.2) ...
2026-10-02T09:14:43.4035829Z Selecting previously unselected package xfonts-encodings.
2026-10-02T09:14:43.4164707Z Preparing to unpack .../10-xfonts-encodings_1%3a1.0.5-0ubuntu2_all.deb ...
2026-10-02T09:14:43.4176733Z Unpacking xfonts-encodings (1:1.0.5-0ubuntu2) ...
2026-10-02T09:14:43.4443430Z Selecting previously unselected package xfonts-utils.
2026-10-02T09:14:43.4567983Z Preparing to unpack .../11-xfonts-utils_1%3a7.7+6build3_amd64.deb ...
2026-10-02T09:14:43.4579170Z Unpacking xfonts-utils (1:7.7+6build3) ...
2026-10-02T09:14:43.4897818Z Selecting previously unselected package xfonts-cyrillic.
2026-10-02T09:14:43.5025920Z Preparing to unpack .../12-xfonts-cyrillic_1%3a1.0.5+nmu1_all.deb ...
2026-10-02T09:14:43.5037473Z Unpacking xfonts-cyrillic (1:1.0.5+nmu1) ...
2026-10-02T09:14:43.5321112Z Selecting previously unselected package xfonts-scalable.
2026-10-02T09:14:43.5448024Z Preparing to unpack .../13-xfonts-scalable_1%3a1.0.3-1.3_all.deb ...
2026-10-02T09:14:43.5460001Z Unpacking xfonts-scalable (1:1.0.3-1.3) ...
2026-10-02T09:14:43.5952813Z Setting up libwayland-server0:amd64 (1.22.0-2.1build1) ...
2026-10-02T09:14:43.5986412Z Setting up mesa-libgallium:amd64 (25.2.8-0ubuntu0.24.04.3) ...
2026-10-02T09:14:43.6006775Z Setting up libgbm1:amd64 (25.2.8-0ubuntu0.24.04.3) ...
2026-10-02T09:14:43.6027609Z Setting up libgl1-mesa-dri:amd64 (25.2.8-0ubuntu0.24.04.3) ...
2026-10-02T09:14:43.6097105Z Setting up fonts-wqy-zenhei (0.9.45-8) ...
2026-10-02T09:14:43.6390649Z Setting up fonts-freefont-ttf (20211204+svn4273-2) ...
2026-10-02T09:14:43.6412106Z Setting up fonts-tlwg-loma-otf (1:0.7.3-1) ...
2026-10-02T09:14:43.6430764Z Setting up xfonts-encodings (1:1.0.5-0ubuntu2) ...
2026-10-02T09:14:43.6449617Z Setting up fonts-ipafont-gothic (00303-21ubuntu1) ...
2026-10-02T09:14:43.6509313Z update-alternatives: using /usr/share/fonts/opentype/ipafont-gothic/ipag.ttf to provide /usr/share/fonts/truetype/fonts-japanese-gothic.ttf (fonts-japanese-gothic.ttf) in auto mode
2026-10-02T09:14:43.6524732Z Setting up fonts-unifont (1:15.1.01-1build1) ...
2026-10-02T09:14:43.6543605Z Setting up libglx-mesa0:amd64 (25.2.8-0ubuntu0.24.04.3) ...
2026-10-02T09:14:43.6563208Z Setting up xfonts-utils (1:7.7+6build3) ...
2026-10-02T09:14:43.6603517Z Setting up xfonts-cyrillic (1:1.0.5+nmu1) ...
2026-10-02T09:14:43.6931139Z Setting up xfonts-scalable (1:1.0.3-1.3) ...
2026-10-02T09:14:43.7172321Z Processing triggers for libc-bin (2.39-0ubuntu8.9) ...
2026-10-02T09:14:43.7445582Z Processing triggers for man-db (2.12.0-4build2) ...
2026-10-02T09:14:43.7467974Z Not building database; man-db/auto-update is not 'true'.
2026-10-02T09:14:43.7482544Z Processing triggers for fontconfig (2.15.0-1.1ubuntu2) ...
2026-10-02T09:14:45.2120488Z 
2026-10-02T09:14:45.2121338Z Running kernel seems to be up-to-date.
2026-10-02T09:14:45.2121631Z 
2026-10-02T09:14:45.2121814Z No services need to be restarted.
2026-10-02T09:14:45.2121990Z 
2026-10-02T09:14:45.2122128Z No containers need to be restarted.
2026-10-02T09:14:45.2122308Z 
2026-10-02T09:14:45.2122485Z No user sessions are running outdated binaries.
2026-10-02T09:14:45.2122675Z 
2026-10-02T09:14:45.2122935Z No VM guests are running outdated hypervisor (qemu) binaries on this host.
2026-10-02T09:14:46.1895585Z Downloading Chromium 143.0.7499.4 (playwright build v1200) from https://cdn.playwright.dev/dbazure/download/playwright/builds/chromium/1200/chromium-linux.zip
2026-10-02T09:14:46.2813409Z (node:3331) [DEP0169] DeprecationWarning: `url.parse()` behavior is not standardized and prone to errors that have security implications. Use the WHATWG URL API instead. CVEs are not issued for `url.parse()` vulnerabilities.
2026-10-02T09:14:46.2814658Z (Use `node --trace-deprecation ...` to show where the warning was created)
2026-10-02T09:14:46.4359056Z |                                                                                |   0% of 164.7 MiB
2026-10-02T09:14:46.6229656Z |■■■■■■■■                                                                        |  10% of 164.7 MiB
2026-10-02T09:14:46.6910488Z |■■■■■■■■■■■■■■■■                                                                |  20% of 164.7 MiB
2026-10-02T09:14:46.7531833Z |■■■■■■■■■■■■■■■■■■■■■■■■                                                        |  30% of 164.7 MiB
2026-10-02T09:14:46.7996085Z |■■■■■■■■■■■■■■■■■■■■■■■■■■■■■■■■                                                |  40% of 164.7 MiB
2026-10-02T09:14:46.8391958Z |■■■■■■■■■■■■■■■■■■■■■■■■■■■■■■■■■■■■■■■■                                        |  50% of 164.7 MiB
2026-10-02T09:14:46.8774130Z |■■■■■■■■■■■■■■■■■■■■■■■■■■■■■■■■■■■■■■■■■■■■■■■■                                |  60% of 164.7 MiB
2026-10-02T09:14:46.9145588Z |■■■■■■■■■■■■■■■■■■■■■■■■■■■■■■■■■■■■■■■■■■■■■■■■■■■■■■■■                        |  70% of 164.7 MiB
2026-10-02T09:14:46.9536974Z |■■■■■■■■■■■■■■■■■■■■■■■■■■■■■■■■■■■■■■■■■■■■■■■■■■■■■■■■■■■■■■■■                |  80% of 164.7 MiB
2026-10-02T09:14:46.9944389Z |■■■■■■■■■■■■■■■■■■■■■■■■■■■■■■■■■■■■■■■■■■■■■■■■■■■■■■■■■■■■■■■■■■■■■■■■        |  90% of 164.7 MiB
2026-10-02T09:14:47.0401815Z |■■■■■■■■■■■■■■■■■■■■■■■■■■■■■■■■■■■■■■■■■■■■■■■■■■■■■■■■■■■■■■■■■■■■■■■■■■■■■■■■| 100% of 164.7 MiB
2026-10-02T09:14:49.9177961Z Chromium 143.0.7499.4 (playwright build v1200) downloaded to /home/runner/.cache/ms-playwright/chromium-1200
2026-10-02T09:14:49.9183040Z Downloading FFMPEG playwright build v1011 from https://cdn.playwright.dev/dbazure/download/playwright/builds/ffmpeg/1011/ffmpeg-linux.zip
2026-10-02T09:14:50.0126973Z (node:3345) [DEP0169] DeprecationWarning: `url.parse()` behavior is not standardized and prone to errors that have security implications. Use the WHATWG URL API instead. CVEs are not issued for `url.parse()` vulnerabilities.
2026-10-02T09:14:50.0128470Z (Use `node --trace-deprecation ...` to show where the warning was created)
2026-10-02T09:14:50.1418580Z |                                                                                |   0% of 2.3 MiB
2026-10-02T09:14:50.1909629Z |■■■■■■■■                                                                        |  10% of 2.3 MiB
2026-10-02T09:14:50.2106014Z |■■■■■■■■■■■■■■■■                                                                |  20% of 2.3 MiB
2026-10-02T09:14:50.2270275Z |■■■■■■■■■■■■■■■■■■■■■■■■                                                        |  30% of 2.3 MiB
2026-10-02T09:14:50.2428661Z |■■■■■■■■■■■■■■■■■■■■■■■■■■■■■■■■                                                |  40% of 2.3 MiB
2026-10-02T09:14:50.2453190Z |■■■■■■■■■■■■■■■■■■■■■■■■■■■■■■■■■■■■■■■■                                        |  50% of 2.3 MiB
2026-10-02T09:14:50.2602979Z |■■■■■■■■■■■■■■■■■■■■■■■■■■■■■■■■■■■■■■■■■■■■■■■■                                |  60% of 2.3 MiB
2026-10-02T09:14:50.2622324Z |■■■■■■■■■■■■■■■■■■■■■■■■■■■■■■■■■■■■■■■■■■■■■■■■■■■■■■■■                        |  70% of 2.3 MiB
2026-10-02T09:14:50.2657279Z |■■■■■■■■■■■■■■■■■■■■■■■■■■■■■■■■■■■■■■■■■■■■■■■■■■■■■■■■■■■■■■■■                |  80% of 2.3 MiB
2026-10-02T09:14:50.2784958Z |■■■■■■■■■■■■■■■■■■■■■■■■■■■■■■■■■■■■■■■■■■■■■■■■■■■■■■■■■■■■■■■■■■■■■■■■        |  90% of 2.3 MiB
2026-10-02T09:14:50.2799116Z |■■■■■■■■■■■■■■■■■■■■■■■■■■■■■■■■■■■■■■■■■■■■■■■■■■■■■■■■■■■■■■■■■■■■■■■■■■■■■■■■| 100% of 2.3 MiB
2026-10-02T09:14:50.3430899Z FFMPEG playwright build v1011 downloaded to /home/runner/.cache/ms-playwright/ffmpeg-1011
2026-10-02T09:14:50.3433476Z Downloading Chromium Headless Shell 143.0.7499.4 (playwright build v1200) from https://cdn.playwright.dev/dbazure/download/playwright/builds/chromium/1200/chromium-headless-shell-linux.zip
2026-10-02T09:14:50.4430446Z (node:3356) [DEP0169] DeprecationWarning: `url.parse()` behavior is not standardized and prone to errors that have security implications. Use the WHATWG URL API instead. CVEs are not issued for `url.parse()` vulnerabilities.
2026-10-02T09:14:50.4449547Z (Use `node --trace-deprecation ...` to show where the warning was created)
2026-10-02T09:14:50.5793694Z |                                                                                |   0% of 109.7 MiB
2026-10-02T09:14:50.7336753Z |■■■■■■■■                                                                        |  10% of 109.7 MiB
2026-10-02T09:14:50.7811608Z |■■■■■■■■■■■■■■■■                                                                |  20% of 109.7 MiB
2026-10-02T09:14:50.8232359Z |■■■■■■■■■■■■■■■■■■■■■■■■                                                        |  30% of 109.7 MiB
2026-10-02T09:14:50.8662752Z |■■■■■■■■■■■■■■■■■■■■■■■■■■■■■■■■                                                |  40% of 109.7 MiB
2026-10-02T09:14:50.8966363Z |■■■■■■■■■■■■■■■■■■■■■■■■■■■■■■■■■■■■■■■■                                        |  50% of 109.7 MiB
2026-10-02T09:14:50.9320862Z |■■■■■■■■■■■■■■■■■■■■■■■■■■■■■■■■■■■■■■■■■■■■■■■■                                |  60% of 109.7 MiB
2026-10-02T09:14:50.9635062Z |■■■■■■■■■■■■■■■■■■■■■■■■■■■■■■■■■■■■■■■■■■■■■■■■■■■■■■■■                        |  70% of 109.7 MiB
2026-10-02T09:14:50.9971847Z |■■■■■■■■■■■■■■■■■■■■■■■■■■■■■■■■■■■■■■■■■■■■■■■■■■■■■■■■■■■■■■■■                |  80% of 109.7 MiB
2026-10-02T09:14:51.0287545Z |■■■■■■■■■■■■■■■■■■■■■■■■■■■■■■■■■■■■■■■■■■■■■■■■■■■■■■■■■■■■■■■■■■■■■■■■        |  90% of 109.7 MiB
2026-10-02T09:14:51.0585022Z |■■■■■■■■■■■■■■■■■■■■■■■■■■■■■■■■■■■■■■■■■■■■■■■■■■■■■■■■■■■■■■■■■■■■■■■■■■■■■■■■| 100% of 109.7 MiB
2026-10-02T09:14:53.1551134Z Chromium Headless Shell 143.0.7499.4 (playwright build v1200) downloaded to /home/runner/.cache/ms-playwright/chromium_headless_shell-1200
2026-10-02T09:14:53.1756438Z ##[group]Run python scripts/run_logged.py evidence/browser-native.log -- python scripts/browser_smoke.py
2026-10-02T09:14:53.1757590Z [36;1mpython scripts/run_logged.py evidence/browser-native.log -- python scripts/browser_smoke.py[0m
2026-10-02T09:14:53.1813803Z shell: /usr/bin/bash --noprofile --norc -e -o pipefail {0}
2026-10-02T09:14:53.1814294Z env:
2026-10-02T09:14:53.1814686Z   pythonLocation: /opt/hostedtoolcache/Python/3.13.15/x64
2026-10-02T09:14:53.1815316Z   PKG_CONFIG_PATH: /opt/hostedtoolcache/Python/3.13.15/x64/lib/pkgconfig
2026-10-02T09:14:53.1815942Z   Python_ROOT_DIR: /opt/hostedtoolcache/Python/3.13.15/x64
2026-10-02T09:14:53.1816710Z   Python2_ROOT_DIR: /opt/hostedtoolcache/Python/3.13.15/x64
2026-10-02T09:14:53.1817264Z   Python3_ROOT_DIR: /opt/hostedtoolcache/Python/3.13.15/x64
2026-10-02T09:14:53.1817832Z   LD_LIBRARY_PATH: /opt/hostedtoolcache/Python/3.13.15/x64/lib
2026-10-02T09:14:53.1818430Z ##[endgroup]
2026-10-02T09:15:31.0583524Z {
2026-10-02T09:15:31.0584276Z   "mode": "native_browser_e2e",
2026-10-02T09:15:31.0584761Z   "passed": [
2026-10-02T09:15:31.0585174Z     "agent_credential_rejected_by_reviewer_console",
2026-10-02T09:15:31.0585786Z     "pending_queue_survives_more_than_100_newer_reads",
2026-10-02T09:15:31.0586381Z     "approval_disabled_without_informed_confirmation",
2026-10-02T09:15:31.0586881Z     "browser_rejection_preserves_all_1206_rows",
2026-10-02T09:15:31.0587365Z     "browser_approval_executes_real_update_once",
2026-10-02T09:15:31.0587889Z     "critical_action_requires_exact_1206_scope_phrase",
2026-10-02T09:15:31.0588579Z     "390px_mobile_has_no_horizontal_overflow",
2026-10-02T09:15:31.0589080Z     "audit_replay_and_hmac_verification_render",
2026-10-02T09:15:31.0589576Z     "metrics_use_real_samples_and_unknown_model_cost",
2026-10-02T09:15:31.0590136Z     "batch_ui_lists_bound_members_and_enforces_confirmation",
2026-10-02T09:15:31.0590668Z     "recovery_is_a_separate_informed_approval",
2026-10-02T09:15:31.0591072Z     "study_import_counterbalance_visibility_and_export_automation_only",
2026-10-02T09:15:31.0591452Z     "logout_removes_authenticated_console",
2026-10-02T09:15:31.0591746Z     "no_browser_javascript_errors"
2026-10-02T09:15:31.0591989Z   ],
2026-10-02T09:15:31.0592195Z   "errors": [],
2026-10-02T09:15:31.0592407Z   "not_proven": []
2026-10-02T09:15:31.0592616Z }
2026-10-02T09:15:31.0731749Z ##[group]Run python scripts/run_logged.py evidence/docker-smoke.log -- python scripts/docker_smoke.py
2026-10-02T09:15:31.0732797Z [36;1mpython scripts/run_logged.py evidence/docker-smoke.log -- python scripts/docker_smoke.py[0m
2026-10-02T09:15:31.0791294Z shell: /usr/bin/bash --noprofile --norc -e -o pipefail {0}
2026-10-02T09:15:31.0791788Z env:
2026-10-02T09:15:31.0792173Z   pythonLocation: /opt/hostedtoolcache/Python/3.13.15/x64
2026-10-02T09:15:31.0792800Z   PKG_CONFIG_PATH: /opt/hostedtoolcache/Python/3.13.15/x64/lib/pkgconfig
2026-10-02T09:15:31.0793412Z   Python_ROOT_DIR: /opt/hostedtoolcache/Python/3.13.15/x64
2026-10-02T09:15:31.0793980Z   Python2_ROOT_DIR: /opt/hostedtoolcache/Python/3.13.15/x64
2026-10-02T09:15:31.0794550Z   Python3_ROOT_DIR: /opt/hostedtoolcache/Python/3.13.15/x64
2026-10-02T09:15:31.0795102Z   LD_LIBRARY_PATH: /opt/hostedtoolcache/Python/3.13.15/x64/lib
2026-10-02T09:15:31.0795564Z ##[endgroup]
2026-10-02T09:15:49.6129170Z {
2026-10-02T09:15:49.6129574Z   "mode": "real_docker_compose",
2026-10-02T09:15:49.6129935Z   "project": "airlock-check-81a16d47199b",
2026-10-02T09:15:49.6130222Z   "probe": {
2026-10-02T09:15:49.6130509Z     "pending_id": "ff668f6ef33f4571838cc4855372e3f0",
2026-10-02T09:15:49.6131119Z     "uid": 10001,
2026-10-02T09:15:49.6131382Z     "effective_capabilities": 0,
2026-10-02T09:15:49.6131629Z     "checks": [
2026-10-02T09:15:49.6131888Z       "agent_has_no_reviewer_or_audit_secret",
2026-10-02T09:15:49.6132210Z       "target_database_not_mounted_in_agent",
2026-10-02T09:15:49.6132514Z       "no_server_config_or_docker_socket",
2026-10-02T09:15:49.6132827Z       "non_root_read_only_no_capabilities",
2026-10-02T09:15:49.6133133Z       "agent_cannot_approve_or_read_audit",
2026-10-02T09:15:49.6133427Z       "SQL_cannot_read_control_tables",
2026-10-02T09:15:49.6133718Z       "write_waits_for_separate_reviewer"
2026-10-02T09:15:49.6133972Z     ]
2026-10-02T09:15:49.6134160Z   },
2026-10-02T09:15:49.6134409Z   "rows_before_independent_approval": 1206,
2026-10-02T09:15:49.6134712Z   "rows_after_approval_and_restart": 0,
2026-10-02T09:15:49.6134985Z   "additional_checks": [
2026-10-02T09:15:49.6135282Z     "pending_survives_server_restart_without_execution",
2026-10-02T09:15:49.6135662Z     "approved_effect_and_audit_persist_without_reseeding",
2026-10-02T09:15:49.6135995Z     "compose_network_is_internal",
2026-10-02T09:15:49.6136319Z     "server_dual_network_agent_internal_only",
2026-10-02T09:15:49.6136621Z     "published_port_is_loopback_only"
2026-10-02T09:15:49.6136868Z   ],
2026-10-02T09:15:49.6137062Z   "limitations": [
2026-10-02T09:15:49.6137407Z     "controlled synthetic deployment, not a general container escape audit",
2026-10-02T09:15:49.6137867Z     "reviewer is automated test code, not a human A/B participant"
2026-10-02T09:15:49.6138446Z   ]
2026-10-02T09:15:49.6138641Z }
2026-10-02T09:15:49.6269628Z ##[group]Run python scripts/run_logged.py evidence/dependency-audit.log -- python -m pip_audit -r requirements.txt --format json --output evidence/dependency-audit.json
2026-10-02T09:15:49.6270601Z [36;1mpython scripts/run_logged.py evidence/dependency-audit.log -- python -m pip_audit -r requirements.txt --format json --output evidence/dependency-audit.json[0m
2026-10-02T09:15:49.6311831Z shell: /usr/bin/bash --noprofile --norc -e -o pipefail {0}
2026-10-02T09:15:49.6312155Z env:
2026-10-02T09:15:49.6312426Z   pythonLocation: /opt/hostedtoolcache/Python/3.13.15/x64
2026-10-02T09:15:49.6312817Z   PKG_CONFIG_PATH: /opt/hostedtoolcache/Python/3.13.15/x64/lib/pkgconfig
2026-10-02T09:15:49.6313216Z   Python_ROOT_DIR: /opt/hostedtoolcache/Python/3.13.15/x64
2026-10-02T09:15:49.6313567Z   Python2_ROOT_DIR: /opt/hostedtoolcache/Python/3.13.15/x64
2026-10-02T09:15:49.6313908Z   Python3_ROOT_DIR: /opt/hostedtoolcache/Python/3.13.15/x64
2026-10-02T09:15:49.6314304Z   LD_LIBRARY_PATH: /opt/hostedtoolcache/Python/3.13.15/x64/lib
2026-10-02T09:15:49.6314599Z ##[endgroup]
2026-10-02T09:15:56.1398372Z No known vulnerabilities found
2026-10-02T09:15:56.1537513Z ##[group]Run python scripts/run_logged.py evidence/latency.log -- python scripts/measure_latency.py --samples 60 --output evidence/latency.json
2026-10-02T09:15:56.1538535Z [36;1mpython scripts/run_logged.py evidence/latency.log -- python scripts/measure_latency.py --samples 60 --output evidence/latency.json[0m
2026-10-02T09:15:56.1579048Z shell: /usr/bin/bash --noprofile --norc -e -o pipefail {0}
2026-10-02T09:15:56.1579390Z env:
2026-10-02T09:15:56.1579657Z   pythonLocation: /opt/hostedtoolcache/Python/3.13.15/x64
2026-10-02T09:15:56.1580054Z   PKG_CONFIG_PATH: /opt/hostedtoolcache/Python/3.13.15/x64/lib/pkgconfig
2026-10-02T09:15:56.1580448Z   Python_ROOT_DIR: /opt/hostedtoolcache/Python/3.13.15/x64
2026-10-02T09:15:56.1580794Z   Python2_ROOT_DIR: /opt/hostedtoolcache/Python/3.13.15/x64
2026-10-02T09:15:56.1581136Z   Python3_ROOT_DIR: /opt/hostedtoolcache/Python/3.13.15/x64
2026-10-02T09:15:56.1581481Z   LD_LIBRARY_PATH: /opt/hostedtoolcache/Python/3.13.15/x64/lib
2026-10-02T09:15:56.1581828Z ##[endgroup]
2026-10-02T09:15:59.0064015Z {
2026-10-02T09:15:59.0064703Z   "scope": "1206-row synthetic SQLite; concurrency 1; warm HTTP client; same host and target",
2026-10-02T09:15:59.0065120Z   "python": "3.13.15",
2026-10-02T09:15:59.0065347Z   "sqlite": "3.45.1",
2026-10-02T09:15:59.0066082Z   "platform": "Linux-6.17.0-1022-azure-x86_64-with-glibc2.39",
2026-10-02T09:15:59.0066432Z   "processor": "x86_64",
2026-10-02T09:15:59.0066678Z   "logical_cpus": 4,
2026-10-02T09:15:59.0066911Z   "samples": 60,
2026-10-02T09:15:59.0067126Z   "seed": 2073,
2026-10-02T09:15:59.0067337Z   "warmup_calls": 10,
2026-10-02T09:15:59.0067601Z   "first_native_call_ms": 8.203378999979805,
2026-10-02T09:15:59.0067862Z   "read": {
2026-10-02T09:15:59.0068063Z     "direct_ms": {
2026-10-02T09:15:59.0068521Z       "n": 60,
2026-10-02T09:15:59.0068757Z       "mean": 0.35265006666662657,
2026-10-02T09:15:59.0069029Z       "p50": 0.3650019999952292,
2026-10-02T09:15:59.0069293Z       "p95": 0.4177840000068045,
2026-10-02T09:15:59.0069555Z       "p99": 0.5030049999845687
2026-10-02T09:15:59.0069785Z     },
2026-10-02T09:15:59.0069982Z     "proxy_ms": {
2026-10-02T09:15:59.0070184Z       "n": 60,
2026-10-02T09:15:59.0070407Z       "mean": 6.3558941833335325,
2026-10-02T09:15:59.0070670Z       "p50": 6.238881999991008,
2026-10-02T09:15:59.0070912Z       "p95": 6.764994000008073,
2026-10-02T09:15:59.0071151Z       "p99": 9.573385999999573
2026-10-02T09:15:59.0071366Z     },
2026-10-02T09:15:59.0071554Z     "added_ms": {
2026-10-02T09:15:59.0071751Z       "n": 60,
2026-10-02T09:15:59.0071984Z       "mean": 6.003244116666906,
2026-10-02T09:15:59.0072226Z       "p50": 5.881315000010545,
2026-10-02T09:15:59.0072465Z       "p95": 6.387890000013385,
2026-10-02T09:15:59.0072695Z       "p99": 9.16167600001927
2026-10-02T09:15:59.0072913Z     }
2026-10-02T09:15:59.0073097Z   },
2026-10-02T09:15:59.0073291Z   "write": {
2026-10-02T09:15:59.0073505Z     "submit_receipt_ms": {
2026-10-02T09:15:59.0073729Z       "n": 30,
2026-10-02T09:15:59.0073953Z       "p50": 17.11324499999023,
2026-10-02T09:15:59.0074191Z       "p95": 19.673810000000458,
2026-10-02T09:15:59.0074431Z       "p99": 20.373918999979423
2026-10-02T09:15:59.0074651Z     },
2026-10-02T09:15:59.0074878Z     "approval_request_to_effect_ms": {
2026-10-02T09:15:59.0075130Z       "n": 30,
2026-10-02T09:15:59.0075339Z       "p50": 23.29622899998185,
2026-10-02T09:15:59.0075576Z       "p95": 26.259973999998465,
2026-10-02T09:15:59.0075813Z       "p99": 52.803979000003665
2026-10-02T09:15:59.0076035Z     },
2026-10-02T09:15:59.0076223Z     "static_ms": {
2026-10-02T09:15:59.0076423Z       "n": 30,
2026-10-02T09:15:59.0076620Z       "p50": 0.093,
2026-10-02T09:15:59.0076824Z       "p95": 0.122,
2026-10-02T09:15:59.0077025Z       "p99": 0.144
2026-10-02T09:15:59.0077221Z     },
2026-10-02T09:15:59.0077422Z     "preview_ms": {
2026-10-02T09:15:59.0077620Z       "n": 30,
2026-10-02T09:15:59.0077816Z       "p50": 9.598,
2026-10-02T09:15:59.0078016Z       "p95": 10.376,
2026-10-02T09:15:59.0078499Z       "p99": 10.834
2026-10-02T09:15:59.0078697Z     },
2026-10-02T09:15:59.0078901Z     "evaluation_ms": {
2026-10-02T09:15:59.0079113Z       "n": 30,
2026-10-02T09:15:59.0079306Z       "p50": 12.173,
2026-10-02T09:15:59.0079513Z       "p95": 13.479,
2026-10-02T09:15:59.0079720Z       "p99": 15.437
2026-10-02T09:15:59.0079914Z     }
2026-10-02T09:15:59.0080095Z   },
2026-10-02T09:15:59.0080278Z   "not_measured": [
2026-10-02T09:15:59.0080488Z     "live LLM latency",
2026-10-02T09:15:59.0080715Z     "human review latency",
2026-10-02T09:15:59.0080975Z     "distributed upstream overhead",
2026-10-02T09:15:59.0081248Z     "cold OS filesystem cache",
2026-10-02T09:15:59.0081501Z     "production concurrency"
2026-10-02T09:15:59.0081728Z   ],
2026-10-02T09:15:59.0082327Z   "measurement_note": "direct includes SQLite connect/query; proxy includes HTTP, server admission, persistence and audit; negative deltas retained in raw rows"
2026-10-02T09:15:59.0082881Z }
2026-10-02T09:15:59.0202118Z ##[group]Run python scripts/run_logged.py evidence/ablation.log -- python -m benchmark.ablation --split test --output evidence/ablation.json
2026-10-02T09:15:59.0202938Z [36;1mpython scripts/run_logged.py evidence/ablation.log -- python -m benchmark.ablation --split test --output evidence/ablation.json[0m
2026-10-02T09:15:59.0245433Z shell: /usr/bin/bash --noprofile --norc -e -o pipefail {0}
2026-10-02T09:15:59.0245759Z env:
2026-10-02T09:15:59.0246032Z   pythonLocation: /opt/hostedtoolcache/Python/3.13.15/x64
2026-10-02T09:15:59.0246426Z   PKG_CONFIG_PATH: /opt/hostedtoolcache/Python/3.13.15/x64/lib/pkgconfig
2026-10-02T09:15:59.0246816Z   Python_ROOT_DIR: /opt/hostedtoolcache/Python/3.13.15/x64
2026-10-02T09:15:59.0247159Z   Python2_ROOT_DIR: /opt/hostedtoolcache/Python/3.13.15/x64
2026-10-02T09:15:59.0247502Z   Python3_ROOT_DIR: /opt/hostedtoolcache/Python/3.13.15/x64
2026-10-02T09:15:59.0247848Z   LD_LIBRARY_PATH: /opt/hostedtoolcache/Python/3.13.15/x64/lib
2026-10-02T09:15:59.0248324Z ##[endgroup]
2026-10-02T09:15:59.3817872Z {
2026-10-02T09:15:59.3818376Z   "split": "test",
2026-10-02T09:15:59.3818933Z   "corpus_sha256": "243854b51e7039324de4c31fa7a67af1a98ddc48b9c9edfbbac581a2c2f73af7",
2026-10-02T09:15:59.3819528Z   "live_model_requested": false,
2026-10-02T09:15:59.3819900Z   "limitations": [
2026-10-02T09:15:59.3820544Z     "Original synthetic corpus is unchanged and has no independent human danger gold.",
2026-10-02T09:15:59.3821359Z     "The pure model arm measures advice only; it cannot execute or bypass the production gate.",
2026-10-02T09:15:59.3822676Z     "Live model arms require AIRLOCK-only configuration, key and explicit budget authorization."
2026-10-02T09:15:59.3823195Z   ],
2026-10-02T09:15:59.3823414Z   "arms": {
2026-10-02T09:15:59.3823658Z     "keyword": {
2026-10-02T09:15:59.3823935Z       "status": "MEASURED",
2026-10-02T09:15:59.3824206Z       "n": 80
2026-10-02T09:15:59.3824446Z     },
2026-10-02T09:15:59.3824736Z     "pure_llm": {
2026-10-02T09:15:59.3825133Z       "status": "BLOCKED_EXTERNAL",
2026-10-02T09:15:59.3825511Z       "n": 0
2026-10-02T09:15:59.3825751Z     },
2026-10-02T09:15:59.3825981Z     "hybrid_no_preview": {
2026-10-02T09:15:59.3826293Z       "status": "BLOCKED_EXTERNAL",
2026-10-02T09:15:59.3826572Z       "n": 0
2026-10-02T09:15:59.3826791Z     },
2026-10-02T09:15:59.3827046Z     "hybrid_with_preview": {
2026-10-02T09:15:59.3827370Z       "status": "BLOCKED_EXTERNAL",
2026-10-02T09:15:59.3827666Z       "n": 0
2026-10-02T09:15:59.3827905Z     }
2026-10-02T09:15:59.3828316Z   }
2026-10-02T09:15:59.3828565Z }
2026-10-02T09:15:59.3960029Z ##[group]Run python scripts/run_logged.py evidence/study-analysis.log -- python -m benchmark.research --output evidence/study-analysis.json study evidence/study-automation.json
2026-10-02T09:15:59.3961061Z [36;1mpython scripts/run_logged.py evidence/study-analysis.log -- python -m benchmark.research --output evidence/study-analysis.json study evidence/study-automation.json[0m
2026-10-02T09:15:59.4002386Z shell: /usr/bin/bash --noprofile --norc -e -o pipefail {0}
2026-10-02T09:15:59.4002711Z env:
2026-10-02T09:15:59.4003009Z   pythonLocation: /opt/hostedtoolcache/Python/3.13.15/x64
2026-10-02T09:15:59.4003409Z   PKG_CONFIG_PATH: /opt/hostedtoolcache/Python/3.13.15/x64/lib/pkgconfig
2026-10-02T09:15:59.4003791Z   Python_ROOT_DIR: /opt/hostedtoolcache/Python/3.13.15/x64
2026-10-02T09:15:59.4004155Z   Python2_ROOT_DIR: /opt/hostedtoolcache/Python/3.13.15/x64
2026-10-02T09:15:59.4004500Z   Python3_ROOT_DIR: /opt/hostedtoolcache/Python/3.13.15/x64
2026-10-02T09:15:59.4004906Z   LD_LIBRARY_PATH: /opt/hostedtoolcache/Python/3.13.15/x64/lib
2026-10-02T09:15:59.4005204Z ##[endgroup]
2026-10-02T09:15:59.5886533Z {
2026-10-02T09:15:59.5886993Z   "status": "BLOCKED_EXTERNAL",
2026-10-02T09:15:59.5887394Z   "human_participants": 0,
2026-10-02T09:15:59.5887639Z   "excluded": [
2026-10-02T09:15:59.5887843Z     {
2026-10-02T09:15:59.5888107Z       "participant_id": "automation-browser",
2026-10-02T09:15:59.5888718Z       "reason": "nonhuman, no consent, duplicate or invalid metadata"
2026-10-02T09:15:59.5889057Z     }
2026-10-02T09:15:59.5889245Z   ],
2026-10-02T09:15:59.5889446Z   "participants": [],
2026-10-02T09:15:59.5889688Z   "paired_time_delta": {
2026-10-02T09:15:59.5889915Z     "n": 0,
2026-10-02T09:15:59.5890112Z     "mean": null,
2026-10-02T09:15:59.5890636Z     "ci95": null
2026-10-02T09:15:59.5890852Z   },
2026-10-02T09:15:59.5891056Z   "paired_accuracy_delta": {
2026-10-02T09:15:59.5891288Z     "n": 0,
2026-10-02T09:15:59.5891529Z     "mean": null,
2026-10-02T09:15:59.5891746Z     "ci95": null
2026-10-02T09:15:59.5891938Z   },
2026-10-02T09:15:59.5892160Z   "all_decisions_visible_ms": {
2026-10-02T09:15:59.5892391Z     "n": 0,
2026-10-02T09:15:59.5892578Z     "mean": null,
2026-10-02T09:15:59.5892779Z     "median": null,
2026-10-02T09:15:59.5892980Z     "p95": null
2026-10-02T09:15:59.5893166Z   },
2026-10-02T09:15:59.5893365Z   "correct_decisions": {
2026-10-02T09:15:59.5893584Z     "numerator": 0,
2026-10-02T09:15:59.5893794Z     "denominator": 0,
2026-10-02T09:15:59.5894001Z     "value": null
2026-10-02T09:15:59.5894190Z   },
2026-10-02T09:15:59.5894373Z   "limitations": [
2026-10-02T09:15:59.5894833Z     "No causal efficiency claim without recruitment, business gold, counterbalancing and adequate sample size.",
2026-10-02T09:15:59.5895473Z     "Exported browser timing and human identity are untrusted telemetry, never authorization.",
2026-10-02T09:15:59.5896077Z     "Visibility duration excludes hidden tabs; correctness is supplied task gold, not a policy guess."
2026-10-02T09:15:59.5896485Z   ]
2026-10-02T09:15:59.5896665Z }
2026-10-02T09:15:59.6022445Z ##[group]Run python scripts/run_logged.py evidence/comparison.log -- python scripts/demo_comparison.py --output evidence/comparison.json
2026-10-02T09:15:59.6023312Z [36;1mpython scripts/run_logged.py evidence/comparison.log -- python scripts/demo_comparison.py --output evidence/comparison.json[0m
2026-10-02T09:15:59.6064498Z shell: /usr/bin/bash --noprofile --norc -e -o pipefail {0}
2026-10-02T09:15:59.6064830Z env:
2026-10-02T09:15:59.6065096Z   pythonLocation: /opt/hostedtoolcache/Python/3.13.15/x64
2026-10-02T09:15:59.6065490Z   PKG_CONFIG_PATH: /opt/hostedtoolcache/Python/3.13.15/x64/lib/pkgconfig
2026-10-02T09:15:59.6065873Z   Python_ROOT_DIR: /opt/hostedtoolcache/Python/3.13.15/x64
2026-10-02T09:15:59.6066249Z   Python2_ROOT_DIR: /opt/hostedtoolcache/Python/3.13.15/x64
2026-10-02T09:15:59.6066596Z   Python3_ROOT_DIR: /opt/hostedtoolcache/Python/3.13.15/x64
2026-10-02T09:15:59.6066942Z   LD_LIBRARY_PATH: /opt/hostedtoolcache/Python/3.13.15/x64/lib
2026-10-02T09:15:59.6067278Z ##[endgroup]
2026-10-02T09:16:00.1394121Z {
2026-10-02T09:16:00.1394826Z   "scope": "disposable synthetic data; automated independent reviewer fixture; no live model/human",
2026-10-02T09:16:00.1395269Z   "without_gate": {
2026-10-02T09:16:00.1395499Z     "before": 1206,
2026-10-02T09:16:00.1395739Z     "after": 0
2026-10-02T09:16:00.1395941Z   },
2026-10-02T09:16:00.1396133Z   "with_gate": {
2026-10-02T09:16:00.1396358Z     "pending_rows": 1206,
2026-10-02T09:16:00.1396608Z     "rejected_rows": 1206,
2026-10-02T09:16:00.1396832Z     "denial": {
2026-10-02T09:16:00.1397103Z       "id": "7421fb28dcf34ec4aaf10cb48751c396",
2026-10-02T09:16:00.1397387Z       "state": "rejected",
2026-10-02T09:16:00.1397681Z       "decision": "need_approval",
2026-10-02T09:16:00.1397960Z       "reason_code": "human_rejected",
2026-10-02T09:16:00.1398597Z       "result": null,
2026-10-02T09:16:00.1398857Z       "expires_at": 1790932860.0362434,
2026-10-02T09:16:00.1399191Z       "action_id": "7421fb28dcf34ec4aaf10cb48751c396",
2026-10-02T09:16:00.1399534Z       "trace_id": "61ac109710614dd5a55b2a9364edafae",
2026-10-02T09:16:00.1399813Z       "retryable": false,
2026-10-02T09:16:00.1400078Z       "allowed_alternatives": [
2026-10-02T09:16:00.1400348Z         "query_original_action",
2026-10-02T09:16:00.1400587Z         "bounded_read"
2026-10-02T09:16:00.1400799Z       ],
2026-10-02T09:16:00.1401021Z       "execution_occurred": false,
2026-10-02T09:16:00.1401501Z       "next_step": "Use a bounded SELECT or submit a narrower NEW action; do not retry rejected writes blindly."
2026-10-02T09:16:00.1401926Z     },
2026-10-02T09:16:00.1402124Z     "safe_alternative": {
2026-10-02T09:16:00.1402395Z       "id": "380571fd743d4d1d89d5c009a8790bdc",
2026-10-02T09:16:00.1402989Z       "state": "executed",
2026-10-02T09:16:00.1403218Z       "decision": "pass",
2026-10-02T09:16:00.1403474Z       "reason_code": "bounded_read",
2026-10-02T09:16:00.1403727Z       "result": {
2026-10-02T09:16:00.1403940Z         "matched_rows": 0,
2026-10-02T09:16:00.1404170Z         "rows": [
2026-10-02T09:16:00.1404376Z           {
2026-10-02T09:16:00.1404581Z             "remaining": 1206
2026-10-02T09:16:00.1404810Z           }
2026-10-02T09:16:00.1405027Z         ],
2026-10-02T09:16:00.1405226Z         "truncated": false
2026-10-02T09:16:00.1405443Z       },
2026-10-02T09:16:00.1405665Z       "expires_at": 1790932860.0522456,
2026-10-02T09:16:00.1405973Z       "action_id": "380571fd743d4d1d89d5c009a8790bdc",
2026-10-02T09:16:00.1406305Z       "trace_id": "8902cf0defad4f20a6778f4c1df43aa2",
2026-10-02T09:16:00.1406592Z       "retryable": false,
2026-10-02T09:16:00.1406839Z       "allowed_alternatives": [
2026-10-02T09:16:00.1407101Z         "query_original_action"
2026-10-02T09:16:00.1407328Z       ],
2026-10-02T09:16:00.1407548Z       "execution_occurred": true,
2026-10-02T09:16:00.1407821Z       "next_step": "Read the result."
2026-10-02T09:16:00.1408071Z     },
2026-10-02T09:16:00.1408436Z     "approved_rows": 0,
2026-10-02T09:16:00.1408976Z     "approved_receipt": {
2026-10-02T09:16:00.1409269Z       "id": "2f86bf42f7f547a8a0680e8a1a501fea",
2026-10-02T09:16:00.1409555Z       "state": "executed",
2026-10-02T09:16:00.1409819Z       "decision": "need_approval",
2026-10-02T09:16:00.1410115Z       "reason_code": "human_approved",
2026-10-02T09:16:00.1410375Z       "result": {
2026-10-02T09:16:00.1410600Z         "matched_rows": 1206,
2026-10-02T09:16:00.1410842Z         "rows": [],
2026-10-02T09:16:00.1411063Z         "truncated": false
2026-10-02T09:16:00.1411285Z       },
2026-10-02T09:16:00.1411524Z       "expires_at": 1790932860.0564077,
2026-10-02T09:16:00.1411836Z       "action_id": "2f86bf42f7f547a8a0680e8a1a501fea",
2026-10-02T09:16:00.1412176Z       "trace_id": "dfe472fc8706405b895ad3e19037ff54",
2026-10-02T09:16:00.1412468Z       "retryable": false,
2026-10-02T09:16:00.1412723Z       "allowed_alternatives": [
2026-10-02T09:16:00.1412991Z         "query_original_action"
2026-10-02T09:16:00.1413220Z       ],
2026-10-02T09:16:00.1413452Z       "execution_occurred": true,
2026-10-02T09:16:00.1413733Z       "next_step": "Read the result."
2026-10-02T09:16:00.1413983Z     }
2026-10-02T09:16:00.1414170Z   },
2026-10-02T09:16:00.1414370Z   "audit": {
2026-10-02T09:16:00.1414580Z     "valid": true,
2026-10-02T09:16:00.1414795Z     "events": 5,
2026-10-02T09:16:00.1415165Z     "head": "8e8b069fe77faec93adf35b9c5479035312ce6b363e02793897a58d1f7907dc1",
2026-10-02T09:16:00.1415745Z     "limitation": "No external anchor: tail truncation and a compromised server are not detectable."
2026-10-02T09:16:00.1416149Z   }
2026-10-02T09:16:00.1416345Z }
2026-10-02T09:16:00.1534346Z ##[group]Run python scripts/verify_evidence.py
2026-10-02T09:16:00.1534699Z [36;1mpython scripts/verify_evidence.py[0m
2026-10-02T09:16:00.1575198Z shell: /usr/bin/bash --noprofile --norc -e -o pipefail {0}
2026-10-02T09:16:00.1575535Z env:
2026-10-02T09:16:00.1575814Z   pythonLocation: /opt/hostedtoolcache/Python/3.13.15/x64
2026-10-02T09:16:00.1576217Z   PKG_CONFIG_PATH: /opt/hostedtoolcache/Python/3.13.15/x64/lib/pkgconfig
2026-10-02T09:16:00.1576605Z   Python_ROOT_DIR: /opt/hostedtoolcache/Python/3.13.15/x64
2026-10-02T09:16:00.1576961Z   Python2_ROOT_DIR: /opt/hostedtoolcache/Python/3.13.15/x64
2026-10-02T09:16:00.1577322Z   Python3_ROOT_DIR: /opt/hostedtoolcache/Python/3.13.15/x64
2026-10-02T09:16:00.1577677Z   LD_LIBRARY_PATH: /opt/hostedtoolcache/Python/3.13.15/x64/lib
2026-10-02T09:16:00.1577984Z ##[endgroup]
2026-10-02T09:16:00.1990279Z Verified all 151 JUnit cases, exit receipts, screenshots, Docker and raw benchmark rows.
2026-10-02T09:16:00.2071171Z ##[group]Run python scripts/evidence_manifest.py
2026-10-02T09:16:00.2071545Z [36;1mpython scripts/evidence_manifest.py[0m
2026-10-02T09:16:00.2112205Z shell: /usr/bin/bash --noprofile --norc -e -o pipefail {0}
2026-10-02T09:16:00.2112537Z env:
2026-10-02T09:16:00.2112809Z   pythonLocation: /opt/hostedtoolcache/Python/3.13.15/x64
2026-10-02T09:16:00.2113202Z   PKG_CONFIG_PATH: /opt/hostedtoolcache/Python/3.13.15/x64/lib/pkgconfig
2026-10-02T09:16:00.2113593Z   Python_ROOT_DIR: /opt/hostedtoolcache/Python/3.13.15/x64
2026-10-02T09:16:00.2113939Z   Python2_ROOT_DIR: /opt/hostedtoolcache/Python/3.13.15/x64
2026-10-02T09:16:00.2114283Z   Python3_ROOT_DIR: /opt/hostedtoolcache/Python/3.13.15/x64
2026-10-02T09:16:00.2114631Z   LD_LIBRARY_PATH: /opt/hostedtoolcache/Python/3.13.15/x64/lib
2026-10-02T09:16:00.2114935Z ##[endgroup]
2026-10-02T09:16:00.2918492Z {"commit": "b9de71085e9b3027b8127c4da6d7193d8f19ba88", "artifact_files": 44}
2026-10-02T09:16:00.3097374Z ##[group]Run actions/upload-artifact@v4
2026-10-02T09:16:00.3097676Z with:
2026-10-02T09:16:00.3097900Z   name: acceptance-evidence
2026-10-02T09:16:00.3098349Z   path: evidence/
2026-10-02T09:16:00.3098738Z   retention-days: 90
2026-10-02T09:16:00.3098971Z   if-no-files-found: warn
2026-10-02T09:16:00.3099212Z   compression-level: 6
2026-10-02T09:16:00.3099434Z   overwrite: false
2026-10-02T09:16:00.3099660Z   include-hidden-files: false
2026-10-02T09:16:00.3099904Z env:
2026-10-02T09:16:00.3100166Z   pythonLocation: /opt/hostedtoolcache/Python/3.13.15/x64
2026-10-02T09:16:00.3100574Z   PKG_CONFIG_PATH: /opt/hostedtoolcache/Python/3.13.15/x64/lib/pkgconfig
2026-10-02T09:16:00.3100975Z   Python_ROOT_DIR: /opt/hostedtoolcache/Python/3.13.15/x64
2026-10-02T09:16:00.3101337Z   Python2_ROOT_DIR: /opt/hostedtoolcache/Python/3.13.15/x64
2026-10-02T09:16:00.3101697Z   Python3_ROOT_DIR: /opt/hostedtoolcache/Python/3.13.15/x64
2026-10-02T09:16:00.3102137Z   LD_LIBRARY_PATH: /opt/hostedtoolcache/Python/3.13.15/x64/lib
2026-10-02T09:16:00.3102456Z ##[endgroup]
2026-10-02T09:16:00.4739726Z (node:4754) [DEP0040] DeprecationWarning: The `punycode` module is deprecated. Please use a userland alternative instead.
2026-10-02T09:16:00.4740458Z (Use `node --trace-deprecation ...` to show where the warning was created)
2026-10-02T09:16:00.4870419Z With the provided path, there will be 46 files uploaded
2026-10-02T09:16:00.4876402Z Artifact name is valid!
2026-10-02T09:16:00.4876894Z Root directory input is valid!
2026-10-02T09:16:00.8150396Z Beginning upload of artifact content to blob storage
2026-10-02T09:16:00.9056263Z (node:4754) [DEP0169] DeprecationWarning: `url.parse()` behavior is not standardized and prone to errors that have security implications. Use the WHATWG URL API instead. CVEs are not issued for `url.parse()` vulnerabilities.
2026-10-02T09:16:01.4224345Z Uploaded bytes 936515
2026-10-02T09:16:01.4834857Z Finished uploading artifact content to blob storage!
2026-10-02T09:16:01.4835829Z SHA256 digest of uploaded artifact zip is 30e078a97b7a17c98485f540fe29b28e8c11852960808903d7eb39739392ee51
2026-10-02T09:16:01.4836821Z Finalizing artifact upload
2026-10-02T09:16:01.7603689Z Artifact acceptance-evidence.zip successfully finalized. Artifact ID 11218408231
2026-10-02T09:16:01.7605024Z Artifact acceptance-evidence has been successfully uploaded! Final size is 936515 bytes. Artifact ID is 11218408231
2026-10-02T09:16:01.7611309Z Artifact download URL: https://github.com/Changxin-YR/AIRLOCK/actions/runs/36988565652/artifacts/11218408231
2026-10-02T09:16:01.7771617Z Post job cleanup.
2026-10-02T09:16:01.8963695Z (node:4766) [DEP0040] DeprecationWarning: The `punycode` module is deprecated. Please use a userland alternative instead.
2026-10-02T09:16:01.8964401Z (Use `node --trace-deprecation ...` to show where the warning was created)
2026-10-02T09:16:01.9137029Z Post job cleanup.
2026-10-02T09:16:02.0384427Z (node:4774) [DEP0040] DeprecationWarning: The `punycode` module is deprecated. Please use a userland alternative instead.
2026-10-02T09:16:02.0385177Z (Use `node --trace-deprecation ...` to show where the warning was created)
2026-10-02T09:16:02.0530303Z Post job cleanup.
2026-10-02T09:16:02.1391607Z [command]/usr/bin/git version
2026-10-02T09:16:02.1430633Z git version 2.55.0
2026-10-02T09:16:02.1465314Z Temporarily overriding HOME='/home/runner/work/_temp/8f858422-ee46-4100-85fe-e78406e3ac8b' before making global git config changes
2026-10-02T09:16:02.1466622Z Adding repository directory to the temporary git global config as a safe directory
2026-10-02T09:16:02.1470488Z [command]/usr/bin/git config --global --add safe.directory /home/runner/work/AIRLOCK/AIRLOCK
2026-10-02T09:16:02.1511100Z [command]/usr/bin/git config --local --name-only --get-regexp core\.sshCommand
2026-10-02T09:16:02.1544452Z [command]/usr/bin/git submodule foreach --recursive sh -c "git config --local --name-only --get-regexp 'core\.sshCommand' && git config --local --unset-all 'core.sshCommand' || :"
2026-10-02T09:16:02.1770476Z [command]/usr/bin/git config --local --name-only --get-regexp http\.https\:\/\/github\.com\/\.extraheader
2026-10-02T09:16:02.1801535Z http.https://github.com/.extraheader
2026-10-02T09:16:02.1813333Z [command]/usr/bin/git config --local --unset-all http.https://github.com/.extraheader
2026-10-02T09:16:02.1847608Z [command]/usr/bin/git submodule foreach --recursive sh -c "git config --local --name-only --get-regexp 'http\.https\:\/\/github\.com\/\.extraheader' && git config --local --unset-all 'http.https://github.com/.extraheader' || :"
2026-10-02T09:16:02.2070309Z [command]/usr/bin/git config --local --name-only --get-regexp ^includeIf\.gitdir:
2026-10-02T09:16:02.2109753Z [command]/usr/bin/git submodule foreach --recursive git config --local --show-origin --name-only --get-regexp remote.origin.url
2026-10-02T09:16:02.2485972Z Cleaning up orphan processes
2026-10-02T09:16:02.2719561Z ##[warning]Node.js 20 is deprecated. The following actions target Node.js 20 but are being forced to run on Node.js 24: actions/checkout@v4, actions/setup-node@v4, actions/setup-python@v5, actions/upload-artifact@v4. For more information see: https://github.blog/changelog/2025-09-19-deprecation-of-node-20-on-github-actions-runners/

